STARTING

 2024-03-25 13:47:13.387845

 Computation parameters:
 Experiment name:  arc2
 Start date:  2017-10-05-43200
 End date:  2017-10-05-43200
 Path archive:  /work/cmcc/gc02720/CMCC-CM/archive
 Path experiment:  /work/cmcc/gc02720/CMCC-CM/archive/arc2
 Path save:  /work/cmcc/gc02720/CMCC-CM/basic_diag/arc2/2017-10-05-43200
 Observation to process:  ['RADIOSONDE_U_WIND_COMPONENT', 'RADIOSONDE_V_WIND_COMPONENT', 'RADIOSONDE_TEMPERATURE', 'AIRCRAFT_U_WIND_COMPONENT', 'AIRCRAFT_V_WIND_COMPONENT', 'AIRCRAFT_TEMPERATURE', 'ACARS_U_WIND_COMPONENT', 'ACARS_V_WIND_COMPONENT', 'ACARS_TEMPERATURE', 'SAT_U_WIND_COMPONENT', 'SAT_V_WIND_COMPONENT', 'GPSRO_REFRACTIVITY', 'EOS_2_AMSUA_TB', 'NOAA_15_AMSUA_TB', 'NOAA_16_AMSUA_TB', 'NOAA_17_AMSUA_TB', 'NOAA_18_AMSUA_TB', 'NOAA_19_AMSUA_TB', 'METOP_1_AMSUA_TB', 'METOP_2_AMSUA_TB', 'VADWND_U_WIND_COMPONENT', 'VADWND_V_WIND_COMPONENT', 'LAND_SFC_PRESSURE', 'MARINE_SFC_PRESSURE']
 Reference levels:  (1014, 950, 900, 850, 800, 750, 700, 650, 600, 550, 500, 450, 400, 350, 300, 250, 200, 150, 90, 50, 25, 10, 5, 2.5, 1)

 Successfully created the directory /work/cmcc/gc02720/CMCC-CM/basic_diag/arc2/2017-10-05-43200 
 Center layers:  [982.0, 925.0, 875.0, 825.0, 775.0, 725.0, 675.0, 625.0, 575.0, 525.0, 475.0, 425.0, 375.0, 325.0, 275.0, 225.0, 175.0, 120.0, 70.0, 37.5, 17.5, 7.5, 3.75, 1.75]

 Start the computation...

 dir to process:  ['arc2-2017-10-05-43200']

 dir:  /work/cmcc/gc02720/CMCC-CM/archive/arc2/arc2-2017-10-05-43200
 dir number  1  out of  1
 listdb=  ['/work/cmcc/gc02720/CMCC-CM/archive/arc2/arc2-2017-10-05-43200/arc2.spreads.ARC.1.2017-10-05-43200.db', '/work/cmcc/gc02720/CMCC-CM/archive/arc2/arc2-2017-10-05-43200/arc2.spreads.ARC.3.2017-10-05-43200.db']
 listdb len=  2
 maskdb=  [1, 1]
 maskdb len=  2
 loading info from:  /work/cmcc/gc02720/CMCC-CM/archive/arc2/arc2-2017-10-05-43200/arc2.spreads.ARC.1.2017-10-05-43200.db
 loading info from:  /work/cmcc/gc02720/CMCC-CM/archive/arc2/arc2-2017-10-05-43200/arc2.spreads.ARC.3.2017-10-05-43200.db

 processing obs:  RADIOSONDE_U_WIND_COMPONENT
 region:  Global
 No obs:  RADIOSONDE_U_WIND_COMPONENT  in region:  Global  at this time.
 region:  NH
 No obs:  RADIOSONDE_U_WIND_COMPONENT  in region:  NH  at this time.
 region:  SH
 No obs:  RADIOSONDE_U_WIND_COMPONENT  in region:  SH  at this time.
 region:  TR
 No obs:  RADIOSONDE_U_WIND_COMPONENT  in region:  TR  at this time.

 processing obs:  RADIOSONDE_V_WIND_COMPONENT
 region:  Global
 No obs:  RADIOSONDE_V_WIND_COMPONENT  in region:  Global  at this time.
 region:  NH
 No obs:  RADIOSONDE_V_WIND_COMPONENT  in region:  NH  at this time.
 region:  SH
 No obs:  RADIOSONDE_V_WIND_COMPONENT  in region:  SH  at this time.
 region:  TR
 No obs:  RADIOSONDE_V_WIND_COMPONENT  in region:  TR  at this time.

 processing obs:  RADIOSONDE_TEMPERATURE
 region:  Global
 No obs:  RADIOSONDE_TEMPERATURE  in region:  Global  at this time.
 region:  NH
 No obs:  RADIOSONDE_TEMPERATURE  in region:  NH  at this time.
 region:  SH
 No obs:  RADIOSONDE_TEMPERATURE  in region:  SH  at this time.
 region:  TR
 No obs:  RADIOSONDE_TEMPERATURE  in region:  TR  at this time.

 processing obs:  AIRCRAFT_U_WIND_COMPONENT
 region:  Global
0      -0.128645
1      -2.436224
2      -2.780856
3      -2.452444
4       1.130684
          ...   
2676    1.476327
2677   -1.093376
2678    1.893746
2679    2.203139
2680   -4.719805
Name: obs-prior, Length: 2681, dtype: float64
0      -0.128645
1      -2.436224
2      -2.780856
3      -2.452444
4       1.130684
          ...   
2676    1.476327
2677   -1.093376
2678    1.893746
2679    2.203139
2680   -4.719805
Name: obs-prior, Length: 2681, dtype: float64
0      -0.128645
1      -2.436224
2      -2.780856
3      -2.452444
4       1.130684
          ...   
2676    1.476327
2677   -1.093376
2678    1.893746
2679    2.203139
2680   -4.719805
Name: obs-prior, Length: 2681, dtype: float64
0      -0.128645
1      -2.436224
2      -2.780856
3      -2.452444
4       1.130684
          ...   
2676    1.476327
2677   -1.093376
2678    1.893746
2679    2.203139
2680   -4.719805
Name: obs-prior, Length: 2681, dtype: float64
0      -0.128645
1      -2.436224
2      -2.780856
3      -2.452444
4       1.130684
          ...   
2676    1.476327
2677   -1.093376
2678    1.893746
2679    2.203139
2680   -4.719805
Name: obs-prior, Length: 2681, dtype: float64
0      -0.128645
1      -2.436224
2      -2.780856
3      -2.452444
4       1.130684
          ...   
2676    1.476327
2677   -1.093376
2678    1.893746
2679    2.203139
2680   -4.719805
Name: obs-prior, Length: 2681, dtype: float64
0      -0.128645
1      -2.436224
2      -2.780856
3      -2.452444
4       1.130684
          ...   
2676    1.476327
2677   -1.093376
2678    1.893746
2679    2.203139
2680   -4.719805
Name: obs-prior, Length: 2681, dtype: float64
0      -0.128645
1      -2.436224
2      -2.780856
3      -2.452444
4       1.130684
          ...   
2676    1.476327
2677   -1.093376
2678    1.893746
2679    2.203139
2680   -4.719805
Name: obs-prior, Length: 2681, dtype: float64
0      -0.128645
1      -2.436224
2      -2.780856
3      -2.452444
4       1.130684
          ...   
2676    1.476327
2677   -1.093376
2678    1.893746
2679    2.203139
2680   -4.719805
Name: obs-prior, Length: 2681, dtype: float64
0      -0.128645
1      -2.436224
2      -2.780856
3      -2.452444
4       1.130684
          ...   
2676    1.476327
2677   -1.093376
2678    1.893746
2679    2.203139
2680   -4.719805
Name: obs-prior, Length: 2681, dtype: float64
0      -0.128645
1      -2.436224
2      -2.780856
3      -2.452444
4       1.130684
          ...   
2676    1.476327
2677   -1.093376
2678    1.893746
2679    2.203139
2680   -4.719805
Name: obs-prior, Length: 2681, dtype: float64
0      -0.128645
1      -2.436224
2      -2.780856
3      -2.452444
4       1.130684
          ...   
2676    1.476327
2677   -1.093376
2678    1.893746
2679    2.203139
2680   -4.719805
Name: obs-prior, Length: 2681, dtype: float64
0      -0.128645
1      -2.436224
2      -2.780856
3      -2.452444
4       1.130684
          ...   
2676    1.476327
2677   -1.093376
2678    1.893746
2679    2.203139
2680   -4.719805
Name: obs-prior, Length: 2681, dtype: float64
0      -0.128645
1      -2.436224
2      -2.780856
3      -2.452444
4       1.130684
          ...   
2676    1.476327
2677   -1.093376
2678    1.893746
2679    2.203139
2680   -4.719805
Name: obs-prior, Length: 2681, dtype: float64
0      -0.128645
1      -2.436224
2      -2.780856
3      -2.452444
4       1.130684
          ...   
2676    1.476327
2677   -1.093376
2678    1.893746
2679    2.203139
2680   -4.719805
Name: obs-prior, Length: 2681, dtype: float64
0      -0.128645
1      -2.436224
2      -2.780856
3      -2.452444
4       1.130684
          ...   
2676    1.476327
2677   -1.093376
2678    1.893746
2679    2.203139
2680   -4.719805
Name: obs-prior, Length: 2681, dtype: float64
0      -0.128645
1      -2.436224
2      -2.780856
3      -2.452444
4       1.130684
          ...   
2676    1.476327
2677   -1.093376
2678    1.893746
2679    2.203139
2680   -4.719805
Name: obs-prior, Length: 2681, dtype: float64
 region:  NH
0      -0.128645
1      -2.436224
2       0.209336
3      -1.594152
4       0.458631
          ...   
1560   -2.333095
1561    0.129994
1562    1.476327
1563   -1.093376
1564    1.893746
Name: obs-prior, Length: 1565, dtype: float64
0      -0.128645
1      -2.436224
2       0.209336
3      -1.594152
4       0.458631
          ...   
1560   -2.333095
1561    0.129994
1562    1.476327
1563   -1.093376
1564    1.893746
Name: obs-prior, Length: 1565, dtype: float64
0      -0.128645
1      -2.436224
2       0.209336
3      -1.594152
4       0.458631
          ...   
1560   -2.333095
1561    0.129994
1562    1.476327
1563   -1.093376
1564    1.893746
Name: obs-prior, Length: 1565, dtype: float64
0      -0.128645
1      -2.436224
2       0.209336
3      -1.594152
4       0.458631
          ...   
1560   -2.333095
1561    0.129994
1562    1.476327
1563   -1.093376
1564    1.893746
Name: obs-prior, Length: 1565, dtype: float64
0      -0.128645
1      -2.436224
2       0.209336
3      -1.594152
4       0.458631
          ...   
1560   -2.333095
1561    0.129994
1562    1.476327
1563   -1.093376
1564    1.893746
Name: obs-prior, Length: 1565, dtype: float64
0      -0.128645
1      -2.436224
2       0.209336
3      -1.594152
4       0.458631
          ...   
1560   -2.333095
1561    0.129994
1562    1.476327
1563   -1.093376
1564    1.893746
Name: obs-prior, Length: 1565, dtype: float64
0      -0.128645
1      -2.436224
2       0.209336
3      -1.594152
4       0.458631
          ...   
1560   -2.333095
1561    0.129994
1562    1.476327
1563   -1.093376
1564    1.893746
Name: obs-prior, Length: 1565, dtype: float64
0      -0.128645
1      -2.436224
2       0.209336
3      -1.594152
4       0.458631
          ...   
1560   -2.333095
1561    0.129994
1562    1.476327
1563   -1.093376
1564    1.893746
Name: obs-prior, Length: 1565, dtype: float64
0      -0.128645
1      -2.436224
2       0.209336
3      -1.594152
4       0.458631
          ...   
1560   -2.333095
1561    0.129994
1562    1.476327
1563   -1.093376
1564    1.893746
Name: obs-prior, Length: 1565, dtype: float64
0      -0.128645
1      -2.436224
2       0.209336
3      -1.594152
4       0.458631
          ...   
1560   -2.333095
1561    0.129994
1562    1.476327
1563   -1.093376
1564    1.893746
Name: obs-prior, Length: 1565, dtype: float64
0      -0.128645
1      -2.436224
2       0.209336
3      -1.594152
4       0.458631
          ...   
1560   -2.333095
1561    0.129994
1562    1.476327
1563   -1.093376
1564    1.893746
Name: obs-prior, Length: 1565, dtype: float64
0      -0.128645
1      -2.436224
2       0.209336
3      -1.594152
4       0.458631
          ...   
1560   -2.333095
1561    0.129994
1562    1.476327
1563   -1.093376
1564    1.893746
Name: obs-prior, Length: 1565, dtype: float64
0      -0.128645
1      -2.436224
2       0.209336
3      -1.594152
4       0.458631
          ...   
1560   -2.333095
1561    0.129994
1562    1.476327
1563   -1.093376
1564    1.893746
Name: obs-prior, Length: 1565, dtype: float64
0      -0.128645
1      -2.436224
2       0.209336
3      -1.594152
4       0.458631
          ...   
1560   -2.333095
1561    0.129994
1562    1.476327
1563   -1.093376
1564    1.893746
Name: obs-prior, Length: 1565, dtype: float64
0      -0.128645
1      -2.436224
2       0.209336
3      -1.594152
4       0.458631
          ...   
1560   -2.333095
1561    0.129994
1562    1.476327
1563   -1.093376
1564    1.893746
Name: obs-prior, Length: 1565, dtype: float64
0      -0.128645
1      -2.436224
2       0.209336
3      -1.594152
4       0.458631
          ...   
1560   -2.333095
1561    0.129994
1562    1.476327
1563   -1.093376
1564    1.893746
Name: obs-prior, Length: 1565, dtype: float64
0      -0.128645
1      -2.436224
2       0.209336
3      -1.594152
4       0.458631
          ...   
1560   -2.333095
1561    0.129994
1562    1.476327
1563   -1.093376
1564    1.893746
Name: obs-prior, Length: 1565, dtype: float64
 region:  SH
0      2.486818
1     -1.327327
2      1.679184
3      1.615197
4      0.998574
         ...   
253   -0.203232
254    2.644721
255    1.738164
256   -0.003993
257   -0.335217
Name: obs-prior, Length: 258, dtype: float64
0      2.486818
1     -1.327327
2      1.679184
3      1.615197
4      0.998574
         ...   
253   -0.203232
254    2.644721
255    1.738164
256   -0.003993
257   -0.335217
Name: obs-prior, Length: 258, dtype: float64
0      2.486818
1     -1.327327
2      1.679184
3      1.615197
4      0.998574
         ...   
253   -0.203232
254    2.644721
255    1.738164
256   -0.003993
257   -0.335217
Name: obs-prior, Length: 258, dtype: float64
0      2.486818
1     -1.327327
2      1.679184
3      1.615197
4      0.998574
         ...   
253   -0.203232
254    2.644721
255    1.738164
256   -0.003993
257   -0.335217
Name: obs-prior, Length: 258, dtype: float64
0      2.486818
1     -1.327327
2      1.679184
3      1.615197
4      0.998574
         ...   
253   -0.203232
254    2.644721
255    1.738164
256   -0.003993
257   -0.335217
Name: obs-prior, Length: 258, dtype: float64
0      2.486818
1     -1.327327
2      1.679184
3      1.615197
4      0.998574
         ...   
253   -0.203232
254    2.644721
255    1.738164
256   -0.003993
257   -0.335217
Name: obs-prior, Length: 258, dtype: float64
0      2.486818
1     -1.327327
2      1.679184
3      1.615197
4      0.998574
         ...   
253   -0.203232
254    2.644721
255    1.738164
256   -0.003993
257   -0.335217
Name: obs-prior, Length: 258, dtype: float64
0      2.486818
1     -1.327327
2      1.679184
3      1.615197
4      0.998574
         ...   
253   -0.203232
254    2.644721
255    1.738164
256   -0.003993
257   -0.335217
Name: obs-prior, Length: 258, dtype: float64
0      2.486818
1     -1.327327
2      1.679184
3      1.615197
4      0.998574
         ...   
253   -0.203232
254    2.644721
255    1.738164
256   -0.003993
257   -0.335217
Name: obs-prior, Length: 258, dtype: float64
0      2.486818
1     -1.327327
2      1.679184
3      1.615197
4      0.998574
         ...   
253   -0.203232
254    2.644721
255    1.738164
256   -0.003993
257   -0.335217
Name: obs-prior, Length: 258, dtype: float64
0      2.486818
1     -1.327327
2      1.679184
3      1.615197
4      0.998574
         ...   
253   -0.203232
254    2.644721
255    1.738164
256   -0.003993
257   -0.335217
Name: obs-prior, Length: 258, dtype: float64
0      2.486818
1     -1.327327
2      1.679184
3      1.615197
4      0.998574
         ...   
253   -0.203232
254    2.644721
255    1.738164
256   -0.003993
257   -0.335217
Name: obs-prior, Length: 258, dtype: float64
0      2.486818
1     -1.327327
2      1.679184
3      1.615197
4      0.998574
         ...   
253   -0.203232
254    2.644721
255    1.738164
256   -0.003993
257   -0.335217
Name: obs-prior, Length: 258, dtype: float64
0      2.486818
1     -1.327327
2      1.679184
3      1.615197
4      0.998574
         ...   
253   -0.203232
254    2.644721
255    1.738164
256   -0.003993
257   -0.335217
Name: obs-prior, Length: 258, dtype: float64
0      2.486818
1     -1.327327
2      1.679184
3      1.615197
4      0.998574
         ...   
253   -0.203232
254    2.644721
255    1.738164
256   -0.003993
257   -0.335217
Name: obs-prior, Length: 258, dtype: float64
0      2.486818
1     -1.327327
2      1.679184
3      1.615197
4      0.998574
         ...   
253   -0.203232
254    2.644721
255    1.738164
256   -0.003993
257   -0.335217
Name: obs-prior, Length: 258, dtype: float64
0      2.486818
1     -1.327327
2      1.679184
3      1.615197
4      0.998574
         ...   
253   -0.203232
254    2.644721
255    1.738164
256   -0.003993
257   -0.335217
Name: obs-prior, Length: 258, dtype: float64
 region:  TR
0     -2.780856
1     -2.452444
2      1.130684
3      2.484842
4      1.101879
         ...   
853   -0.815314
854    1.551167
855    3.510712
856    2.203139
857   -4.719805
Name: obs-prior, Length: 858, dtype: float64
0     -2.780856
1     -2.452444
2      1.130684
3      2.484842
4      1.101879
         ...   
853   -0.815314
854    1.551167
855    3.510712
856    2.203139
857   -4.719805
Name: obs-prior, Length: 858, dtype: float64
0     -2.780856
1     -2.452444
2      1.130684
3      2.484842
4      1.101879
         ...   
853   -0.815314
854    1.551167
855    3.510712
856    2.203139
857   -4.719805
Name: obs-prior, Length: 858, dtype: float64
0     -2.780856
1     -2.452444
2      1.130684
3      2.484842
4      1.101879
         ...   
853   -0.815314
854    1.551167
855    3.510712
856    2.203139
857   -4.719805
Name: obs-prior, Length: 858, dtype: float64
0     -2.780856
1     -2.452444
2      1.130684
3      2.484842
4      1.101879
         ...   
853   -0.815314
854    1.551167
855    3.510712
856    2.203139
857   -4.719805
Name: obs-prior, Length: 858, dtype: float64
0     -2.780856
1     -2.452444
2      1.130684
3      2.484842
4      1.101879
         ...   
853   -0.815314
854    1.551167
855    3.510712
856    2.203139
857   -4.719805
Name: obs-prior, Length: 858, dtype: float64
0     -2.780856
1     -2.452444
2      1.130684
3      2.484842
4      1.101879
         ...   
853   -0.815314
854    1.551167
855    3.510712
856    2.203139
857   -4.719805
Name: obs-prior, Length: 858, dtype: float64
0     -2.780856
1     -2.452444
2      1.130684
3      2.484842
4      1.101879
         ...   
853   -0.815314
854    1.551167
855    3.510712
856    2.203139
857   -4.719805
Name: obs-prior, Length: 858, dtype: float64
0     -2.780856
1     -2.452444
2      1.130684
3      2.484842
4      1.101879
         ...   
853   -0.815314
854    1.551167
855    3.510712
856    2.203139
857   -4.719805
Name: obs-prior, Length: 858, dtype: float64
0     -2.780856
1     -2.452444
2      1.130684
3      2.484842
4      1.101879
         ...   
853   -0.815314
854    1.551167
855    3.510712
856    2.203139
857   -4.719805
Name: obs-prior, Length: 858, dtype: float64
0     -2.780856
1     -2.452444
2      1.130684
3      2.484842
4      1.101879
         ...   
853   -0.815314
854    1.551167
855    3.510712
856    2.203139
857   -4.719805
Name: obs-prior, Length: 858, dtype: float64
0     -2.780856
1     -2.452444
2      1.130684
3      2.484842
4      1.101879
         ...   
853   -0.815314
854    1.551167
855    3.510712
856    2.203139
857   -4.719805
Name: obs-prior, Length: 858, dtype: float64
0     -2.780856
1     -2.452444
2      1.130684
3      2.484842
4      1.101879
         ...   
853   -0.815314
854    1.551167
855    3.510712
856    2.203139
857   -4.719805
Name: obs-prior, Length: 858, dtype: float64
0     -2.780856
1     -2.452444
2      1.130684
3      2.484842
4      1.101879
         ...   
853   -0.815314
854    1.551167
855    3.510712
856    2.203139
857   -4.719805
Name: obs-prior, Length: 858, dtype: float64
0     -2.780856
1     -2.452444
2      1.130684
3      2.484842
4      1.101879
         ...   
853   -0.815314
854    1.551167
855    3.510712
856    2.203139
857   -4.719805
Name: obs-prior, Length: 858, dtype: float64
0     -2.780856
1     -2.452444
2      1.130684
3      2.484842
4      1.101879
         ...   
853   -0.815314
854    1.551167
855    3.510712
856    2.203139
857   -4.719805
Name: obs-prior, Length: 858, dtype: float64
0     -2.780856
1     -2.452444
2      1.130684
3      2.484842
4      1.101879
         ...   
853   -0.815314
854    1.551167
855    3.510712
856    2.203139
857   -4.719805
Name: obs-prior, Length: 858, dtype: float64

 processing obs:  AIRCRAFT_V_WIND_COMPONENT
 region:  Global
0      -2.353813
1      -1.846940
2      -1.295708
3       0.496595
4      -2.631102
          ...   
2668   -1.221237
2669   -0.835348
2670   -2.301230
2671    0.018353
2672   -5.143750
Name: obs-prior, Length: 2673, dtype: float64
0      -2.353813
1      -1.846940
2      -1.295708
3       0.496595
4      -2.631102
          ...   
2668   -1.221237
2669   -0.835348
2670   -2.301230
2671    0.018353
2672   -5.143750
Name: obs-prior, Length: 2673, dtype: float64
0      -2.353813
1      -1.846940
2      -1.295708
3       0.496595
4      -2.631102
          ...   
2668   -1.221237
2669   -0.835348
2670   -2.301230
2671    0.018353
2672   -5.143750
Name: obs-prior, Length: 2673, dtype: float64
0      -2.353813
1      -1.846940
2      -1.295708
3       0.496595
4      -2.631102
          ...   
2668   -1.221237
2669   -0.835348
2670   -2.301230
2671    0.018353
2672   -5.143750
Name: obs-prior, Length: 2673, dtype: float64
0      -2.353813
1      -1.846940
2      -1.295708
3       0.496595
4      -2.631102
          ...   
2668   -1.221237
2669   -0.835348
2670   -2.301230
2671    0.018353
2672   -5.143750
Name: obs-prior, Length: 2673, dtype: float64
0      -2.353813
1      -1.846940
2      -1.295708
3       0.496595
4      -2.631102
          ...   
2668   -1.221237
2669   -0.835348
2670   -2.301230
2671    0.018353
2672   -5.143750
Name: obs-prior, Length: 2673, dtype: float64
0      -2.353813
1      -1.846940
2      -1.295708
3       0.496595
4      -2.631102
          ...   
2668   -1.221237
2669   -0.835348
2670   -2.301230
2671    0.018353
2672   -5.143750
Name: obs-prior, Length: 2673, dtype: float64
0      -2.353813
1      -1.846940
2      -1.295708
3       0.496595
4      -2.631102
          ...   
2668   -1.221237
2669   -0.835348
2670   -2.301230
2671    0.018353
2672   -5.143750
Name: obs-prior, Length: 2673, dtype: float64
0      -2.353813
1      -1.846940
2      -1.295708
3       0.496595
4      -2.631102
          ...   
2668   -1.221237
2669   -0.835348
2670   -2.301230
2671    0.018353
2672   -5.143750
Name: obs-prior, Length: 2673, dtype: float64
0      -2.353813
1      -1.846940
2      -1.295708
3       0.496595
4      -2.631102
          ...   
2668   -1.221237
2669   -0.835348
2670   -2.301230
2671    0.018353
2672   -5.143750
Name: obs-prior, Length: 2673, dtype: float64
0      -2.353813
1      -1.846940
2      -1.295708
3       0.496595
4      -2.631102
          ...   
2668   -1.221237
2669   -0.835348
2670   -2.301230
2671    0.018353
2672   -5.143750
Name: obs-prior, Length: 2673, dtype: float64
0      -2.353813
1      -1.846940
2      -1.295708
3       0.496595
4      -2.631102
          ...   
2668   -1.221237
2669   -0.835348
2670   -2.301230
2671    0.018353
2672   -5.143750
Name: obs-prior, Length: 2673, dtype: float64
0      -2.353813
1      -1.846940
2      -1.295708
3       0.496595
4      -2.631102
          ...   
2668   -1.221237
2669   -0.835348
2670   -2.301230
2671    0.018353
2672   -5.143750
Name: obs-prior, Length: 2673, dtype: float64
0      -2.353813
1      -1.846940
2      -1.295708
3       0.496595
4      -2.631102
          ...   
2668   -1.221237
2669   -0.835348
2670   -2.301230
2671    0.018353
2672   -5.143750
Name: obs-prior, Length: 2673, dtype: float64
0      -2.353813
1      -1.846940
2      -1.295708
3       0.496595
4      -2.631102
          ...   
2668   -1.221237
2669   -0.835348
2670   -2.301230
2671    0.018353
2672   -5.143750
Name: obs-prior, Length: 2673, dtype: float64
0      -2.353813
1      -1.846940
2      -1.295708
3       0.496595
4      -2.631102
          ...   
2668   -1.221237
2669   -0.835348
2670   -2.301230
2671    0.018353
2672   -5.143750
Name: obs-prior, Length: 2673, dtype: float64
0      -2.353813
1      -1.846940
2      -1.295708
3       0.496595
4      -2.631102
          ...   
2668   -1.221237
2669   -0.835348
2670   -2.301230
2671    0.018353
2672   -5.143750
Name: obs-prior, Length: 2673, dtype: float64
 region:  NH
0      -2.353813
1       1.378327
2       1.398282
3       0.978707
4      -2.501387
          ...   
1629    3.591398
1630   -3.133637
1631   -0.869406
1632   -1.221237
1633   -0.835348
Name: obs-prior, Length: 1634, dtype: float64
0      -2.353813
1       1.378327
2       1.398282
3       0.978707
4      -2.501387
          ...   
1629    3.591398
1630   -3.133637
1631   -0.869406
1632   -1.221237
1633   -0.835348
Name: obs-prior, Length: 1634, dtype: float64
0      -2.353813
1       1.378327
2       1.398282
3       0.978707
4      -2.501387
          ...   
1629    3.591398
1630   -3.133637
1631   -0.869406
1632   -1.221237
1633   -0.835348
Name: obs-prior, Length: 1634, dtype: float64
0      -2.353813
1       1.378327
2       1.398282
3       0.978707
4      -2.501387
          ...   
1629    3.591398
1630   -3.133637
1631   -0.869406
1632   -1.221237
1633   -0.835348
Name: obs-prior, Length: 1634, dtype: float64
0      -2.353813
1       1.378327
2       1.398282
3       0.978707
4      -2.501387
          ...   
1629    3.591398
1630   -3.133637
1631   -0.869406
1632   -1.221237
1633   -0.835348
Name: obs-prior, Length: 1634, dtype: float64
0      -2.353813
1       1.378327
2       1.398282
3       0.978707
4      -2.501387
          ...   
1629    3.591398
1630   -3.133637
1631   -0.869406
1632   -1.221237
1633   -0.835348
Name: obs-prior, Length: 1634, dtype: float64
0      -2.353813
1       1.378327
2       1.398282
3       0.978707
4      -2.501387
          ...   
1629    3.591398
1630   -3.133637
1631   -0.869406
1632   -1.221237
1633   -0.835348
Name: obs-prior, Length: 1634, dtype: float64
0      -2.353813
1       1.378327
2       1.398282
3       0.978707
4      -2.501387
          ...   
1629    3.591398
1630   -3.133637
1631   -0.869406
1632   -1.221237
1633   -0.835348
Name: obs-prior, Length: 1634, dtype: float64
0      -2.353813
1       1.378327
2       1.398282
3       0.978707
4      -2.501387
          ...   
1629    3.591398
1630   -3.133637
1631   -0.869406
1632   -1.221237
1633   -0.835348
Name: obs-prior, Length: 1634, dtype: float64
0      -2.353813
1       1.378327
2       1.398282
3       0.978707
4      -2.501387
          ...   
1629    3.591398
1630   -3.133637
1631   -0.869406
1632   -1.221237
1633   -0.835348
Name: obs-prior, Length: 1634, dtype: float64
0      -2.353813
1       1.378327
2       1.398282
3       0.978707
4      -2.501387
          ...   
1629    3.591398
1630   -3.133637
1631   -0.869406
1632   -1.221237
1633   -0.835348
Name: obs-prior, Length: 1634, dtype: float64
0      -2.353813
1       1.378327
2       1.398282
3       0.978707
4      -2.501387
          ...   
1629    3.591398
1630   -3.133637
1631   -0.869406
1632   -1.221237
1633   -0.835348
Name: obs-prior, Length: 1634, dtype: float64
0      -2.353813
1       1.378327
2       1.398282
3       0.978707
4      -2.501387
          ...   
1629    3.591398
1630   -3.133637
1631   -0.869406
1632   -1.221237
1633   -0.835348
Name: obs-prior, Length: 1634, dtype: float64
0      -2.353813
1       1.378327
2       1.398282
3       0.978707
4      -2.501387
          ...   
1629    3.591398
1630   -3.133637
1631   -0.869406
1632   -1.221237
1633   -0.835348
Name: obs-prior, Length: 1634, dtype: float64
0      -2.353813
1       1.378327
2       1.398282
3       0.978707
4      -2.501387
          ...   
1629    3.591398
1630   -3.133637
1631   -0.869406
1632   -1.221237
1633   -0.835348
Name: obs-prior, Length: 1634, dtype: float64
0      -2.353813
1       1.378327
2       1.398282
3       0.978707
4      -2.501387
          ...   
1629    3.591398
1630   -3.133637
1631   -0.869406
1632   -1.221237
1633   -0.835348
Name: obs-prior, Length: 1634, dtype: float64
0      -2.353813
1       1.378327
2       1.398282
3       0.978707
4      -2.501387
          ...   
1629    3.591398
1630   -3.133637
1631   -0.869406
1632   -1.221237
1633   -0.835348
Name: obs-prior, Length: 1634, dtype: float64
 region:  SH
0     -2.631102
1     -0.909051
2      2.221232
3      0.353681
4     -2.417404
         ...   
180    0.579548
181   -0.531673
182   -1.835088
183    0.864277
184   -1.852519
Name: obs-prior, Length: 185, dtype: float64
0     -2.631102
1     -0.909051
2      2.221232
3      0.353681
4     -2.417404
         ...   
180    0.579548
181   -0.531673
182   -1.835088
183    0.864277
184   -1.852519
Name: obs-prior, Length: 185, dtype: float64
0     -2.631102
1     -0.909051
2      2.221232
3      0.353681
4     -2.417404
         ...   
180    0.579548
181   -0.531673
182   -1.835088
183    0.864277
184   -1.852519
Name: obs-prior, Length: 185, dtype: float64
0     -2.631102
1     -0.909051
2      2.221232
3      0.353681
4     -2.417404
         ...   
180    0.579548
181   -0.531673
182   -1.835088
183    0.864277
184   -1.852519
Name: obs-prior, Length: 185, dtype: float64
0     -2.631102
1     -0.909051
2      2.221232
3      0.353681
4     -2.417404
         ...   
180    0.579548
181   -0.531673
182   -1.835088
183    0.864277
184   -1.852519
Name: obs-prior, Length: 185, dtype: float64
0     -2.631102
1     -0.909051
2      2.221232
3      0.353681
4     -2.417404
         ...   
180    0.579548
181   -0.531673
182   -1.835088
183    0.864277
184   -1.852519
Name: obs-prior, Length: 185, dtype: float64
0     -2.631102
1     -0.909051
2      2.221232
3      0.353681
4     -2.417404
         ...   
180    0.579548
181   -0.531673
182   -1.835088
183    0.864277
184   -1.852519
Name: obs-prior, Length: 185, dtype: float64
0     -2.631102
1     -0.909051
2      2.221232
3      0.353681
4     -2.417404
         ...   
180    0.579548
181   -0.531673
182   -1.835088
183    0.864277
184   -1.852519
Name: obs-prior, Length: 185, dtype: float64
0     -2.631102
1     -0.909051
2      2.221232
3      0.353681
4     -2.417404
         ...   
180    0.579548
181   -0.531673
182   -1.835088
183    0.864277
184   -1.852519
Name: obs-prior, Length: 185, dtype: float64
0     -2.631102
1     -0.909051
2      2.221232
3      0.353681
4     -2.417404
         ...   
180    0.579548
181   -0.531673
182   -1.835088
183    0.864277
184   -1.852519
Name: obs-prior, Length: 185, dtype: float64
0     -2.631102
1     -0.909051
2      2.221232
3      0.353681
4     -2.417404
         ...   
180    0.579548
181   -0.531673
182   -1.835088
183    0.864277
184   -1.852519
Name: obs-prior, Length: 185, dtype: float64
0     -2.631102
1     -0.909051
2      2.221232
3      0.353681
4     -2.417404
         ...   
180    0.579548
181   -0.531673
182   -1.835088
183    0.864277
184   -1.852519
Name: obs-prior, Length: 185, dtype: float64
0     -2.631102
1     -0.909051
2      2.221232
3      0.353681
4     -2.417404
         ...   
180    0.579548
181   -0.531673
182   -1.835088
183    0.864277
184   -1.852519
Name: obs-prior, Length: 185, dtype: float64
0     -2.631102
1     -0.909051
2      2.221232
3      0.353681
4     -2.417404
         ...   
180    0.579548
181   -0.531673
182   -1.835088
183    0.864277
184   -1.852519
Name: obs-prior, Length: 185, dtype: float64
0     -2.631102
1     -0.909051
2      2.221232
3      0.353681
4     -2.417404
         ...   
180    0.579548
181   -0.531673
182   -1.835088
183    0.864277
184   -1.852519
Name: obs-prior, Length: 185, dtype: float64
0     -2.631102
1     -0.909051
2      2.221232
3      0.353681
4     -2.417404
         ...   
180    0.579548
181   -0.531673
182   -1.835088
183    0.864277
184   -1.852519
Name: obs-prior, Length: 185, dtype: float64
0     -2.631102
1     -0.909051
2      2.221232
3      0.353681
4     -2.417404
         ...   
180    0.579548
181   -0.531673
182   -1.835088
183    0.864277
184   -1.852519
Name: obs-prior, Length: 185, dtype: float64
 region:  TR
0     -1.846940
1     -1.295708
2      0.496595
3     -0.921067
4     -0.489672
         ...   
849   -0.809688
850    0.445110
851   -2.301230
852    0.018353
853   -5.143750
Name: obs-prior, Length: 854, dtype: float64
0     -1.846940
1     -1.295708
2      0.496595
3     -0.921067
4     -0.489672
         ...   
849   -0.809688
850    0.445110
851   -2.301230
852    0.018353
853   -5.143750
Name: obs-prior, Length: 854, dtype: float64
0     -1.846940
1     -1.295708
2      0.496595
3     -0.921067
4     -0.489672
         ...   
849   -0.809688
850    0.445110
851   -2.301230
852    0.018353
853   -5.143750
Name: obs-prior, Length: 854, dtype: float64
0     -1.846940
1     -1.295708
2      0.496595
3     -0.921067
4     -0.489672
         ...   
849   -0.809688
850    0.445110
851   -2.301230
852    0.018353
853   -5.143750
Name: obs-prior, Length: 854, dtype: float64
0     -1.846940
1     -1.295708
2      0.496595
3     -0.921067
4     -0.489672
         ...   
849   -0.809688
850    0.445110
851   -2.301230
852    0.018353
853   -5.143750
Name: obs-prior, Length: 854, dtype: float64
0     -1.846940
1     -1.295708
2      0.496595
3     -0.921067
4     -0.489672
         ...   
849   -0.809688
850    0.445110
851   -2.301230
852    0.018353
853   -5.143750
Name: obs-prior, Length: 854, dtype: float64
0     -1.846940
1     -1.295708
2      0.496595
3     -0.921067
4     -0.489672
         ...   
849   -0.809688
850    0.445110
851   -2.301230
852    0.018353
853   -5.143750
Name: obs-prior, Length: 854, dtype: float64
0     -1.846940
1     -1.295708
2      0.496595
3     -0.921067
4     -0.489672
         ...   
849   -0.809688
850    0.445110
851   -2.301230
852    0.018353
853   -5.143750
Name: obs-prior, Length: 854, dtype: float64
0     -1.846940
1     -1.295708
2      0.496595
3     -0.921067
4     -0.489672
         ...   
849   -0.809688
850    0.445110
851   -2.301230
852    0.018353
853   -5.143750
Name: obs-prior, Length: 854, dtype: float64
0     -1.846940
1     -1.295708
2      0.496595
3     -0.921067
4     -0.489672
         ...   
849   -0.809688
850    0.445110
851   -2.301230
852    0.018353
853   -5.143750
Name: obs-prior, Length: 854, dtype: float64
0     -1.846940
1     -1.295708
2      0.496595
3     -0.921067
4     -0.489672
         ...   
849   -0.809688
850    0.445110
851   -2.301230
852    0.018353
853   -5.143750
Name: obs-prior, Length: 854, dtype: float64
0     -1.846940
1     -1.295708
2      0.496595
3     -0.921067
4     -0.489672
         ...   
849   -0.809688
850    0.445110
851   -2.301230
852    0.018353
853   -5.143750
Name: obs-prior, Length: 854, dtype: float64
0     -1.846940
1     -1.295708
2      0.496595
3     -0.921067
4     -0.489672
         ...   
849   -0.809688
850    0.445110
851   -2.301230
852    0.018353
853   -5.143750
Name: obs-prior, Length: 854, dtype: float64
0     -1.846940
1     -1.295708
2      0.496595
3     -0.921067
4     -0.489672
         ...   
849   -0.809688
850    0.445110
851   -2.301230
852    0.018353
853   -5.143750
Name: obs-prior, Length: 854, dtype: float64
0     -1.846940
1     -1.295708
2      0.496595
3     -0.921067
4     -0.489672
         ...   
849   -0.809688
850    0.445110
851   -2.301230
852    0.018353
853   -5.143750
Name: obs-prior, Length: 854, dtype: float64
0     -1.846940
1     -1.295708
2      0.496595
3     -0.921067
4     -0.489672
         ...   
849   -0.809688
850    0.445110
851   -2.301230
852    0.018353
853   -5.143750
Name: obs-prior, Length: 854, dtype: float64
0     -1.846940
1     -1.295708
2      0.496595
3     -0.921067
4     -0.489672
         ...   
849   -0.809688
850    0.445110
851   -2.301230
852    0.018353
853   -5.143750
Name: obs-prior, Length: 854, dtype: float64

 processing obs:  AIRCRAFT_TEMPERATURE
 region:  Global
0      -0.875262
1      -0.395737
2      -0.282867
3       0.355420
4       0.764496
          ...   
3203    0.310248
3204    0.852057
3205    0.204682
3206   -0.949933
3207    1.034974
Name: obs-prior, Length: 3208, dtype: float64
0      -0.875262
1      -0.395737
2      -0.282867
3       0.355420
4       0.764496
          ...   
3203    0.310248
3204    0.852057
3205    0.204682
3206   -0.949933
3207    1.034974
Name: obs-prior, Length: 3208, dtype: float64
0      -0.875262
1      -0.395737
2      -0.282867
3       0.355420
4       0.764496
          ...   
3203    0.310248
3204    0.852057
3205    0.204682
3206   -0.949933
3207    1.034974
Name: obs-prior, Length: 3208, dtype: float64
0      -0.875262
1      -0.395737
2      -0.282867
3       0.355420
4       0.764496
          ...   
3203    0.310248
3204    0.852057
3205    0.204682
3206   -0.949933
3207    1.034974
Name: obs-prior, Length: 3208, dtype: float64
0      -0.875262
1      -0.395737
2      -0.282867
3       0.355420
4       0.764496
          ...   
3203    0.310248
3204    0.852057
3205    0.204682
3206   -0.949933
3207    1.034974
Name: obs-prior, Length: 3208, dtype: float64
0      -0.875262
1      -0.395737
2      -0.282867
3       0.355420
4       0.764496
          ...   
3203    0.310248
3204    0.852057
3205    0.204682
3206   -0.949933
3207    1.034974
Name: obs-prior, Length: 3208, dtype: float64
0      -0.875262
1      -0.395737
2      -0.282867
3       0.355420
4       0.764496
          ...   
3203    0.310248
3204    0.852057
3205    0.204682
3206   -0.949933
3207    1.034974
Name: obs-prior, Length: 3208, dtype: float64
0      -0.875262
1      -0.395737
2      -0.282867
3       0.355420
4       0.764496
          ...   
3203    0.310248
3204    0.852057
3205    0.204682
3206   -0.949933
3207    1.034974
Name: obs-prior, Length: 3208, dtype: float64
0      -0.875262
1      -0.395737
2      -0.282867
3       0.355420
4       0.764496
          ...   
3203    0.310248
3204    0.852057
3205    0.204682
3206   -0.949933
3207    1.034974
Name: obs-prior, Length: 3208, dtype: float64
0      -0.875262
1      -0.395737
2      -0.282867
3       0.355420
4       0.764496
          ...   
3203    0.310248
3204    0.852057
3205    0.204682
3206   -0.949933
3207    1.034974
Name: obs-prior, Length: 3208, dtype: float64
0      -0.875262
1      -0.395737
2      -0.282867
3       0.355420
4       0.764496
          ...   
3203    0.310248
3204    0.852057
3205    0.204682
3206   -0.949933
3207    1.034974
Name: obs-prior, Length: 3208, dtype: float64
0      -0.875262
1      -0.395737
2      -0.282867
3       0.355420
4       0.764496
          ...   
3203    0.310248
3204    0.852057
3205    0.204682
3206   -0.949933
3207    1.034974
Name: obs-prior, Length: 3208, dtype: float64
0      -0.875262
1      -0.395737
2      -0.282867
3       0.355420
4       0.764496
          ...   
3203    0.310248
3204    0.852057
3205    0.204682
3206   -0.949933
3207    1.034974
Name: obs-prior, Length: 3208, dtype: float64
0      -0.875262
1      -0.395737
2      -0.282867
3       0.355420
4       0.764496
          ...   
3203    0.310248
3204    0.852057
3205    0.204682
3206   -0.949933
3207    1.034974
Name: obs-prior, Length: 3208, dtype: float64
0      -0.875262
1      -0.395737
2      -0.282867
3       0.355420
4       0.764496
          ...   
3203    0.310248
3204    0.852057
3205    0.204682
3206   -0.949933
3207    1.034974
Name: obs-prior, Length: 3208, dtype: float64
0      -0.875262
1      -0.395737
2      -0.282867
3       0.355420
4       0.764496
          ...   
3203    0.310248
3204    0.852057
3205    0.204682
3206   -0.949933
3207    1.034974
Name: obs-prior, Length: 3208, dtype: float64
0      -0.875262
1      -0.395737
2      -0.282867
3       0.355420
4       0.764496
          ...   
3203    0.310248
3204    0.852057
3205    0.204682
3206   -0.949933
3207    1.034974
Name: obs-prior, Length: 3208, dtype: float64
 region:  NH
0      -0.875262
1      -0.395737
2      -0.282867
3       0.764496
4       0.761536
          ...   
2179   -0.884416
2180    0.310248
2181    0.852057
2182    0.204682
2183    1.034974
Name: obs-prior, Length: 2184, dtype: float64
0      -0.875262
1      -0.395737
2      -0.282867
3       0.764496
4       0.761536
          ...   
2179   -0.884416
2180    0.310248
2181    0.852057
2182    0.204682
2183    1.034974
Name: obs-prior, Length: 2184, dtype: float64
0      -0.875262
1      -0.395737
2      -0.282867
3       0.764496
4       0.761536
          ...   
2179   -0.884416
2180    0.310248
2181    0.852057
2182    0.204682
2183    1.034974
Name: obs-prior, Length: 2184, dtype: float64
0      -0.875262
1      -0.395737
2      -0.282867
3       0.764496
4       0.761536
          ...   
2179   -0.884416
2180    0.310248
2181    0.852057
2182    0.204682
2183    1.034974
Name: obs-prior, Length: 2184, dtype: float64
0      -0.875262
1      -0.395737
2      -0.282867
3       0.764496
4       0.761536
          ...   
2179   -0.884416
2180    0.310248
2181    0.852057
2182    0.204682
2183    1.034974
Name: obs-prior, Length: 2184, dtype: float64
0      -0.875262
1      -0.395737
2      -0.282867
3       0.764496
4       0.761536
          ...   
2179   -0.884416
2180    0.310248
2181    0.852057
2182    0.204682
2183    1.034974
Name: obs-prior, Length: 2184, dtype: float64
0      -0.875262
1      -0.395737
2      -0.282867
3       0.764496
4       0.761536
          ...   
2179   -0.884416
2180    0.310248
2181    0.852057
2182    0.204682
2183    1.034974
Name: obs-prior, Length: 2184, dtype: float64
0      -0.875262
1      -0.395737
2      -0.282867
3       0.764496
4       0.761536
          ...   
2179   -0.884416
2180    0.310248
2181    0.852057
2182    0.204682
2183    1.034974
Name: obs-prior, Length: 2184, dtype: float64
0      -0.875262
1      -0.395737
2      -0.282867
3       0.764496
4       0.761536
          ...   
2179   -0.884416
2180    0.310248
2181    0.852057
2182    0.204682
2183    1.034974
Name: obs-prior, Length: 2184, dtype: float64
0      -0.875262
1      -0.395737
2      -0.282867
3       0.764496
4       0.761536
          ...   
2179   -0.884416
2180    0.310248
2181    0.852057
2182    0.204682
2183    1.034974
Name: obs-prior, Length: 2184, dtype: float64
0      -0.875262
1      -0.395737
2      -0.282867
3       0.764496
4       0.761536
          ...   
2179   -0.884416
2180    0.310248
2181    0.852057
2182    0.204682
2183    1.034974
Name: obs-prior, Length: 2184, dtype: float64
0      -0.875262
1      -0.395737
2      -0.282867
3       0.764496
4       0.761536
          ...   
2179   -0.884416
2180    0.310248
2181    0.852057
2182    0.204682
2183    1.034974
Name: obs-prior, Length: 2184, dtype: float64
0      -0.875262
1      -0.395737
2      -0.282867
3       0.764496
4       0.761536
          ...   
2179   -0.884416
2180    0.310248
2181    0.852057
2182    0.204682
2183    1.034974
Name: obs-prior, Length: 2184, dtype: float64
0      -0.875262
1      -0.395737
2      -0.282867
3       0.764496
4       0.761536
          ...   
2179   -0.884416
2180    0.310248
2181    0.852057
2182    0.204682
2183    1.034974
Name: obs-prior, Length: 2184, dtype: float64
0      -0.875262
1      -0.395737
2      -0.282867
3       0.764496
4       0.761536
          ...   
2179   -0.884416
2180    0.310248
2181    0.852057
2182    0.204682
2183    1.034974
Name: obs-prior, Length: 2184, dtype: float64
0      -0.875262
1      -0.395737
2      -0.282867
3       0.764496
4       0.761536
          ...   
2179   -0.884416
2180    0.310248
2181    0.852057
2182    0.204682
2183    1.034974
Name: obs-prior, Length: 2184, dtype: float64
0      -0.875262
1      -0.395737
2      -0.282867
3       0.764496
4       0.761536
          ...   
2179   -0.884416
2180    0.310248
2181    0.852057
2182    0.204682
2183    1.034974
Name: obs-prior, Length: 2184, dtype: float64
 region:  SH
0      0.355420
1     -0.361022
2     -0.839943
3     -0.405842
4     -0.953133
         ...   
225    1.162902
226    0.296679
227    1.301959
228    1.201959
229    0.217568
Name: obs-prior, Length: 230, dtype: float64
0      0.355420
1     -0.361022
2     -0.839943
3     -0.405842
4     -0.953133
         ...   
225    1.162902
226    0.296679
227    1.301959
228    1.201959
229    0.217568
Name: obs-prior, Length: 230, dtype: float64
0      0.355420
1     -0.361022
2     -0.839943
3     -0.405842
4     -0.953133
         ...   
225    1.162902
226    0.296679
227    1.301959
228    1.201959
229    0.217568
Name: obs-prior, Length: 230, dtype: float64
0      0.355420
1     -0.361022
2     -0.839943
3     -0.405842
4     -0.953133
         ...   
225    1.162902
226    0.296679
227    1.301959
228    1.201959
229    0.217568
Name: obs-prior, Length: 230, dtype: float64
0      0.355420
1     -0.361022
2     -0.839943
3     -0.405842
4     -0.953133
         ...   
225    1.162902
226    0.296679
227    1.301959
228    1.201959
229    0.217568
Name: obs-prior, Length: 230, dtype: float64
0      0.355420
1     -0.361022
2     -0.839943
3     -0.405842
4     -0.953133
         ...   
225    1.162902
226    0.296679
227    1.301959
228    1.201959
229    0.217568
Name: obs-prior, Length: 230, dtype: float64
0      0.355420
1     -0.361022
2     -0.839943
3     -0.405842
4     -0.953133
         ...   
225    1.162902
226    0.296679
227    1.301959
228    1.201959
229    0.217568
Name: obs-prior, Length: 230, dtype: float64
0      0.355420
1     -0.361022
2     -0.839943
3     -0.405842
4     -0.953133
         ...   
225    1.162902
226    0.296679
227    1.301959
228    1.201959
229    0.217568
Name: obs-prior, Length: 230, dtype: float64
0      0.355420
1     -0.361022
2     -0.839943
3     -0.405842
4     -0.953133
         ...   
225    1.162902
226    0.296679
227    1.301959
228    1.201959
229    0.217568
Name: obs-prior, Length: 230, dtype: float64
0      0.355420
1     -0.361022
2     -0.839943
3     -0.405842
4     -0.953133
         ...   
225    1.162902
226    0.296679
227    1.301959
228    1.201959
229    0.217568
Name: obs-prior, Length: 230, dtype: float64
0      0.355420
1     -0.361022
2     -0.839943
3     -0.405842
4     -0.953133
         ...   
225    1.162902
226    0.296679
227    1.301959
228    1.201959
229    0.217568
Name: obs-prior, Length: 230, dtype: float64
0      0.355420
1     -0.361022
2     -0.839943
3     -0.405842
4     -0.953133
         ...   
225    1.162902
226    0.296679
227    1.301959
228    1.201959
229    0.217568
Name: obs-prior, Length: 230, dtype: float64
0      0.355420
1     -0.361022
2     -0.839943
3     -0.405842
4     -0.953133
         ...   
225    1.162902
226    0.296679
227    1.301959
228    1.201959
229    0.217568
Name: obs-prior, Length: 230, dtype: float64
0      0.355420
1     -0.361022
2     -0.839943
3     -0.405842
4     -0.953133
         ...   
225    1.162902
226    0.296679
227    1.301959
228    1.201959
229    0.217568
Name: obs-prior, Length: 230, dtype: float64
0      0.355420
1     -0.361022
2     -0.839943
3     -0.405842
4     -0.953133
         ...   
225    1.162902
226    0.296679
227    1.301959
228    1.201959
229    0.217568
Name: obs-prior, Length: 230, dtype: float64
0      0.355420
1     -0.361022
2     -0.839943
3     -0.405842
4     -0.953133
         ...   
225    1.162902
226    0.296679
227    1.301959
228    1.201959
229    0.217568
Name: obs-prior, Length: 230, dtype: float64
0      0.355420
1     -0.361022
2     -0.839943
3     -0.405842
4     -0.953133
         ...   
225    1.162902
226    0.296679
227    1.301959
228    1.201959
229    0.217568
Name: obs-prior, Length: 230, dtype: float64
 region:  TR
0      0.382490
1      0.576520
2     -1.148084
3     -0.665522
4      0.914701
         ...   
789    0.514673
790   -1.487586
791    0.966545
792   -0.765453
793   -0.949933
Name: obs-prior, Length: 794, dtype: float64
0      0.382490
1      0.576520
2     -1.148084
3     -0.665522
4      0.914701
         ...   
789    0.514673
790   -1.487586
791    0.966545
792   -0.765453
793   -0.949933
Name: obs-prior, Length: 794, dtype: float64
0      0.382490
1      0.576520
2     -1.148084
3     -0.665522
4      0.914701
         ...   
789    0.514673
790   -1.487586
791    0.966545
792   -0.765453
793   -0.949933
Name: obs-prior, Length: 794, dtype: float64
0      0.382490
1      0.576520
2     -1.148084
3     -0.665522
4      0.914701
         ...   
789    0.514673
790   -1.487586
791    0.966545
792   -0.765453
793   -0.949933
Name: obs-prior, Length: 794, dtype: float64
0      0.382490
1      0.576520
2     -1.148084
3     -0.665522
4      0.914701
         ...   
789    0.514673
790   -1.487586
791    0.966545
792   -0.765453
793   -0.949933
Name: obs-prior, Length: 794, dtype: float64
0      0.382490
1      0.576520
2     -1.148084
3     -0.665522
4      0.914701
         ...   
789    0.514673
790   -1.487586
791    0.966545
792   -0.765453
793   -0.949933
Name: obs-prior, Length: 794, dtype: float64
0      0.382490
1      0.576520
2     -1.148084
3     -0.665522
4      0.914701
         ...   
789    0.514673
790   -1.487586
791    0.966545
792   -0.765453
793   -0.949933
Name: obs-prior, Length: 794, dtype: float64
0      0.382490
1      0.576520
2     -1.148084
3     -0.665522
4      0.914701
         ...   
789    0.514673
790   -1.487586
791    0.966545
792   -0.765453
793   -0.949933
Name: obs-prior, Length: 794, dtype: float64
0      0.382490
1      0.576520
2     -1.148084
3     -0.665522
4      0.914701
         ...   
789    0.514673
790   -1.487586
791    0.966545
792   -0.765453
793   -0.949933
Name: obs-prior, Length: 794, dtype: float64
0      0.382490
1      0.576520
2     -1.148084
3     -0.665522
4      0.914701
         ...   
789    0.514673
790   -1.487586
791    0.966545
792   -0.765453
793   -0.949933
Name: obs-prior, Length: 794, dtype: float64
0      0.382490
1      0.576520
2     -1.148084
3     -0.665522
4      0.914701
         ...   
789    0.514673
790   -1.487586
791    0.966545
792   -0.765453
793   -0.949933
Name: obs-prior, Length: 794, dtype: float64
0      0.382490
1      0.576520
2     -1.148084
3     -0.665522
4      0.914701
         ...   
789    0.514673
790   -1.487586
791    0.966545
792   -0.765453
793   -0.949933
Name: obs-prior, Length: 794, dtype: float64
0      0.382490
1      0.576520
2     -1.148084
3     -0.665522
4      0.914701
         ...   
789    0.514673
790   -1.487586
791    0.966545
792   -0.765453
793   -0.949933
Name: obs-prior, Length: 794, dtype: float64
0      0.382490
1      0.576520
2     -1.148084
3     -0.665522
4      0.914701
         ...   
789    0.514673
790   -1.487586
791    0.966545
792   -0.765453
793   -0.949933
Name: obs-prior, Length: 794, dtype: float64
0      0.382490
1      0.576520
2     -1.148084
3     -0.665522
4      0.914701
         ...   
789    0.514673
790   -1.487586
791    0.966545
792   -0.765453
793   -0.949933
Name: obs-prior, Length: 794, dtype: float64
0      0.382490
1      0.576520
2     -1.148084
3     -0.665522
4      0.914701
         ...   
789    0.514673
790   -1.487586
791    0.966545
792   -0.765453
793   -0.949933
Name: obs-prior, Length: 794, dtype: float64
0      0.382490
1      0.576520
2     -1.148084
3     -0.665522
4      0.914701
         ...   
789    0.514673
790   -1.487586
791    0.966545
792   -0.765453
793   -0.949933
Name: obs-prior, Length: 794, dtype: float64

 processing obs:  ACARS_U_WIND_COMPONENT
 region:  Global
0       -2.344432
1       -0.173154
2        1.857452
3        2.467733
4        1.986153
           ...   
22165   -2.843879
22166   -0.881154
22167    2.593081
22168   -2.460881
22169   -2.269828
Name: obs-prior, Length: 22170, dtype: float64
0       -2.344432
1       -0.173154
2        1.857452
3        2.467733
4        1.986153
           ...   
22165   -2.843879
22166   -0.881154
22167    2.593081
22168   -2.460881
22169   -2.269828
Name: obs-prior, Length: 22170, dtype: float64
0       -2.344432
1       -0.173154
2        1.857452
3        2.467733
4        1.986153
           ...   
22165   -2.843879
22166   -0.881154
22167    2.593081
22168   -2.460881
22169   -2.269828
Name: obs-prior, Length: 22170, dtype: float64
0       -2.344432
1       -0.173154
2        1.857452
3        2.467733
4        1.986153
           ...   
22165   -2.843879
22166   -0.881154
22167    2.593081
22168   -2.460881
22169   -2.269828
Name: obs-prior, Length: 22170, dtype: float64
0       -2.344432
1       -0.173154
2        1.857452
3        2.467733
4        1.986153
           ...   
22165   -2.843879
22166   -0.881154
22167    2.593081
22168   -2.460881
22169   -2.269828
Name: obs-prior, Length: 22170, dtype: float64
0       -2.344432
1       -0.173154
2        1.857452
3        2.467733
4        1.986153
           ...   
22165   -2.843879
22166   -0.881154
22167    2.593081
22168   -2.460881
22169   -2.269828
Name: obs-prior, Length: 22170, dtype: float64
0       -2.344432
1       -0.173154
2        1.857452
3        2.467733
4        1.986153
           ...   
22165   -2.843879
22166   -0.881154
22167    2.593081
22168   -2.460881
22169   -2.269828
Name: obs-prior, Length: 22170, dtype: float64
0       -2.344432
1       -0.173154
2        1.857452
3        2.467733
4        1.986153
           ...   
22165   -2.843879
22166   -0.881154
22167    2.593081
22168   -2.460881
22169   -2.269828
Name: obs-prior, Length: 22170, dtype: float64
0       -2.344432
1       -0.173154
2        1.857452
3        2.467733
4        1.986153
           ...   
22165   -2.843879
22166   -0.881154
22167    2.593081
22168   -2.460881
22169   -2.269828
Name: obs-prior, Length: 22170, dtype: float64
0       -2.344432
1       -0.173154
2        1.857452
3        2.467733
4        1.986153
           ...   
22165   -2.843879
22166   -0.881154
22167    2.593081
22168   -2.460881
22169   -2.269828
Name: obs-prior, Length: 22170, dtype: float64
0       -2.344432
1       -0.173154
2        1.857452
3        2.467733
4        1.986153
           ...   
22165   -2.843879
22166   -0.881154
22167    2.593081
22168   -2.460881
22169   -2.269828
Name: obs-prior, Length: 22170, dtype: float64
0       -2.344432
1       -0.173154
2        1.857452
3        2.467733
4        1.986153
           ...   
22165   -2.843879
22166   -0.881154
22167    2.593081
22168   -2.460881
22169   -2.269828
Name: obs-prior, Length: 22170, dtype: float64
0       -2.344432
1       -0.173154
2        1.857452
3        2.467733
4        1.986153
           ...   
22165   -2.843879
22166   -0.881154
22167    2.593081
22168   -2.460881
22169   -2.269828
Name: obs-prior, Length: 22170, dtype: float64
0       -2.344432
1       -0.173154
2        1.857452
3        2.467733
4        1.986153
           ...   
22165   -2.843879
22166   -0.881154
22167    2.593081
22168   -2.460881
22169   -2.269828
Name: obs-prior, Length: 22170, dtype: float64
0       -2.344432
1       -0.173154
2        1.857452
3        2.467733
4        1.986153
           ...   
22165   -2.843879
22166   -0.881154
22167    2.593081
22168   -2.460881
22169   -2.269828
Name: obs-prior, Length: 22170, dtype: float64
0       -2.344432
1       -0.173154
2        1.857452
3        2.467733
4        1.986153
           ...   
22165   -2.843879
22166   -0.881154
22167    2.593081
22168   -2.460881
22169   -2.269828
Name: obs-prior, Length: 22170, dtype: float64
0       -2.344432
1       -0.173154
2        1.857452
3        2.467733
4        1.986153
           ...   
22165   -2.843879
22166   -0.881154
22167    2.593081
22168   -2.460881
22169   -2.269828
Name: obs-prior, Length: 22170, dtype: float64
 region:  NH
0       -2.344432
1       -0.173154
2        1.857452
3        1.986153
4       -0.567750
           ...   
17285    1.526667
17286   -0.881154
17287    2.593081
17288   -2.460881
17289   -2.269828
Name: obs-prior, Length: 17290, dtype: float64
0       -2.344432
1       -0.173154
2        1.857452
3        1.986153
4       -0.567750
           ...   
17285    1.526667
17286   -0.881154
17287    2.593081
17288   -2.460881
17289   -2.269828
Name: obs-prior, Length: 17290, dtype: float64
0       -2.344432
1       -0.173154
2        1.857452
3        1.986153
4       -0.567750
           ...   
17285    1.526667
17286   -0.881154
17287    2.593081
17288   -2.460881
17289   -2.269828
Name: obs-prior, Length: 17290, dtype: float64
0       -2.344432
1       -0.173154
2        1.857452
3        1.986153
4       -0.567750
           ...   
17285    1.526667
17286   -0.881154
17287    2.593081
17288   -2.460881
17289   -2.269828
Name: obs-prior, Length: 17290, dtype: float64
0       -2.344432
1       -0.173154
2        1.857452
3        1.986153
4       -0.567750
           ...   
17285    1.526667
17286   -0.881154
17287    2.593081
17288   -2.460881
17289   -2.269828
Name: obs-prior, Length: 17290, dtype: float64
0       -2.344432
1       -0.173154
2        1.857452
3        1.986153
4       -0.567750
           ...   
17285    1.526667
17286   -0.881154
17287    2.593081
17288   -2.460881
17289   -2.269828
Name: obs-prior, Length: 17290, dtype: float64
0       -2.344432
1       -0.173154
2        1.857452
3        1.986153
4       -0.567750
           ...   
17285    1.526667
17286   -0.881154
17287    2.593081
17288   -2.460881
17289   -2.269828
Name: obs-prior, Length: 17290, dtype: float64
0       -2.344432
1       -0.173154
2        1.857452
3        1.986153
4       -0.567750
           ...   
17285    1.526667
17286   -0.881154
17287    2.593081
17288   -2.460881
17289   -2.269828
Name: obs-prior, Length: 17290, dtype: float64
0       -2.344432
1       -0.173154
2        1.857452
3        1.986153
4       -0.567750
           ...   
17285    1.526667
17286   -0.881154
17287    2.593081
17288   -2.460881
17289   -2.269828
Name: obs-prior, Length: 17290, dtype: float64
0       -2.344432
1       -0.173154
2        1.857452
3        1.986153
4       -0.567750
           ...   
17285    1.526667
17286   -0.881154
17287    2.593081
17288   -2.460881
17289   -2.269828
Name: obs-prior, Length: 17290, dtype: float64
0       -2.344432
1       -0.173154
2        1.857452
3        1.986153
4       -0.567750
           ...   
17285    1.526667
17286   -0.881154
17287    2.593081
17288   -2.460881
17289   -2.269828
Name: obs-prior, Length: 17290, dtype: float64
0       -2.344432
1       -0.173154
2        1.857452
3        1.986153
4       -0.567750
           ...   
17285    1.526667
17286   -0.881154
17287    2.593081
17288   -2.460881
17289   -2.269828
Name: obs-prior, Length: 17290, dtype: float64
0       -2.344432
1       -0.173154
2        1.857452
3        1.986153
4       -0.567750
           ...   
17285    1.526667
17286   -0.881154
17287    2.593081
17288   -2.460881
17289   -2.269828
Name: obs-prior, Length: 17290, dtype: float64
0       -2.344432
1       -0.173154
2        1.857452
3        1.986153
4       -0.567750
           ...   
17285    1.526667
17286   -0.881154
17287    2.593081
17288   -2.460881
17289   -2.269828
Name: obs-prior, Length: 17290, dtype: float64
0       -2.344432
1       -0.173154
2        1.857452
3        1.986153
4       -0.567750
           ...   
17285    1.526667
17286   -0.881154
17287    2.593081
17288   -2.460881
17289   -2.269828
Name: obs-prior, Length: 17290, dtype: float64
0       -2.344432
1       -0.173154
2        1.857452
3        1.986153
4       -0.567750
           ...   
17285    1.526667
17286   -0.881154
17287    2.593081
17288   -2.460881
17289   -2.269828
Name: obs-prior, Length: 17290, dtype: float64
0       -2.344432
1       -0.173154
2        1.857452
3        1.986153
4       -0.567750
           ...   
17285    1.526667
17286   -0.881154
17287    2.593081
17288   -2.460881
17289   -2.269828
Name: obs-prior, Length: 17290, dtype: float64
 region:  SH
0     -1.339332
1      0.936863
2     -6.820840
3     -2.111067
4     -5.190787
         ...   
336   -1.727726
337    0.430372
338   -4.704139
339   -0.511908
340    0.646950
Name: obs-prior, Length: 341, dtype: float64
0     -1.339332
1      0.936863
2     -6.820840
3     -2.111067
4     -5.190787
         ...   
336   -1.727726
337    0.430372
338   -4.704139
339   -0.511908
340    0.646950
Name: obs-prior, Length: 341, dtype: float64
0     -1.339332
1      0.936863
2     -6.820840
3     -2.111067
4     -5.190787
         ...   
336   -1.727726
337    0.430372
338   -4.704139
339   -0.511908
340    0.646950
Name: obs-prior, Length: 341, dtype: float64
0     -1.339332
1      0.936863
2     -6.820840
3     -2.111067
4     -5.190787
         ...   
336   -1.727726
337    0.430372
338   -4.704139
339   -0.511908
340    0.646950
Name: obs-prior, Length: 341, dtype: float64
0     -1.339332
1      0.936863
2     -6.820840
3     -2.111067
4     -5.190787
         ...   
336   -1.727726
337    0.430372
338   -4.704139
339   -0.511908
340    0.646950
Name: obs-prior, Length: 341, dtype: float64
0     -1.339332
1      0.936863
2     -6.820840
3     -2.111067
4     -5.190787
         ...   
336   -1.727726
337    0.430372
338   -4.704139
339   -0.511908
340    0.646950
Name: obs-prior, Length: 341, dtype: float64
0     -1.339332
1      0.936863
2     -6.820840
3     -2.111067
4     -5.190787
         ...   
336   -1.727726
337    0.430372
338   -4.704139
339   -0.511908
340    0.646950
Name: obs-prior, Length: 341, dtype: float64
0     -1.339332
1      0.936863
2     -6.820840
3     -2.111067
4     -5.190787
         ...   
336   -1.727726
337    0.430372
338   -4.704139
339   -0.511908
340    0.646950
Name: obs-prior, Length: 341, dtype: float64
0     -1.339332
1      0.936863
2     -6.820840
3     -2.111067
4     -5.190787
         ...   
336   -1.727726
337    0.430372
338   -4.704139
339   -0.511908
340    0.646950
Name: obs-prior, Length: 341, dtype: float64
0     -1.339332
1      0.936863
2     -6.820840
3     -2.111067
4     -5.190787
         ...   
336   -1.727726
337    0.430372
338   -4.704139
339   -0.511908
340    0.646950
Name: obs-prior, Length: 341, dtype: float64
0     -1.339332
1      0.936863
2     -6.820840
3     -2.111067
4     -5.190787
         ...   
336   -1.727726
337    0.430372
338   -4.704139
339   -0.511908
340    0.646950
Name: obs-prior, Length: 341, dtype: float64
0     -1.339332
1      0.936863
2     -6.820840
3     -2.111067
4     -5.190787
         ...   
336   -1.727726
337    0.430372
338   -4.704139
339   -0.511908
340    0.646950
Name: obs-prior, Length: 341, dtype: float64
0     -1.339332
1      0.936863
2     -6.820840
3     -2.111067
4     -5.190787
         ...   
336   -1.727726
337    0.430372
338   -4.704139
339   -0.511908
340    0.646950
Name: obs-prior, Length: 341, dtype: float64
0     -1.339332
1      0.936863
2     -6.820840
3     -2.111067
4     -5.190787
         ...   
336   -1.727726
337    0.430372
338   -4.704139
339   -0.511908
340    0.646950
Name: obs-prior, Length: 341, dtype: float64
0     -1.339332
1      0.936863
2     -6.820840
3     -2.111067
4     -5.190787
         ...   
336   -1.727726
337    0.430372
338   -4.704139
339   -0.511908
340    0.646950
Name: obs-prior, Length: 341, dtype: float64
0     -1.339332
1      0.936863
2     -6.820840
3     -2.111067
4     -5.190787
         ...   
336   -1.727726
337    0.430372
338   -4.704139
339   -0.511908
340    0.646950
Name: obs-prior, Length: 341, dtype: float64
0     -1.339332
1      0.936863
2     -6.820840
3     -2.111067
4     -5.190787
         ...   
336   -1.727726
337    0.430372
338   -4.704139
339   -0.511908
340    0.646950
Name: obs-prior, Length: 341, dtype: float64
 region:  TR
0       2.467733
1       0.133187
2       1.358004
3       1.392310
4       0.410075
          ...   
4534   -1.625650
4535   -0.230830
4536   -2.524005
4537   -1.553101
4538   -2.843879
Name: obs-prior, Length: 4539, dtype: float64
0       2.467733
1       0.133187
2       1.358004
3       1.392310
4       0.410075
          ...   
4534   -1.625650
4535   -0.230830
4536   -2.524005
4537   -1.553101
4538   -2.843879
Name: obs-prior, Length: 4539, dtype: float64
0       2.467733
1       0.133187
2       1.358004
3       1.392310
4       0.410075
          ...   
4534   -1.625650
4535   -0.230830
4536   -2.524005
4537   -1.553101
4538   -2.843879
Name: obs-prior, Length: 4539, dtype: float64
0       2.467733
1       0.133187
2       1.358004
3       1.392310
4       0.410075
          ...   
4534   -1.625650
4535   -0.230830
4536   -2.524005
4537   -1.553101
4538   -2.843879
Name: obs-prior, Length: 4539, dtype: float64
0       2.467733
1       0.133187
2       1.358004
3       1.392310
4       0.410075
          ...   
4534   -1.625650
4535   -0.230830
4536   -2.524005
4537   -1.553101
4538   -2.843879
Name: obs-prior, Length: 4539, dtype: float64
0       2.467733
1       0.133187
2       1.358004
3       1.392310
4       0.410075
          ...   
4534   -1.625650
4535   -0.230830
4536   -2.524005
4537   -1.553101
4538   -2.843879
Name: obs-prior, Length: 4539, dtype: float64
0       2.467733
1       0.133187
2       1.358004
3       1.392310
4       0.410075
          ...   
4534   -1.625650
4535   -0.230830
4536   -2.524005
4537   -1.553101
4538   -2.843879
Name: obs-prior, Length: 4539, dtype: float64
0       2.467733
1       0.133187
2       1.358004
3       1.392310
4       0.410075
          ...   
4534   -1.625650
4535   -0.230830
4536   -2.524005
4537   -1.553101
4538   -2.843879
Name: obs-prior, Length: 4539, dtype: float64
0       2.467733
1       0.133187
2       1.358004
3       1.392310
4       0.410075
          ...   
4534   -1.625650
4535   -0.230830
4536   -2.524005
4537   -1.553101
4538   -2.843879
Name: obs-prior, Length: 4539, dtype: float64
0       2.467733
1       0.133187
2       1.358004
3       1.392310
4       0.410075
          ...   
4534   -1.625650
4535   -0.230830
4536   -2.524005
4537   -1.553101
4538   -2.843879
Name: obs-prior, Length: 4539, dtype: float64
0       2.467733
1       0.133187
2       1.358004
3       1.392310
4       0.410075
          ...   
4534   -1.625650
4535   -0.230830
4536   -2.524005
4537   -1.553101
4538   -2.843879
Name: obs-prior, Length: 4539, dtype: float64
0       2.467733
1       0.133187
2       1.358004
3       1.392310
4       0.410075
          ...   
4534   -1.625650
4535   -0.230830
4536   -2.524005
4537   -1.553101
4538   -2.843879
Name: obs-prior, Length: 4539, dtype: float64
0       2.467733
1       0.133187
2       1.358004
3       1.392310
4       0.410075
          ...   
4534   -1.625650
4535   -0.230830
4536   -2.524005
4537   -1.553101
4538   -2.843879
Name: obs-prior, Length: 4539, dtype: float64
0       2.467733
1       0.133187
2       1.358004
3       1.392310
4       0.410075
          ...   
4534   -1.625650
4535   -0.230830
4536   -2.524005
4537   -1.553101
4538   -2.843879
Name: obs-prior, Length: 4539, dtype: float64
0       2.467733
1       0.133187
2       1.358004
3       1.392310
4       0.410075
          ...   
4534   -1.625650
4535   -0.230830
4536   -2.524005
4537   -1.553101
4538   -2.843879
Name: obs-prior, Length: 4539, dtype: float64
0       2.467733
1       0.133187
2       1.358004
3       1.392310
4       0.410075
          ...   
4534   -1.625650
4535   -0.230830
4536   -2.524005
4537   -1.553101
4538   -2.843879
Name: obs-prior, Length: 4539, dtype: float64
0       2.467733
1       0.133187
2       1.358004
3       1.392310
4       0.410075
          ...   
4534   -1.625650
4535   -0.230830
4536   -2.524005
4537   -1.553101
4538   -2.843879
Name: obs-prior, Length: 4539, dtype: float64

 processing obs:  ACARS_V_WIND_COMPONENT
 region:  Global
0       -0.467030
1        1.937696
2       -1.353624
3        0.503832
4        0.824860
           ...   
20489   -1.801424
20490   -0.574534
20491   -2.185944
20492    2.061613
20493    2.681225
Name: obs-prior, Length: 20494, dtype: float64
0       -0.467030
1        1.937696
2       -1.353624
3        0.503832
4        0.824860
           ...   
20489   -1.801424
20490   -0.574534
20491   -2.185944
20492    2.061613
20493    2.681225
Name: obs-prior, Length: 20494, dtype: float64
0       -0.467030
1        1.937696
2       -1.353624
3        0.503832
4        0.824860
           ...   
20489   -1.801424
20490   -0.574534
20491   -2.185944
20492    2.061613
20493    2.681225
Name: obs-prior, Length: 20494, dtype: float64
0       -0.467030
1        1.937696
2       -1.353624
3        0.503832
4        0.824860
           ...   
20489   -1.801424
20490   -0.574534
20491   -2.185944
20492    2.061613
20493    2.681225
Name: obs-prior, Length: 20494, dtype: float64
0       -0.467030
1        1.937696
2       -1.353624
3        0.503832
4        0.824860
           ...   
20489   -1.801424
20490   -0.574534
20491   -2.185944
20492    2.061613
20493    2.681225
Name: obs-prior, Length: 20494, dtype: float64
0       -0.467030
1        1.937696
2       -1.353624
3        0.503832
4        0.824860
           ...   
20489   -1.801424
20490   -0.574534
20491   -2.185944
20492    2.061613
20493    2.681225
Name: obs-prior, Length: 20494, dtype: float64
0       -0.467030
1        1.937696
2       -1.353624
3        0.503832
4        0.824860
           ...   
20489   -1.801424
20490   -0.574534
20491   -2.185944
20492    2.061613
20493    2.681225
Name: obs-prior, Length: 20494, dtype: float64
0       -0.467030
1        1.937696
2       -1.353624
3        0.503832
4        0.824860
           ...   
20489   -1.801424
20490   -0.574534
20491   -2.185944
20492    2.061613
20493    2.681225
Name: obs-prior, Length: 20494, dtype: float64
0       -0.467030
1        1.937696
2       -1.353624
3        0.503832
4        0.824860
           ...   
20489   -1.801424
20490   -0.574534
20491   -2.185944
20492    2.061613
20493    2.681225
Name: obs-prior, Length: 20494, dtype: float64
0       -0.467030
1        1.937696
2       -1.353624
3        0.503832
4        0.824860
           ...   
20489   -1.801424
20490   -0.574534
20491   -2.185944
20492    2.061613
20493    2.681225
Name: obs-prior, Length: 20494, dtype: float64
0       -0.467030
1        1.937696
2       -1.353624
3        0.503832
4        0.824860
           ...   
20489   -1.801424
20490   -0.574534
20491   -2.185944
20492    2.061613
20493    2.681225
Name: obs-prior, Length: 20494, dtype: float64
0       -0.467030
1        1.937696
2       -1.353624
3        0.503832
4        0.824860
           ...   
20489   -1.801424
20490   -0.574534
20491   -2.185944
20492    2.061613
20493    2.681225
Name: obs-prior, Length: 20494, dtype: float64
0       -0.467030
1        1.937696
2       -1.353624
3        0.503832
4        0.824860
           ...   
20489   -1.801424
20490   -0.574534
20491   -2.185944
20492    2.061613
20493    2.681225
Name: obs-prior, Length: 20494, dtype: float64
0       -0.467030
1        1.937696
2       -1.353624
3        0.503832
4        0.824860
           ...   
20489   -1.801424
20490   -0.574534
20491   -2.185944
20492    2.061613
20493    2.681225
Name: obs-prior, Length: 20494, dtype: float64
0       -0.467030
1        1.937696
2       -1.353624
3        0.503832
4        0.824860
           ...   
20489   -1.801424
20490   -0.574534
20491   -2.185944
20492    2.061613
20493    2.681225
Name: obs-prior, Length: 20494, dtype: float64
0       -0.467030
1        1.937696
2       -1.353624
3        0.503832
4        0.824860
           ...   
20489   -1.801424
20490   -0.574534
20491   -2.185944
20492    2.061613
20493    2.681225
Name: obs-prior, Length: 20494, dtype: float64
0       -0.467030
1        1.937696
2       -1.353624
3        0.503832
4        0.824860
           ...   
20489   -1.801424
20490   -0.574534
20491   -2.185944
20492    2.061613
20493    2.681225
Name: obs-prior, Length: 20494, dtype: float64
 region:  NH
0       -0.467030
1        1.937696
2       -1.353624
3        0.503832
4        0.824860
           ...   
16248    1.188927
16249   -1.801424
16250   -0.574534
16251   -2.185944
16252    2.061613
Name: obs-prior, Length: 16253, dtype: float64
0       -0.467030
1        1.937696
2       -1.353624
3        0.503832
4        0.824860
           ...   
16248    1.188927
16249   -1.801424
16250   -0.574534
16251   -2.185944
16252    2.061613
Name: obs-prior, Length: 16253, dtype: float64
0       -0.467030
1        1.937696
2       -1.353624
3        0.503832
4        0.824860
           ...   
16248    1.188927
16249   -1.801424
16250   -0.574534
16251   -2.185944
16252    2.061613
Name: obs-prior, Length: 16253, dtype: float64
0       -0.467030
1        1.937696
2       -1.353624
3        0.503832
4        0.824860
           ...   
16248    1.188927
16249   -1.801424
16250   -0.574534
16251   -2.185944
16252    2.061613
Name: obs-prior, Length: 16253, dtype: float64
0       -0.467030
1        1.937696
2       -1.353624
3        0.503832
4        0.824860
           ...   
16248    1.188927
16249   -1.801424
16250   -0.574534
16251   -2.185944
16252    2.061613
Name: obs-prior, Length: 16253, dtype: float64
0       -0.467030
1        1.937696
2       -1.353624
3        0.503832
4        0.824860
           ...   
16248    1.188927
16249   -1.801424
16250   -0.574534
16251   -2.185944
16252    2.061613
Name: obs-prior, Length: 16253, dtype: float64
0       -0.467030
1        1.937696
2       -1.353624
3        0.503832
4        0.824860
           ...   
16248    1.188927
16249   -1.801424
16250   -0.574534
16251   -2.185944
16252    2.061613
Name: obs-prior, Length: 16253, dtype: float64
0       -0.467030
1        1.937696
2       -1.353624
3        0.503832
4        0.824860
           ...   
16248    1.188927
16249   -1.801424
16250   -0.574534
16251   -2.185944
16252    2.061613
Name: obs-prior, Length: 16253, dtype: float64
0       -0.467030
1        1.937696
2       -1.353624
3        0.503832
4        0.824860
           ...   
16248    1.188927
16249   -1.801424
16250   -0.574534
16251   -2.185944
16252    2.061613
Name: obs-prior, Length: 16253, dtype: float64
0       -0.467030
1        1.937696
2       -1.353624
3        0.503832
4        0.824860
           ...   
16248    1.188927
16249   -1.801424
16250   -0.574534
16251   -2.185944
16252    2.061613
Name: obs-prior, Length: 16253, dtype: float64
0       -0.467030
1        1.937696
2       -1.353624
3        0.503832
4        0.824860
           ...   
16248    1.188927
16249   -1.801424
16250   -0.574534
16251   -2.185944
16252    2.061613
Name: obs-prior, Length: 16253, dtype: float64
0       -0.467030
1        1.937696
2       -1.353624
3        0.503832
4        0.824860
           ...   
16248    1.188927
16249   -1.801424
16250   -0.574534
16251   -2.185944
16252    2.061613
Name: obs-prior, Length: 16253, dtype: float64
0       -0.467030
1        1.937696
2       -1.353624
3        0.503832
4        0.824860
           ...   
16248    1.188927
16249   -1.801424
16250   -0.574534
16251   -2.185944
16252    2.061613
Name: obs-prior, Length: 16253, dtype: float64
0       -0.467030
1        1.937696
2       -1.353624
3        0.503832
4        0.824860
           ...   
16248    1.188927
16249   -1.801424
16250   -0.574534
16251   -2.185944
16252    2.061613
Name: obs-prior, Length: 16253, dtype: float64
0       -0.467030
1        1.937696
2       -1.353624
3        0.503832
4        0.824860
           ...   
16248    1.188927
16249   -1.801424
16250   -0.574534
16251   -2.185944
16252    2.061613
Name: obs-prior, Length: 16253, dtype: float64
0       -0.467030
1        1.937696
2       -1.353624
3        0.503832
4        0.824860
           ...   
16248    1.188927
16249   -1.801424
16250   -0.574534
16251   -2.185944
16252    2.061613
Name: obs-prior, Length: 16253, dtype: float64
0       -0.467030
1        1.937696
2       -1.353624
3        0.503832
4        0.824860
           ...   
16248    1.188927
16249   -1.801424
16250   -0.574534
16251   -2.185944
16252    2.061613
Name: obs-prior, Length: 16253, dtype: float64
 region:  SH
0      2.866952
1      0.574535
2     -0.112848
3     -1.619392
4      2.376651
         ...   
320    0.624551
321    5.453092
322    5.703492
323   -2.567599
324    2.681225
Name: obs-prior, Length: 325, dtype: float64
0      2.866952
1      0.574535
2     -0.112848
3     -1.619392
4      2.376651
         ...   
320    0.624551
321    5.453092
322    5.703492
323   -2.567599
324    2.681225
Name: obs-prior, Length: 325, dtype: float64
0      2.866952
1      0.574535
2     -0.112848
3     -1.619392
4      2.376651
         ...   
320    0.624551
321    5.453092
322    5.703492
323   -2.567599
324    2.681225
Name: obs-prior, Length: 325, dtype: float64
0      2.866952
1      0.574535
2     -0.112848
3     -1.619392
4      2.376651
         ...   
320    0.624551
321    5.453092
322    5.703492
323   -2.567599
324    2.681225
Name: obs-prior, Length: 325, dtype: float64
0      2.866952
1      0.574535
2     -0.112848
3     -1.619392
4      2.376651
         ...   
320    0.624551
321    5.453092
322    5.703492
323   -2.567599
324    2.681225
Name: obs-prior, Length: 325, dtype: float64
0      2.866952
1      0.574535
2     -0.112848
3     -1.619392
4      2.376651
         ...   
320    0.624551
321    5.453092
322    5.703492
323   -2.567599
324    2.681225
Name: obs-prior, Length: 325, dtype: float64
0      2.866952
1      0.574535
2     -0.112848
3     -1.619392
4      2.376651
         ...   
320    0.624551
321    5.453092
322    5.703492
323   -2.567599
324    2.681225
Name: obs-prior, Length: 325, dtype: float64
0      2.866952
1      0.574535
2     -0.112848
3     -1.619392
4      2.376651
         ...   
320    0.624551
321    5.453092
322    5.703492
323   -2.567599
324    2.681225
Name: obs-prior, Length: 325, dtype: float64
0      2.866952
1      0.574535
2     -0.112848
3     -1.619392
4      2.376651
         ...   
320    0.624551
321    5.453092
322    5.703492
323   -2.567599
324    2.681225
Name: obs-prior, Length: 325, dtype: float64
0      2.866952
1      0.574535
2     -0.112848
3     -1.619392
4      2.376651
         ...   
320    0.624551
321    5.453092
322    5.703492
323   -2.567599
324    2.681225
Name: obs-prior, Length: 325, dtype: float64
0      2.866952
1      0.574535
2     -0.112848
3     -1.619392
4      2.376651
         ...   
320    0.624551
321    5.453092
322    5.703492
323   -2.567599
324    2.681225
Name: obs-prior, Length: 325, dtype: float64
0      2.866952
1      0.574535
2     -0.112848
3     -1.619392
4      2.376651
         ...   
320    0.624551
321    5.453092
322    5.703492
323   -2.567599
324    2.681225
Name: obs-prior, Length: 325, dtype: float64
0      2.866952
1      0.574535
2     -0.112848
3     -1.619392
4      2.376651
         ...   
320    0.624551
321    5.453092
322    5.703492
323   -2.567599
324    2.681225
Name: obs-prior, Length: 325, dtype: float64
0      2.866952
1      0.574535
2     -0.112848
3     -1.619392
4      2.376651
         ...   
320    0.624551
321    5.453092
322    5.703492
323   -2.567599
324    2.681225
Name: obs-prior, Length: 325, dtype: float64
0      2.866952
1      0.574535
2     -0.112848
3     -1.619392
4      2.376651
         ...   
320    0.624551
321    5.453092
322    5.703492
323   -2.567599
324    2.681225
Name: obs-prior, Length: 325, dtype: float64
0      2.866952
1      0.574535
2     -0.112848
3     -1.619392
4      2.376651
         ...   
320    0.624551
321    5.453092
322    5.703492
323   -2.567599
324    2.681225
Name: obs-prior, Length: 325, dtype: float64
0      2.866952
1      0.574535
2     -0.112848
3     -1.619392
4      2.376651
         ...   
320    0.624551
321    5.453092
322    5.703492
323   -2.567599
324    2.681225
Name: obs-prior, Length: 325, dtype: float64
 region:  TR
0      -1.984817
1       1.886898
2       0.295756
3      -1.397527
4      -2.563591
          ...   
3911   -0.273558
3912    3.515313
3913   -1.680930
3914   -2.759749
3915   -1.022431
Name: obs-prior, Length: 3916, dtype: float64
0      -1.984817
1       1.886898
2       0.295756
3      -1.397527
4      -2.563591
          ...   
3911   -0.273558
3912    3.515313
3913   -1.680930
3914   -2.759749
3915   -1.022431
Name: obs-prior, Length: 3916, dtype: float64
0      -1.984817
1       1.886898
2       0.295756
3      -1.397527
4      -2.563591
          ...   
3911   -0.273558
3912    3.515313
3913   -1.680930
3914   -2.759749
3915   -1.022431
Name: obs-prior, Length: 3916, dtype: float64
0      -1.984817
1       1.886898
2       0.295756
3      -1.397527
4      -2.563591
          ...   
3911   -0.273558
3912    3.515313
3913   -1.680930
3914   -2.759749
3915   -1.022431
Name: obs-prior, Length: 3916, dtype: float64
0      -1.984817
1       1.886898
2       0.295756
3      -1.397527
4      -2.563591
          ...   
3911   -0.273558
3912    3.515313
3913   -1.680930
3914   -2.759749
3915   -1.022431
Name: obs-prior, Length: 3916, dtype: float64
0      -1.984817
1       1.886898
2       0.295756
3      -1.397527
4      -2.563591
          ...   
3911   -0.273558
3912    3.515313
3913   -1.680930
3914   -2.759749
3915   -1.022431
Name: obs-prior, Length: 3916, dtype: float64
0      -1.984817
1       1.886898
2       0.295756
3      -1.397527
4      -2.563591
          ...   
3911   -0.273558
3912    3.515313
3913   -1.680930
3914   -2.759749
3915   -1.022431
Name: obs-prior, Length: 3916, dtype: float64
0      -1.984817
1       1.886898
2       0.295756
3      -1.397527
4      -2.563591
          ...   
3911   -0.273558
3912    3.515313
3913   -1.680930
3914   -2.759749
3915   -1.022431
Name: obs-prior, Length: 3916, dtype: float64
0      -1.984817
1       1.886898
2       0.295756
3      -1.397527
4      -2.563591
          ...   
3911   -0.273558
3912    3.515313
3913   -1.680930
3914   -2.759749
3915   -1.022431
Name: obs-prior, Length: 3916, dtype: float64
0      -1.984817
1       1.886898
2       0.295756
3      -1.397527
4      -2.563591
          ...   
3911   -0.273558
3912    3.515313
3913   -1.680930
3914   -2.759749
3915   -1.022431
Name: obs-prior, Length: 3916, dtype: float64
0      -1.984817
1       1.886898
2       0.295756
3      -1.397527
4      -2.563591
          ...   
3911   -0.273558
3912    3.515313
3913   -1.680930
3914   -2.759749
3915   -1.022431
Name: obs-prior, Length: 3916, dtype: float64
0      -1.984817
1       1.886898
2       0.295756
3      -1.397527
4      -2.563591
          ...   
3911   -0.273558
3912    3.515313
3913   -1.680930
3914   -2.759749
3915   -1.022431
Name: obs-prior, Length: 3916, dtype: float64
0      -1.984817
1       1.886898
2       0.295756
3      -1.397527
4      -2.563591
          ...   
3911   -0.273558
3912    3.515313
3913   -1.680930
3914   -2.759749
3915   -1.022431
Name: obs-prior, Length: 3916, dtype: float64
0      -1.984817
1       1.886898
2       0.295756
3      -1.397527
4      -2.563591
          ...   
3911   -0.273558
3912    3.515313
3913   -1.680930
3914   -2.759749
3915   -1.022431
Name: obs-prior, Length: 3916, dtype: float64
0      -1.984817
1       1.886898
2       0.295756
3      -1.397527
4      -2.563591
          ...   
3911   -0.273558
3912    3.515313
3913   -1.680930
3914   -2.759749
3915   -1.022431
Name: obs-prior, Length: 3916, dtype: float64
0      -1.984817
1       1.886898
2       0.295756
3      -1.397527
4      -2.563591
          ...   
3911   -0.273558
3912    3.515313
3913   -1.680930
3914   -2.759749
3915   -1.022431
Name: obs-prior, Length: 3916, dtype: float64
0      -1.984817
1       1.886898
2       0.295756
3      -1.397527
4      -2.563591
          ...   
3911   -0.273558
3912    3.515313
3913   -1.680930
3914   -2.759749
3915   -1.022431
Name: obs-prior, Length: 3916, dtype: float64

 processing obs:  ACARS_TEMPERATURE
 region:  Global
0        0.307581
1        0.115599
2        0.775444
3        0.379124
4       -0.783865
           ...   
28938    0.722318
28939   -0.260297
28940   -0.361872
28941   -1.112977
28942   -0.986016
Name: obs-prior, Length: 28943, dtype: float64
0        0.307581
1        0.115599
2        0.775444
3        0.379124
4       -0.783865
           ...   
28938    0.722318
28939   -0.260297
28940   -0.361872
28941   -1.112977
28942   -0.986016
Name: obs-prior, Length: 28943, dtype: float64
0        0.307581
1        0.115599
2        0.775444
3        0.379124
4       -0.783865
           ...   
28938    0.722318
28939   -0.260297
28940   -0.361872
28941   -1.112977
28942   -0.986016
Name: obs-prior, Length: 28943, dtype: float64
0        0.307581
1        0.115599
2        0.775444
3        0.379124
4       -0.783865
           ...   
28938    0.722318
28939   -0.260297
28940   -0.361872
28941   -1.112977
28942   -0.986016
Name: obs-prior, Length: 28943, dtype: float64
0        0.307581
1        0.115599
2        0.775444
3        0.379124
4       -0.783865
           ...   
28938    0.722318
28939   -0.260297
28940   -0.361872
28941   -1.112977
28942   -0.986016
Name: obs-prior, Length: 28943, dtype: float64
0        0.307581
1        0.115599
2        0.775444
3        0.379124
4       -0.783865
           ...   
28938    0.722318
28939   -0.260297
28940   -0.361872
28941   -1.112977
28942   -0.986016
Name: obs-prior, Length: 28943, dtype: float64
0        0.307581
1        0.115599
2        0.775444
3        0.379124
4       -0.783865
           ...   
28938    0.722318
28939   -0.260297
28940   -0.361872
28941   -1.112977
28942   -0.986016
Name: obs-prior, Length: 28943, dtype: float64
0        0.307581
1        0.115599
2        0.775444
3        0.379124
4       -0.783865
           ...   
28938    0.722318
28939   -0.260297
28940   -0.361872
28941   -1.112977
28942   -0.986016
Name: obs-prior, Length: 28943, dtype: float64
0        0.307581
1        0.115599
2        0.775444
3        0.379124
4       -0.783865
           ...   
28938    0.722318
28939   -0.260297
28940   -0.361872
28941   -1.112977
28942   -0.986016
Name: obs-prior, Length: 28943, dtype: float64
0        0.307581
1        0.115599
2        0.775444
3        0.379124
4       -0.783865
           ...   
28938    0.722318
28939   -0.260297
28940   -0.361872
28941   -1.112977
28942   -0.986016
Name: obs-prior, Length: 28943, dtype: float64
0        0.307581
1        0.115599
2        0.775444
3        0.379124
4       -0.783865
           ...   
28938    0.722318
28939   -0.260297
28940   -0.361872
28941   -1.112977
28942   -0.986016
Name: obs-prior, Length: 28943, dtype: float64
0        0.307581
1        0.115599
2        0.775444
3        0.379124
4       -0.783865
           ...   
28938    0.722318
28939   -0.260297
28940   -0.361872
28941   -1.112977
28942   -0.986016
Name: obs-prior, Length: 28943, dtype: float64
0        0.307581
1        0.115599
2        0.775444
3        0.379124
4       -0.783865
           ...   
28938    0.722318
28939   -0.260297
28940   -0.361872
28941   -1.112977
28942   -0.986016
Name: obs-prior, Length: 28943, dtype: float64
0        0.307581
1        0.115599
2        0.775444
3        0.379124
4       -0.783865
           ...   
28938    0.722318
28939   -0.260297
28940   -0.361872
28941   -1.112977
28942   -0.986016
Name: obs-prior, Length: 28943, dtype: float64
0        0.307581
1        0.115599
2        0.775444
3        0.379124
4       -0.783865
           ...   
28938    0.722318
28939   -0.260297
28940   -0.361872
28941   -1.112977
28942   -0.986016
Name: obs-prior, Length: 28943, dtype: float64
0        0.307581
1        0.115599
2        0.775444
3        0.379124
4       -0.783865
           ...   
28938    0.722318
28939   -0.260297
28940   -0.361872
28941   -1.112977
28942   -0.986016
Name: obs-prior, Length: 28943, dtype: float64
0        0.307581
1        0.115599
2        0.775444
3        0.379124
4       -0.783865
           ...   
28938    0.722318
28939   -0.260297
28940   -0.361872
28941   -1.112977
28942   -0.986016
Name: obs-prior, Length: 28943, dtype: float64
 region:  NH
0        0.307581
1        0.115599
2        0.775444
3        0.379124
4       -0.783865
           ...   
22898   -0.096018
22899    0.777130
22900    0.722318
22901   -0.260297
22902   -0.361872
Name: obs-prior, Length: 22903, dtype: float64
0        0.307581
1        0.115599
2        0.775444
3        0.379124
4       -0.783865
           ...   
22898   -0.096018
22899    0.777130
22900    0.722318
22901   -0.260297
22902   -0.361872
Name: obs-prior, Length: 22903, dtype: float64
0        0.307581
1        0.115599
2        0.775444
3        0.379124
4       -0.783865
           ...   
22898   -0.096018
22899    0.777130
22900    0.722318
22901   -0.260297
22902   -0.361872
Name: obs-prior, Length: 22903, dtype: float64
0        0.307581
1        0.115599
2        0.775444
3        0.379124
4       -0.783865
           ...   
22898   -0.096018
22899    0.777130
22900    0.722318
22901   -0.260297
22902   -0.361872
Name: obs-prior, Length: 22903, dtype: float64
0        0.307581
1        0.115599
2        0.775444
3        0.379124
4       -0.783865
           ...   
22898   -0.096018
22899    0.777130
22900    0.722318
22901   -0.260297
22902   -0.361872
Name: obs-prior, Length: 22903, dtype: float64
0        0.307581
1        0.115599
2        0.775444
3        0.379124
4       -0.783865
           ...   
22898   -0.096018
22899    0.777130
22900    0.722318
22901   -0.260297
22902   -0.361872
Name: obs-prior, Length: 22903, dtype: float64
0        0.307581
1        0.115599
2        0.775444
3        0.379124
4       -0.783865
           ...   
22898   -0.096018
22899    0.777130
22900    0.722318
22901   -0.260297
22902   -0.361872
Name: obs-prior, Length: 22903, dtype: float64
0        0.307581
1        0.115599
2        0.775444
3        0.379124
4       -0.783865
           ...   
22898   -0.096018
22899    0.777130
22900    0.722318
22901   -0.260297
22902   -0.361872
Name: obs-prior, Length: 22903, dtype: float64
0        0.307581
1        0.115599
2        0.775444
3        0.379124
4       -0.783865
           ...   
22898   -0.096018
22899    0.777130
22900    0.722318
22901   -0.260297
22902   -0.361872
Name: obs-prior, Length: 22903, dtype: float64
0        0.307581
1        0.115599
2        0.775444
3        0.379124
4       -0.783865
           ...   
22898   -0.096018
22899    0.777130
22900    0.722318
22901   -0.260297
22902   -0.361872
Name: obs-prior, Length: 22903, dtype: float64
0        0.307581
1        0.115599
2        0.775444
3        0.379124
4       -0.783865
           ...   
22898   -0.096018
22899    0.777130
22900    0.722318
22901   -0.260297
22902   -0.361872
Name: obs-prior, Length: 22903, dtype: float64
0        0.307581
1        0.115599
2        0.775444
3        0.379124
4       -0.783865
           ...   
22898   -0.096018
22899    0.777130
22900    0.722318
22901   -0.260297
22902   -0.361872
Name: obs-prior, Length: 22903, dtype: float64
0        0.307581
1        0.115599
2        0.775444
3        0.379124
4       -0.783865
           ...   
22898   -0.096018
22899    0.777130
22900    0.722318
22901   -0.260297
22902   -0.361872
Name: obs-prior, Length: 22903, dtype: float64
0        0.307581
1        0.115599
2        0.775444
3        0.379124
4       -0.783865
           ...   
22898   -0.096018
22899    0.777130
22900    0.722318
22901   -0.260297
22902   -0.361872
Name: obs-prior, Length: 22903, dtype: float64
0        0.307581
1        0.115599
2        0.775444
3        0.379124
4       -0.783865
           ...   
22898   -0.096018
22899    0.777130
22900    0.722318
22901   -0.260297
22902   -0.361872
Name: obs-prior, Length: 22903, dtype: float64
0        0.307581
1        0.115599
2        0.775444
3        0.379124
4       -0.783865
           ...   
22898   -0.096018
22899    0.777130
22900    0.722318
22901   -0.260297
22902   -0.361872
Name: obs-prior, Length: 22903, dtype: float64
0        0.307581
1        0.115599
2        0.775444
3        0.379124
4       -0.783865
           ...   
22898   -0.096018
22899    0.777130
22900    0.722318
22901   -0.260297
22902   -0.361872
Name: obs-prior, Length: 22903, dtype: float64
 region:  SH
0     -0.678741
1      0.165709
2      0.245915
3     -1.731471
4     -0.831705
         ...   
403    1.701372
404    0.943939
405    1.246191
406    0.535012
407   -0.931477
Name: obs-prior, Length: 408, dtype: float64
0     -0.678741
1      0.165709
2      0.245915
3     -1.731471
4     -0.831705
         ...   
403    1.701372
404    0.943939
405    1.246191
406    0.535012
407   -0.931477
Name: obs-prior, Length: 408, dtype: float64
0     -0.678741
1      0.165709
2      0.245915
3     -1.731471
4     -0.831705
         ...   
403    1.701372
404    0.943939
405    1.246191
406    0.535012
407   -0.931477
Name: obs-prior, Length: 408, dtype: float64
0     -0.678741
1      0.165709
2      0.245915
3     -1.731471
4     -0.831705
         ...   
403    1.701372
404    0.943939
405    1.246191
406    0.535012
407   -0.931477
Name: obs-prior, Length: 408, dtype: float64
0     -0.678741
1      0.165709
2      0.245915
3     -1.731471
4     -0.831705
         ...   
403    1.701372
404    0.943939
405    1.246191
406    0.535012
407   -0.931477
Name: obs-prior, Length: 408, dtype: float64
0     -0.678741
1      0.165709
2      0.245915
3     -1.731471
4     -0.831705
         ...   
403    1.701372
404    0.943939
405    1.246191
406    0.535012
407   -0.931477
Name: obs-prior, Length: 408, dtype: float64
0     -0.678741
1      0.165709
2      0.245915
3     -1.731471
4     -0.831705
         ...   
403    1.701372
404    0.943939
405    1.246191
406    0.535012
407   -0.931477
Name: obs-prior, Length: 408, dtype: float64
0     -0.678741
1      0.165709
2      0.245915
3     -1.731471
4     -0.831705
         ...   
403    1.701372
404    0.943939
405    1.246191
406    0.535012
407   -0.931477
Name: obs-prior, Length: 408, dtype: float64
0     -0.678741
1      0.165709
2      0.245915
3     -1.731471
4     -0.831705
         ...   
403    1.701372
404    0.943939
405    1.246191
406    0.535012
407   -0.931477
Name: obs-prior, Length: 408, dtype: float64
0     -0.678741
1      0.165709
2      0.245915
3     -1.731471
4     -0.831705
         ...   
403    1.701372
404    0.943939
405    1.246191
406    0.535012
407   -0.931477
Name: obs-prior, Length: 408, dtype: float64
0     -0.678741
1      0.165709
2      0.245915
3     -1.731471
4     -0.831705
         ...   
403    1.701372
404    0.943939
405    1.246191
406    0.535012
407   -0.931477
Name: obs-prior, Length: 408, dtype: float64
0     -0.678741
1      0.165709
2      0.245915
3     -1.731471
4     -0.831705
         ...   
403    1.701372
404    0.943939
405    1.246191
406    0.535012
407   -0.931477
Name: obs-prior, Length: 408, dtype: float64
0     -0.678741
1      0.165709
2      0.245915
3     -1.731471
4     -0.831705
         ...   
403    1.701372
404    0.943939
405    1.246191
406    0.535012
407   -0.931477
Name: obs-prior, Length: 408, dtype: float64
0     -0.678741
1      0.165709
2      0.245915
3     -1.731471
4     -0.831705
         ...   
403    1.701372
404    0.943939
405    1.246191
406    0.535012
407   -0.931477
Name: obs-prior, Length: 408, dtype: float64
0     -0.678741
1      0.165709
2      0.245915
3     -1.731471
4     -0.831705
         ...   
403    1.701372
404    0.943939
405    1.246191
406    0.535012
407   -0.931477
Name: obs-prior, Length: 408, dtype: float64
0     -0.678741
1      0.165709
2      0.245915
3     -1.731471
4     -0.831705
         ...   
403    1.701372
404    0.943939
405    1.246191
406    0.535012
407   -0.931477
Name: obs-prior, Length: 408, dtype: float64
0     -0.678741
1      0.165709
2      0.245915
3     -1.731471
4     -0.831705
         ...   
403    1.701372
404    0.943939
405    1.246191
406    0.535012
407   -0.931477
Name: obs-prior, Length: 408, dtype: float64
 region:  TR
0       0.647214
1       0.157681
2       0.038218
3      -0.749611
4      -0.361703
          ...   
5627   -0.434849
5628    0.387221
5629   -0.038241
5630   -1.112977
5631   -0.986016
Name: obs-prior, Length: 5632, dtype: float64
0       0.647214
1       0.157681
2       0.038218
3      -0.749611
4      -0.361703
          ...   
5627   -0.434849
5628    0.387221
5629   -0.038241
5630   -1.112977
5631   -0.986016
Name: obs-prior, Length: 5632, dtype: float64
0       0.647214
1       0.157681
2       0.038218
3      -0.749611
4      -0.361703
          ...   
5627   -0.434849
5628    0.387221
5629   -0.038241
5630   -1.112977
5631   -0.986016
Name: obs-prior, Length: 5632, dtype: float64
0       0.647214
1       0.157681
2       0.038218
3      -0.749611
4      -0.361703
          ...   
5627   -0.434849
5628    0.387221
5629   -0.038241
5630   -1.112977
5631   -0.986016
Name: obs-prior, Length: 5632, dtype: float64
0       0.647214
1       0.157681
2       0.038218
3      -0.749611
4      -0.361703
          ...   
5627   -0.434849
5628    0.387221
5629   -0.038241
5630   -1.112977
5631   -0.986016
Name: obs-prior, Length: 5632, dtype: float64
0       0.647214
1       0.157681
2       0.038218
3      -0.749611
4      -0.361703
          ...   
5627   -0.434849
5628    0.387221
5629   -0.038241
5630   -1.112977
5631   -0.986016
Name: obs-prior, Length: 5632, dtype: float64
0       0.647214
1       0.157681
2       0.038218
3      -0.749611
4      -0.361703
          ...   
5627   -0.434849
5628    0.387221
5629   -0.038241
5630   -1.112977
5631   -0.986016
Name: obs-prior, Length: 5632, dtype: float64
0       0.647214
1       0.157681
2       0.038218
3      -0.749611
4      -0.361703
          ...   
5627   -0.434849
5628    0.387221
5629   -0.038241
5630   -1.112977
5631   -0.986016
Name: obs-prior, Length: 5632, dtype: float64
0       0.647214
1       0.157681
2       0.038218
3      -0.749611
4      -0.361703
          ...   
5627   -0.434849
5628    0.387221
5629   -0.038241
5630   -1.112977
5631   -0.986016
Name: obs-prior, Length: 5632, dtype: float64
0       0.647214
1       0.157681
2       0.038218
3      -0.749611
4      -0.361703
          ...   
5627   -0.434849
5628    0.387221
5629   -0.038241
5630   -1.112977
5631   -0.986016
Name: obs-prior, Length: 5632, dtype: float64
0       0.647214
1       0.157681
2       0.038218
3      -0.749611
4      -0.361703
          ...   
5627   -0.434849
5628    0.387221
5629   -0.038241
5630   -1.112977
5631   -0.986016
Name: obs-prior, Length: 5632, dtype: float64
0       0.647214
1       0.157681
2       0.038218
3      -0.749611
4      -0.361703
          ...   
5627   -0.434849
5628    0.387221
5629   -0.038241
5630   -1.112977
5631   -0.986016
Name: obs-prior, Length: 5632, dtype: float64
0       0.647214
1       0.157681
2       0.038218
3      -0.749611
4      -0.361703
          ...   
5627   -0.434849
5628    0.387221
5629   -0.038241
5630   -1.112977
5631   -0.986016
Name: obs-prior, Length: 5632, dtype: float64
0       0.647214
1       0.157681
2       0.038218
3      -0.749611
4      -0.361703
          ...   
5627   -0.434849
5628    0.387221
5629   -0.038241
5630   -1.112977
5631   -0.986016
Name: obs-prior, Length: 5632, dtype: float64
0       0.647214
1       0.157681
2       0.038218
3      -0.749611
4      -0.361703
          ...   
5627   -0.434849
5628    0.387221
5629   -0.038241
5630   -1.112977
5631   -0.986016
Name: obs-prior, Length: 5632, dtype: float64
0       0.647214
1       0.157681
2       0.038218
3      -0.749611
4      -0.361703
          ...   
5627   -0.434849
5628    0.387221
5629   -0.038241
5630   -1.112977
5631   -0.986016
Name: obs-prior, Length: 5632, dtype: float64
0       0.647214
1       0.157681
2       0.038218
3      -0.749611
4      -0.361703
          ...   
5627   -0.434849
5628    0.387221
5629   -0.038241
5630   -1.112977
5631   -0.986016
Name: obs-prior, Length: 5632, dtype: float64

 processing obs:  SAT_U_WIND_COMPONENT
 region:  Global
 No obs:  SAT_U_WIND_COMPONENT  in region:  Global  at this time.
 region:  NH
 No obs:  SAT_U_WIND_COMPONENT  in region:  NH  at this time.
 region:  SH
 No obs:  SAT_U_WIND_COMPONENT  in region:  SH  at this time.
 region:  TR
 No obs:  SAT_U_WIND_COMPONENT  in region:  TR  at this time.

 processing obs:  SAT_V_WIND_COMPONENT
 region:  Global
 No obs:  SAT_V_WIND_COMPONENT  in region:  Global  at this time.
 region:  NH
 No obs:  SAT_V_WIND_COMPONENT  in region:  NH  at this time.
 region:  SH
 No obs:  SAT_V_WIND_COMPONENT  in region:  SH  at this time.
 region:  TR
 No obs:  SAT_V_WIND_COMPONENT  in region:  TR  at this time.

 processing obs:  GPSRO_REFRACTIVITY
 region:  Global
 No obs:  GPSRO_REFRACTIVITY  in region:  Global  at this time.
 region:  NH
 No obs:  GPSRO_REFRACTIVITY  in region:  NH  at this time.
 region:  SH
 No obs:  GPSRO_REFRACTIVITY  in region:  SH  at this time.
 region:  TR
 No obs:  GPSRO_REFRACTIVITY  in region:  TR  at this time.

 processing obs:  EOS_2_AMSUA_TB
 region:  Global
 No obs:  EOS_2_AMSUA_TB  in region:  Global  at this time.
 region:  NH
 No obs:  EOS_2_AMSUA_TB  in region:  NH  at this time.
 region:  SH
 No obs:  EOS_2_AMSUA_TB  in region:  SH  at this time.
 region:  TR
 No obs:  EOS_2_AMSUA_TB  in region:  TR  at this time.

 processing obs:  NOAA_15_AMSUA_TB
 region:  Global
 No obs:  NOAA_15_AMSUA_TB  in region:  Global  at this time.
 region:  NH
 No obs:  NOAA_15_AMSUA_TB  in region:  NH  at this time.
 region:  SH
 No obs:  NOAA_15_AMSUA_TB  in region:  SH  at this time.
 region:  TR
 No obs:  NOAA_15_AMSUA_TB  in region:  TR  at this time.

 processing obs:  NOAA_16_AMSUA_TB
 region:  Global
 No obs:  NOAA_16_AMSUA_TB  in region:  Global  at this time.
 region:  NH
 No obs:  NOAA_16_AMSUA_TB  in region:  NH  at this time.
 region:  SH
 No obs:  NOAA_16_AMSUA_TB  in region:  SH  at this time.
 region:  TR
 No obs:  NOAA_16_AMSUA_TB  in region:  TR  at this time.

 processing obs:  NOAA_17_AMSUA_TB
 region:  Global
 No obs:  NOAA_17_AMSUA_TB  in region:  Global  at this time.
 region:  NH
 No obs:  NOAA_17_AMSUA_TB  in region:  NH  at this time.
 region:  SH
 No obs:  NOAA_17_AMSUA_TB  in region:  SH  at this time.
 region:  TR
 No obs:  NOAA_17_AMSUA_TB  in region:  TR  at this time.

 processing obs:  NOAA_18_AMSUA_TB
 region:  Global
 No obs:  NOAA_18_AMSUA_TB  in region:  Global  at this time.
 region:  NH
 No obs:  NOAA_18_AMSUA_TB  in region:  NH  at this time.
 region:  SH
 No obs:  NOAA_18_AMSUA_TB  in region:  SH  at this time.
 region:  TR
 No obs:  NOAA_18_AMSUA_TB  in region:  TR  at this time.

 processing obs:  NOAA_19_AMSUA_TB
 region:  Global
 No obs:  NOAA_19_AMSUA_TB  in region:  Global  at this time.
 region:  NH
 No obs:  NOAA_19_AMSUA_TB  in region:  NH  at this time.
 region:  SH
 No obs:  NOAA_19_AMSUA_TB  in region:  SH  at this time.
 region:  TR
 No obs:  NOAA_19_AMSUA_TB  in region:  TR  at this time.

 processing obs:  METOP_1_AMSUA_TB
 region:  Global
 No obs:  METOP_1_AMSUA_TB  in region:  Global  at this time.
 region:  NH
 No obs:  METOP_1_AMSUA_TB  in region:  NH  at this time.
 region:  SH
 No obs:  METOP_1_AMSUA_TB  in region:  SH  at this time.
 region:  TR
 No obs:  METOP_1_AMSUA_TB  in region:  TR  at this time.

 processing obs:  METOP_2_AMSUA_TB
 region:  Global
 No obs:  METOP_2_AMSUA_TB  in region:  Global  at this time.
 region:  NH
 No obs:  METOP_2_AMSUA_TB  in region:  NH  at this time.
 region:  SH
 No obs:  METOP_2_AMSUA_TB  in region:  SH  at this time.
 region:  TR
 No obs:  METOP_2_AMSUA_TB  in region:  TR  at this time.

 processing obs:  VADWND_U_WIND_COMPONENT
 region:  Global
 No obs:  VADWND_U_WIND_COMPONENT  in region:  Global  at this time.
 region:  NH
 No obs:  VADWND_U_WIND_COMPONENT  in region:  NH  at this time.
 region:  SH
 No obs:  VADWND_U_WIND_COMPONENT  in region:  SH  at this time.
 region:  TR
 No obs:  VADWND_U_WIND_COMPONENT  in region:  TR  at this time.

 processing obs:  VADWND_V_WIND_COMPONENT
 region:  Global
 No obs:  VADWND_V_WIND_COMPONENT  in region:  Global  at this time.
 region:  NH
 No obs:  VADWND_V_WIND_COMPONENT  in region:  NH  at this time.
 region:  SH
 No obs:  VADWND_V_WIND_COMPONENT  in region:  SH  at this time.
 region:  TR
 No obs:  VADWND_V_WIND_COMPONENT  in region:  TR  at this time.

 processing obs:  LAND_SFC_PRESSURE
 region:  Global
 No obs:  LAND_SFC_PRESSURE  in region:  Global  at this time.
 region:  NH
 No obs:  LAND_SFC_PRESSURE  in region:  NH  at this time.
 region:  SH
 No obs:  LAND_SFC_PRESSURE  in region:  SH  at this time.
 region:  TR
 No obs:  LAND_SFC_PRESSURE  in region:  TR  at this time.

 processing obs:  MARINE_SFC_PRESSURE
 region:  Global
 No obs:  MARINE_SFC_PRESSURE  in region:  Global  at this time.
 region:  NH
 No obs:  MARINE_SFC_PRESSURE  in region:  NH  at this time.
 region:  SH
 No obs:  MARINE_SFC_PRESSURE  in region:  SH  at this time.
 region:  TR
 No obs:  MARINE_SFC_PRESSURE  in region:  TR  at this time.
Save assimilated: Global
Save assimilated: SH
Save assimilated: NH
Save assimilated: TR

 2024-03-25 13:47:23.689538
Execution Time:  0:00:10.301693

 -------------------- END ------------------- 

	Command being timed: "/work/cmcc/mg20022/.conda/envs/guatura/bin/python ./quick_spreads_diag.py"
	User time (seconds): 8.48
	System time (seconds): 6.62
	Percent of CPU this job got: 138%
	Elapsed (wall clock) time (h:mm:ss or m:ss): 0:10.88
	Average shared text size (kbytes): 0
	Average unshared data size (kbytes): 0
	Average stack size (kbytes): 0
	Average total size (kbytes): 0
	Maximum resident set size (kbytes): 531092
	Average resident set size (kbytes): 0
	Major (requiring I/O) page faults: 0
	Minor (reclaiming a frame) page faults: 65538
	Voluntary context switches: 2083
	Involuntary context switches: 160709
	Swaps: 0
	File system inputs: 0
	File system outputs: 0
	Socket messages sent: 0
	Socket messages received: 0
	Signals delivered: 0
	Page size (bytes): 4096
	Exit status: 0
