STARTING

 2024-03-25 13:47:13.471522

 Computation parameters:
 Experiment name:  arc2
 Start date:  2017-10-05-64800
 End date:  2017-10-05-64800
 Path archive:  /work/cmcc/gc02720/CMCC-CM/archive
 Path experiment:  /work/cmcc/gc02720/CMCC-CM/archive/arc2
 Path save:  /work/cmcc/gc02720/CMCC-CM/basic_diag/arc2/2017-10-05-64800
 Observation to process:  ['RADIOSONDE_U_WIND_COMPONENT', 'RADIOSONDE_V_WIND_COMPONENT', 'RADIOSONDE_TEMPERATURE', 'AIRCRAFT_U_WIND_COMPONENT', 'AIRCRAFT_V_WIND_COMPONENT', 'AIRCRAFT_TEMPERATURE', 'ACARS_U_WIND_COMPONENT', 'ACARS_V_WIND_COMPONENT', 'ACARS_TEMPERATURE', 'SAT_U_WIND_COMPONENT', 'SAT_V_WIND_COMPONENT', 'GPSRO_REFRACTIVITY', 'EOS_2_AMSUA_TB', 'NOAA_15_AMSUA_TB', 'NOAA_16_AMSUA_TB', 'NOAA_17_AMSUA_TB', 'NOAA_18_AMSUA_TB', 'NOAA_19_AMSUA_TB', 'METOP_1_AMSUA_TB', 'METOP_2_AMSUA_TB', 'VADWND_U_WIND_COMPONENT', 'VADWND_V_WIND_COMPONENT', 'LAND_SFC_PRESSURE', 'MARINE_SFC_PRESSURE']
 Reference levels:  (1014, 950, 900, 850, 800, 750, 700, 650, 600, 550, 500, 450, 400, 350, 300, 250, 200, 150, 90, 50, 25, 10, 5, 2.5, 1)

 Successfully created the directory /work/cmcc/gc02720/CMCC-CM/basic_diag/arc2/2017-10-05-64800 
 Center layers:  [982.0, 925.0, 875.0, 825.0, 775.0, 725.0, 675.0, 625.0, 575.0, 525.0, 475.0, 425.0, 375.0, 325.0, 275.0, 225.0, 175.0, 120.0, 70.0, 37.5, 17.5, 7.5, 3.75, 1.75]

 Start the computation...

 dir to process:  ['arc2-2017-10-05-64800']

 dir:  /work/cmcc/gc02720/CMCC-CM/archive/arc2/arc2-2017-10-05-64800
 dir number  1  out of  1
 listdb=  ['/work/cmcc/gc02720/CMCC-CM/archive/arc2/arc2-2017-10-05-64800/arc2.spreads.ARC.1.2017-10-05-64800.db', '/work/cmcc/gc02720/CMCC-CM/archive/arc2/arc2-2017-10-05-64800/arc2.spreads.ARC.3.2017-10-05-64800.db']
 listdb len=  2
 maskdb=  [1, 1]
 maskdb len=  2
 loading info from:  /work/cmcc/gc02720/CMCC-CM/archive/arc2/arc2-2017-10-05-64800/arc2.spreads.ARC.1.2017-10-05-64800.db
 loading info from:  /work/cmcc/gc02720/CMCC-CM/archive/arc2/arc2-2017-10-05-64800/arc2.spreads.ARC.3.2017-10-05-64800.db

 processing obs:  RADIOSONDE_U_WIND_COMPONENT
 region:  Global
 No obs:  RADIOSONDE_U_WIND_COMPONENT  in region:  Global  at this time.
 region:  NH
 No obs:  RADIOSONDE_U_WIND_COMPONENT  in region:  NH  at this time.
 region:  SH
 No obs:  RADIOSONDE_U_WIND_COMPONENT  in region:  SH  at this time.
 region:  TR
 No obs:  RADIOSONDE_U_WIND_COMPONENT  in region:  TR  at this time.

 processing obs:  RADIOSONDE_V_WIND_COMPONENT
 region:  Global
 No obs:  RADIOSONDE_V_WIND_COMPONENT  in region:  Global  at this time.
 region:  NH
 No obs:  RADIOSONDE_V_WIND_COMPONENT  in region:  NH  at this time.
 region:  SH
 No obs:  RADIOSONDE_V_WIND_COMPONENT  in region:  SH  at this time.
 region:  TR
 No obs:  RADIOSONDE_V_WIND_COMPONENT  in region:  TR  at this time.

 processing obs:  RADIOSONDE_TEMPERATURE
 region:  Global
 No obs:  RADIOSONDE_TEMPERATURE  in region:  Global  at this time.
 region:  NH
 No obs:  RADIOSONDE_TEMPERATURE  in region:  NH  at this time.
 region:  SH
 No obs:  RADIOSONDE_TEMPERATURE  in region:  SH  at this time.
 region:  TR
 No obs:  RADIOSONDE_TEMPERATURE  in region:  TR  at this time.

 processing obs:  AIRCRAFT_U_WIND_COMPONENT
 region:  Global
0      -2.257779
1      -0.208911
2       1.461889
3       0.180509
4       1.409769
          ...   
1493   -1.753399
1494    1.271313
1495   -0.734823
1496    0.061364
1497    0.995524
Name: obs-prior, Length: 1498, dtype: float64
0      -2.257779
1      -0.208911
2       1.461889
3       0.180509
4       1.409769
          ...   
1493   -1.753399
1494    1.271313
1495   -0.734823
1496    0.061364
1497    0.995524
Name: obs-prior, Length: 1498, dtype: float64
0      -2.257779
1      -0.208911
2       1.461889
3       0.180509
4       1.409769
          ...   
1493   -1.753399
1494    1.271313
1495   -0.734823
1496    0.061364
1497    0.995524
Name: obs-prior, Length: 1498, dtype: float64
0      -2.257779
1      -0.208911
2       1.461889
3       0.180509
4       1.409769
          ...   
1493   -1.753399
1494    1.271313
1495   -0.734823
1496    0.061364
1497    0.995524
Name: obs-prior, Length: 1498, dtype: float64
0      -2.257779
1      -0.208911
2       1.461889
3       0.180509
4       1.409769
          ...   
1493   -1.753399
1494    1.271313
1495   -0.734823
1496    0.061364
1497    0.995524
Name: obs-prior, Length: 1498, dtype: float64
0      -2.257779
1      -0.208911
2       1.461889
3       0.180509
4       1.409769
          ...   
1493   -1.753399
1494    1.271313
1495   -0.734823
1496    0.061364
1497    0.995524
Name: obs-prior, Length: 1498, dtype: float64
0      -2.257779
1      -0.208911
2       1.461889
3       0.180509
4       1.409769
          ...   
1493   -1.753399
1494    1.271313
1495   -0.734823
1496    0.061364
1497    0.995524
Name: obs-prior, Length: 1498, dtype: float64
0      -2.257779
1      -0.208911
2       1.461889
3       0.180509
4       1.409769
          ...   
1493   -1.753399
1494    1.271313
1495   -0.734823
1496    0.061364
1497    0.995524
Name: obs-prior, Length: 1498, dtype: float64
0      -2.257779
1      -0.208911
2       1.461889
3       0.180509
4       1.409769
          ...   
1493   -1.753399
1494    1.271313
1495   -0.734823
1496    0.061364
1497    0.995524
Name: obs-prior, Length: 1498, dtype: float64
0      -2.257779
1      -0.208911
2       1.461889
3       0.180509
4       1.409769
          ...   
1493   -1.753399
1494    1.271313
1495   -0.734823
1496    0.061364
1497    0.995524
Name: obs-prior, Length: 1498, dtype: float64
0      -2.257779
1      -0.208911
2       1.461889
3       0.180509
4       1.409769
          ...   
1493   -1.753399
1494    1.271313
1495   -0.734823
1496    0.061364
1497    0.995524
Name: obs-prior, Length: 1498, dtype: float64
0      -2.257779
1      -0.208911
2       1.461889
3       0.180509
4       1.409769
          ...   
1493   -1.753399
1494    1.271313
1495   -0.734823
1496    0.061364
1497    0.995524
Name: obs-prior, Length: 1498, dtype: float64
0      -2.257779
1      -0.208911
2       1.461889
3       0.180509
4       1.409769
          ...   
1493   -1.753399
1494    1.271313
1495   -0.734823
1496    0.061364
1497    0.995524
Name: obs-prior, Length: 1498, dtype: float64
0      -2.257779
1      -0.208911
2       1.461889
3       0.180509
4       1.409769
          ...   
1493   -1.753399
1494    1.271313
1495   -0.734823
1496    0.061364
1497    0.995524
Name: obs-prior, Length: 1498, dtype: float64
0      -2.257779
1      -0.208911
2       1.461889
3       0.180509
4       1.409769
          ...   
1493   -1.753399
1494    1.271313
1495   -0.734823
1496    0.061364
1497    0.995524
Name: obs-prior, Length: 1498, dtype: float64
0      -2.257779
1      -0.208911
2       1.461889
3       0.180509
4       1.409769
          ...   
1493   -1.753399
1494    1.271313
1495   -0.734823
1496    0.061364
1497    0.995524
Name: obs-prior, Length: 1498, dtype: float64
0      -2.257779
1      -0.208911
2       1.461889
3       0.180509
4       1.409769
          ...   
1493   -1.753399
1494    1.271313
1495   -0.734823
1496    0.061364
1497    0.995524
Name: obs-prior, Length: 1498, dtype: float64
0      -2.257779
1      -0.208911
2       1.461889
3       0.180509
4       1.409769
          ...   
1493   -1.753399
1494    1.271313
1495   -0.734823
1496    0.061364
1497    0.995524
Name: obs-prior, Length: 1498, dtype: float64
 region:  NH
0     -2.257779
1     -0.208911
2      0.180509
3     -1.772480
4     -0.977831
         ...   
776    1.859762
777   -1.753399
778    1.271313
779   -0.734823
780    0.995524
Name: obs-prior, Length: 781, dtype: float64
0     -2.257779
1     -0.208911
2      0.180509
3     -1.772480
4     -0.977831
         ...   
776    1.859762
777   -1.753399
778    1.271313
779   -0.734823
780    0.995524
Name: obs-prior, Length: 781, dtype: float64
0     -2.257779
1     -0.208911
2      0.180509
3     -1.772480
4     -0.977831
         ...   
776    1.859762
777   -1.753399
778    1.271313
779   -0.734823
780    0.995524
Name: obs-prior, Length: 781, dtype: float64
0     -2.257779
1     -0.208911
2      0.180509
3     -1.772480
4     -0.977831
         ...   
776    1.859762
777   -1.753399
778    1.271313
779   -0.734823
780    0.995524
Name: obs-prior, Length: 781, dtype: float64
0     -2.257779
1     -0.208911
2      0.180509
3     -1.772480
4     -0.977831
         ...   
776    1.859762
777   -1.753399
778    1.271313
779   -0.734823
780    0.995524
Name: obs-prior, Length: 781, dtype: float64
0     -2.257779
1     -0.208911
2      0.180509
3     -1.772480
4     -0.977831
         ...   
776    1.859762
777   -1.753399
778    1.271313
779   -0.734823
780    0.995524
Name: obs-prior, Length: 781, dtype: float64
0     -2.257779
1     -0.208911
2      0.180509
3     -1.772480
4     -0.977831
         ...   
776    1.859762
777   -1.753399
778    1.271313
779   -0.734823
780    0.995524
Name: obs-prior, Length: 781, dtype: float64
0     -2.257779
1     -0.208911
2      0.180509
3     -1.772480
4     -0.977831
         ...   
776    1.859762
777   -1.753399
778    1.271313
779   -0.734823
780    0.995524
Name: obs-prior, Length: 781, dtype: float64
0     -2.257779
1     -0.208911
2      0.180509
3     -1.772480
4     -0.977831
         ...   
776    1.859762
777   -1.753399
778    1.271313
779   -0.734823
780    0.995524
Name: obs-prior, Length: 781, dtype: float64
0     -2.257779
1     -0.208911
2      0.180509
3     -1.772480
4     -0.977831
         ...   
776    1.859762
777   -1.753399
778    1.271313
779   -0.734823
780    0.995524
Name: obs-prior, Length: 781, dtype: float64
0     -2.257779
1     -0.208911
2      0.180509
3     -1.772480
4     -0.977831
         ...   
776    1.859762
777   -1.753399
778    1.271313
779   -0.734823
780    0.995524
Name: obs-prior, Length: 781, dtype: float64
0     -2.257779
1     -0.208911
2      0.180509
3     -1.772480
4     -0.977831
         ...   
776    1.859762
777   -1.753399
778    1.271313
779   -0.734823
780    0.995524
Name: obs-prior, Length: 781, dtype: float64
0     -2.257779
1     -0.208911
2      0.180509
3     -1.772480
4     -0.977831
         ...   
776    1.859762
777   -1.753399
778    1.271313
779   -0.734823
780    0.995524
Name: obs-prior, Length: 781, dtype: float64
0     -2.257779
1     -0.208911
2      0.180509
3     -1.772480
4     -0.977831
         ...   
776    1.859762
777   -1.753399
778    1.271313
779   -0.734823
780    0.995524
Name: obs-prior, Length: 781, dtype: float64
0     -2.257779
1     -0.208911
2      0.180509
3     -1.772480
4     -0.977831
         ...   
776    1.859762
777   -1.753399
778    1.271313
779   -0.734823
780    0.995524
Name: obs-prior, Length: 781, dtype: float64
0     -2.257779
1     -0.208911
2      0.180509
3     -1.772480
4     -0.977831
         ...   
776    1.859762
777   -1.753399
778    1.271313
779   -0.734823
780    0.995524
Name: obs-prior, Length: 781, dtype: float64
0     -2.257779
1     -0.208911
2      0.180509
3     -1.772480
4     -0.977831
         ...   
776    1.859762
777   -1.753399
778    1.271313
779   -0.734823
780    0.995524
Name: obs-prior, Length: 781, dtype: float64
0     -2.257779
1     -0.208911
2      0.180509
3     -1.772480
4     -0.977831
         ...   
776    1.859762
777   -1.753399
778    1.271313
779   -0.734823
780    0.995524
Name: obs-prior, Length: 781, dtype: float64
 region:  SH
0      1.202978
1      3.299067
2      2.899615
3      0.776636
4     -0.806939
         ...   
242   -6.444808
243    3.195834
244   -4.182142
245    1.433115
246    0.061364
Name: obs-prior, Length: 247, dtype: float64
0      1.202978
1      3.299067
2      2.899615
3      0.776636
4     -0.806939
         ...   
242   -6.444808
243    3.195834
244   -4.182142
245    1.433115
246    0.061364
Name: obs-prior, Length: 247, dtype: float64
0      1.202978
1      3.299067
2      2.899615
3      0.776636
4     -0.806939
         ...   
242   -6.444808
243    3.195834
244   -4.182142
245    1.433115
246    0.061364
Name: obs-prior, Length: 247, dtype: float64
0      1.202978
1      3.299067
2      2.899615
3      0.776636
4     -0.806939
         ...   
242   -6.444808
243    3.195834
244   -4.182142
245    1.433115
246    0.061364
Name: obs-prior, Length: 247, dtype: float64
0      1.202978
1      3.299067
2      2.899615
3      0.776636
4     -0.806939
         ...   
242   -6.444808
243    3.195834
244   -4.182142
245    1.433115
246    0.061364
Name: obs-prior, Length: 247, dtype: float64
0      1.202978
1      3.299067
2      2.899615
3      0.776636
4     -0.806939
         ...   
242   -6.444808
243    3.195834
244   -4.182142
245    1.433115
246    0.061364
Name: obs-prior, Length: 247, dtype: float64
0      1.202978
1      3.299067
2      2.899615
3      0.776636
4     -0.806939
         ...   
242   -6.444808
243    3.195834
244   -4.182142
245    1.433115
246    0.061364
Name: obs-prior, Length: 247, dtype: float64
0      1.202978
1      3.299067
2      2.899615
3      0.776636
4     -0.806939
         ...   
242   -6.444808
243    3.195834
244   -4.182142
245    1.433115
246    0.061364
Name: obs-prior, Length: 247, dtype: float64
0      1.202978
1      3.299067
2      2.899615
3      0.776636
4     -0.806939
         ...   
242   -6.444808
243    3.195834
244   -4.182142
245    1.433115
246    0.061364
Name: obs-prior, Length: 247, dtype: float64
0      1.202978
1      3.299067
2      2.899615
3      0.776636
4     -0.806939
         ...   
242   -6.444808
243    3.195834
244   -4.182142
245    1.433115
246    0.061364
Name: obs-prior, Length: 247, dtype: float64
0      1.202978
1      3.299067
2      2.899615
3      0.776636
4     -0.806939
         ...   
242   -6.444808
243    3.195834
244   -4.182142
245    1.433115
246    0.061364
Name: obs-prior, Length: 247, dtype: float64
0      1.202978
1      3.299067
2      2.899615
3      0.776636
4     -0.806939
         ...   
242   -6.444808
243    3.195834
244   -4.182142
245    1.433115
246    0.061364
Name: obs-prior, Length: 247, dtype: float64
0      1.202978
1      3.299067
2      2.899615
3      0.776636
4     -0.806939
         ...   
242   -6.444808
243    3.195834
244   -4.182142
245    1.433115
246    0.061364
Name: obs-prior, Length: 247, dtype: float64
0      1.202978
1      3.299067
2      2.899615
3      0.776636
4     -0.806939
         ...   
242   -6.444808
243    3.195834
244   -4.182142
245    1.433115
246    0.061364
Name: obs-prior, Length: 247, dtype: float64
0      1.202978
1      3.299067
2      2.899615
3      0.776636
4     -0.806939
         ...   
242   -6.444808
243    3.195834
244   -4.182142
245    1.433115
246    0.061364
Name: obs-prior, Length: 247, dtype: float64
0      1.202978
1      3.299067
2      2.899615
3      0.776636
4     -0.806939
         ...   
242   -6.444808
243    3.195834
244   -4.182142
245    1.433115
246    0.061364
Name: obs-prior, Length: 247, dtype: float64
0      1.202978
1      3.299067
2      2.899615
3      0.776636
4     -0.806939
         ...   
242   -6.444808
243    3.195834
244   -4.182142
245    1.433115
246    0.061364
Name: obs-prior, Length: 247, dtype: float64
 region:  TR
0      1.461889
1      1.409769
2     -1.519368
3      1.473500
4      0.941863
         ...   
465   -1.413695
466    0.912708
467    1.722759
468   -0.779404
469   -4.597021
Name: obs-prior, Length: 470, dtype: float64
0      1.461889
1      1.409769
2     -1.519368
3      1.473500
4      0.941863
         ...   
465   -1.413695
466    0.912708
467    1.722759
468   -0.779404
469   -4.597021
Name: obs-prior, Length: 470, dtype: float64
0      1.461889
1      1.409769
2     -1.519368
3      1.473500
4      0.941863
         ...   
465   -1.413695
466    0.912708
467    1.722759
468   -0.779404
469   -4.597021
Name: obs-prior, Length: 470, dtype: float64
0      1.461889
1      1.409769
2     -1.519368
3      1.473500
4      0.941863
         ...   
465   -1.413695
466    0.912708
467    1.722759
468   -0.779404
469   -4.597021
Name: obs-prior, Length: 470, dtype: float64
0      1.461889
1      1.409769
2     -1.519368
3      1.473500
4      0.941863
         ...   
465   -1.413695
466    0.912708
467    1.722759
468   -0.779404
469   -4.597021
Name: obs-prior, Length: 470, dtype: float64
0      1.461889
1      1.409769
2     -1.519368
3      1.473500
4      0.941863
         ...   
465   -1.413695
466    0.912708
467    1.722759
468   -0.779404
469   -4.597021
Name: obs-prior, Length: 470, dtype: float64
0      1.461889
1      1.409769
2     -1.519368
3      1.473500
4      0.941863
         ...   
465   -1.413695
466    0.912708
467    1.722759
468   -0.779404
469   -4.597021
Name: obs-prior, Length: 470, dtype: float64
0      1.461889
1      1.409769
2     -1.519368
3      1.473500
4      0.941863
         ...   
465   -1.413695
466    0.912708
467    1.722759
468   -0.779404
469   -4.597021
Name: obs-prior, Length: 470, dtype: float64
0      1.461889
1      1.409769
2     -1.519368
3      1.473500
4      0.941863
         ...   
465   -1.413695
466    0.912708
467    1.722759
468   -0.779404
469   -4.597021
Name: obs-prior, Length: 470, dtype: float64
0      1.461889
1      1.409769
2     -1.519368
3      1.473500
4      0.941863
         ...   
465   -1.413695
466    0.912708
467    1.722759
468   -0.779404
469   -4.597021
Name: obs-prior, Length: 470, dtype: float64
0      1.461889
1      1.409769
2     -1.519368
3      1.473500
4      0.941863
         ...   
465   -1.413695
466    0.912708
467    1.722759
468   -0.779404
469   -4.597021
Name: obs-prior, Length: 470, dtype: float64
0      1.461889
1      1.409769
2     -1.519368
3      1.473500
4      0.941863
         ...   
465   -1.413695
466    0.912708
467    1.722759
468   -0.779404
469   -4.597021
Name: obs-prior, Length: 470, dtype: float64
0      1.461889
1      1.409769
2     -1.519368
3      1.473500
4      0.941863
         ...   
465   -1.413695
466    0.912708
467    1.722759
468   -0.779404
469   -4.597021
Name: obs-prior, Length: 470, dtype: float64
0      1.461889
1      1.409769
2     -1.519368
3      1.473500
4      0.941863
         ...   
465   -1.413695
466    0.912708
467    1.722759
468   -0.779404
469   -4.597021
Name: obs-prior, Length: 470, dtype: float64
0      1.461889
1      1.409769
2     -1.519368
3      1.473500
4      0.941863
         ...   
465   -1.413695
466    0.912708
467    1.722759
468   -0.779404
469   -4.597021
Name: obs-prior, Length: 470, dtype: float64
0      1.461889
1      1.409769
2     -1.519368
3      1.473500
4      0.941863
         ...   
465   -1.413695
466    0.912708
467    1.722759
468   -0.779404
469   -4.597021
Name: obs-prior, Length: 470, dtype: float64
0      1.461889
1      1.409769
2     -1.519368
3      1.473500
4      0.941863
         ...   
465   -1.413695
466    0.912708
467    1.722759
468   -0.779404
469   -4.597021
Name: obs-prior, Length: 470, dtype: float64

 processing obs:  AIRCRAFT_V_WIND_COMPONENT
 region:  Global
0      -1.305315
1       1.776827
2       1.056902
3      -2.208633
4      -2.369989
          ...   
1530   -2.027038
1531    1.494310
1532    2.359047
1533    1.215484
1534   -0.955182
Name: obs-prior, Length: 1535, dtype: float64
0      -1.305315
1       1.776827
2       1.056902
3      -2.208633
4      -2.369989
          ...   
1530   -2.027038
1531    1.494310
1532    2.359047
1533    1.215484
1534   -0.955182
Name: obs-prior, Length: 1535, dtype: float64
0      -1.305315
1       1.776827
2       1.056902
3      -2.208633
4      -2.369989
          ...   
1530   -2.027038
1531    1.494310
1532    2.359047
1533    1.215484
1534   -0.955182
Name: obs-prior, Length: 1535, dtype: float64
0      -1.305315
1       1.776827
2       1.056902
3      -2.208633
4      -2.369989
          ...   
1530   -2.027038
1531    1.494310
1532    2.359047
1533    1.215484
1534   -0.955182
Name: obs-prior, Length: 1535, dtype: float64
0      -1.305315
1       1.776827
2       1.056902
3      -2.208633
4      -2.369989
          ...   
1530   -2.027038
1531    1.494310
1532    2.359047
1533    1.215484
1534   -0.955182
Name: obs-prior, Length: 1535, dtype: float64
0      -1.305315
1       1.776827
2       1.056902
3      -2.208633
4      -2.369989
          ...   
1530   -2.027038
1531    1.494310
1532    2.359047
1533    1.215484
1534   -0.955182
Name: obs-prior, Length: 1535, dtype: float64
0      -1.305315
1       1.776827
2       1.056902
3      -2.208633
4      -2.369989
          ...   
1530   -2.027038
1531    1.494310
1532    2.359047
1533    1.215484
1534   -0.955182
Name: obs-prior, Length: 1535, dtype: float64
0      -1.305315
1       1.776827
2       1.056902
3      -2.208633
4      -2.369989
          ...   
1530   -2.027038
1531    1.494310
1532    2.359047
1533    1.215484
1534   -0.955182
Name: obs-prior, Length: 1535, dtype: float64
0      -1.305315
1       1.776827
2       1.056902
3      -2.208633
4      -2.369989
          ...   
1530   -2.027038
1531    1.494310
1532    2.359047
1533    1.215484
1534   -0.955182
Name: obs-prior, Length: 1535, dtype: float64
0      -1.305315
1       1.776827
2       1.056902
3      -2.208633
4      -2.369989
          ...   
1530   -2.027038
1531    1.494310
1532    2.359047
1533    1.215484
1534   -0.955182
Name: obs-prior, Length: 1535, dtype: float64
0      -1.305315
1       1.776827
2       1.056902
3      -2.208633
4      -2.369989
          ...   
1530   -2.027038
1531    1.494310
1532    2.359047
1533    1.215484
1534   -0.955182
Name: obs-prior, Length: 1535, dtype: float64
0      -1.305315
1       1.776827
2       1.056902
3      -2.208633
4      -2.369989
          ...   
1530   -2.027038
1531    1.494310
1532    2.359047
1533    1.215484
1534   -0.955182
Name: obs-prior, Length: 1535, dtype: float64
0      -1.305315
1       1.776827
2       1.056902
3      -2.208633
4      -2.369989
          ...   
1530   -2.027038
1531    1.494310
1532    2.359047
1533    1.215484
1534   -0.955182
Name: obs-prior, Length: 1535, dtype: float64
0      -1.305315
1       1.776827
2       1.056902
3      -2.208633
4      -2.369989
          ...   
1530   -2.027038
1531    1.494310
1532    2.359047
1533    1.215484
1534   -0.955182
Name: obs-prior, Length: 1535, dtype: float64
0      -1.305315
1       1.776827
2       1.056902
3      -2.208633
4      -2.369989
          ...   
1530   -2.027038
1531    1.494310
1532    2.359047
1533    1.215484
1534   -0.955182
Name: obs-prior, Length: 1535, dtype: float64
0      -1.305315
1       1.776827
2       1.056902
3      -2.208633
4      -2.369989
          ...   
1530   -2.027038
1531    1.494310
1532    2.359047
1533    1.215484
1534   -0.955182
Name: obs-prior, Length: 1535, dtype: float64
0      -1.305315
1       1.776827
2       1.056902
3      -2.208633
4      -2.369989
          ...   
1530   -2.027038
1531    1.494310
1532    2.359047
1533    1.215484
1534   -0.955182
Name: obs-prior, Length: 1535, dtype: float64
0      -1.305315
1       1.776827
2       1.056902
3      -2.208633
4      -2.369989
          ...   
1530   -2.027038
1531    1.494310
1532    2.359047
1533    1.215484
1534   -0.955182
Name: obs-prior, Length: 1535, dtype: float64
 region:  NH
0      1.776827
1      1.056902
2     -0.041416
3      2.496286
4     -1.767602
         ...   
707    2.342029
708   -1.598409
709   -2.027038
710    1.215484
711   -0.955182
Name: obs-prior, Length: 712, dtype: float64
0      1.776827
1      1.056902
2     -0.041416
3      2.496286
4     -1.767602
         ...   
707    2.342029
708   -1.598409
709   -2.027038
710    1.215484
711   -0.955182
Name: obs-prior, Length: 712, dtype: float64
0      1.776827
1      1.056902
2     -0.041416
3      2.496286
4     -1.767602
         ...   
707    2.342029
708   -1.598409
709   -2.027038
710    1.215484
711   -0.955182
Name: obs-prior, Length: 712, dtype: float64
0      1.776827
1      1.056902
2     -0.041416
3      2.496286
4     -1.767602
         ...   
707    2.342029
708   -1.598409
709   -2.027038
710    1.215484
711   -0.955182
Name: obs-prior, Length: 712, dtype: float64
0      1.776827
1      1.056902
2     -0.041416
3      2.496286
4     -1.767602
         ...   
707    2.342029
708   -1.598409
709   -2.027038
710    1.215484
711   -0.955182
Name: obs-prior, Length: 712, dtype: float64
0      1.776827
1      1.056902
2     -0.041416
3      2.496286
4     -1.767602
         ...   
707    2.342029
708   -1.598409
709   -2.027038
710    1.215484
711   -0.955182
Name: obs-prior, Length: 712, dtype: float64
0      1.776827
1      1.056902
2     -0.041416
3      2.496286
4     -1.767602
         ...   
707    2.342029
708   -1.598409
709   -2.027038
710    1.215484
711   -0.955182
Name: obs-prior, Length: 712, dtype: float64
0      1.776827
1      1.056902
2     -0.041416
3      2.496286
4     -1.767602
         ...   
707    2.342029
708   -1.598409
709   -2.027038
710    1.215484
711   -0.955182
Name: obs-prior, Length: 712, dtype: float64
0      1.776827
1      1.056902
2     -0.041416
3      2.496286
4     -1.767602
         ...   
707    2.342029
708   -1.598409
709   -2.027038
710    1.215484
711   -0.955182
Name: obs-prior, Length: 712, dtype: float64
0      1.776827
1      1.056902
2     -0.041416
3      2.496286
4     -1.767602
         ...   
707    2.342029
708   -1.598409
709   -2.027038
710    1.215484
711   -0.955182
Name: obs-prior, Length: 712, dtype: float64
0      1.776827
1      1.056902
2     -0.041416
3      2.496286
4     -1.767602
         ...   
707    2.342029
708   -1.598409
709   -2.027038
710    1.215484
711   -0.955182
Name: obs-prior, Length: 712, dtype: float64
0      1.776827
1      1.056902
2     -0.041416
3      2.496286
4     -1.767602
         ...   
707    2.342029
708   -1.598409
709   -2.027038
710    1.215484
711   -0.955182
Name: obs-prior, Length: 712, dtype: float64
0      1.776827
1      1.056902
2     -0.041416
3      2.496286
4     -1.767602
         ...   
707    2.342029
708   -1.598409
709   -2.027038
710    1.215484
711   -0.955182
Name: obs-prior, Length: 712, dtype: float64
0      1.776827
1      1.056902
2     -0.041416
3      2.496286
4     -1.767602
         ...   
707    2.342029
708   -1.598409
709   -2.027038
710    1.215484
711   -0.955182
Name: obs-prior, Length: 712, dtype: float64
0      1.776827
1      1.056902
2     -0.041416
3      2.496286
4     -1.767602
         ...   
707    2.342029
708   -1.598409
709   -2.027038
710    1.215484
711   -0.955182
Name: obs-prior, Length: 712, dtype: float64
0      1.776827
1      1.056902
2     -0.041416
3      2.496286
4     -1.767602
         ...   
707    2.342029
708   -1.598409
709   -2.027038
710    1.215484
711   -0.955182
Name: obs-prior, Length: 712, dtype: float64
0      1.776827
1      1.056902
2     -0.041416
3      2.496286
4     -1.767602
         ...   
707    2.342029
708   -1.598409
709   -2.027038
710    1.215484
711   -0.955182
Name: obs-prior, Length: 712, dtype: float64
0      1.776827
1      1.056902
2     -0.041416
3      2.496286
4     -1.767602
         ...   
707    2.342029
708   -1.598409
709   -2.027038
710    1.215484
711   -0.955182
Name: obs-prior, Length: 712, dtype: float64
 region:  SH
0     -1.274121
1     -0.891854
2     -1.161655
3      1.017406
4      0.145062
         ...   
186    3.816746
187   -2.516299
188   -2.716740
189    1.494310
190    2.359047
Name: obs-prior, Length: 191, dtype: float64
0     -1.274121
1     -0.891854
2     -1.161655
3      1.017406
4      0.145062
         ...   
186    3.816746
187   -2.516299
188   -2.716740
189    1.494310
190    2.359047
Name: obs-prior, Length: 191, dtype: float64
0     -1.274121
1     -0.891854
2     -1.161655
3      1.017406
4      0.145062
         ...   
186    3.816746
187   -2.516299
188   -2.716740
189    1.494310
190    2.359047
Name: obs-prior, Length: 191, dtype: float64
0     -1.274121
1     -0.891854
2     -1.161655
3      1.017406
4      0.145062
         ...   
186    3.816746
187   -2.516299
188   -2.716740
189    1.494310
190    2.359047
Name: obs-prior, Length: 191, dtype: float64
0     -1.274121
1     -0.891854
2     -1.161655
3      1.017406
4      0.145062
         ...   
186    3.816746
187   -2.516299
188   -2.716740
189    1.494310
190    2.359047
Name: obs-prior, Length: 191, dtype: float64
0     -1.274121
1     -0.891854
2     -1.161655
3      1.017406
4      0.145062
         ...   
186    3.816746
187   -2.516299
188   -2.716740
189    1.494310
190    2.359047
Name: obs-prior, Length: 191, dtype: float64
0     -1.274121
1     -0.891854
2     -1.161655
3      1.017406
4      0.145062
         ...   
186    3.816746
187   -2.516299
188   -2.716740
189    1.494310
190    2.359047
Name: obs-prior, Length: 191, dtype: float64
0     -1.274121
1     -0.891854
2     -1.161655
3      1.017406
4      0.145062
         ...   
186    3.816746
187   -2.516299
188   -2.716740
189    1.494310
190    2.359047
Name: obs-prior, Length: 191, dtype: float64
0     -1.274121
1     -0.891854
2     -1.161655
3      1.017406
4      0.145062
         ...   
186    3.816746
187   -2.516299
188   -2.716740
189    1.494310
190    2.359047
Name: obs-prior, Length: 191, dtype: float64
0     -1.274121
1     -0.891854
2     -1.161655
3      1.017406
4      0.145062
         ...   
186    3.816746
187   -2.516299
188   -2.716740
189    1.494310
190    2.359047
Name: obs-prior, Length: 191, dtype: float64
0     -1.274121
1     -0.891854
2     -1.161655
3      1.017406
4      0.145062
         ...   
186    3.816746
187   -2.516299
188   -2.716740
189    1.494310
190    2.359047
Name: obs-prior, Length: 191, dtype: float64
0     -1.274121
1     -0.891854
2     -1.161655
3      1.017406
4      0.145062
         ...   
186    3.816746
187   -2.516299
188   -2.716740
189    1.494310
190    2.359047
Name: obs-prior, Length: 191, dtype: float64
0     -1.274121
1     -0.891854
2     -1.161655
3      1.017406
4      0.145062
         ...   
186    3.816746
187   -2.516299
188   -2.716740
189    1.494310
190    2.359047
Name: obs-prior, Length: 191, dtype: float64
0     -1.274121
1     -0.891854
2     -1.161655
3      1.017406
4      0.145062
         ...   
186    3.816746
187   -2.516299
188   -2.716740
189    1.494310
190    2.359047
Name: obs-prior, Length: 191, dtype: float64
0     -1.274121
1     -0.891854
2     -1.161655
3      1.017406
4      0.145062
         ...   
186    3.816746
187   -2.516299
188   -2.716740
189    1.494310
190    2.359047
Name: obs-prior, Length: 191, dtype: float64
0     -1.274121
1     -0.891854
2     -1.161655
3      1.017406
4      0.145062
         ...   
186    3.816746
187   -2.516299
188   -2.716740
189    1.494310
190    2.359047
Name: obs-prior, Length: 191, dtype: float64
0     -1.274121
1     -0.891854
2     -1.161655
3      1.017406
4      0.145062
         ...   
186    3.816746
187   -2.516299
188   -2.716740
189    1.494310
190    2.359047
Name: obs-prior, Length: 191, dtype: float64
 region:  TR
0     -1.305315
1     -2.208633
2     -2.369989
3     -0.760939
4      2.863636
         ...   
627    1.300888
628    2.550089
629    2.741969
630    1.223241
631    3.393737
Name: obs-prior, Length: 632, dtype: float64
0     -1.305315
1     -2.208633
2     -2.369989
3     -0.760939
4      2.863636
         ...   
627    1.300888
628    2.550089
629    2.741969
630    1.223241
631    3.393737
Name: obs-prior, Length: 632, dtype: float64
0     -1.305315
1     -2.208633
2     -2.369989
3     -0.760939
4      2.863636
         ...   
627    1.300888
628    2.550089
629    2.741969
630    1.223241
631    3.393737
Name: obs-prior, Length: 632, dtype: float64
0     -1.305315
1     -2.208633
2     -2.369989
3     -0.760939
4      2.863636
         ...   
627    1.300888
628    2.550089
629    2.741969
630    1.223241
631    3.393737
Name: obs-prior, Length: 632, dtype: float64
0     -1.305315
1     -2.208633
2     -2.369989
3     -0.760939
4      2.863636
         ...   
627    1.300888
628    2.550089
629    2.741969
630    1.223241
631    3.393737
Name: obs-prior, Length: 632, dtype: float64
0     -1.305315
1     -2.208633
2     -2.369989
3     -0.760939
4      2.863636
         ...   
627    1.300888
628    2.550089
629    2.741969
630    1.223241
631    3.393737
Name: obs-prior, Length: 632, dtype: float64
0     -1.305315
1     -2.208633
2     -2.369989
3     -0.760939
4      2.863636
         ...   
627    1.300888
628    2.550089
629    2.741969
630    1.223241
631    3.393737
Name: obs-prior, Length: 632, dtype: float64
0     -1.305315
1     -2.208633
2     -2.369989
3     -0.760939
4      2.863636
         ...   
627    1.300888
628    2.550089
629    2.741969
630    1.223241
631    3.393737
Name: obs-prior, Length: 632, dtype: float64
0     -1.305315
1     -2.208633
2     -2.369989
3     -0.760939
4      2.863636
         ...   
627    1.300888
628    2.550089
629    2.741969
630    1.223241
631    3.393737
Name: obs-prior, Length: 632, dtype: float64
0     -1.305315
1     -2.208633
2     -2.369989
3     -0.760939
4      2.863636
         ...   
627    1.300888
628    2.550089
629    2.741969
630    1.223241
631    3.393737
Name: obs-prior, Length: 632, dtype: float64
0     -1.305315
1     -2.208633
2     -2.369989
3     -0.760939
4      2.863636
         ...   
627    1.300888
628    2.550089
629    2.741969
630    1.223241
631    3.393737
Name: obs-prior, Length: 632, dtype: float64
0     -1.305315
1     -2.208633
2     -2.369989
3     -0.760939
4      2.863636
         ...   
627    1.300888
628    2.550089
629    2.741969
630    1.223241
631    3.393737
Name: obs-prior, Length: 632, dtype: float64
0     -1.305315
1     -2.208633
2     -2.369989
3     -0.760939
4      2.863636
         ...   
627    1.300888
628    2.550089
629    2.741969
630    1.223241
631    3.393737
Name: obs-prior, Length: 632, dtype: float64
0     -1.305315
1     -2.208633
2     -2.369989
3     -0.760939
4      2.863636
         ...   
627    1.300888
628    2.550089
629    2.741969
630    1.223241
631    3.393737
Name: obs-prior, Length: 632, dtype: float64
0     -1.305315
1     -2.208633
2     -2.369989
3     -0.760939
4      2.863636
         ...   
627    1.300888
628    2.550089
629    2.741969
630    1.223241
631    3.393737
Name: obs-prior, Length: 632, dtype: float64
0     -1.305315
1     -2.208633
2     -2.369989
3     -0.760939
4      2.863636
         ...   
627    1.300888
628    2.550089
629    2.741969
630    1.223241
631    3.393737
Name: obs-prior, Length: 632, dtype: float64
0     -1.305315
1     -2.208633
2     -2.369989
3     -0.760939
4      2.863636
         ...   
627    1.300888
628    2.550089
629    2.741969
630    1.223241
631    3.393737
Name: obs-prior, Length: 632, dtype: float64

 processing obs:  AIRCRAFT_TEMPERATURE
 region:  Global
0       0.766157
1      -0.704605
2      -0.761899
3       0.757449
4      -0.490074
          ...   
1915   -0.857895
1916   -0.213579
1917   -0.630767
1918   -0.698632
1919   -0.343966
Name: obs-prior, Length: 1920, dtype: float64
0       0.766157
1      -0.704605
2      -0.761899
3       0.757449
4      -0.490074
          ...   
1915   -0.857895
1916   -0.213579
1917   -0.630767
1918   -0.698632
1919   -0.343966
Name: obs-prior, Length: 1920, dtype: float64
0       0.766157
1      -0.704605
2      -0.761899
3       0.757449
4      -0.490074
          ...   
1915   -0.857895
1916   -0.213579
1917   -0.630767
1918   -0.698632
1919   -0.343966
Name: obs-prior, Length: 1920, dtype: float64
0       0.766157
1      -0.704605
2      -0.761899
3       0.757449
4      -0.490074
          ...   
1915   -0.857895
1916   -0.213579
1917   -0.630767
1918   -0.698632
1919   -0.343966
Name: obs-prior, Length: 1920, dtype: float64
0       0.766157
1      -0.704605
2      -0.761899
3       0.757449
4      -0.490074
          ...   
1915   -0.857895
1916   -0.213579
1917   -0.630767
1918   -0.698632
1919   -0.343966
Name: obs-prior, Length: 1920, dtype: float64
0       0.766157
1      -0.704605
2      -0.761899
3       0.757449
4      -0.490074
          ...   
1915   -0.857895
1916   -0.213579
1917   -0.630767
1918   -0.698632
1919   -0.343966
Name: obs-prior, Length: 1920, dtype: float64
0       0.766157
1      -0.704605
2      -0.761899
3       0.757449
4      -0.490074
          ...   
1915   -0.857895
1916   -0.213579
1917   -0.630767
1918   -0.698632
1919   -0.343966
Name: obs-prior, Length: 1920, dtype: float64
0       0.766157
1      -0.704605
2      -0.761899
3       0.757449
4      -0.490074
          ...   
1915   -0.857895
1916   -0.213579
1917   -0.630767
1918   -0.698632
1919   -0.343966
Name: obs-prior, Length: 1920, dtype: float64
0       0.766157
1      -0.704605
2      -0.761899
3       0.757449
4      -0.490074
          ...   
1915   -0.857895
1916   -0.213579
1917   -0.630767
1918   -0.698632
1919   -0.343966
Name: obs-prior, Length: 1920, dtype: float64
0       0.766157
1      -0.704605
2      -0.761899
3       0.757449
4      -0.490074
          ...   
1915   -0.857895
1916   -0.213579
1917   -0.630767
1918   -0.698632
1919   -0.343966
Name: obs-prior, Length: 1920, dtype: float64
0       0.766157
1      -0.704605
2      -0.761899
3       0.757449
4      -0.490074
          ...   
1915   -0.857895
1916   -0.213579
1917   -0.630767
1918   -0.698632
1919   -0.343966
Name: obs-prior, Length: 1920, dtype: float64
0       0.766157
1      -0.704605
2      -0.761899
3       0.757449
4      -0.490074
          ...   
1915   -0.857895
1916   -0.213579
1917   -0.630767
1918   -0.698632
1919   -0.343966
Name: obs-prior, Length: 1920, dtype: float64
0       0.766157
1      -0.704605
2      -0.761899
3       0.757449
4      -0.490074
          ...   
1915   -0.857895
1916   -0.213579
1917   -0.630767
1918   -0.698632
1919   -0.343966
Name: obs-prior, Length: 1920, dtype: float64
0       0.766157
1      -0.704605
2      -0.761899
3       0.757449
4      -0.490074
          ...   
1915   -0.857895
1916   -0.213579
1917   -0.630767
1918   -0.698632
1919   -0.343966
Name: obs-prior, Length: 1920, dtype: float64
0       0.766157
1      -0.704605
2      -0.761899
3       0.757449
4      -0.490074
          ...   
1915   -0.857895
1916   -0.213579
1917   -0.630767
1918   -0.698632
1919   -0.343966
Name: obs-prior, Length: 1920, dtype: float64
0       0.766157
1      -0.704605
2      -0.761899
3       0.757449
4      -0.490074
          ...   
1915   -0.857895
1916   -0.213579
1917   -0.630767
1918   -0.698632
1919   -0.343966
Name: obs-prior, Length: 1920, dtype: float64
0       0.766157
1      -0.704605
2      -0.761899
3       0.757449
4      -0.490074
          ...   
1915   -0.857895
1916   -0.213579
1917   -0.630767
1918   -0.698632
1919   -0.343966
Name: obs-prior, Length: 1920, dtype: float64
0       0.766157
1      -0.704605
2      -0.761899
3       0.757449
4      -0.490074
          ...   
1915   -0.857895
1916   -0.213579
1917   -0.630767
1918   -0.698632
1919   -0.343966
Name: obs-prior, Length: 1920, dtype: float64
 region:  NH
0      0.899481
1      0.264242
2     -1.018723
3     -0.745945
4     -0.422578
         ...   
936   -0.726393
937   -0.857895
938   -0.630767
939   -0.698632
940   -0.343966
Name: obs-prior, Length: 941, dtype: float64
0      0.899481
1      0.264242
2     -1.018723
3     -0.745945
4     -0.422578
         ...   
936   -0.726393
937   -0.857895
938   -0.630767
939   -0.698632
940   -0.343966
Name: obs-prior, Length: 941, dtype: float64
0      0.899481
1      0.264242
2     -1.018723
3     -0.745945
4     -0.422578
         ...   
936   -0.726393
937   -0.857895
938   -0.630767
939   -0.698632
940   -0.343966
Name: obs-prior, Length: 941, dtype: float64
0      0.899481
1      0.264242
2     -1.018723
3     -0.745945
4     -0.422578
         ...   
936   -0.726393
937   -0.857895
938   -0.630767
939   -0.698632
940   -0.343966
Name: obs-prior, Length: 941, dtype: float64
0      0.899481
1      0.264242
2     -1.018723
3     -0.745945
4     -0.422578
         ...   
936   -0.726393
937   -0.857895
938   -0.630767
939   -0.698632
940   -0.343966
Name: obs-prior, Length: 941, dtype: float64
0      0.899481
1      0.264242
2     -1.018723
3     -0.745945
4     -0.422578
         ...   
936   -0.726393
937   -0.857895
938   -0.630767
939   -0.698632
940   -0.343966
Name: obs-prior, Length: 941, dtype: float64
0      0.899481
1      0.264242
2     -1.018723
3     -0.745945
4     -0.422578
         ...   
936   -0.726393
937   -0.857895
938   -0.630767
939   -0.698632
940   -0.343966
Name: obs-prior, Length: 941, dtype: float64
0      0.899481
1      0.264242
2     -1.018723
3     -0.745945
4     -0.422578
         ...   
936   -0.726393
937   -0.857895
938   -0.630767
939   -0.698632
940   -0.343966
Name: obs-prior, Length: 941, dtype: float64
0      0.899481
1      0.264242
2     -1.018723
3     -0.745945
4     -0.422578
         ...   
936   -0.726393
937   -0.857895
938   -0.630767
939   -0.698632
940   -0.343966
Name: obs-prior, Length: 941, dtype: float64
0      0.899481
1      0.264242
2     -1.018723
3     -0.745945
4     -0.422578
         ...   
936   -0.726393
937   -0.857895
938   -0.630767
939   -0.698632
940   -0.343966
Name: obs-prior, Length: 941, dtype: float64
0      0.899481
1      0.264242
2     -1.018723
3     -0.745945
4     -0.422578
         ...   
936   -0.726393
937   -0.857895
938   -0.630767
939   -0.698632
940   -0.343966
Name: obs-prior, Length: 941, dtype: float64
0      0.899481
1      0.264242
2     -1.018723
3     -0.745945
4     -0.422578
         ...   
936   -0.726393
937   -0.857895
938   -0.630767
939   -0.698632
940   -0.343966
Name: obs-prior, Length: 941, dtype: float64
0      0.899481
1      0.264242
2     -1.018723
3     -0.745945
4     -0.422578
         ...   
936   -0.726393
937   -0.857895
938   -0.630767
939   -0.698632
940   -0.343966
Name: obs-prior, Length: 941, dtype: float64
0      0.899481
1      0.264242
2     -1.018723
3     -0.745945
4     -0.422578
         ...   
936   -0.726393
937   -0.857895
938   -0.630767
939   -0.698632
940   -0.343966
Name: obs-prior, Length: 941, dtype: float64
0      0.899481
1      0.264242
2     -1.018723
3     -0.745945
4     -0.422578
         ...   
936   -0.726393
937   -0.857895
938   -0.630767
939   -0.698632
940   -0.343966
Name: obs-prior, Length: 941, dtype: float64
0      0.899481
1      0.264242
2     -1.018723
3     -0.745945
4     -0.422578
         ...   
936   -0.726393
937   -0.857895
938   -0.630767
939   -0.698632
940   -0.343966
Name: obs-prior, Length: 941, dtype: float64
0      0.899481
1      0.264242
2     -1.018723
3     -0.745945
4     -0.422578
         ...   
936   -0.726393
937   -0.857895
938   -0.630767
939   -0.698632
940   -0.343966
Name: obs-prior, Length: 941, dtype: float64
0      0.899481
1      0.264242
2     -1.018723
3     -0.745945
4     -0.422578
         ...   
936   -0.726393
937   -0.857895
938   -0.630767
939   -0.698632
940   -0.343966
Name: obs-prior, Length: 941, dtype: float64
 region:  SH
0      0.351582
1     -1.032368
2     -0.646457
3      0.564590
4     -0.542694
         ...   
292    0.111686
293    1.725217
294    0.459183
295   -0.264195
296   -0.213579
Name: obs-prior, Length: 297, dtype: float64
0      0.351582
1     -1.032368
2     -0.646457
3      0.564590
4     -0.542694
         ...   
292    0.111686
293    1.725217
294    0.459183
295   -0.264195
296   -0.213579
Name: obs-prior, Length: 297, dtype: float64
0      0.351582
1     -1.032368
2     -0.646457
3      0.564590
4     -0.542694
         ...   
292    0.111686
293    1.725217
294    0.459183
295   -0.264195
296   -0.213579
Name: obs-prior, Length: 297, dtype: float64
0      0.351582
1     -1.032368
2     -0.646457
3      0.564590
4     -0.542694
         ...   
292    0.111686
293    1.725217
294    0.459183
295   -0.264195
296   -0.213579
Name: obs-prior, Length: 297, dtype: float64
0      0.351582
1     -1.032368
2     -0.646457
3      0.564590
4     -0.542694
         ...   
292    0.111686
293    1.725217
294    0.459183
295   -0.264195
296   -0.213579
Name: obs-prior, Length: 297, dtype: float64
0      0.351582
1     -1.032368
2     -0.646457
3      0.564590
4     -0.542694
         ...   
292    0.111686
293    1.725217
294    0.459183
295   -0.264195
296   -0.213579
Name: obs-prior, Length: 297, dtype: float64
0      0.351582
1     -1.032368
2     -0.646457
3      0.564590
4     -0.542694
         ...   
292    0.111686
293    1.725217
294    0.459183
295   -0.264195
296   -0.213579
Name: obs-prior, Length: 297, dtype: float64
0      0.351582
1     -1.032368
2     -0.646457
3      0.564590
4     -0.542694
         ...   
292    0.111686
293    1.725217
294    0.459183
295   -0.264195
296   -0.213579
Name: obs-prior, Length: 297, dtype: float64
0      0.351582
1     -1.032368
2     -0.646457
3      0.564590
4     -0.542694
         ...   
292    0.111686
293    1.725217
294    0.459183
295   -0.264195
296   -0.213579
Name: obs-prior, Length: 297, dtype: float64
0      0.351582
1     -1.032368
2     -0.646457
3      0.564590
4     -0.542694
         ...   
292    0.111686
293    1.725217
294    0.459183
295   -0.264195
296   -0.213579
Name: obs-prior, Length: 297, dtype: float64
0      0.351582
1     -1.032368
2     -0.646457
3      0.564590
4     -0.542694
         ...   
292    0.111686
293    1.725217
294    0.459183
295   -0.264195
296   -0.213579
Name: obs-prior, Length: 297, dtype: float64
0      0.351582
1     -1.032368
2     -0.646457
3      0.564590
4     -0.542694
         ...   
292    0.111686
293    1.725217
294    0.459183
295   -0.264195
296   -0.213579
Name: obs-prior, Length: 297, dtype: float64
0      0.351582
1     -1.032368
2     -0.646457
3      0.564590
4     -0.542694
         ...   
292    0.111686
293    1.725217
294    0.459183
295   -0.264195
296   -0.213579
Name: obs-prior, Length: 297, dtype: float64
0      0.351582
1     -1.032368
2     -0.646457
3      0.564590
4     -0.542694
         ...   
292    0.111686
293    1.725217
294    0.459183
295   -0.264195
296   -0.213579
Name: obs-prior, Length: 297, dtype: float64
0      0.351582
1     -1.032368
2     -0.646457
3      0.564590
4     -0.542694
         ...   
292    0.111686
293    1.725217
294    0.459183
295   -0.264195
296   -0.213579
Name: obs-prior, Length: 297, dtype: float64
0      0.351582
1     -1.032368
2     -0.646457
3      0.564590
4     -0.542694
         ...   
292    0.111686
293    1.725217
294    0.459183
295   -0.264195
296   -0.213579
Name: obs-prior, Length: 297, dtype: float64
0      0.351582
1     -1.032368
2     -0.646457
3      0.564590
4     -0.542694
         ...   
292    0.111686
293    1.725217
294    0.459183
295   -0.264195
296   -0.213579
Name: obs-prior, Length: 297, dtype: float64
 region:  TR
0      0.766157
1     -0.704605
2     -0.761899
3      0.757449
4     -0.490074
         ...   
677    0.820504
678   -0.438568
679   -0.482083
680    0.975873
681   -0.851692
Name: obs-prior, Length: 682, dtype: float64
0      0.766157
1     -0.704605
2     -0.761899
3      0.757449
4     -0.490074
         ...   
677    0.820504
678   -0.438568
679   -0.482083
680    0.975873
681   -0.851692
Name: obs-prior, Length: 682, dtype: float64
0      0.766157
1     -0.704605
2     -0.761899
3      0.757449
4     -0.490074
         ...   
677    0.820504
678   -0.438568
679   -0.482083
680    0.975873
681   -0.851692
Name: obs-prior, Length: 682, dtype: float64
0      0.766157
1     -0.704605
2     -0.761899
3      0.757449
4     -0.490074
         ...   
677    0.820504
678   -0.438568
679   -0.482083
680    0.975873
681   -0.851692
Name: obs-prior, Length: 682, dtype: float64
0      0.766157
1     -0.704605
2     -0.761899
3      0.757449
4     -0.490074
         ...   
677    0.820504
678   -0.438568
679   -0.482083
680    0.975873
681   -0.851692
Name: obs-prior, Length: 682, dtype: float64
0      0.766157
1     -0.704605
2     -0.761899
3      0.757449
4     -0.490074
         ...   
677    0.820504
678   -0.438568
679   -0.482083
680    0.975873
681   -0.851692
Name: obs-prior, Length: 682, dtype: float64
0      0.766157
1     -0.704605
2     -0.761899
3      0.757449
4     -0.490074
         ...   
677    0.820504
678   -0.438568
679   -0.482083
680    0.975873
681   -0.851692
Name: obs-prior, Length: 682, dtype: float64
0      0.766157
1     -0.704605
2     -0.761899
3      0.757449
4     -0.490074
         ...   
677    0.820504
678   -0.438568
679   -0.482083
680    0.975873
681   -0.851692
Name: obs-prior, Length: 682, dtype: float64
0      0.766157
1     -0.704605
2     -0.761899
3      0.757449
4     -0.490074
         ...   
677    0.820504
678   -0.438568
679   -0.482083
680    0.975873
681   -0.851692
Name: obs-prior, Length: 682, dtype: float64
0      0.766157
1     -0.704605
2     -0.761899
3      0.757449
4     -0.490074
         ...   
677    0.820504
678   -0.438568
679   -0.482083
680    0.975873
681   -0.851692
Name: obs-prior, Length: 682, dtype: float64
0      0.766157
1     -0.704605
2     -0.761899
3      0.757449
4     -0.490074
         ...   
677    0.820504
678   -0.438568
679   -0.482083
680    0.975873
681   -0.851692
Name: obs-prior, Length: 682, dtype: float64
0      0.766157
1     -0.704605
2     -0.761899
3      0.757449
4     -0.490074
         ...   
677    0.820504
678   -0.438568
679   -0.482083
680    0.975873
681   -0.851692
Name: obs-prior, Length: 682, dtype: float64
0      0.766157
1     -0.704605
2     -0.761899
3      0.757449
4     -0.490074
         ...   
677    0.820504
678   -0.438568
679   -0.482083
680    0.975873
681   -0.851692
Name: obs-prior, Length: 682, dtype: float64
0      0.766157
1     -0.704605
2     -0.761899
3      0.757449
4     -0.490074
         ...   
677    0.820504
678   -0.438568
679   -0.482083
680    0.975873
681   -0.851692
Name: obs-prior, Length: 682, dtype: float64
0      0.766157
1     -0.704605
2     -0.761899
3      0.757449
4     -0.490074
         ...   
677    0.820504
678   -0.438568
679   -0.482083
680    0.975873
681   -0.851692
Name: obs-prior, Length: 682, dtype: float64
0      0.766157
1     -0.704605
2     -0.761899
3      0.757449
4     -0.490074
         ...   
677    0.820504
678   -0.438568
679   -0.482083
680    0.975873
681   -0.851692
Name: obs-prior, Length: 682, dtype: float64
0      0.766157
1     -0.704605
2     -0.761899
3      0.757449
4     -0.490074
         ...   
677    0.820504
678   -0.438568
679   -0.482083
680    0.975873
681   -0.851692
Name: obs-prior, Length: 682, dtype: float64

 processing obs:  ACARS_U_WIND_COMPONENT
 region:  Global
0       -0.867040
1        1.104020
2        1.278240
3       -2.608303
4        0.798839
           ...   
28890    2.661214
28891    0.302167
28892   -0.213980
28893    2.572603
28894   -2.425114
Name: obs-prior, Length: 28895, dtype: float64
0       -0.867040
1        1.104020
2        1.278240
3       -2.608303
4        0.798839
           ...   
28890    2.661214
28891    0.302167
28892   -0.213980
28893    2.572603
28894   -2.425114
Name: obs-prior, Length: 28895, dtype: float64
0       -0.867040
1        1.104020
2        1.278240
3       -2.608303
4        0.798839
           ...   
28890    2.661214
28891    0.302167
28892   -0.213980
28893    2.572603
28894   -2.425114
Name: obs-prior, Length: 28895, dtype: float64
0       -0.867040
1        1.104020
2        1.278240
3       -2.608303
4        0.798839
           ...   
28890    2.661214
28891    0.302167
28892   -0.213980
28893    2.572603
28894   -2.425114
Name: obs-prior, Length: 28895, dtype: float64
0       -0.867040
1        1.104020
2        1.278240
3       -2.608303
4        0.798839
           ...   
28890    2.661214
28891    0.302167
28892   -0.213980
28893    2.572603
28894   -2.425114
Name: obs-prior, Length: 28895, dtype: float64
0       -0.867040
1        1.104020
2        1.278240
3       -2.608303
4        0.798839
           ...   
28890    2.661214
28891    0.302167
28892   -0.213980
28893    2.572603
28894   -2.425114
Name: obs-prior, Length: 28895, dtype: float64
0       -0.867040
1        1.104020
2        1.278240
3       -2.608303
4        0.798839
           ...   
28890    2.661214
28891    0.302167
28892   -0.213980
28893    2.572603
28894   -2.425114
Name: obs-prior, Length: 28895, dtype: float64
0       -0.867040
1        1.104020
2        1.278240
3       -2.608303
4        0.798839
           ...   
28890    2.661214
28891    0.302167
28892   -0.213980
28893    2.572603
28894   -2.425114
Name: obs-prior, Length: 28895, dtype: float64
0       -0.867040
1        1.104020
2        1.278240
3       -2.608303
4        0.798839
           ...   
28890    2.661214
28891    0.302167
28892   -0.213980
28893    2.572603
28894   -2.425114
Name: obs-prior, Length: 28895, dtype: float64
0       -0.867040
1        1.104020
2        1.278240
3       -2.608303
4        0.798839
           ...   
28890    2.661214
28891    0.302167
28892   -0.213980
28893    2.572603
28894   -2.425114
Name: obs-prior, Length: 28895, dtype: float64
0       -0.867040
1        1.104020
2        1.278240
3       -2.608303
4        0.798839
           ...   
28890    2.661214
28891    0.302167
28892   -0.213980
28893    2.572603
28894   -2.425114
Name: obs-prior, Length: 28895, dtype: float64
0       -0.867040
1        1.104020
2        1.278240
3       -2.608303
4        0.798839
           ...   
28890    2.661214
28891    0.302167
28892   -0.213980
28893    2.572603
28894   -2.425114
Name: obs-prior, Length: 28895, dtype: float64
0       -0.867040
1        1.104020
2        1.278240
3       -2.608303
4        0.798839
           ...   
28890    2.661214
28891    0.302167
28892   -0.213980
28893    2.572603
28894   -2.425114
Name: obs-prior, Length: 28895, dtype: float64
0       -0.867040
1        1.104020
2        1.278240
3       -2.608303
4        0.798839
           ...   
28890    2.661214
28891    0.302167
28892   -0.213980
28893    2.572603
28894   -2.425114
Name: obs-prior, Length: 28895, dtype: float64
0       -0.867040
1        1.104020
2        1.278240
3       -2.608303
4        0.798839
           ...   
28890    2.661214
28891    0.302167
28892   -0.213980
28893    2.572603
28894   -2.425114
Name: obs-prior, Length: 28895, dtype: float64
0       -0.867040
1        1.104020
2        1.278240
3       -2.608303
4        0.798839
           ...   
28890    2.661214
28891    0.302167
28892   -0.213980
28893    2.572603
28894   -2.425114
Name: obs-prior, Length: 28895, dtype: float64
0       -0.867040
1        1.104020
2        1.278240
3       -2.608303
4        0.798839
           ...   
28890    2.661214
28891    0.302167
28892   -0.213980
28893    2.572603
28894   -2.425114
Name: obs-prior, Length: 28895, dtype: float64
 region:  NH
0       -0.867040
1        1.104020
2        1.278240
3       -2.608303
4        0.798839
           ...   
22329    0.179418
22330    2.661214
22331    0.302167
22332   -0.213980
22333    2.572603
Name: obs-prior, Length: 22334, dtype: float64
0       -0.867040
1        1.104020
2        1.278240
3       -2.608303
4        0.798839
           ...   
22329    0.179418
22330    2.661214
22331    0.302167
22332   -0.213980
22333    2.572603
Name: obs-prior, Length: 22334, dtype: float64
0       -0.867040
1        1.104020
2        1.278240
3       -2.608303
4        0.798839
           ...   
22329    0.179418
22330    2.661214
22331    0.302167
22332   -0.213980
22333    2.572603
Name: obs-prior, Length: 22334, dtype: float64
0       -0.867040
1        1.104020
2        1.278240
3       -2.608303
4        0.798839
           ...   
22329    0.179418
22330    2.661214
22331    0.302167
22332   -0.213980
22333    2.572603
Name: obs-prior, Length: 22334, dtype: float64
0       -0.867040
1        1.104020
2        1.278240
3       -2.608303
4        0.798839
           ...   
22329    0.179418
22330    2.661214
22331    0.302167
22332   -0.213980
22333    2.572603
Name: obs-prior, Length: 22334, dtype: float64
0       -0.867040
1        1.104020
2        1.278240
3       -2.608303
4        0.798839
           ...   
22329    0.179418
22330    2.661214
22331    0.302167
22332   -0.213980
22333    2.572603
Name: obs-prior, Length: 22334, dtype: float64
0       -0.867040
1        1.104020
2        1.278240
3       -2.608303
4        0.798839
           ...   
22329    0.179418
22330    2.661214
22331    0.302167
22332   -0.213980
22333    2.572603
Name: obs-prior, Length: 22334, dtype: float64
0       -0.867040
1        1.104020
2        1.278240
3       -2.608303
4        0.798839
           ...   
22329    0.179418
22330    2.661214
22331    0.302167
22332   -0.213980
22333    2.572603
Name: obs-prior, Length: 22334, dtype: float64
0       -0.867040
1        1.104020
2        1.278240
3       -2.608303
4        0.798839
           ...   
22329    0.179418
22330    2.661214
22331    0.302167
22332   -0.213980
22333    2.572603
Name: obs-prior, Length: 22334, dtype: float64
0       -0.867040
1        1.104020
2        1.278240
3       -2.608303
4        0.798839
           ...   
22329    0.179418
22330    2.661214
22331    0.302167
22332   -0.213980
22333    2.572603
Name: obs-prior, Length: 22334, dtype: float64
0       -0.867040
1        1.104020
2        1.278240
3       -2.608303
4        0.798839
           ...   
22329    0.179418
22330    2.661214
22331    0.302167
22332   -0.213980
22333    2.572603
Name: obs-prior, Length: 22334, dtype: float64
0       -0.867040
1        1.104020
2        1.278240
3       -2.608303
4        0.798839
           ...   
22329    0.179418
22330    2.661214
22331    0.302167
22332   -0.213980
22333    2.572603
Name: obs-prior, Length: 22334, dtype: float64
0       -0.867040
1        1.104020
2        1.278240
3       -2.608303
4        0.798839
           ...   
22329    0.179418
22330    2.661214
22331    0.302167
22332   -0.213980
22333    2.572603
Name: obs-prior, Length: 22334, dtype: float64
0       -0.867040
1        1.104020
2        1.278240
3       -2.608303
4        0.798839
           ...   
22329    0.179418
22330    2.661214
22331    0.302167
22332   -0.213980
22333    2.572603
Name: obs-prior, Length: 22334, dtype: float64
0       -0.867040
1        1.104020
2        1.278240
3       -2.608303
4        0.798839
           ...   
22329    0.179418
22330    2.661214
22331    0.302167
22332   -0.213980
22333    2.572603
Name: obs-prior, Length: 22334, dtype: float64
0       -0.867040
1        1.104020
2        1.278240
3       -2.608303
4        0.798839
           ...   
22329    0.179418
22330    2.661214
22331    0.302167
22332   -0.213980
22333    2.572603
Name: obs-prior, Length: 22334, dtype: float64
0       -0.867040
1        1.104020
2        1.278240
3       -2.608303
4        0.798839
           ...   
22329    0.179418
22330    2.661214
22331    0.302167
22332   -0.213980
22333    2.572603
Name: obs-prior, Length: 22334, dtype: float64
 region:  SH
0       0.185780
1      -0.630744
2      -2.445941
3      -3.759063
4      -0.394642
         ...    
344   -10.853974
345    -0.662795
346     1.569587
347     1.011605
348    -1.380682
Name: obs-prior, Length: 349, dtype: float64
0       0.185780
1      -0.630744
2      -2.445941
3      -3.759063
4      -0.394642
         ...    
344   -10.853974
345    -0.662795
346     1.569587
347     1.011605
348    -1.380682
Name: obs-prior, Length: 349, dtype: float64
0       0.185780
1      -0.630744
2      -2.445941
3      -3.759063
4      -0.394642
         ...    
344   -10.853974
345    -0.662795
346     1.569587
347     1.011605
348    -1.380682
Name: obs-prior, Length: 349, dtype: float64
0       0.185780
1      -0.630744
2      -2.445941
3      -3.759063
4      -0.394642
         ...    
344   -10.853974
345    -0.662795
346     1.569587
347     1.011605
348    -1.380682
Name: obs-prior, Length: 349, dtype: float64
0       0.185780
1      -0.630744
2      -2.445941
3      -3.759063
4      -0.394642
         ...    
344   -10.853974
345    -0.662795
346     1.569587
347     1.011605
348    -1.380682
Name: obs-prior, Length: 349, dtype: float64
0       0.185780
1      -0.630744
2      -2.445941
3      -3.759063
4      -0.394642
         ...    
344   -10.853974
345    -0.662795
346     1.569587
347     1.011605
348    -1.380682
Name: obs-prior, Length: 349, dtype: float64
0       0.185780
1      -0.630744
2      -2.445941
3      -3.759063
4      -0.394642
         ...    
344   -10.853974
345    -0.662795
346     1.569587
347     1.011605
348    -1.380682
Name: obs-prior, Length: 349, dtype: float64
0       0.185780
1      -0.630744
2      -2.445941
3      -3.759063
4      -0.394642
         ...    
344   -10.853974
345    -0.662795
346     1.569587
347     1.011605
348    -1.380682
Name: obs-prior, Length: 349, dtype: float64
0       0.185780
1      -0.630744
2      -2.445941
3      -3.759063
4      -0.394642
         ...    
344   -10.853974
345    -0.662795
346     1.569587
347     1.011605
348    -1.380682
Name: obs-prior, Length: 349, dtype: float64
0       0.185780
1      -0.630744
2      -2.445941
3      -3.759063
4      -0.394642
         ...    
344   -10.853974
345    -0.662795
346     1.569587
347     1.011605
348    -1.380682
Name: obs-prior, Length: 349, dtype: float64
0       0.185780
1      -0.630744
2      -2.445941
3      -3.759063
4      -0.394642
         ...    
344   -10.853974
345    -0.662795
346     1.569587
347     1.011605
348    -1.380682
Name: obs-prior, Length: 349, dtype: float64
0       0.185780
1      -0.630744
2      -2.445941
3      -3.759063
4      -0.394642
         ...    
344   -10.853974
345    -0.662795
346     1.569587
347     1.011605
348    -1.380682
Name: obs-prior, Length: 349, dtype: float64
0       0.185780
1      -0.630744
2      -2.445941
3      -3.759063
4      -0.394642
         ...    
344   -10.853974
345    -0.662795
346     1.569587
347     1.011605
348    -1.380682
Name: obs-prior, Length: 349, dtype: float64
0       0.185780
1      -0.630744
2      -2.445941
3      -3.759063
4      -0.394642
         ...    
344   -10.853974
345    -0.662795
346     1.569587
347     1.011605
348    -1.380682
Name: obs-prior, Length: 349, dtype: float64
0       0.185780
1      -0.630744
2      -2.445941
3      -3.759063
4      -0.394642
         ...    
344   -10.853974
345    -0.662795
346     1.569587
347     1.011605
348    -1.380682
Name: obs-prior, Length: 349, dtype: float64
0       0.185780
1      -0.630744
2      -2.445941
3      -3.759063
4      -0.394642
         ...    
344   -10.853974
345    -0.662795
346     1.569587
347     1.011605
348    -1.380682
Name: obs-prior, Length: 349, dtype: float64
0       0.185780
1      -0.630744
2      -2.445941
3      -3.759063
4      -0.394642
         ...    
344   -10.853974
345    -0.662795
346     1.569587
347     1.011605
348    -1.380682
Name: obs-prior, Length: 349, dtype: float64
 region:  TR
0       2.707656
1       2.470309
2       1.652544
3       2.208938
4      -0.866319
          ...   
6207   -2.472929
6208    1.760229
6209   -1.871470
6210   -2.380136
6211   -2.425114
Name: obs-prior, Length: 6212, dtype: float64
0       2.707656
1       2.470309
2       1.652544
3       2.208938
4      -0.866319
          ...   
6207   -2.472929
6208    1.760229
6209   -1.871470
6210   -2.380136
6211   -2.425114
Name: obs-prior, Length: 6212, dtype: float64
0       2.707656
1       2.470309
2       1.652544
3       2.208938
4      -0.866319
          ...   
6207   -2.472929
6208    1.760229
6209   -1.871470
6210   -2.380136
6211   -2.425114
Name: obs-prior, Length: 6212, dtype: float64
0       2.707656
1       2.470309
2       1.652544
3       2.208938
4      -0.866319
          ...   
6207   -2.472929
6208    1.760229
6209   -1.871470
6210   -2.380136
6211   -2.425114
Name: obs-prior, Length: 6212, dtype: float64
0       2.707656
1       2.470309
2       1.652544
3       2.208938
4      -0.866319
          ...   
6207   -2.472929
6208    1.760229
6209   -1.871470
6210   -2.380136
6211   -2.425114
Name: obs-prior, Length: 6212, dtype: float64
0       2.707656
1       2.470309
2       1.652544
3       2.208938
4      -0.866319
          ...   
6207   -2.472929
6208    1.760229
6209   -1.871470
6210   -2.380136
6211   -2.425114
Name: obs-prior, Length: 6212, dtype: float64
0       2.707656
1       2.470309
2       1.652544
3       2.208938
4      -0.866319
          ...   
6207   -2.472929
6208    1.760229
6209   -1.871470
6210   -2.380136
6211   -2.425114
Name: obs-prior, Length: 6212, dtype: float64
0       2.707656
1       2.470309
2       1.652544
3       2.208938
4      -0.866319
          ...   
6207   -2.472929
6208    1.760229
6209   -1.871470
6210   -2.380136
6211   -2.425114
Name: obs-prior, Length: 6212, dtype: float64
0       2.707656
1       2.470309
2       1.652544
3       2.208938
4      -0.866319
          ...   
6207   -2.472929
6208    1.760229
6209   -1.871470
6210   -2.380136
6211   -2.425114
Name: obs-prior, Length: 6212, dtype: float64
0       2.707656
1       2.470309
2       1.652544
3       2.208938
4      -0.866319
          ...   
6207   -2.472929
6208    1.760229
6209   -1.871470
6210   -2.380136
6211   -2.425114
Name: obs-prior, Length: 6212, dtype: float64
0       2.707656
1       2.470309
2       1.652544
3       2.208938
4      -0.866319
          ...   
6207   -2.472929
6208    1.760229
6209   -1.871470
6210   -2.380136
6211   -2.425114
Name: obs-prior, Length: 6212, dtype: float64
0       2.707656
1       2.470309
2       1.652544
3       2.208938
4      -0.866319
          ...   
6207   -2.472929
6208    1.760229
6209   -1.871470
6210   -2.380136
6211   -2.425114
Name: obs-prior, Length: 6212, dtype: float64
0       2.707656
1       2.470309
2       1.652544
3       2.208938
4      -0.866319
          ...   
6207   -2.472929
6208    1.760229
6209   -1.871470
6210   -2.380136
6211   -2.425114
Name: obs-prior, Length: 6212, dtype: float64
0       2.707656
1       2.470309
2       1.652544
3       2.208938
4      -0.866319
          ...   
6207   -2.472929
6208    1.760229
6209   -1.871470
6210   -2.380136
6211   -2.425114
Name: obs-prior, Length: 6212, dtype: float64
0       2.707656
1       2.470309
2       1.652544
3       2.208938
4      -0.866319
          ...   
6207   -2.472929
6208    1.760229
6209   -1.871470
6210   -2.380136
6211   -2.425114
Name: obs-prior, Length: 6212, dtype: float64
0       2.707656
1       2.470309
2       1.652544
3       2.208938
4      -0.866319
          ...   
6207   -2.472929
6208    1.760229
6209   -1.871470
6210   -2.380136
6211   -2.425114
Name: obs-prior, Length: 6212, dtype: float64
0       2.707656
1       2.470309
2       1.652544
3       2.208938
4      -0.866319
          ...   
6207   -2.472929
6208    1.760229
6209   -1.871470
6210   -2.380136
6211   -2.425114
Name: obs-prior, Length: 6212, dtype: float64

 processing obs:  ACARS_V_WIND_COMPONENT
 region:  Global
0       -0.800538
1       -0.744179
2       -0.040028
3        1.946788
4       -3.753274
           ...   
27761   -1.054692
27762   -1.181832
27763    0.443819
27764   -1.156167
27765   -1.731498
Name: obs-prior, Length: 27766, dtype: float64
0       -0.800538
1       -0.744179
2       -0.040028
3        1.946788
4       -3.753274
           ...   
27761   -1.054692
27762   -1.181832
27763    0.443819
27764   -1.156167
27765   -1.731498
Name: obs-prior, Length: 27766, dtype: float64
0       -0.800538
1       -0.744179
2       -0.040028
3        1.946788
4       -3.753274
           ...   
27761   -1.054692
27762   -1.181832
27763    0.443819
27764   -1.156167
27765   -1.731498
Name: obs-prior, Length: 27766, dtype: float64
0       -0.800538
1       -0.744179
2       -0.040028
3        1.946788
4       -3.753274
           ...   
27761   -1.054692
27762   -1.181832
27763    0.443819
27764   -1.156167
27765   -1.731498
Name: obs-prior, Length: 27766, dtype: float64
0       -0.800538
1       -0.744179
2       -0.040028
3        1.946788
4       -3.753274
           ...   
27761   -1.054692
27762   -1.181832
27763    0.443819
27764   -1.156167
27765   -1.731498
Name: obs-prior, Length: 27766, dtype: float64
0       -0.800538
1       -0.744179
2       -0.040028
3        1.946788
4       -3.753274
           ...   
27761   -1.054692
27762   -1.181832
27763    0.443819
27764   -1.156167
27765   -1.731498
Name: obs-prior, Length: 27766, dtype: float64
0       -0.800538
1       -0.744179
2       -0.040028
3        1.946788
4       -3.753274
           ...   
27761   -1.054692
27762   -1.181832
27763    0.443819
27764   -1.156167
27765   -1.731498
Name: obs-prior, Length: 27766, dtype: float64
0       -0.800538
1       -0.744179
2       -0.040028
3        1.946788
4       -3.753274
           ...   
27761   -1.054692
27762   -1.181832
27763    0.443819
27764   -1.156167
27765   -1.731498
Name: obs-prior, Length: 27766, dtype: float64
0       -0.800538
1       -0.744179
2       -0.040028
3        1.946788
4       -3.753274
           ...   
27761   -1.054692
27762   -1.181832
27763    0.443819
27764   -1.156167
27765   -1.731498
Name: obs-prior, Length: 27766, dtype: float64
0       -0.800538
1       -0.744179
2       -0.040028
3        1.946788
4       -3.753274
           ...   
27761   -1.054692
27762   -1.181832
27763    0.443819
27764   -1.156167
27765   -1.731498
Name: obs-prior, Length: 27766, dtype: float64
0       -0.800538
1       -0.744179
2       -0.040028
3        1.946788
4       -3.753274
           ...   
27761   -1.054692
27762   -1.181832
27763    0.443819
27764   -1.156167
27765   -1.731498
Name: obs-prior, Length: 27766, dtype: float64
0       -0.800538
1       -0.744179
2       -0.040028
3        1.946788
4       -3.753274
           ...   
27761   -1.054692
27762   -1.181832
27763    0.443819
27764   -1.156167
27765   -1.731498
Name: obs-prior, Length: 27766, dtype: float64
0       -0.800538
1       -0.744179
2       -0.040028
3        1.946788
4       -3.753274
           ...   
27761   -1.054692
27762   -1.181832
27763    0.443819
27764   -1.156167
27765   -1.731498
Name: obs-prior, Length: 27766, dtype: float64
0       -0.800538
1       -0.744179
2       -0.040028
3        1.946788
4       -3.753274
           ...   
27761   -1.054692
27762   -1.181832
27763    0.443819
27764   -1.156167
27765   -1.731498
Name: obs-prior, Length: 27766, dtype: float64
0       -0.800538
1       -0.744179
2       -0.040028
3        1.946788
4       -3.753274
           ...   
27761   -1.054692
27762   -1.181832
27763    0.443819
27764   -1.156167
27765   -1.731498
Name: obs-prior, Length: 27766, dtype: float64
0       -0.800538
1       -0.744179
2       -0.040028
3        1.946788
4       -3.753274
           ...   
27761   -1.054692
27762   -1.181832
27763    0.443819
27764   -1.156167
27765   -1.731498
Name: obs-prior, Length: 27766, dtype: float64
0       -0.800538
1       -0.744179
2       -0.040028
3        1.946788
4       -3.753274
           ...   
27761   -1.054692
27762   -1.181832
27763    0.443819
27764   -1.156167
27765   -1.731498
Name: obs-prior, Length: 27766, dtype: float64
 region:  NH
0       -0.800538
1       -0.744179
2       -1.102712
3       -0.769188
4       -0.013782
           ...   
21521   -1.054692
21522   -1.181832
21523    0.443819
21524   -1.156167
21525   -1.731498
Name: obs-prior, Length: 21526, dtype: float64
0       -0.800538
1       -0.744179
2       -1.102712
3       -0.769188
4       -0.013782
           ...   
21521   -1.054692
21522   -1.181832
21523    0.443819
21524   -1.156167
21525   -1.731498
Name: obs-prior, Length: 21526, dtype: float64
0       -0.800538
1       -0.744179
2       -1.102712
3       -0.769188
4       -0.013782
           ...   
21521   -1.054692
21522   -1.181832
21523    0.443819
21524   -1.156167
21525   -1.731498
Name: obs-prior, Length: 21526, dtype: float64
0       -0.800538
1       -0.744179
2       -1.102712
3       -0.769188
4       -0.013782
           ...   
21521   -1.054692
21522   -1.181832
21523    0.443819
21524   -1.156167
21525   -1.731498
Name: obs-prior, Length: 21526, dtype: float64
0       -0.800538
1       -0.744179
2       -1.102712
3       -0.769188
4       -0.013782
           ...   
21521   -1.054692
21522   -1.181832
21523    0.443819
21524   -1.156167
21525   -1.731498
Name: obs-prior, Length: 21526, dtype: float64
0       -0.800538
1       -0.744179
2       -1.102712
3       -0.769188
4       -0.013782
           ...   
21521   -1.054692
21522   -1.181832
21523    0.443819
21524   -1.156167
21525   -1.731498
Name: obs-prior, Length: 21526, dtype: float64
0       -0.800538
1       -0.744179
2       -1.102712
3       -0.769188
4       -0.013782
           ...   
21521   -1.054692
21522   -1.181832
21523    0.443819
21524   -1.156167
21525   -1.731498
Name: obs-prior, Length: 21526, dtype: float64
0       -0.800538
1       -0.744179
2       -1.102712
3       -0.769188
4       -0.013782
           ...   
21521   -1.054692
21522   -1.181832
21523    0.443819
21524   -1.156167
21525   -1.731498
Name: obs-prior, Length: 21526, dtype: float64
0       -0.800538
1       -0.744179
2       -1.102712
3       -0.769188
4       -0.013782
           ...   
21521   -1.054692
21522   -1.181832
21523    0.443819
21524   -1.156167
21525   -1.731498
Name: obs-prior, Length: 21526, dtype: float64
0       -0.800538
1       -0.744179
2       -1.102712
3       -0.769188
4       -0.013782
           ...   
21521   -1.054692
21522   -1.181832
21523    0.443819
21524   -1.156167
21525   -1.731498
Name: obs-prior, Length: 21526, dtype: float64
0       -0.800538
1       -0.744179
2       -1.102712
3       -0.769188
4       -0.013782
           ...   
21521   -1.054692
21522   -1.181832
21523    0.443819
21524   -1.156167
21525   -1.731498
Name: obs-prior, Length: 21526, dtype: float64
0       -0.800538
1       -0.744179
2       -1.102712
3       -0.769188
4       -0.013782
           ...   
21521   -1.054692
21522   -1.181832
21523    0.443819
21524   -1.156167
21525   -1.731498
Name: obs-prior, Length: 21526, dtype: float64
0       -0.800538
1       -0.744179
2       -1.102712
3       -0.769188
4       -0.013782
           ...   
21521   -1.054692
21522   -1.181832
21523    0.443819
21524   -1.156167
21525   -1.731498
Name: obs-prior, Length: 21526, dtype: float64
0       -0.800538
1       -0.744179
2       -1.102712
3       -0.769188
4       -0.013782
           ...   
21521   -1.054692
21522   -1.181832
21523    0.443819
21524   -1.156167
21525   -1.731498
Name: obs-prior, Length: 21526, dtype: float64
0       -0.800538
1       -0.744179
2       -1.102712
3       -0.769188
4       -0.013782
           ...   
21521   -1.054692
21522   -1.181832
21523    0.443819
21524   -1.156167
21525   -1.731498
Name: obs-prior, Length: 21526, dtype: float64
0       -0.800538
1       -0.744179
2       -1.102712
3       -0.769188
4       -0.013782
           ...   
21521   -1.054692
21522   -1.181832
21523    0.443819
21524   -1.156167
21525   -1.731498
Name: obs-prior, Length: 21526, dtype: float64
0       -0.800538
1       -0.744179
2       -1.102712
3       -0.769188
4       -0.013782
           ...   
21521   -1.054692
21522   -1.181832
21523    0.443819
21524   -1.156167
21525   -1.731498
Name: obs-prior, Length: 21526, dtype: float64
 region:  SH
0      2.032199
1      0.006917
2     -2.172780
3     -0.295745
4     -0.349330
         ...   
309    1.191399
310   -3.102136
311    5.705462
312    3.619785
313    1.561909
Name: obs-prior, Length: 314, dtype: float64
0      2.032199
1      0.006917
2     -2.172780
3     -0.295745
4     -0.349330
         ...   
309    1.191399
310   -3.102136
311    5.705462
312    3.619785
313    1.561909
Name: obs-prior, Length: 314, dtype: float64
0      2.032199
1      0.006917
2     -2.172780
3     -0.295745
4     -0.349330
         ...   
309    1.191399
310   -3.102136
311    5.705462
312    3.619785
313    1.561909
Name: obs-prior, Length: 314, dtype: float64
0      2.032199
1      0.006917
2     -2.172780
3     -0.295745
4     -0.349330
         ...   
309    1.191399
310   -3.102136
311    5.705462
312    3.619785
313    1.561909
Name: obs-prior, Length: 314, dtype: float64
0      2.032199
1      0.006917
2     -2.172780
3     -0.295745
4     -0.349330
         ...   
309    1.191399
310   -3.102136
311    5.705462
312    3.619785
313    1.561909
Name: obs-prior, Length: 314, dtype: float64
0      2.032199
1      0.006917
2     -2.172780
3     -0.295745
4     -0.349330
         ...   
309    1.191399
310   -3.102136
311    5.705462
312    3.619785
313    1.561909
Name: obs-prior, Length: 314, dtype: float64
0      2.032199
1      0.006917
2     -2.172780
3     -0.295745
4     -0.349330
         ...   
309    1.191399
310   -3.102136
311    5.705462
312    3.619785
313    1.561909
Name: obs-prior, Length: 314, dtype: float64
0      2.032199
1      0.006917
2     -2.172780
3     -0.295745
4     -0.349330
         ...   
309    1.191399
310   -3.102136
311    5.705462
312    3.619785
313    1.561909
Name: obs-prior, Length: 314, dtype: float64
0      2.032199
1      0.006917
2     -2.172780
3     -0.295745
4     -0.349330
         ...   
309    1.191399
310   -3.102136
311    5.705462
312    3.619785
313    1.561909
Name: obs-prior, Length: 314, dtype: float64
0      2.032199
1      0.006917
2     -2.172780
3     -0.295745
4     -0.349330
         ...   
309    1.191399
310   -3.102136
311    5.705462
312    3.619785
313    1.561909
Name: obs-prior, Length: 314, dtype: float64
0      2.032199
1      0.006917
2     -2.172780
3     -0.295745
4     -0.349330
         ...   
309    1.191399
310   -3.102136
311    5.705462
312    3.619785
313    1.561909
Name: obs-prior, Length: 314, dtype: float64
0      2.032199
1      0.006917
2     -2.172780
3     -0.295745
4     -0.349330
         ...   
309    1.191399
310   -3.102136
311    5.705462
312    3.619785
313    1.561909
Name: obs-prior, Length: 314, dtype: float64
0      2.032199
1      0.006917
2     -2.172780
3     -0.295745
4     -0.349330
         ...   
309    1.191399
310   -3.102136
311    5.705462
312    3.619785
313    1.561909
Name: obs-prior, Length: 314, dtype: float64
0      2.032199
1      0.006917
2     -2.172780
3     -0.295745
4     -0.349330
         ...   
309    1.191399
310   -3.102136
311    5.705462
312    3.619785
313    1.561909
Name: obs-prior, Length: 314, dtype: float64
0      2.032199
1      0.006917
2     -2.172780
3     -0.295745
4     -0.349330
         ...   
309    1.191399
310   -3.102136
311    5.705462
312    3.619785
313    1.561909
Name: obs-prior, Length: 314, dtype: float64
0      2.032199
1      0.006917
2     -2.172780
3     -0.295745
4     -0.349330
         ...   
309    1.191399
310   -3.102136
311    5.705462
312    3.619785
313    1.561909
Name: obs-prior, Length: 314, dtype: float64
0      2.032199
1      0.006917
2     -2.172780
3     -0.295745
4     -0.349330
         ...   
309    1.191399
310   -3.102136
311    5.705462
312    3.619785
313    1.561909
Name: obs-prior, Length: 314, dtype: float64
 region:  TR
0      -0.040028
1       1.946788
2      -3.753274
3       1.623592
4       1.106664
          ...   
5921   -1.238597
5922   -1.708497
5923    0.815760
5924    1.301767
5925    0.425442
Name: obs-prior, Length: 5926, dtype: float64
0      -0.040028
1       1.946788
2      -3.753274
3       1.623592
4       1.106664
          ...   
5921   -1.238597
5922   -1.708497
5923    0.815760
5924    1.301767
5925    0.425442
Name: obs-prior, Length: 5926, dtype: float64
0      -0.040028
1       1.946788
2      -3.753274
3       1.623592
4       1.106664
          ...   
5921   -1.238597
5922   -1.708497
5923    0.815760
5924    1.301767
5925    0.425442
Name: obs-prior, Length: 5926, dtype: float64
0      -0.040028
1       1.946788
2      -3.753274
3       1.623592
4       1.106664
          ...   
5921   -1.238597
5922   -1.708497
5923    0.815760
5924    1.301767
5925    0.425442
Name: obs-prior, Length: 5926, dtype: float64
0      -0.040028
1       1.946788
2      -3.753274
3       1.623592
4       1.106664
          ...   
5921   -1.238597
5922   -1.708497
5923    0.815760
5924    1.301767
5925    0.425442
Name: obs-prior, Length: 5926, dtype: float64
0      -0.040028
1       1.946788
2      -3.753274
3       1.623592
4       1.106664
          ...   
5921   -1.238597
5922   -1.708497
5923    0.815760
5924    1.301767
5925    0.425442
Name: obs-prior, Length: 5926, dtype: float64
0      -0.040028
1       1.946788
2      -3.753274
3       1.623592
4       1.106664
          ...   
5921   -1.238597
5922   -1.708497
5923    0.815760
5924    1.301767
5925    0.425442
Name: obs-prior, Length: 5926, dtype: float64
0      -0.040028
1       1.946788
2      -3.753274
3       1.623592
4       1.106664
          ...   
5921   -1.238597
5922   -1.708497
5923    0.815760
5924    1.301767
5925    0.425442
Name: obs-prior, Length: 5926, dtype: float64
0      -0.040028
1       1.946788
2      -3.753274
3       1.623592
4       1.106664
          ...   
5921   -1.238597
5922   -1.708497
5923    0.815760
5924    1.301767
5925    0.425442
Name: obs-prior, Length: 5926, dtype: float64
0      -0.040028
1       1.946788
2      -3.753274
3       1.623592
4       1.106664
          ...   
5921   -1.238597
5922   -1.708497
5923    0.815760
5924    1.301767
5925    0.425442
Name: obs-prior, Length: 5926, dtype: float64
0      -0.040028
1       1.946788
2      -3.753274
3       1.623592
4       1.106664
          ...   
5921   -1.238597
5922   -1.708497
5923    0.815760
5924    1.301767
5925    0.425442
Name: obs-prior, Length: 5926, dtype: float64
0      -0.040028
1       1.946788
2      -3.753274
3       1.623592
4       1.106664
          ...   
5921   -1.238597
5922   -1.708497
5923    0.815760
5924    1.301767
5925    0.425442
Name: obs-prior, Length: 5926, dtype: float64
0      -0.040028
1       1.946788
2      -3.753274
3       1.623592
4       1.106664
          ...   
5921   -1.238597
5922   -1.708497
5923    0.815760
5924    1.301767
5925    0.425442
Name: obs-prior, Length: 5926, dtype: float64
0      -0.040028
1       1.946788
2      -3.753274
3       1.623592
4       1.106664
          ...   
5921   -1.238597
5922   -1.708497
5923    0.815760
5924    1.301767
5925    0.425442
Name: obs-prior, Length: 5926, dtype: float64
0      -0.040028
1       1.946788
2      -3.753274
3       1.623592
4       1.106664
          ...   
5921   -1.238597
5922   -1.708497
5923    0.815760
5924    1.301767
5925    0.425442
Name: obs-prior, Length: 5926, dtype: float64
0      -0.040028
1       1.946788
2      -3.753274
3       1.623592
4       1.106664
          ...   
5921   -1.238597
5922   -1.708497
5923    0.815760
5924    1.301767
5925    0.425442
Name: obs-prior, Length: 5926, dtype: float64
0      -0.040028
1       1.946788
2      -3.753274
3       1.623592
4       1.106664
          ...   
5921   -1.238597
5922   -1.708497
5923    0.815760
5924    1.301767
5925    0.425442
Name: obs-prior, Length: 5926, dtype: float64

 processing obs:  ACARS_TEMPERATURE
 region:  Global
0       -0.117809
1       -0.310403
2        0.861173
3        0.651076
4       -0.297667
           ...   
34414    0.547665
34415   -0.845138
34416    0.315810
34417   -1.046558
34418    0.555980
Name: obs-prior, Length: 34419, dtype: float64
0       -0.117809
1       -0.310403
2        0.861173
3        0.651076
4       -0.297667
           ...   
34414    0.547665
34415   -0.845138
34416    0.315810
34417   -1.046558
34418    0.555980
Name: obs-prior, Length: 34419, dtype: float64
0       -0.117809
1       -0.310403
2        0.861173
3        0.651076
4       -0.297667
           ...   
34414    0.547665
34415   -0.845138
34416    0.315810
34417   -1.046558
34418    0.555980
Name: obs-prior, Length: 34419, dtype: float64
0       -0.117809
1       -0.310403
2        0.861173
3        0.651076
4       -0.297667
           ...   
34414    0.547665
34415   -0.845138
34416    0.315810
34417   -1.046558
34418    0.555980
Name: obs-prior, Length: 34419, dtype: float64
0       -0.117809
1       -0.310403
2        0.861173
3        0.651076
4       -0.297667
           ...   
34414    0.547665
34415   -0.845138
34416    0.315810
34417   -1.046558
34418    0.555980
Name: obs-prior, Length: 34419, dtype: float64
0       -0.117809
1       -0.310403
2        0.861173
3        0.651076
4       -0.297667
           ...   
34414    0.547665
34415   -0.845138
34416    0.315810
34417   -1.046558
34418    0.555980
Name: obs-prior, Length: 34419, dtype: float64
0       -0.117809
1       -0.310403
2        0.861173
3        0.651076
4       -0.297667
           ...   
34414    0.547665
34415   -0.845138
34416    0.315810
34417   -1.046558
34418    0.555980
Name: obs-prior, Length: 34419, dtype: float64
0       -0.117809
1       -0.310403
2        0.861173
3        0.651076
4       -0.297667
           ...   
34414    0.547665
34415   -0.845138
34416    0.315810
34417   -1.046558
34418    0.555980
Name: obs-prior, Length: 34419, dtype: float64
0       -0.117809
1       -0.310403
2        0.861173
3        0.651076
4       -0.297667
           ...   
34414    0.547665
34415   -0.845138
34416    0.315810
34417   -1.046558
34418    0.555980
Name: obs-prior, Length: 34419, dtype: float64
0       -0.117809
1       -0.310403
2        0.861173
3        0.651076
4       -0.297667
           ...   
34414    0.547665
34415   -0.845138
34416    0.315810
34417   -1.046558
34418    0.555980
Name: obs-prior, Length: 34419, dtype: float64
0       -0.117809
1       -0.310403
2        0.861173
3        0.651076
4       -0.297667
           ...   
34414    0.547665
34415   -0.845138
34416    0.315810
34417   -1.046558
34418    0.555980
Name: obs-prior, Length: 34419, dtype: float64
0       -0.117809
1       -0.310403
2        0.861173
3        0.651076
4       -0.297667
           ...   
34414    0.547665
34415   -0.845138
34416    0.315810
34417   -1.046558
34418    0.555980
Name: obs-prior, Length: 34419, dtype: float64
0       -0.117809
1       -0.310403
2        0.861173
3        0.651076
4       -0.297667
           ...   
34414    0.547665
34415   -0.845138
34416    0.315810
34417   -1.046558
34418    0.555980
Name: obs-prior, Length: 34419, dtype: float64
0       -0.117809
1       -0.310403
2        0.861173
3        0.651076
4       -0.297667
           ...   
34414    0.547665
34415   -0.845138
34416    0.315810
34417   -1.046558
34418    0.555980
Name: obs-prior, Length: 34419, dtype: float64
0       -0.117809
1       -0.310403
2        0.861173
3        0.651076
4       -0.297667
           ...   
34414    0.547665
34415   -0.845138
34416    0.315810
34417   -1.046558
34418    0.555980
Name: obs-prior, Length: 34419, dtype: float64
0       -0.117809
1       -0.310403
2        0.861173
3        0.651076
4       -0.297667
           ...   
34414    0.547665
34415   -0.845138
34416    0.315810
34417   -1.046558
34418    0.555980
Name: obs-prior, Length: 34419, dtype: float64
0       -0.117809
1       -0.310403
2        0.861173
3        0.651076
4       -0.297667
           ...   
34414    0.547665
34415   -0.845138
34416    0.315810
34417   -1.046558
34418    0.555980
Name: obs-prior, Length: 34419, dtype: float64
 region:  NH
0       -0.117809
1       -0.310403
2        0.861173
3       -0.007044
4       -0.349340
           ...   
27238    0.547665
27239   -0.845138
27240    0.315810
27241   -1.046558
27242    0.555980
Name: obs-prior, Length: 27243, dtype: float64
0       -0.117809
1       -0.310403
2        0.861173
3       -0.007044
4       -0.349340
           ...   
27238    0.547665
27239   -0.845138
27240    0.315810
27241   -1.046558
27242    0.555980
Name: obs-prior, Length: 27243, dtype: float64
0       -0.117809
1       -0.310403
2        0.861173
3       -0.007044
4       -0.349340
           ...   
27238    0.547665
27239   -0.845138
27240    0.315810
27241   -1.046558
27242    0.555980
Name: obs-prior, Length: 27243, dtype: float64
0       -0.117809
1       -0.310403
2        0.861173
3       -0.007044
4       -0.349340
           ...   
27238    0.547665
27239   -0.845138
27240    0.315810
27241   -1.046558
27242    0.555980
Name: obs-prior, Length: 27243, dtype: float64
0       -0.117809
1       -0.310403
2        0.861173
3       -0.007044
4       -0.349340
           ...   
27238    0.547665
27239   -0.845138
27240    0.315810
27241   -1.046558
27242    0.555980
Name: obs-prior, Length: 27243, dtype: float64
0       -0.117809
1       -0.310403
2        0.861173
3       -0.007044
4       -0.349340
           ...   
27238    0.547665
27239   -0.845138
27240    0.315810
27241   -1.046558
27242    0.555980
Name: obs-prior, Length: 27243, dtype: float64
0       -0.117809
1       -0.310403
2        0.861173
3       -0.007044
4       -0.349340
           ...   
27238    0.547665
27239   -0.845138
27240    0.315810
27241   -1.046558
27242    0.555980
Name: obs-prior, Length: 27243, dtype: float64
0       -0.117809
1       -0.310403
2        0.861173
3       -0.007044
4       -0.349340
           ...   
27238    0.547665
27239   -0.845138
27240    0.315810
27241   -1.046558
27242    0.555980
Name: obs-prior, Length: 27243, dtype: float64
0       -0.117809
1       -0.310403
2        0.861173
3       -0.007044
4       -0.349340
           ...   
27238    0.547665
27239   -0.845138
27240    0.315810
27241   -1.046558
27242    0.555980
Name: obs-prior, Length: 27243, dtype: float64
0       -0.117809
1       -0.310403
2        0.861173
3       -0.007044
4       -0.349340
           ...   
27238    0.547665
27239   -0.845138
27240    0.315810
27241   -1.046558
27242    0.555980
Name: obs-prior, Length: 27243, dtype: float64
0       -0.117809
1       -0.310403
2        0.861173
3       -0.007044
4       -0.349340
           ...   
27238    0.547665
27239   -0.845138
27240    0.315810
27241   -1.046558
27242    0.555980
Name: obs-prior, Length: 27243, dtype: float64
0       -0.117809
1       -0.310403
2        0.861173
3       -0.007044
4       -0.349340
           ...   
27238    0.547665
27239   -0.845138
27240    0.315810
27241   -1.046558
27242    0.555980
Name: obs-prior, Length: 27243, dtype: float64
0       -0.117809
1       -0.310403
2        0.861173
3       -0.007044
4       -0.349340
           ...   
27238    0.547665
27239   -0.845138
27240    0.315810
27241   -1.046558
27242    0.555980
Name: obs-prior, Length: 27243, dtype: float64
0       -0.117809
1       -0.310403
2        0.861173
3       -0.007044
4       -0.349340
           ...   
27238    0.547665
27239   -0.845138
27240    0.315810
27241   -1.046558
27242    0.555980
Name: obs-prior, Length: 27243, dtype: float64
0       -0.117809
1       -0.310403
2        0.861173
3       -0.007044
4       -0.349340
           ...   
27238    0.547665
27239   -0.845138
27240    0.315810
27241   -1.046558
27242    0.555980
Name: obs-prior, Length: 27243, dtype: float64
0       -0.117809
1       -0.310403
2        0.861173
3       -0.007044
4       -0.349340
           ...   
27238    0.547665
27239   -0.845138
27240    0.315810
27241   -1.046558
27242    0.555980
Name: obs-prior, Length: 27243, dtype: float64
0       -0.117809
1       -0.310403
2        0.861173
3       -0.007044
4       -0.349340
           ...   
27238    0.547665
27239   -0.845138
27240    0.315810
27241   -1.046558
27242    0.555980
Name: obs-prior, Length: 27243, dtype: float64
 region:  SH
0      0.467287
1     -0.189198
2     -0.617055
3      0.767990
4     -1.016596
         ...   
316   -1.464547
317   -0.477416
318   -0.078510
319   -1.154012
320   -1.136333
Name: obs-prior, Length: 321, dtype: float64
0      0.467287
1     -0.189198
2     -0.617055
3      0.767990
4     -1.016596
         ...   
316   -1.464547
317   -0.477416
318   -0.078510
319   -1.154012
320   -1.136333
Name: obs-prior, Length: 321, dtype: float64
0      0.467287
1     -0.189198
2     -0.617055
3      0.767990
4     -1.016596
         ...   
316   -1.464547
317   -0.477416
318   -0.078510
319   -1.154012
320   -1.136333
Name: obs-prior, Length: 321, dtype: float64
0      0.467287
1     -0.189198
2     -0.617055
3      0.767990
4     -1.016596
         ...   
316   -1.464547
317   -0.477416
318   -0.078510
319   -1.154012
320   -1.136333
Name: obs-prior, Length: 321, dtype: float64
0      0.467287
1     -0.189198
2     -0.617055
3      0.767990
4     -1.016596
         ...   
316   -1.464547
317   -0.477416
318   -0.078510
319   -1.154012
320   -1.136333
Name: obs-prior, Length: 321, dtype: float64
0      0.467287
1     -0.189198
2     -0.617055
3      0.767990
4     -1.016596
         ...   
316   -1.464547
317   -0.477416
318   -0.078510
319   -1.154012
320   -1.136333
Name: obs-prior, Length: 321, dtype: float64
0      0.467287
1     -0.189198
2     -0.617055
3      0.767990
4     -1.016596
         ...   
316   -1.464547
317   -0.477416
318   -0.078510
319   -1.154012
320   -1.136333
Name: obs-prior, Length: 321, dtype: float64
0      0.467287
1     -0.189198
2     -0.617055
3      0.767990
4     -1.016596
         ...   
316   -1.464547
317   -0.477416
318   -0.078510
319   -1.154012
320   -1.136333
Name: obs-prior, Length: 321, dtype: float64
0      0.467287
1     -0.189198
2     -0.617055
3      0.767990
4     -1.016596
         ...   
316   -1.464547
317   -0.477416
318   -0.078510
319   -1.154012
320   -1.136333
Name: obs-prior, Length: 321, dtype: float64
0      0.467287
1     -0.189198
2     -0.617055
3      0.767990
4     -1.016596
         ...   
316   -1.464547
317   -0.477416
318   -0.078510
319   -1.154012
320   -1.136333
Name: obs-prior, Length: 321, dtype: float64
0      0.467287
1     -0.189198
2     -0.617055
3      0.767990
4     -1.016596
         ...   
316   -1.464547
317   -0.477416
318   -0.078510
319   -1.154012
320   -1.136333
Name: obs-prior, Length: 321, dtype: float64
0      0.467287
1     -0.189198
2     -0.617055
3      0.767990
4     -1.016596
         ...   
316   -1.464547
317   -0.477416
318   -0.078510
319   -1.154012
320   -1.136333
Name: obs-prior, Length: 321, dtype: float64
0      0.467287
1     -0.189198
2     -0.617055
3      0.767990
4     -1.016596
         ...   
316   -1.464547
317   -0.477416
318   -0.078510
319   -1.154012
320   -1.136333
Name: obs-prior, Length: 321, dtype: float64
0      0.467287
1     -0.189198
2     -0.617055
3      0.767990
4     -1.016596
         ...   
316   -1.464547
317   -0.477416
318   -0.078510
319   -1.154012
320   -1.136333
Name: obs-prior, Length: 321, dtype: float64
0      0.467287
1     -0.189198
2     -0.617055
3      0.767990
4     -1.016596
         ...   
316   -1.464547
317   -0.477416
318   -0.078510
319   -1.154012
320   -1.136333
Name: obs-prior, Length: 321, dtype: float64
0      0.467287
1     -0.189198
2     -0.617055
3      0.767990
4     -1.016596
         ...   
316   -1.464547
317   -0.477416
318   -0.078510
319   -1.154012
320   -1.136333
Name: obs-prior, Length: 321, dtype: float64
0      0.467287
1     -0.189198
2     -0.617055
3      0.767990
4     -1.016596
         ...   
316   -1.464547
317   -0.477416
318   -0.078510
319   -1.154012
320   -1.136333
Name: obs-prior, Length: 321, dtype: float64
 region:  TR
0       0.651076
1      -0.297667
2       0.507433
3       0.756240
4      -0.755836
          ...   
6850   -0.413867
6851   -0.302341
6852   -0.977913
6853    0.527954
6854   -0.190746
Name: obs-prior, Length: 6855, dtype: float64
0       0.651076
1      -0.297667
2       0.507433
3       0.756240
4      -0.755836
          ...   
6850   -0.413867
6851   -0.302341
6852   -0.977913
6853    0.527954
6854   -0.190746
Name: obs-prior, Length: 6855, dtype: float64
0       0.651076
1      -0.297667
2       0.507433
3       0.756240
4      -0.755836
          ...   
6850   -0.413867
6851   -0.302341
6852   -0.977913
6853    0.527954
6854   -0.190746
Name: obs-prior, Length: 6855, dtype: float64
0       0.651076
1      -0.297667
2       0.507433
3       0.756240
4      -0.755836
          ...   
6850   -0.413867
6851   -0.302341
6852   -0.977913
6853    0.527954
6854   -0.190746
Name: obs-prior, Length: 6855, dtype: float64
0       0.651076
1      -0.297667
2       0.507433
3       0.756240
4      -0.755836
          ...   
6850   -0.413867
6851   -0.302341
6852   -0.977913
6853    0.527954
6854   -0.190746
Name: obs-prior, Length: 6855, dtype: float64
0       0.651076
1      -0.297667
2       0.507433
3       0.756240
4      -0.755836
          ...   
6850   -0.413867
6851   -0.302341
6852   -0.977913
6853    0.527954
6854   -0.190746
Name: obs-prior, Length: 6855, dtype: float64
0       0.651076
1      -0.297667
2       0.507433
3       0.756240
4      -0.755836
          ...   
6850   -0.413867
6851   -0.302341
6852   -0.977913
6853    0.527954
6854   -0.190746
Name: obs-prior, Length: 6855, dtype: float64
0       0.651076
1      -0.297667
2       0.507433
3       0.756240
4      -0.755836
          ...   
6850   -0.413867
6851   -0.302341
6852   -0.977913
6853    0.527954
6854   -0.190746
Name: obs-prior, Length: 6855, dtype: float64
0       0.651076
1      -0.297667
2       0.507433
3       0.756240
4      -0.755836
          ...   
6850   -0.413867
6851   -0.302341
6852   -0.977913
6853    0.527954
6854   -0.190746
Name: obs-prior, Length: 6855, dtype: float64
0       0.651076
1      -0.297667
2       0.507433
3       0.756240
4      -0.755836
          ...   
6850   -0.413867
6851   -0.302341
6852   -0.977913
6853    0.527954
6854   -0.190746
Name: obs-prior, Length: 6855, dtype: float64
0       0.651076
1      -0.297667
2       0.507433
3       0.756240
4      -0.755836
          ...   
6850   -0.413867
6851   -0.302341
6852   -0.977913
6853    0.527954
6854   -0.190746
Name: obs-prior, Length: 6855, dtype: float64
0       0.651076
1      -0.297667
2       0.507433
3       0.756240
4      -0.755836
          ...   
6850   -0.413867
6851   -0.302341
6852   -0.977913
6853    0.527954
6854   -0.190746
Name: obs-prior, Length: 6855, dtype: float64
0       0.651076
1      -0.297667
2       0.507433
3       0.756240
4      -0.755836
          ...   
6850   -0.413867
6851   -0.302341
6852   -0.977913
6853    0.527954
6854   -0.190746
Name: obs-prior, Length: 6855, dtype: float64
0       0.651076
1      -0.297667
2       0.507433
3       0.756240
4      -0.755836
          ...   
6850   -0.413867
6851   -0.302341
6852   -0.977913
6853    0.527954
6854   -0.190746
Name: obs-prior, Length: 6855, dtype: float64
0       0.651076
1      -0.297667
2       0.507433
3       0.756240
4      -0.755836
          ...   
6850   -0.413867
6851   -0.302341
6852   -0.977913
6853    0.527954
6854   -0.190746
Name: obs-prior, Length: 6855, dtype: float64
0       0.651076
1      -0.297667
2       0.507433
3       0.756240
4      -0.755836
          ...   
6850   -0.413867
6851   -0.302341
6852   -0.977913
6853    0.527954
6854   -0.190746
Name: obs-prior, Length: 6855, dtype: float64
0       0.651076
1      -0.297667
2       0.507433
3       0.756240
4      -0.755836
          ...   
6850   -0.413867
6851   -0.302341
6852   -0.977913
6853    0.527954
6854   -0.190746
Name: obs-prior, Length: 6855, dtype: float64

 processing obs:  SAT_U_WIND_COMPONENT
 region:  Global
 No obs:  SAT_U_WIND_COMPONENT  in region:  Global  at this time.
 region:  NH
 No obs:  SAT_U_WIND_COMPONENT  in region:  NH  at this time.
 region:  SH
 No obs:  SAT_U_WIND_COMPONENT  in region:  SH  at this time.
 region:  TR
 No obs:  SAT_U_WIND_COMPONENT  in region:  TR  at this time.

 processing obs:  SAT_V_WIND_COMPONENT
 region:  Global
 No obs:  SAT_V_WIND_COMPONENT  in region:  Global  at this time.
 region:  NH
 No obs:  SAT_V_WIND_COMPONENT  in region:  NH  at this time.
 region:  SH
 No obs:  SAT_V_WIND_COMPONENT  in region:  SH  at this time.
 region:  TR
 No obs:  SAT_V_WIND_COMPONENT  in region:  TR  at this time.

 processing obs:  GPSRO_REFRACTIVITY
 region:  Global
 No obs:  GPSRO_REFRACTIVITY  in region:  Global  at this time.
 region:  NH
 No obs:  GPSRO_REFRACTIVITY  in region:  NH  at this time.
 region:  SH
 No obs:  GPSRO_REFRACTIVITY  in region:  SH  at this time.
 region:  TR
 No obs:  GPSRO_REFRACTIVITY  in region:  TR  at this time.

 processing obs:  EOS_2_AMSUA_TB
 region:  Global
 No obs:  EOS_2_AMSUA_TB  in region:  Global  at this time.
 region:  NH
 No obs:  EOS_2_AMSUA_TB  in region:  NH  at this time.
 region:  SH
 No obs:  EOS_2_AMSUA_TB  in region:  SH  at this time.
 region:  TR
 No obs:  EOS_2_AMSUA_TB  in region:  TR  at this time.

 processing obs:  NOAA_15_AMSUA_TB
 region:  Global
 No obs:  NOAA_15_AMSUA_TB  in region:  Global  at this time.
 region:  NH
 No obs:  NOAA_15_AMSUA_TB  in region:  NH  at this time.
 region:  SH
 No obs:  NOAA_15_AMSUA_TB  in region:  SH  at this time.
 region:  TR
 No obs:  NOAA_15_AMSUA_TB  in region:  TR  at this time.

 processing obs:  NOAA_16_AMSUA_TB
 region:  Global
 No obs:  NOAA_16_AMSUA_TB  in region:  Global  at this time.
 region:  NH
 No obs:  NOAA_16_AMSUA_TB  in region:  NH  at this time.
 region:  SH
 No obs:  NOAA_16_AMSUA_TB  in region:  SH  at this time.
 region:  TR
 No obs:  NOAA_16_AMSUA_TB  in region:  TR  at this time.

 processing obs:  NOAA_17_AMSUA_TB
 region:  Global
 No obs:  NOAA_17_AMSUA_TB  in region:  Global  at this time.
 region:  NH
 No obs:  NOAA_17_AMSUA_TB  in region:  NH  at this time.
 region:  SH
 No obs:  NOAA_17_AMSUA_TB  in region:  SH  at this time.
 region:  TR
 No obs:  NOAA_17_AMSUA_TB  in region:  TR  at this time.

 processing obs:  NOAA_18_AMSUA_TB
 region:  Global
 No obs:  NOAA_18_AMSUA_TB  in region:  Global  at this time.
 region:  NH
 No obs:  NOAA_18_AMSUA_TB  in region:  NH  at this time.
 region:  SH
 No obs:  NOAA_18_AMSUA_TB  in region:  SH  at this time.
 region:  TR
 No obs:  NOAA_18_AMSUA_TB  in region:  TR  at this time.

 processing obs:  NOAA_19_AMSUA_TB
 region:  Global
 No obs:  NOAA_19_AMSUA_TB  in region:  Global  at this time.
 region:  NH
 No obs:  NOAA_19_AMSUA_TB  in region:  NH  at this time.
 region:  SH
 No obs:  NOAA_19_AMSUA_TB  in region:  SH  at this time.
 region:  TR
 No obs:  NOAA_19_AMSUA_TB  in region:  TR  at this time.

 processing obs:  METOP_1_AMSUA_TB
 region:  Global
 No obs:  METOP_1_AMSUA_TB  in region:  Global  at this time.
 region:  NH
 No obs:  METOP_1_AMSUA_TB  in region:  NH  at this time.
 region:  SH
 No obs:  METOP_1_AMSUA_TB  in region:  SH  at this time.
 region:  TR
 No obs:  METOP_1_AMSUA_TB  in region:  TR  at this time.

 processing obs:  METOP_2_AMSUA_TB
 region:  Global
 No obs:  METOP_2_AMSUA_TB  in region:  Global  at this time.
 region:  NH
 No obs:  METOP_2_AMSUA_TB  in region:  NH  at this time.
 region:  SH
 No obs:  METOP_2_AMSUA_TB  in region:  SH  at this time.
 region:  TR
 No obs:  METOP_2_AMSUA_TB  in region:  TR  at this time.

 processing obs:  VADWND_U_WIND_COMPONENT
 region:  Global
 No obs:  VADWND_U_WIND_COMPONENT  in region:  Global  at this time.
 region:  NH
 No obs:  VADWND_U_WIND_COMPONENT  in region:  NH  at this time.
 region:  SH
 No obs:  VADWND_U_WIND_COMPONENT  in region:  SH  at this time.
 region:  TR
 No obs:  VADWND_U_WIND_COMPONENT  in region:  TR  at this time.

 processing obs:  VADWND_V_WIND_COMPONENT
 region:  Global
 No obs:  VADWND_V_WIND_COMPONENT  in region:  Global  at this time.
 region:  NH
 No obs:  VADWND_V_WIND_COMPONENT  in region:  NH  at this time.
 region:  SH
 No obs:  VADWND_V_WIND_COMPONENT  in region:  SH  at this time.
 region:  TR
 No obs:  VADWND_V_WIND_COMPONENT  in region:  TR  at this time.

 processing obs:  LAND_SFC_PRESSURE
 region:  Global
 No obs:  LAND_SFC_PRESSURE  in region:  Global  at this time.
 region:  NH
 No obs:  LAND_SFC_PRESSURE  in region:  NH  at this time.
 region:  SH
 No obs:  LAND_SFC_PRESSURE  in region:  SH  at this time.
 region:  TR
 No obs:  LAND_SFC_PRESSURE  in region:  TR  at this time.

 processing obs:  MARINE_SFC_PRESSURE
 region:  Global
 No obs:  MARINE_SFC_PRESSURE  in region:  Global  at this time.
 region:  NH
 No obs:  MARINE_SFC_PRESSURE  in region:  NH  at this time.
 region:  SH
 No obs:  MARINE_SFC_PRESSURE  in region:  SH  at this time.
 region:  TR
 No obs:  MARINE_SFC_PRESSURE  in region:  TR  at this time.
Save assimilated: Global
Save assimilated: SH
Save assimilated: NH
Save assimilated: TR

 2024-03-25 13:47:24.147290
Execution Time:  0:00:10.675768

 -------------------- END ------------------- 

	Command being timed: "/work/cmcc/mg20022/.conda/envs/guatura/bin/python ./quick_spreads_diag.py"
	User time (seconds): 8.92
	System time (seconds): 4.70
	Percent of CPU this job got: 121%
	Elapsed (wall clock) time (h:mm:ss or m:ss): 0:11.19
	Average shared text size (kbytes): 0
	Average unshared data size (kbytes): 0
	Average stack size (kbytes): 0
	Average total size (kbytes): 0
	Maximum resident set size (kbytes): 576788
	Average resident set size (kbytes): 0
	Major (requiring I/O) page faults: 0
	Minor (reclaiming a frame) page faults: 70439
	Voluntary context switches: 1937
	Involuntary context switches: 3155740
	Swaps: 0
	File system inputs: 0
	File system outputs: 0
	Socket messages sent: 0
	Socket messages received: 0
	Signals delivered: 0
	Page size (bytes): 4096
	Exit status: 0
