STARTING

 2024-03-25 13:47:03.292792

 Computation parameters:
 Experiment name:  arc2
 Start date:  2017-10-03-43200
 End date:  2017-10-03-43200
 Path archive:  /work/cmcc/gc02720/CMCC-CM/archive
 Path experiment:  /work/cmcc/gc02720/CMCC-CM/archive/arc2
 Path save:  /work/cmcc/gc02720/CMCC-CM/basic_diag/arc2/2017-10-03-43200
 Observation to process:  ['RADIOSONDE_U_WIND_COMPONENT', 'RADIOSONDE_V_WIND_COMPONENT', 'RADIOSONDE_TEMPERATURE', 'AIRCRAFT_U_WIND_COMPONENT', 'AIRCRAFT_V_WIND_COMPONENT', 'AIRCRAFT_TEMPERATURE', 'ACARS_U_WIND_COMPONENT', 'ACARS_V_WIND_COMPONENT', 'ACARS_TEMPERATURE', 'SAT_U_WIND_COMPONENT', 'SAT_V_WIND_COMPONENT', 'GPSRO_REFRACTIVITY', 'EOS_2_AMSUA_TB', 'NOAA_15_AMSUA_TB', 'NOAA_16_AMSUA_TB', 'NOAA_17_AMSUA_TB', 'NOAA_18_AMSUA_TB', 'NOAA_19_AMSUA_TB', 'METOP_1_AMSUA_TB', 'METOP_2_AMSUA_TB', 'VADWND_U_WIND_COMPONENT', 'VADWND_V_WIND_COMPONENT', 'LAND_SFC_PRESSURE', 'MARINE_SFC_PRESSURE']
 Reference levels:  (1014, 950, 900, 850, 800, 750, 700, 650, 600, 550, 500, 450, 400, 350, 300, 250, 200, 150, 90, 50, 25, 10, 5, 2.5, 1)

 Successfully created the directory /work/cmcc/gc02720/CMCC-CM/basic_diag/arc2/2017-10-03-43200 
 Center layers:  [982.0, 925.0, 875.0, 825.0, 775.0, 725.0, 675.0, 625.0, 575.0, 525.0, 475.0, 425.0, 375.0, 325.0, 275.0, 225.0, 175.0, 120.0, 70.0, 37.5, 17.5, 7.5, 3.75, 1.75]

 Start the computation...

 dir to process:  ['arc2-2017-10-03-43200']

 dir:  /work/cmcc/gc02720/CMCC-CM/archive/arc2/arc2-2017-10-03-43200
 dir number  1  out of  1
 listdb=  ['/work/cmcc/gc02720/CMCC-CM/archive/arc2/arc2-2017-10-03-43200/arc2.spreads.ARC.1.2017-10-03-43200.db', '/work/cmcc/gc02720/CMCC-CM/archive/arc2/arc2-2017-10-03-43200/arc2.spreads.ARC.2.2017-10-03-43200.db', '/work/cmcc/gc02720/CMCC-CM/archive/arc2/arc2-2017-10-03-43200/arc2.spreads.ARC.3.2017-10-03-43200.db']
 listdb len=  3
 maskdb=  [1, 1, 1]
 maskdb len=  3
 loading info from:  /work/cmcc/gc02720/CMCC-CM/archive/arc2/arc2-2017-10-03-43200/arc2.spreads.ARC.1.2017-10-03-43200.db
 loading info from:  /work/cmcc/gc02720/CMCC-CM/archive/arc2/arc2-2017-10-03-43200/arc2.spreads.ARC.2.2017-10-03-43200.db
 loading info from:  /work/cmcc/gc02720/CMCC-CM/archive/arc2/arc2-2017-10-03-43200/arc2.spreads.ARC.3.2017-10-03-43200.db

 processing obs:  RADIOSONDE_U_WIND_COMPONENT
 region:  Global
 No obs:  RADIOSONDE_U_WIND_COMPONENT  in region:  Global  at this time.
 region:  NH
 No obs:  RADIOSONDE_U_WIND_COMPONENT  in region:  NH  at this time.
 region:  SH
 No obs:  RADIOSONDE_U_WIND_COMPONENT  in region:  SH  at this time.
 region:  TR
 No obs:  RADIOSONDE_U_WIND_COMPONENT  in region:  TR  at this time.

 processing obs:  RADIOSONDE_V_WIND_COMPONENT
 region:  Global
 No obs:  RADIOSONDE_V_WIND_COMPONENT  in region:  Global  at this time.
 region:  NH
 No obs:  RADIOSONDE_V_WIND_COMPONENT  in region:  NH  at this time.
 region:  SH
 No obs:  RADIOSONDE_V_WIND_COMPONENT  in region:  SH  at this time.
 region:  TR
 No obs:  RADIOSONDE_V_WIND_COMPONENT  in region:  TR  at this time.

 processing obs:  RADIOSONDE_TEMPERATURE
 region:  Global
 No obs:  RADIOSONDE_TEMPERATURE  in region:  Global  at this time.
 region:  NH
 No obs:  RADIOSONDE_TEMPERATURE  in region:  NH  at this time.
 region:  SH
 No obs:  RADIOSONDE_TEMPERATURE  in region:  SH  at this time.
 region:  TR
 No obs:  RADIOSONDE_TEMPERATURE  in region:  TR  at this time.

 processing obs:  AIRCRAFT_U_WIND_COMPONENT
 region:  Global
0       0.310137
1       1.434442
2      -1.369158
3      -1.936537
4      -2.356813
          ...   
3398   -0.405437
3399   -0.456011
3400    0.161918
3401    0.981055
3402   -2.692916
Name: obs-prior, Length: 3403, dtype: float64
0       0.310137
1       1.434442
2      -1.369158
3      -1.936537
4      -2.356813
          ...   
3398   -0.405437
3399   -0.456011
3400    0.161918
3401    0.981055
3402   -2.692916
Name: obs-prior, Length: 3403, dtype: float64
0       0.310137
1       1.434442
2      -1.369158
3      -1.936537
4      -2.356813
          ...   
3398   -0.405437
3399   -0.456011
3400    0.161918
3401    0.981055
3402   -2.692916
Name: obs-prior, Length: 3403, dtype: float64
0       0.310137
1       1.434442
2      -1.369158
3      -1.936537
4      -2.356813
          ...   
3398   -0.405437
3399   -0.456011
3400    0.161918
3401    0.981055
3402   -2.692916
Name: obs-prior, Length: 3403, dtype: float64
0       0.310137
1       1.434442
2      -1.369158
3      -1.936537
4      -2.356813
          ...   
3398   -0.405437
3399   -0.456011
3400    0.161918
3401    0.981055
3402   -2.692916
Name: obs-prior, Length: 3403, dtype: float64
0       0.310137
1       1.434442
2      -1.369158
3      -1.936537
4      -2.356813
          ...   
3398   -0.405437
3399   -0.456011
3400    0.161918
3401    0.981055
3402   -2.692916
Name: obs-prior, Length: 3403, dtype: float64
0       0.310137
1       1.434442
2      -1.369158
3      -1.936537
4      -2.356813
          ...   
3398   -0.405437
3399   -0.456011
3400    0.161918
3401    0.981055
3402   -2.692916
Name: obs-prior, Length: 3403, dtype: float64
0       0.310137
1       1.434442
2      -1.369158
3      -1.936537
4      -2.356813
          ...   
3398   -0.405437
3399   -0.456011
3400    0.161918
3401    0.981055
3402   -2.692916
Name: obs-prior, Length: 3403, dtype: float64
0       0.310137
1       1.434442
2      -1.369158
3      -1.936537
4      -2.356813
          ...   
3398   -0.405437
3399   -0.456011
3400    0.161918
3401    0.981055
3402   -2.692916
Name: obs-prior, Length: 3403, dtype: float64
0       0.310137
1       1.434442
2      -1.369158
3      -1.936537
4      -2.356813
          ...   
3398   -0.405437
3399   -0.456011
3400    0.161918
3401    0.981055
3402   -2.692916
Name: obs-prior, Length: 3403, dtype: float64
0       0.310137
1       1.434442
2      -1.369158
3      -1.936537
4      -2.356813
          ...   
3398   -0.405437
3399   -0.456011
3400    0.161918
3401    0.981055
3402   -2.692916
Name: obs-prior, Length: 3403, dtype: float64
0       0.310137
1       1.434442
2      -1.369158
3      -1.936537
4      -2.356813
          ...   
3398   -0.405437
3399   -0.456011
3400    0.161918
3401    0.981055
3402   -2.692916
Name: obs-prior, Length: 3403, dtype: float64
0       0.310137
1       1.434442
2      -1.369158
3      -1.936537
4      -2.356813
          ...   
3398   -0.405437
3399   -0.456011
3400    0.161918
3401    0.981055
3402   -2.692916
Name: obs-prior, Length: 3403, dtype: float64
0       0.310137
1       1.434442
2      -1.369158
3      -1.936537
4      -2.356813
          ...   
3398   -0.405437
3399   -0.456011
3400    0.161918
3401    0.981055
3402   -2.692916
Name: obs-prior, Length: 3403, dtype: float64
0       0.310137
1       1.434442
2      -1.369158
3      -1.936537
4      -2.356813
          ...   
3398   -0.405437
3399   -0.456011
3400    0.161918
3401    0.981055
3402   -2.692916
Name: obs-prior, Length: 3403, dtype: float64
0       0.310137
1       1.434442
2      -1.369158
3      -1.936537
4      -2.356813
          ...   
3398   -0.405437
3399   -0.456011
3400    0.161918
3401    0.981055
3402   -2.692916
Name: obs-prior, Length: 3403, dtype: float64
0       0.310137
1       1.434442
2      -1.369158
3      -1.936537
4      -2.356813
          ...   
3398   -0.405437
3399   -0.456011
3400    0.161918
3401    0.981055
3402   -2.692916
Name: obs-prior, Length: 3403, dtype: float64
0       0.310137
1       1.434442
2      -1.369158
3      -1.936537
4      -2.356813
          ...   
3398   -0.405437
3399   -0.456011
3400    0.161918
3401    0.981055
3402   -2.692916
Name: obs-prior, Length: 3403, dtype: float64
 region:  NH
0      -1.369158
1      -1.936537
2       2.460792
3       1.527868
4      -0.115971
          ...   
1921   -0.405437
1922   -0.456011
1923    0.161918
1924    0.981055
1925   -2.692916
Name: obs-prior, Length: 1926, dtype: float64
0      -1.369158
1      -1.936537
2       2.460792
3       1.527868
4      -0.115971
          ...   
1921   -0.405437
1922   -0.456011
1923    0.161918
1924    0.981055
1925   -2.692916
Name: obs-prior, Length: 1926, dtype: float64
0      -1.369158
1      -1.936537
2       2.460792
3       1.527868
4      -0.115971
          ...   
1921   -0.405437
1922   -0.456011
1923    0.161918
1924    0.981055
1925   -2.692916
Name: obs-prior, Length: 1926, dtype: float64
0      -1.369158
1      -1.936537
2       2.460792
3       1.527868
4      -0.115971
          ...   
1921   -0.405437
1922   -0.456011
1923    0.161918
1924    0.981055
1925   -2.692916
Name: obs-prior, Length: 1926, dtype: float64
0      -1.369158
1      -1.936537
2       2.460792
3       1.527868
4      -0.115971
          ...   
1921   -0.405437
1922   -0.456011
1923    0.161918
1924    0.981055
1925   -2.692916
Name: obs-prior, Length: 1926, dtype: float64
0      -1.369158
1      -1.936537
2       2.460792
3       1.527868
4      -0.115971
          ...   
1921   -0.405437
1922   -0.456011
1923    0.161918
1924    0.981055
1925   -2.692916
Name: obs-prior, Length: 1926, dtype: float64
0      -1.369158
1      -1.936537
2       2.460792
3       1.527868
4      -0.115971
          ...   
1921   -0.405437
1922   -0.456011
1923    0.161918
1924    0.981055
1925   -2.692916
Name: obs-prior, Length: 1926, dtype: float64
0      -1.369158
1      -1.936537
2       2.460792
3       1.527868
4      -0.115971
          ...   
1921   -0.405437
1922   -0.456011
1923    0.161918
1924    0.981055
1925   -2.692916
Name: obs-prior, Length: 1926, dtype: float64
0      -1.369158
1      -1.936537
2       2.460792
3       1.527868
4      -0.115971
          ...   
1921   -0.405437
1922   -0.456011
1923    0.161918
1924    0.981055
1925   -2.692916
Name: obs-prior, Length: 1926, dtype: float64
0      -1.369158
1      -1.936537
2       2.460792
3       1.527868
4      -0.115971
          ...   
1921   -0.405437
1922   -0.456011
1923    0.161918
1924    0.981055
1925   -2.692916
Name: obs-prior, Length: 1926, dtype: float64
0      -1.369158
1      -1.936537
2       2.460792
3       1.527868
4      -0.115971
          ...   
1921   -0.405437
1922   -0.456011
1923    0.161918
1924    0.981055
1925   -2.692916
Name: obs-prior, Length: 1926, dtype: float64
0      -1.369158
1      -1.936537
2       2.460792
3       1.527868
4      -0.115971
          ...   
1921   -0.405437
1922   -0.456011
1923    0.161918
1924    0.981055
1925   -2.692916
Name: obs-prior, Length: 1926, dtype: float64
0      -1.369158
1      -1.936537
2       2.460792
3       1.527868
4      -0.115971
          ...   
1921   -0.405437
1922   -0.456011
1923    0.161918
1924    0.981055
1925   -2.692916
Name: obs-prior, Length: 1926, dtype: float64
0      -1.369158
1      -1.936537
2       2.460792
3       1.527868
4      -0.115971
          ...   
1921   -0.405437
1922   -0.456011
1923    0.161918
1924    0.981055
1925   -2.692916
Name: obs-prior, Length: 1926, dtype: float64
0      -1.369158
1      -1.936537
2       2.460792
3       1.527868
4      -0.115971
          ...   
1921   -0.405437
1922   -0.456011
1923    0.161918
1924    0.981055
1925   -2.692916
Name: obs-prior, Length: 1926, dtype: float64
0      -1.369158
1      -1.936537
2       2.460792
3       1.527868
4      -0.115971
          ...   
1921   -0.405437
1922   -0.456011
1923    0.161918
1924    0.981055
1925   -2.692916
Name: obs-prior, Length: 1926, dtype: float64
0      -1.369158
1      -1.936537
2       2.460792
3       1.527868
4      -0.115971
          ...   
1921   -0.405437
1922   -0.456011
1923    0.161918
1924    0.981055
1925   -2.692916
Name: obs-prior, Length: 1926, dtype: float64
0      -1.369158
1      -1.936537
2       2.460792
3       1.527868
4      -0.115971
          ...   
1921   -0.405437
1922   -0.456011
1923    0.161918
1924    0.981055
1925   -2.692916
Name: obs-prior, Length: 1926, dtype: float64
 region:  SH
0      3.133438
1     -5.554624
2      3.198675
3     -0.407875
4      0.953171
         ...   
249    2.620433
250    1.656738
251    3.112056
252   -1.150315
253   -2.501907
Name: obs-prior, Length: 254, dtype: float64
0      3.133438
1     -5.554624
2      3.198675
3     -0.407875
4      0.953171
         ...   
249    2.620433
250    1.656738
251    3.112056
252   -1.150315
253   -2.501907
Name: obs-prior, Length: 254, dtype: float64
0      3.133438
1     -5.554624
2      3.198675
3     -0.407875
4      0.953171
         ...   
249    2.620433
250    1.656738
251    3.112056
252   -1.150315
253   -2.501907
Name: obs-prior, Length: 254, dtype: float64
0      3.133438
1     -5.554624
2      3.198675
3     -0.407875
4      0.953171
         ...   
249    2.620433
250    1.656738
251    3.112056
252   -1.150315
253   -2.501907
Name: obs-prior, Length: 254, dtype: float64
0      3.133438
1     -5.554624
2      3.198675
3     -0.407875
4      0.953171
         ...   
249    2.620433
250    1.656738
251    3.112056
252   -1.150315
253   -2.501907
Name: obs-prior, Length: 254, dtype: float64
0      3.133438
1     -5.554624
2      3.198675
3     -0.407875
4      0.953171
         ...   
249    2.620433
250    1.656738
251    3.112056
252   -1.150315
253   -2.501907
Name: obs-prior, Length: 254, dtype: float64
0      3.133438
1     -5.554624
2      3.198675
3     -0.407875
4      0.953171
         ...   
249    2.620433
250    1.656738
251    3.112056
252   -1.150315
253   -2.501907
Name: obs-prior, Length: 254, dtype: float64
0      3.133438
1     -5.554624
2      3.198675
3     -0.407875
4      0.953171
         ...   
249    2.620433
250    1.656738
251    3.112056
252   -1.150315
253   -2.501907
Name: obs-prior, Length: 254, dtype: float64
0      3.133438
1     -5.554624
2      3.198675
3     -0.407875
4      0.953171
         ...   
249    2.620433
250    1.656738
251    3.112056
252   -1.150315
253   -2.501907
Name: obs-prior, Length: 254, dtype: float64
0      3.133438
1     -5.554624
2      3.198675
3     -0.407875
4      0.953171
         ...   
249    2.620433
250    1.656738
251    3.112056
252   -1.150315
253   -2.501907
Name: obs-prior, Length: 254, dtype: float64
0      3.133438
1     -5.554624
2      3.198675
3     -0.407875
4      0.953171
         ...   
249    2.620433
250    1.656738
251    3.112056
252   -1.150315
253   -2.501907
Name: obs-prior, Length: 254, dtype: float64
0      3.133438
1     -5.554624
2      3.198675
3     -0.407875
4      0.953171
         ...   
249    2.620433
250    1.656738
251    3.112056
252   -1.150315
253   -2.501907
Name: obs-prior, Length: 254, dtype: float64
0      3.133438
1     -5.554624
2      3.198675
3     -0.407875
4      0.953171
         ...   
249    2.620433
250    1.656738
251    3.112056
252   -1.150315
253   -2.501907
Name: obs-prior, Length: 254, dtype: float64
0      3.133438
1     -5.554624
2      3.198675
3     -0.407875
4      0.953171
         ...   
249    2.620433
250    1.656738
251    3.112056
252   -1.150315
253   -2.501907
Name: obs-prior, Length: 254, dtype: float64
0      3.133438
1     -5.554624
2      3.198675
3     -0.407875
4      0.953171
         ...   
249    2.620433
250    1.656738
251    3.112056
252   -1.150315
253   -2.501907
Name: obs-prior, Length: 254, dtype: float64
0      3.133438
1     -5.554624
2      3.198675
3     -0.407875
4      0.953171
         ...   
249    2.620433
250    1.656738
251    3.112056
252   -1.150315
253   -2.501907
Name: obs-prior, Length: 254, dtype: float64
0      3.133438
1     -5.554624
2      3.198675
3     -0.407875
4      0.953171
         ...   
249    2.620433
250    1.656738
251    3.112056
252   -1.150315
253   -2.501907
Name: obs-prior, Length: 254, dtype: float64
 region:  TR
0       0.310137
1       1.434442
2      -2.356813
3      -0.984007
4       1.921830
          ...   
1218    1.509717
1219    1.108975
1220    1.346422
1221    1.198162
1222   -0.975576
Name: obs-prior, Length: 1223, dtype: float64
0       0.310137
1       1.434442
2      -2.356813
3      -0.984007
4       1.921830
          ...   
1218    1.509717
1219    1.108975
1220    1.346422
1221    1.198162
1222   -0.975576
Name: obs-prior, Length: 1223, dtype: float64
0       0.310137
1       1.434442
2      -2.356813
3      -0.984007
4       1.921830
          ...   
1218    1.509717
1219    1.108975
1220    1.346422
1221    1.198162
1222   -0.975576
Name: obs-prior, Length: 1223, dtype: float64
0       0.310137
1       1.434442
2      -2.356813
3      -0.984007
4       1.921830
          ...   
1218    1.509717
1219    1.108975
1220    1.346422
1221    1.198162
1222   -0.975576
Name: obs-prior, Length: 1223, dtype: float64
0       0.310137
1       1.434442
2      -2.356813
3      -0.984007
4       1.921830
          ...   
1218    1.509717
1219    1.108975
1220    1.346422
1221    1.198162
1222   -0.975576
Name: obs-prior, Length: 1223, dtype: float64
0       0.310137
1       1.434442
2      -2.356813
3      -0.984007
4       1.921830
          ...   
1218    1.509717
1219    1.108975
1220    1.346422
1221    1.198162
1222   -0.975576
Name: obs-prior, Length: 1223, dtype: float64
0       0.310137
1       1.434442
2      -2.356813
3      -0.984007
4       1.921830
          ...   
1218    1.509717
1219    1.108975
1220    1.346422
1221    1.198162
1222   -0.975576
Name: obs-prior, Length: 1223, dtype: float64
0       0.310137
1       1.434442
2      -2.356813
3      -0.984007
4       1.921830
          ...   
1218    1.509717
1219    1.108975
1220    1.346422
1221    1.198162
1222   -0.975576
Name: obs-prior, Length: 1223, dtype: float64
0       0.310137
1       1.434442
2      -2.356813
3      -0.984007
4       1.921830
          ...   
1218    1.509717
1219    1.108975
1220    1.346422
1221    1.198162
1222   -0.975576
Name: obs-prior, Length: 1223, dtype: float64
0       0.310137
1       1.434442
2      -2.356813
3      -0.984007
4       1.921830
          ...   
1218    1.509717
1219    1.108975
1220    1.346422
1221    1.198162
1222   -0.975576
Name: obs-prior, Length: 1223, dtype: float64
0       0.310137
1       1.434442
2      -2.356813
3      -0.984007
4       1.921830
          ...   
1218    1.509717
1219    1.108975
1220    1.346422
1221    1.198162
1222   -0.975576
Name: obs-prior, Length: 1223, dtype: float64
0       0.310137
1       1.434442
2      -2.356813
3      -0.984007
4       1.921830
          ...   
1218    1.509717
1219    1.108975
1220    1.346422
1221    1.198162
1222   -0.975576
Name: obs-prior, Length: 1223, dtype: float64
0       0.310137
1       1.434442
2      -2.356813
3      -0.984007
4       1.921830
          ...   
1218    1.509717
1219    1.108975
1220    1.346422
1221    1.198162
1222   -0.975576
Name: obs-prior, Length: 1223, dtype: float64
0       0.310137
1       1.434442
2      -2.356813
3      -0.984007
4       1.921830
          ...   
1218    1.509717
1219    1.108975
1220    1.346422
1221    1.198162
1222   -0.975576
Name: obs-prior, Length: 1223, dtype: float64
0       0.310137
1       1.434442
2      -2.356813
3      -0.984007
4       1.921830
          ...   
1218    1.509717
1219    1.108975
1220    1.346422
1221    1.198162
1222   -0.975576
Name: obs-prior, Length: 1223, dtype: float64
0       0.310137
1       1.434442
2      -2.356813
3      -0.984007
4       1.921830
          ...   
1218    1.509717
1219    1.108975
1220    1.346422
1221    1.198162
1222   -0.975576
Name: obs-prior, Length: 1223, dtype: float64
0       0.310137
1       1.434442
2      -2.356813
3      -0.984007
4       1.921830
          ...   
1218    1.509717
1219    1.108975
1220    1.346422
1221    1.198162
1222   -0.975576
Name: obs-prior, Length: 1223, dtype: float64

 processing obs:  AIRCRAFT_V_WIND_COMPONENT
 region:  Global
0      -2.335877
1       1.696473
2       0.581704
3      -2.181449
4       0.318695
          ...   
2758   -2.734252
2759    0.667426
2760    1.590961
2761    1.402566
2762    1.244714
Name: obs-prior, Length: 2763, dtype: float64
0      -2.335877
1       1.696473
2       0.581704
3      -2.181449
4       0.318695
          ...   
2758   -2.734252
2759    0.667426
2760    1.590961
2761    1.402566
2762    1.244714
Name: obs-prior, Length: 2763, dtype: float64
0      -2.335877
1       1.696473
2       0.581704
3      -2.181449
4       0.318695
          ...   
2758   -2.734252
2759    0.667426
2760    1.590961
2761    1.402566
2762    1.244714
Name: obs-prior, Length: 2763, dtype: float64
0      -2.335877
1       1.696473
2       0.581704
3      -2.181449
4       0.318695
          ...   
2758   -2.734252
2759    0.667426
2760    1.590961
2761    1.402566
2762    1.244714
Name: obs-prior, Length: 2763, dtype: float64
0      -2.335877
1       1.696473
2       0.581704
3      -2.181449
4       0.318695
          ...   
2758   -2.734252
2759    0.667426
2760    1.590961
2761    1.402566
2762    1.244714
Name: obs-prior, Length: 2763, dtype: float64
0      -2.335877
1       1.696473
2       0.581704
3      -2.181449
4       0.318695
          ...   
2758   -2.734252
2759    0.667426
2760    1.590961
2761    1.402566
2762    1.244714
Name: obs-prior, Length: 2763, dtype: float64
0      -2.335877
1       1.696473
2       0.581704
3      -2.181449
4       0.318695
          ...   
2758   -2.734252
2759    0.667426
2760    1.590961
2761    1.402566
2762    1.244714
Name: obs-prior, Length: 2763, dtype: float64
0      -2.335877
1       1.696473
2       0.581704
3      -2.181449
4       0.318695
          ...   
2758   -2.734252
2759    0.667426
2760    1.590961
2761    1.402566
2762    1.244714
Name: obs-prior, Length: 2763, dtype: float64
0      -2.335877
1       1.696473
2       0.581704
3      -2.181449
4       0.318695
          ...   
2758   -2.734252
2759    0.667426
2760    1.590961
2761    1.402566
2762    1.244714
Name: obs-prior, Length: 2763, dtype: float64
0      -2.335877
1       1.696473
2       0.581704
3      -2.181449
4       0.318695
          ...   
2758   -2.734252
2759    0.667426
2760    1.590961
2761    1.402566
2762    1.244714
Name: obs-prior, Length: 2763, dtype: float64
0      -2.335877
1       1.696473
2       0.581704
3      -2.181449
4       0.318695
          ...   
2758   -2.734252
2759    0.667426
2760    1.590961
2761    1.402566
2762    1.244714
Name: obs-prior, Length: 2763, dtype: float64
0      -2.335877
1       1.696473
2       0.581704
3      -2.181449
4       0.318695
          ...   
2758   -2.734252
2759    0.667426
2760    1.590961
2761    1.402566
2762    1.244714
Name: obs-prior, Length: 2763, dtype: float64
0      -2.335877
1       1.696473
2       0.581704
3      -2.181449
4       0.318695
          ...   
2758   -2.734252
2759    0.667426
2760    1.590961
2761    1.402566
2762    1.244714
Name: obs-prior, Length: 2763, dtype: float64
0      -2.335877
1       1.696473
2       0.581704
3      -2.181449
4       0.318695
          ...   
2758   -2.734252
2759    0.667426
2760    1.590961
2761    1.402566
2762    1.244714
Name: obs-prior, Length: 2763, dtype: float64
0      -2.335877
1       1.696473
2       0.581704
3      -2.181449
4       0.318695
          ...   
2758   -2.734252
2759    0.667426
2760    1.590961
2761    1.402566
2762    1.244714
Name: obs-prior, Length: 2763, dtype: float64
0      -2.335877
1       1.696473
2       0.581704
3      -2.181449
4       0.318695
          ...   
2758   -2.734252
2759    0.667426
2760    1.590961
2761    1.402566
2762    1.244714
Name: obs-prior, Length: 2763, dtype: float64
0      -2.335877
1       1.696473
2       0.581704
3      -2.181449
4       0.318695
          ...   
2758   -2.734252
2759    0.667426
2760    1.590961
2761    1.402566
2762    1.244714
Name: obs-prior, Length: 2763, dtype: float64
0      -2.335877
1       1.696473
2       0.581704
3      -2.181449
4       0.318695
          ...   
2758   -2.734252
2759    0.667426
2760    1.590961
2761    1.402566
2762    1.244714
Name: obs-prior, Length: 2763, dtype: float64
 region:  NH
0      -2.335877
1       1.696473
2       0.581704
3       0.318695
4      -1.783753
          ...   
1348    1.267355
1349    3.180789
1350   -2.734252
1351    1.590961
1352    1.402566
Name: obs-prior, Length: 1353, dtype: float64
0      -2.335877
1       1.696473
2       0.581704
3       0.318695
4      -1.783753
          ...   
1348    1.267355
1349    3.180789
1350   -2.734252
1351    1.590961
1352    1.402566
Name: obs-prior, Length: 1353, dtype: float64
0      -2.335877
1       1.696473
2       0.581704
3       0.318695
4      -1.783753
          ...   
1348    1.267355
1349    3.180789
1350   -2.734252
1351    1.590961
1352    1.402566
Name: obs-prior, Length: 1353, dtype: float64
0      -2.335877
1       1.696473
2       0.581704
3       0.318695
4      -1.783753
          ...   
1348    1.267355
1349    3.180789
1350   -2.734252
1351    1.590961
1352    1.402566
Name: obs-prior, Length: 1353, dtype: float64
0      -2.335877
1       1.696473
2       0.581704
3       0.318695
4      -1.783753
          ...   
1348    1.267355
1349    3.180789
1350   -2.734252
1351    1.590961
1352    1.402566
Name: obs-prior, Length: 1353, dtype: float64
0      -2.335877
1       1.696473
2       0.581704
3       0.318695
4      -1.783753
          ...   
1348    1.267355
1349    3.180789
1350   -2.734252
1351    1.590961
1352    1.402566
Name: obs-prior, Length: 1353, dtype: float64
0      -2.335877
1       1.696473
2       0.581704
3       0.318695
4      -1.783753
          ...   
1348    1.267355
1349    3.180789
1350   -2.734252
1351    1.590961
1352    1.402566
Name: obs-prior, Length: 1353, dtype: float64
0      -2.335877
1       1.696473
2       0.581704
3       0.318695
4      -1.783753
          ...   
1348    1.267355
1349    3.180789
1350   -2.734252
1351    1.590961
1352    1.402566
Name: obs-prior, Length: 1353, dtype: float64
0      -2.335877
1       1.696473
2       0.581704
3       0.318695
4      -1.783753
          ...   
1348    1.267355
1349    3.180789
1350   -2.734252
1351    1.590961
1352    1.402566
Name: obs-prior, Length: 1353, dtype: float64
0      -2.335877
1       1.696473
2       0.581704
3       0.318695
4      -1.783753
          ...   
1348    1.267355
1349    3.180789
1350   -2.734252
1351    1.590961
1352    1.402566
Name: obs-prior, Length: 1353, dtype: float64
0      -2.335877
1       1.696473
2       0.581704
3       0.318695
4      -1.783753
          ...   
1348    1.267355
1349    3.180789
1350   -2.734252
1351    1.590961
1352    1.402566
Name: obs-prior, Length: 1353, dtype: float64
0      -2.335877
1       1.696473
2       0.581704
3       0.318695
4      -1.783753
          ...   
1348    1.267355
1349    3.180789
1350   -2.734252
1351    1.590961
1352    1.402566
Name: obs-prior, Length: 1353, dtype: float64
0      -2.335877
1       1.696473
2       0.581704
3       0.318695
4      -1.783753
          ...   
1348    1.267355
1349    3.180789
1350   -2.734252
1351    1.590961
1352    1.402566
Name: obs-prior, Length: 1353, dtype: float64
0      -2.335877
1       1.696473
2       0.581704
3       0.318695
4      -1.783753
          ...   
1348    1.267355
1349    3.180789
1350   -2.734252
1351    1.590961
1352    1.402566
Name: obs-prior, Length: 1353, dtype: float64
0      -2.335877
1       1.696473
2       0.581704
3       0.318695
4      -1.783753
          ...   
1348    1.267355
1349    3.180789
1350   -2.734252
1351    1.590961
1352    1.402566
Name: obs-prior, Length: 1353, dtype: float64
0      -2.335877
1       1.696473
2       0.581704
3       0.318695
4      -1.783753
          ...   
1348    1.267355
1349    3.180789
1350   -2.734252
1351    1.590961
1352    1.402566
Name: obs-prior, Length: 1353, dtype: float64
0      -2.335877
1       1.696473
2       0.581704
3       0.318695
4      -1.783753
          ...   
1348    1.267355
1349    3.180789
1350   -2.734252
1351    1.590961
1352    1.402566
Name: obs-prior, Length: 1353, dtype: float64
0      -2.335877
1       1.696473
2       0.581704
3       0.318695
4      -1.783753
          ...   
1348    1.267355
1349    3.180789
1350   -2.734252
1351    1.590961
1352    1.402566
Name: obs-prior, Length: 1353, dtype: float64
 region:  SH
0      2.590249
1      0.904128
2      0.277425
3     -0.889714
4      1.591030
         ...   
225    2.292026
226   -1.412048
227   -2.301133
228    0.749036
229   -0.088025
Name: obs-prior, Length: 230, dtype: float64
0      2.590249
1      0.904128
2      0.277425
3     -0.889714
4      1.591030
         ...   
225    2.292026
226   -1.412048
227   -2.301133
228    0.749036
229   -0.088025
Name: obs-prior, Length: 230, dtype: float64
0      2.590249
1      0.904128
2      0.277425
3     -0.889714
4      1.591030
         ...   
225    2.292026
226   -1.412048
227   -2.301133
228    0.749036
229   -0.088025
Name: obs-prior, Length: 230, dtype: float64
0      2.590249
1      0.904128
2      0.277425
3     -0.889714
4      1.591030
         ...   
225    2.292026
226   -1.412048
227   -2.301133
228    0.749036
229   -0.088025
Name: obs-prior, Length: 230, dtype: float64
0      2.590249
1      0.904128
2      0.277425
3     -0.889714
4      1.591030
         ...   
225    2.292026
226   -1.412048
227   -2.301133
228    0.749036
229   -0.088025
Name: obs-prior, Length: 230, dtype: float64
0      2.590249
1      0.904128
2      0.277425
3     -0.889714
4      1.591030
         ...   
225    2.292026
226   -1.412048
227   -2.301133
228    0.749036
229   -0.088025
Name: obs-prior, Length: 230, dtype: float64
0      2.590249
1      0.904128
2      0.277425
3     -0.889714
4      1.591030
         ...   
225    2.292026
226   -1.412048
227   -2.301133
228    0.749036
229   -0.088025
Name: obs-prior, Length: 230, dtype: float64
0      2.590249
1      0.904128
2      0.277425
3     -0.889714
4      1.591030
         ...   
225    2.292026
226   -1.412048
227   -2.301133
228    0.749036
229   -0.088025
Name: obs-prior, Length: 230, dtype: float64
0      2.590249
1      0.904128
2      0.277425
3     -0.889714
4      1.591030
         ...   
225    2.292026
226   -1.412048
227   -2.301133
228    0.749036
229   -0.088025
Name: obs-prior, Length: 230, dtype: float64
0      2.590249
1      0.904128
2      0.277425
3     -0.889714
4      1.591030
         ...   
225    2.292026
226   -1.412048
227   -2.301133
228    0.749036
229   -0.088025
Name: obs-prior, Length: 230, dtype: float64
0      2.590249
1      0.904128
2      0.277425
3     -0.889714
4      1.591030
         ...   
225    2.292026
226   -1.412048
227   -2.301133
228    0.749036
229   -0.088025
Name: obs-prior, Length: 230, dtype: float64
0      2.590249
1      0.904128
2      0.277425
3     -0.889714
4      1.591030
         ...   
225    2.292026
226   -1.412048
227   -2.301133
228    0.749036
229   -0.088025
Name: obs-prior, Length: 230, dtype: float64
0      2.590249
1      0.904128
2      0.277425
3     -0.889714
4      1.591030
         ...   
225    2.292026
226   -1.412048
227   -2.301133
228    0.749036
229   -0.088025
Name: obs-prior, Length: 230, dtype: float64
0      2.590249
1      0.904128
2      0.277425
3     -0.889714
4      1.591030
         ...   
225    2.292026
226   -1.412048
227   -2.301133
228    0.749036
229   -0.088025
Name: obs-prior, Length: 230, dtype: float64
0      2.590249
1      0.904128
2      0.277425
3     -0.889714
4      1.591030
         ...   
225    2.292026
226   -1.412048
227   -2.301133
228    0.749036
229   -0.088025
Name: obs-prior, Length: 230, dtype: float64
0      2.590249
1      0.904128
2      0.277425
3     -0.889714
4      1.591030
         ...   
225    2.292026
226   -1.412048
227   -2.301133
228    0.749036
229   -0.088025
Name: obs-prior, Length: 230, dtype: float64
0      2.590249
1      0.904128
2      0.277425
3     -0.889714
4      1.591030
         ...   
225    2.292026
226   -1.412048
227   -2.301133
228    0.749036
229   -0.088025
Name: obs-prior, Length: 230, dtype: float64
 region:  TR
0      -2.181449
1      -0.240511
2      -1.326505
3       2.247318
4      -2.812867
          ...   
1175    2.840587
1176   -0.388989
1177    2.952343
1178    0.667426
1179    1.244714
Name: obs-prior, Length: 1180, dtype: float64
0      -2.181449
1      -0.240511
2      -1.326505
3       2.247318
4      -2.812867
          ...   
1175    2.840587
1176   -0.388989
1177    2.952343
1178    0.667426
1179    1.244714
Name: obs-prior, Length: 1180, dtype: float64
0      -2.181449
1      -0.240511
2      -1.326505
3       2.247318
4      -2.812867
          ...   
1175    2.840587
1176   -0.388989
1177    2.952343
1178    0.667426
1179    1.244714
Name: obs-prior, Length: 1180, dtype: float64
0      -2.181449
1      -0.240511
2      -1.326505
3       2.247318
4      -2.812867
          ...   
1175    2.840587
1176   -0.388989
1177    2.952343
1178    0.667426
1179    1.244714
Name: obs-prior, Length: 1180, dtype: float64
0      -2.181449
1      -0.240511
2      -1.326505
3       2.247318
4      -2.812867
          ...   
1175    2.840587
1176   -0.388989
1177    2.952343
1178    0.667426
1179    1.244714
Name: obs-prior, Length: 1180, dtype: float64
0      -2.181449
1      -0.240511
2      -1.326505
3       2.247318
4      -2.812867
          ...   
1175    2.840587
1176   -0.388989
1177    2.952343
1178    0.667426
1179    1.244714
Name: obs-prior, Length: 1180, dtype: float64
0      -2.181449
1      -0.240511
2      -1.326505
3       2.247318
4      -2.812867
          ...   
1175    2.840587
1176   -0.388989
1177    2.952343
1178    0.667426
1179    1.244714
Name: obs-prior, Length: 1180, dtype: float64
0      -2.181449
1      -0.240511
2      -1.326505
3       2.247318
4      -2.812867
          ...   
1175    2.840587
1176   -0.388989
1177    2.952343
1178    0.667426
1179    1.244714
Name: obs-prior, Length: 1180, dtype: float64
0      -2.181449
1      -0.240511
2      -1.326505
3       2.247318
4      -2.812867
          ...   
1175    2.840587
1176   -0.388989
1177    2.952343
1178    0.667426
1179    1.244714
Name: obs-prior, Length: 1180, dtype: float64
0      -2.181449
1      -0.240511
2      -1.326505
3       2.247318
4      -2.812867
          ...   
1175    2.840587
1176   -0.388989
1177    2.952343
1178    0.667426
1179    1.244714
Name: obs-prior, Length: 1180, dtype: float64
0      -2.181449
1      -0.240511
2      -1.326505
3       2.247318
4      -2.812867
          ...   
1175    2.840587
1176   -0.388989
1177    2.952343
1178    0.667426
1179    1.244714
Name: obs-prior, Length: 1180, dtype: float64
0      -2.181449
1      -0.240511
2      -1.326505
3       2.247318
4      -2.812867
          ...   
1175    2.840587
1176   -0.388989
1177    2.952343
1178    0.667426
1179    1.244714
Name: obs-prior, Length: 1180, dtype: float64
0      -2.181449
1      -0.240511
2      -1.326505
3       2.247318
4      -2.812867
          ...   
1175    2.840587
1176   -0.388989
1177    2.952343
1178    0.667426
1179    1.244714
Name: obs-prior, Length: 1180, dtype: float64
0      -2.181449
1      -0.240511
2      -1.326505
3       2.247318
4      -2.812867
          ...   
1175    2.840587
1176   -0.388989
1177    2.952343
1178    0.667426
1179    1.244714
Name: obs-prior, Length: 1180, dtype: float64
0      -2.181449
1      -0.240511
2      -1.326505
3       2.247318
4      -2.812867
          ...   
1175    2.840587
1176   -0.388989
1177    2.952343
1178    0.667426
1179    1.244714
Name: obs-prior, Length: 1180, dtype: float64
0      -2.181449
1      -0.240511
2      -1.326505
3       2.247318
4      -2.812867
          ...   
1175    2.840587
1176   -0.388989
1177    2.952343
1178    0.667426
1179    1.244714
Name: obs-prior, Length: 1180, dtype: float64
0      -2.181449
1      -0.240511
2      -1.326505
3       2.247318
4      -2.812867
          ...   
1175    2.840587
1176   -0.388989
1177    2.952343
1178    0.667426
1179    1.244714
Name: obs-prior, Length: 1180, dtype: float64

 processing obs:  AIRCRAFT_TEMPERATURE
 region:  Global
0       0.787432
1      -0.446179
2       0.797352
3      -0.553778
4       1.086106
          ...   
3867    0.110916
3868    0.450092
3869    0.984024
3870    0.602077
3871    1.063596
Name: obs-prior, Length: 3872, dtype: float64
0       0.787432
1      -0.446179
2       0.797352
3      -0.553778
4       1.086106
          ...   
3867    0.110916
3868    0.450092
3869    0.984024
3870    0.602077
3871    1.063596
Name: obs-prior, Length: 3872, dtype: float64
0       0.787432
1      -0.446179
2       0.797352
3      -0.553778
4       1.086106
          ...   
3867    0.110916
3868    0.450092
3869    0.984024
3870    0.602077
3871    1.063596
Name: obs-prior, Length: 3872, dtype: float64
0       0.787432
1      -0.446179
2       0.797352
3      -0.553778
4       1.086106
          ...   
3867    0.110916
3868    0.450092
3869    0.984024
3870    0.602077
3871    1.063596
Name: obs-prior, Length: 3872, dtype: float64
0       0.787432
1      -0.446179
2       0.797352
3      -0.553778
4       1.086106
          ...   
3867    0.110916
3868    0.450092
3869    0.984024
3870    0.602077
3871    1.063596
Name: obs-prior, Length: 3872, dtype: float64
0       0.787432
1      -0.446179
2       0.797352
3      -0.553778
4       1.086106
          ...   
3867    0.110916
3868    0.450092
3869    0.984024
3870    0.602077
3871    1.063596
Name: obs-prior, Length: 3872, dtype: float64
0       0.787432
1      -0.446179
2       0.797352
3      -0.553778
4       1.086106
          ...   
3867    0.110916
3868    0.450092
3869    0.984024
3870    0.602077
3871    1.063596
Name: obs-prior, Length: 3872, dtype: float64
0       0.787432
1      -0.446179
2       0.797352
3      -0.553778
4       1.086106
          ...   
3867    0.110916
3868    0.450092
3869    0.984024
3870    0.602077
3871    1.063596
Name: obs-prior, Length: 3872, dtype: float64
0       0.787432
1      -0.446179
2       0.797352
3      -0.553778
4       1.086106
          ...   
3867    0.110916
3868    0.450092
3869    0.984024
3870    0.602077
3871    1.063596
Name: obs-prior, Length: 3872, dtype: float64
0       0.787432
1      -0.446179
2       0.797352
3      -0.553778
4       1.086106
          ...   
3867    0.110916
3868    0.450092
3869    0.984024
3870    0.602077
3871    1.063596
Name: obs-prior, Length: 3872, dtype: float64
0       0.787432
1      -0.446179
2       0.797352
3      -0.553778
4       1.086106
          ...   
3867    0.110916
3868    0.450092
3869    0.984024
3870    0.602077
3871    1.063596
Name: obs-prior, Length: 3872, dtype: float64
0       0.787432
1      -0.446179
2       0.797352
3      -0.553778
4       1.086106
          ...   
3867    0.110916
3868    0.450092
3869    0.984024
3870    0.602077
3871    1.063596
Name: obs-prior, Length: 3872, dtype: float64
0       0.787432
1      -0.446179
2       0.797352
3      -0.553778
4       1.086106
          ...   
3867    0.110916
3868    0.450092
3869    0.984024
3870    0.602077
3871    1.063596
Name: obs-prior, Length: 3872, dtype: float64
0       0.787432
1      -0.446179
2       0.797352
3      -0.553778
4       1.086106
          ...   
3867    0.110916
3868    0.450092
3869    0.984024
3870    0.602077
3871    1.063596
Name: obs-prior, Length: 3872, dtype: float64
0       0.787432
1      -0.446179
2       0.797352
3      -0.553778
4       1.086106
          ...   
3867    0.110916
3868    0.450092
3869    0.984024
3870    0.602077
3871    1.063596
Name: obs-prior, Length: 3872, dtype: float64
0       0.787432
1      -0.446179
2       0.797352
3      -0.553778
4       1.086106
          ...   
3867    0.110916
3868    0.450092
3869    0.984024
3870    0.602077
3871    1.063596
Name: obs-prior, Length: 3872, dtype: float64
0       0.787432
1      -0.446179
2       0.797352
3      -0.553778
4       1.086106
          ...   
3867    0.110916
3868    0.450092
3869    0.984024
3870    0.602077
3871    1.063596
Name: obs-prior, Length: 3872, dtype: float64
0       0.787432
1      -0.446179
2       0.797352
3      -0.553778
4       1.086106
          ...   
3867    0.110916
3868    0.450092
3869    0.984024
3870    0.602077
3871    1.063596
Name: obs-prior, Length: 3872, dtype: float64
 region:  NH
0      -0.553778
1       1.086106
2      -0.438000
3      -0.399520
4       0.771862
          ...   
2422   -0.228494
2423    0.110916
2424    0.450092
2425    0.602077
2426    1.063596
Name: obs-prior, Length: 2427, dtype: float64
0      -0.553778
1       1.086106
2      -0.438000
3      -0.399520
4       0.771862
          ...   
2422   -0.228494
2423    0.110916
2424    0.450092
2425    0.602077
2426    1.063596
Name: obs-prior, Length: 2427, dtype: float64
0      -0.553778
1       1.086106
2      -0.438000
3      -0.399520
4       0.771862
          ...   
2422   -0.228494
2423    0.110916
2424    0.450092
2425    0.602077
2426    1.063596
Name: obs-prior, Length: 2427, dtype: float64
0      -0.553778
1       1.086106
2      -0.438000
3      -0.399520
4       0.771862
          ...   
2422   -0.228494
2423    0.110916
2424    0.450092
2425    0.602077
2426    1.063596
Name: obs-prior, Length: 2427, dtype: float64
0      -0.553778
1       1.086106
2      -0.438000
3      -0.399520
4       0.771862
          ...   
2422   -0.228494
2423    0.110916
2424    0.450092
2425    0.602077
2426    1.063596
Name: obs-prior, Length: 2427, dtype: float64
0      -0.553778
1       1.086106
2      -0.438000
3      -0.399520
4       0.771862
          ...   
2422   -0.228494
2423    0.110916
2424    0.450092
2425    0.602077
2426    1.063596
Name: obs-prior, Length: 2427, dtype: float64
0      -0.553778
1       1.086106
2      -0.438000
3      -0.399520
4       0.771862
          ...   
2422   -0.228494
2423    0.110916
2424    0.450092
2425    0.602077
2426    1.063596
Name: obs-prior, Length: 2427, dtype: float64
0      -0.553778
1       1.086106
2      -0.438000
3      -0.399520
4       0.771862
          ...   
2422   -0.228494
2423    0.110916
2424    0.450092
2425    0.602077
2426    1.063596
Name: obs-prior, Length: 2427, dtype: float64
0      -0.553778
1       1.086106
2      -0.438000
3      -0.399520
4       0.771862
          ...   
2422   -0.228494
2423    0.110916
2424    0.450092
2425    0.602077
2426    1.063596
Name: obs-prior, Length: 2427, dtype: float64
0      -0.553778
1       1.086106
2      -0.438000
3      -0.399520
4       0.771862
          ...   
2422   -0.228494
2423    0.110916
2424    0.450092
2425    0.602077
2426    1.063596
Name: obs-prior, Length: 2427, dtype: float64
0      -0.553778
1       1.086106
2      -0.438000
3      -0.399520
4       0.771862
          ...   
2422   -0.228494
2423    0.110916
2424    0.450092
2425    0.602077
2426    1.063596
Name: obs-prior, Length: 2427, dtype: float64
0      -0.553778
1       1.086106
2      -0.438000
3      -0.399520
4       0.771862
          ...   
2422   -0.228494
2423    0.110916
2424    0.450092
2425    0.602077
2426    1.063596
Name: obs-prior, Length: 2427, dtype: float64
0      -0.553778
1       1.086106
2      -0.438000
3      -0.399520
4       0.771862
          ...   
2422   -0.228494
2423    0.110916
2424    0.450092
2425    0.602077
2426    1.063596
Name: obs-prior, Length: 2427, dtype: float64
0      -0.553778
1       1.086106
2      -0.438000
3      -0.399520
4       0.771862
          ...   
2422   -0.228494
2423    0.110916
2424    0.450092
2425    0.602077
2426    1.063596
Name: obs-prior, Length: 2427, dtype: float64
0      -0.553778
1       1.086106
2      -0.438000
3      -0.399520
4       0.771862
          ...   
2422   -0.228494
2423    0.110916
2424    0.450092
2425    0.602077
2426    1.063596
Name: obs-prior, Length: 2427, dtype: float64
0      -0.553778
1       1.086106
2      -0.438000
3      -0.399520
4       0.771862
          ...   
2422   -0.228494
2423    0.110916
2424    0.450092
2425    0.602077
2426    1.063596
Name: obs-prior, Length: 2427, dtype: float64
0      -0.553778
1       1.086106
2      -0.438000
3      -0.399520
4       0.771862
          ...   
2422   -0.228494
2423    0.110916
2424    0.450092
2425    0.602077
2426    1.063596
Name: obs-prior, Length: 2427, dtype: float64
0      -0.553778
1       1.086106
2      -0.438000
3      -0.399520
4       0.771862
          ...   
2422   -0.228494
2423    0.110916
2424    0.450092
2425    0.602077
2426    1.063596
Name: obs-prior, Length: 2427, dtype: float64
 region:  SH
0      0.797352
1      0.620792
2      0.638157
3      0.731129
4      1.186816
         ...   
286   -0.604878
287    0.837317
288   -0.534090
289    0.485608
290    0.190516
Name: obs-prior, Length: 291, dtype: float64
0      0.797352
1      0.620792
2      0.638157
3      0.731129
4      1.186816
         ...   
286   -0.604878
287    0.837317
288   -0.534090
289    0.485608
290    0.190516
Name: obs-prior, Length: 291, dtype: float64
0      0.797352
1      0.620792
2      0.638157
3      0.731129
4      1.186816
         ...   
286   -0.604878
287    0.837317
288   -0.534090
289    0.485608
290    0.190516
Name: obs-prior, Length: 291, dtype: float64
0      0.797352
1      0.620792
2      0.638157
3      0.731129
4      1.186816
         ...   
286   -0.604878
287    0.837317
288   -0.534090
289    0.485608
290    0.190516
Name: obs-prior, Length: 291, dtype: float64
0      0.797352
1      0.620792
2      0.638157
3      0.731129
4      1.186816
         ...   
286   -0.604878
287    0.837317
288   -0.534090
289    0.485608
290    0.190516
Name: obs-prior, Length: 291, dtype: float64
0      0.797352
1      0.620792
2      0.638157
3      0.731129
4      1.186816
         ...   
286   -0.604878
287    0.837317
288   -0.534090
289    0.485608
290    0.190516
Name: obs-prior, Length: 291, dtype: float64
0      0.797352
1      0.620792
2      0.638157
3      0.731129
4      1.186816
         ...   
286   -0.604878
287    0.837317
288   -0.534090
289    0.485608
290    0.190516
Name: obs-prior, Length: 291, dtype: float64
0      0.797352
1      0.620792
2      0.638157
3      0.731129
4      1.186816
         ...   
286   -0.604878
287    0.837317
288   -0.534090
289    0.485608
290    0.190516
Name: obs-prior, Length: 291, dtype: float64
0      0.797352
1      0.620792
2      0.638157
3      0.731129
4      1.186816
         ...   
286   -0.604878
287    0.837317
288   -0.534090
289    0.485608
290    0.190516
Name: obs-prior, Length: 291, dtype: float64
0      0.797352
1      0.620792
2      0.638157
3      0.731129
4      1.186816
         ...   
286   -0.604878
287    0.837317
288   -0.534090
289    0.485608
290    0.190516
Name: obs-prior, Length: 291, dtype: float64
0      0.797352
1      0.620792
2      0.638157
3      0.731129
4      1.186816
         ...   
286   -0.604878
287    0.837317
288   -0.534090
289    0.485608
290    0.190516
Name: obs-prior, Length: 291, dtype: float64
0      0.797352
1      0.620792
2      0.638157
3      0.731129
4      1.186816
         ...   
286   -0.604878
287    0.837317
288   -0.534090
289    0.485608
290    0.190516
Name: obs-prior, Length: 291, dtype: float64
0      0.797352
1      0.620792
2      0.638157
3      0.731129
4      1.186816
         ...   
286   -0.604878
287    0.837317
288   -0.534090
289    0.485608
290    0.190516
Name: obs-prior, Length: 291, dtype: float64
0      0.797352
1      0.620792
2      0.638157
3      0.731129
4      1.186816
         ...   
286   -0.604878
287    0.837317
288   -0.534090
289    0.485608
290    0.190516
Name: obs-prior, Length: 291, dtype: float64
0      0.797352
1      0.620792
2      0.638157
3      0.731129
4      1.186816
         ...   
286   -0.604878
287    0.837317
288   -0.534090
289    0.485608
290    0.190516
Name: obs-prior, Length: 291, dtype: float64
0      0.797352
1      0.620792
2      0.638157
3      0.731129
4      1.186816
         ...   
286   -0.604878
287    0.837317
288   -0.534090
289    0.485608
290    0.190516
Name: obs-prior, Length: 291, dtype: float64
0      0.797352
1      0.620792
2      0.638157
3      0.731129
4      1.186816
         ...   
286   -0.604878
287    0.837317
288   -0.534090
289    0.485608
290    0.190516
Name: obs-prior, Length: 291, dtype: float64
 region:  TR
0       0.787432
1      -0.446179
2       0.226957
3       0.446705
4       0.052338
          ...   
1149    0.280223
1150    0.455173
1151    0.280223
1152    0.290088
1153    0.984024
Name: obs-prior, Length: 1154, dtype: float64
0       0.787432
1      -0.446179
2       0.226957
3       0.446705
4       0.052338
          ...   
1149    0.280223
1150    0.455173
1151    0.280223
1152    0.290088
1153    0.984024
Name: obs-prior, Length: 1154, dtype: float64
0       0.787432
1      -0.446179
2       0.226957
3       0.446705
4       0.052338
          ...   
1149    0.280223
1150    0.455173
1151    0.280223
1152    0.290088
1153    0.984024
Name: obs-prior, Length: 1154, dtype: float64
0       0.787432
1      -0.446179
2       0.226957
3       0.446705
4       0.052338
          ...   
1149    0.280223
1150    0.455173
1151    0.280223
1152    0.290088
1153    0.984024
Name: obs-prior, Length: 1154, dtype: float64
0       0.787432
1      -0.446179
2       0.226957
3       0.446705
4       0.052338
          ...   
1149    0.280223
1150    0.455173
1151    0.280223
1152    0.290088
1153    0.984024
Name: obs-prior, Length: 1154, dtype: float64
0       0.787432
1      -0.446179
2       0.226957
3       0.446705
4       0.052338
          ...   
1149    0.280223
1150    0.455173
1151    0.280223
1152    0.290088
1153    0.984024
Name: obs-prior, Length: 1154, dtype: float64
0       0.787432
1      -0.446179
2       0.226957
3       0.446705
4       0.052338
          ...   
1149    0.280223
1150    0.455173
1151    0.280223
1152    0.290088
1153    0.984024
Name: obs-prior, Length: 1154, dtype: float64
0       0.787432
1      -0.446179
2       0.226957
3       0.446705
4       0.052338
          ...   
1149    0.280223
1150    0.455173
1151    0.280223
1152    0.290088
1153    0.984024
Name: obs-prior, Length: 1154, dtype: float64
0       0.787432
1      -0.446179
2       0.226957
3       0.446705
4       0.052338
          ...   
1149    0.280223
1150    0.455173
1151    0.280223
1152    0.290088
1153    0.984024
Name: obs-prior, Length: 1154, dtype: float64
0       0.787432
1      -0.446179
2       0.226957
3       0.446705
4       0.052338
          ...   
1149    0.280223
1150    0.455173
1151    0.280223
1152    0.290088
1153    0.984024
Name: obs-prior, Length: 1154, dtype: float64
0       0.787432
1      -0.446179
2       0.226957
3       0.446705
4       0.052338
          ...   
1149    0.280223
1150    0.455173
1151    0.280223
1152    0.290088
1153    0.984024
Name: obs-prior, Length: 1154, dtype: float64
0       0.787432
1      -0.446179
2       0.226957
3       0.446705
4       0.052338
          ...   
1149    0.280223
1150    0.455173
1151    0.280223
1152    0.290088
1153    0.984024
Name: obs-prior, Length: 1154, dtype: float64
0       0.787432
1      -0.446179
2       0.226957
3       0.446705
4       0.052338
          ...   
1149    0.280223
1150    0.455173
1151    0.280223
1152    0.290088
1153    0.984024
Name: obs-prior, Length: 1154, dtype: float64
0       0.787432
1      -0.446179
2       0.226957
3       0.446705
4       0.052338
          ...   
1149    0.280223
1150    0.455173
1151    0.280223
1152    0.290088
1153    0.984024
Name: obs-prior, Length: 1154, dtype: float64
0       0.787432
1      -0.446179
2       0.226957
3       0.446705
4       0.052338
          ...   
1149    0.280223
1150    0.455173
1151    0.280223
1152    0.290088
1153    0.984024
Name: obs-prior, Length: 1154, dtype: float64
0       0.787432
1      -0.446179
2       0.226957
3       0.446705
4       0.052338
          ...   
1149    0.280223
1150    0.455173
1151    0.280223
1152    0.290088
1153    0.984024
Name: obs-prior, Length: 1154, dtype: float64
0       0.787432
1      -0.446179
2       0.226957
3       0.446705
4       0.052338
          ...   
1149    0.280223
1150    0.455173
1151    0.280223
1152    0.290088
1153    0.984024
Name: obs-prior, Length: 1154, dtype: float64

 processing obs:  ACARS_U_WIND_COMPONENT
 region:  Global
0        0.170002
1        2.453781
2       -0.517906
3       -1.756302
4        0.761065
           ...   
29513    0.092108
29514   -1.686302
29515    0.400255
29516    2.366508
29517    1.924911
Name: obs-prior, Length: 29518, dtype: float64
0        0.170002
1        2.453781
2       -0.517906
3       -1.756302
4        0.761065
           ...   
29513    0.092108
29514   -1.686302
29515    0.400255
29516    2.366508
29517    1.924911
Name: obs-prior, Length: 29518, dtype: float64
0        0.170002
1        2.453781
2       -0.517906
3       -1.756302
4        0.761065
           ...   
29513    0.092108
29514   -1.686302
29515    0.400255
29516    2.366508
29517    1.924911
Name: obs-prior, Length: 29518, dtype: float64
0        0.170002
1        2.453781
2       -0.517906
3       -1.756302
4        0.761065
           ...   
29513    0.092108
29514   -1.686302
29515    0.400255
29516    2.366508
29517    1.924911
Name: obs-prior, Length: 29518, dtype: float64
0        0.170002
1        2.453781
2       -0.517906
3       -1.756302
4        0.761065
           ...   
29513    0.092108
29514   -1.686302
29515    0.400255
29516    2.366508
29517    1.924911
Name: obs-prior, Length: 29518, dtype: float64
0        0.170002
1        2.453781
2       -0.517906
3       -1.756302
4        0.761065
           ...   
29513    0.092108
29514   -1.686302
29515    0.400255
29516    2.366508
29517    1.924911
Name: obs-prior, Length: 29518, dtype: float64
0        0.170002
1        2.453781
2       -0.517906
3       -1.756302
4        0.761065
           ...   
29513    0.092108
29514   -1.686302
29515    0.400255
29516    2.366508
29517    1.924911
Name: obs-prior, Length: 29518, dtype: float64
0        0.170002
1        2.453781
2       -0.517906
3       -1.756302
4        0.761065
           ...   
29513    0.092108
29514   -1.686302
29515    0.400255
29516    2.366508
29517    1.924911
Name: obs-prior, Length: 29518, dtype: float64
0        0.170002
1        2.453781
2       -0.517906
3       -1.756302
4        0.761065
           ...   
29513    0.092108
29514   -1.686302
29515    0.400255
29516    2.366508
29517    1.924911
Name: obs-prior, Length: 29518, dtype: float64
0        0.170002
1        2.453781
2       -0.517906
3       -1.756302
4        0.761065
           ...   
29513    0.092108
29514   -1.686302
29515    0.400255
29516    2.366508
29517    1.924911
Name: obs-prior, Length: 29518, dtype: float64
0        0.170002
1        2.453781
2       -0.517906
3       -1.756302
4        0.761065
           ...   
29513    0.092108
29514   -1.686302
29515    0.400255
29516    2.366508
29517    1.924911
Name: obs-prior, Length: 29518, dtype: float64
0        0.170002
1        2.453781
2       -0.517906
3       -1.756302
4        0.761065
           ...   
29513    0.092108
29514   -1.686302
29515    0.400255
29516    2.366508
29517    1.924911
Name: obs-prior, Length: 29518, dtype: float64
0        0.170002
1        2.453781
2       -0.517906
3       -1.756302
4        0.761065
           ...   
29513    0.092108
29514   -1.686302
29515    0.400255
29516    2.366508
29517    1.924911
Name: obs-prior, Length: 29518, dtype: float64
0        0.170002
1        2.453781
2       -0.517906
3       -1.756302
4        0.761065
           ...   
29513    0.092108
29514   -1.686302
29515    0.400255
29516    2.366508
29517    1.924911
Name: obs-prior, Length: 29518, dtype: float64
0        0.170002
1        2.453781
2       -0.517906
3       -1.756302
4        0.761065
           ...   
29513    0.092108
29514   -1.686302
29515    0.400255
29516    2.366508
29517    1.924911
Name: obs-prior, Length: 29518, dtype: float64
0        0.170002
1        2.453781
2       -0.517906
3       -1.756302
4        0.761065
           ...   
29513    0.092108
29514   -1.686302
29515    0.400255
29516    2.366508
29517    1.924911
Name: obs-prior, Length: 29518, dtype: float64
0        0.170002
1        2.453781
2       -0.517906
3       -1.756302
4        0.761065
           ...   
29513    0.092108
29514   -1.686302
29515    0.400255
29516    2.366508
29517    1.924911
Name: obs-prior, Length: 29518, dtype: float64
 region:  NH
0        0.170002
1        2.453781
2       -0.517906
3       -1.756302
4        0.761065
           ...   
23728   -1.877379
23729   -0.444319
23730   -1.686302
23731    0.400255
23732    1.924911
Name: obs-prior, Length: 23733, dtype: float64
0        0.170002
1        2.453781
2       -0.517906
3       -1.756302
4        0.761065
           ...   
23728   -1.877379
23729   -0.444319
23730   -1.686302
23731    0.400255
23732    1.924911
Name: obs-prior, Length: 23733, dtype: float64
0        0.170002
1        2.453781
2       -0.517906
3       -1.756302
4        0.761065
           ...   
23728   -1.877379
23729   -0.444319
23730   -1.686302
23731    0.400255
23732    1.924911
Name: obs-prior, Length: 23733, dtype: float64
0        0.170002
1        2.453781
2       -0.517906
3       -1.756302
4        0.761065
           ...   
23728   -1.877379
23729   -0.444319
23730   -1.686302
23731    0.400255
23732    1.924911
Name: obs-prior, Length: 23733, dtype: float64
0        0.170002
1        2.453781
2       -0.517906
3       -1.756302
4        0.761065
           ...   
23728   -1.877379
23729   -0.444319
23730   -1.686302
23731    0.400255
23732    1.924911
Name: obs-prior, Length: 23733, dtype: float64
0        0.170002
1        2.453781
2       -0.517906
3       -1.756302
4        0.761065
           ...   
23728   -1.877379
23729   -0.444319
23730   -1.686302
23731    0.400255
23732    1.924911
Name: obs-prior, Length: 23733, dtype: float64
0        0.170002
1        2.453781
2       -0.517906
3       -1.756302
4        0.761065
           ...   
23728   -1.877379
23729   -0.444319
23730   -1.686302
23731    0.400255
23732    1.924911
Name: obs-prior, Length: 23733, dtype: float64
0        0.170002
1        2.453781
2       -0.517906
3       -1.756302
4        0.761065
           ...   
23728   -1.877379
23729   -0.444319
23730   -1.686302
23731    0.400255
23732    1.924911
Name: obs-prior, Length: 23733, dtype: float64
0        0.170002
1        2.453781
2       -0.517906
3       -1.756302
4        0.761065
           ...   
23728   -1.877379
23729   -0.444319
23730   -1.686302
23731    0.400255
23732    1.924911
Name: obs-prior, Length: 23733, dtype: float64
0        0.170002
1        2.453781
2       -0.517906
3       -1.756302
4        0.761065
           ...   
23728   -1.877379
23729   -0.444319
23730   -1.686302
23731    0.400255
23732    1.924911
Name: obs-prior, Length: 23733, dtype: float64
0        0.170002
1        2.453781
2       -0.517906
3       -1.756302
4        0.761065
           ...   
23728   -1.877379
23729   -0.444319
23730   -1.686302
23731    0.400255
23732    1.924911
Name: obs-prior, Length: 23733, dtype: float64
0        0.170002
1        2.453781
2       -0.517906
3       -1.756302
4        0.761065
           ...   
23728   -1.877379
23729   -0.444319
23730   -1.686302
23731    0.400255
23732    1.924911
Name: obs-prior, Length: 23733, dtype: float64
0        0.170002
1        2.453781
2       -0.517906
3       -1.756302
4        0.761065
           ...   
23728   -1.877379
23729   -0.444319
23730   -1.686302
23731    0.400255
23732    1.924911
Name: obs-prior, Length: 23733, dtype: float64
0        0.170002
1        2.453781
2       -0.517906
3       -1.756302
4        0.761065
           ...   
23728   -1.877379
23729   -0.444319
23730   -1.686302
23731    0.400255
23732    1.924911
Name: obs-prior, Length: 23733, dtype: float64
0        0.170002
1        2.453781
2       -0.517906
3       -1.756302
4        0.761065
           ...   
23728   -1.877379
23729   -0.444319
23730   -1.686302
23731    0.400255
23732    1.924911
Name: obs-prior, Length: 23733, dtype: float64
0        0.170002
1        2.453781
2       -0.517906
3       -1.756302
4        0.761065
           ...   
23728   -1.877379
23729   -0.444319
23730   -1.686302
23731    0.400255
23732    1.924911
Name: obs-prior, Length: 23733, dtype: float64
0        0.170002
1        2.453781
2       -0.517906
3       -1.756302
4        0.761065
           ...   
23728   -1.877379
23729   -0.444319
23730   -1.686302
23731    0.400255
23732    1.924911
Name: obs-prior, Length: 23733, dtype: float64
 region:  SH
0      2.097346
1     -2.164405
2      0.465965
3      0.085243
4      3.214068
         ...   
202    3.891729
203   -4.577374
204   -2.227833
205    1.788298
206    3.045247
Name: obs-prior, Length: 207, dtype: float64
0      2.097346
1     -2.164405
2      0.465965
3      0.085243
4      3.214068
         ...   
202    3.891729
203   -4.577374
204   -2.227833
205    1.788298
206    3.045247
Name: obs-prior, Length: 207, dtype: float64
0      2.097346
1     -2.164405
2      0.465965
3      0.085243
4      3.214068
         ...   
202    3.891729
203   -4.577374
204   -2.227833
205    1.788298
206    3.045247
Name: obs-prior, Length: 207, dtype: float64
0      2.097346
1     -2.164405
2      0.465965
3      0.085243
4      3.214068
         ...   
202    3.891729
203   -4.577374
204   -2.227833
205    1.788298
206    3.045247
Name: obs-prior, Length: 207, dtype: float64
0      2.097346
1     -2.164405
2      0.465965
3      0.085243
4      3.214068
         ...   
202    3.891729
203   -4.577374
204   -2.227833
205    1.788298
206    3.045247
Name: obs-prior, Length: 207, dtype: float64
0      2.097346
1     -2.164405
2      0.465965
3      0.085243
4      3.214068
         ...   
202    3.891729
203   -4.577374
204   -2.227833
205    1.788298
206    3.045247
Name: obs-prior, Length: 207, dtype: float64
0      2.097346
1     -2.164405
2      0.465965
3      0.085243
4      3.214068
         ...   
202    3.891729
203   -4.577374
204   -2.227833
205    1.788298
206    3.045247
Name: obs-prior, Length: 207, dtype: float64
0      2.097346
1     -2.164405
2      0.465965
3      0.085243
4      3.214068
         ...   
202    3.891729
203   -4.577374
204   -2.227833
205    1.788298
206    3.045247
Name: obs-prior, Length: 207, dtype: float64
0      2.097346
1     -2.164405
2      0.465965
3      0.085243
4      3.214068
         ...   
202    3.891729
203   -4.577374
204   -2.227833
205    1.788298
206    3.045247
Name: obs-prior, Length: 207, dtype: float64
0      2.097346
1     -2.164405
2      0.465965
3      0.085243
4      3.214068
         ...   
202    3.891729
203   -4.577374
204   -2.227833
205    1.788298
206    3.045247
Name: obs-prior, Length: 207, dtype: float64
0      2.097346
1     -2.164405
2      0.465965
3      0.085243
4      3.214068
         ...   
202    3.891729
203   -4.577374
204   -2.227833
205    1.788298
206    3.045247
Name: obs-prior, Length: 207, dtype: float64
0      2.097346
1     -2.164405
2      0.465965
3      0.085243
4      3.214068
         ...   
202    3.891729
203   -4.577374
204   -2.227833
205    1.788298
206    3.045247
Name: obs-prior, Length: 207, dtype: float64
0      2.097346
1     -2.164405
2      0.465965
3      0.085243
4      3.214068
         ...   
202    3.891729
203   -4.577374
204   -2.227833
205    1.788298
206    3.045247
Name: obs-prior, Length: 207, dtype: float64
0      2.097346
1     -2.164405
2      0.465965
3      0.085243
4      3.214068
         ...   
202    3.891729
203   -4.577374
204   -2.227833
205    1.788298
206    3.045247
Name: obs-prior, Length: 207, dtype: float64
0      2.097346
1     -2.164405
2      0.465965
3      0.085243
4      3.214068
         ...   
202    3.891729
203   -4.577374
204   -2.227833
205    1.788298
206    3.045247
Name: obs-prior, Length: 207, dtype: float64
0      2.097346
1     -2.164405
2      0.465965
3      0.085243
4      3.214068
         ...   
202    3.891729
203   -4.577374
204   -2.227833
205    1.788298
206    3.045247
Name: obs-prior, Length: 207, dtype: float64
 region:  TR
0      -2.039236
1      -1.454570
2       0.121221
3       1.619907
4       2.424798
          ...   
5573    1.706599
5574    0.110835
5575   -1.813029
5576    0.092108
5577    2.366508
Name: obs-prior, Length: 5578, dtype: float64
0      -2.039236
1      -1.454570
2       0.121221
3       1.619907
4       2.424798
          ...   
5573    1.706599
5574    0.110835
5575   -1.813029
5576    0.092108
5577    2.366508
Name: obs-prior, Length: 5578, dtype: float64
0      -2.039236
1      -1.454570
2       0.121221
3       1.619907
4       2.424798
          ...   
5573    1.706599
5574    0.110835
5575   -1.813029
5576    0.092108
5577    2.366508
Name: obs-prior, Length: 5578, dtype: float64
0      -2.039236
1      -1.454570
2       0.121221
3       1.619907
4       2.424798
          ...   
5573    1.706599
5574    0.110835
5575   -1.813029
5576    0.092108
5577    2.366508
Name: obs-prior, Length: 5578, dtype: float64
0      -2.039236
1      -1.454570
2       0.121221
3       1.619907
4       2.424798
          ...   
5573    1.706599
5574    0.110835
5575   -1.813029
5576    0.092108
5577    2.366508
Name: obs-prior, Length: 5578, dtype: float64
0      -2.039236
1      -1.454570
2       0.121221
3       1.619907
4       2.424798
          ...   
5573    1.706599
5574    0.110835
5575   -1.813029
5576    0.092108
5577    2.366508
Name: obs-prior, Length: 5578, dtype: float64
0      -2.039236
1      -1.454570
2       0.121221
3       1.619907
4       2.424798
          ...   
5573    1.706599
5574    0.110835
5575   -1.813029
5576    0.092108
5577    2.366508
Name: obs-prior, Length: 5578, dtype: float64
0      -2.039236
1      -1.454570
2       0.121221
3       1.619907
4       2.424798
          ...   
5573    1.706599
5574    0.110835
5575   -1.813029
5576    0.092108
5577    2.366508
Name: obs-prior, Length: 5578, dtype: float64
0      -2.039236
1      -1.454570
2       0.121221
3       1.619907
4       2.424798
          ...   
5573    1.706599
5574    0.110835
5575   -1.813029
5576    0.092108
5577    2.366508
Name: obs-prior, Length: 5578, dtype: float64
0      -2.039236
1      -1.454570
2       0.121221
3       1.619907
4       2.424798
          ...   
5573    1.706599
5574    0.110835
5575   -1.813029
5576    0.092108
5577    2.366508
Name: obs-prior, Length: 5578, dtype: float64
0      -2.039236
1      -1.454570
2       0.121221
3       1.619907
4       2.424798
          ...   
5573    1.706599
5574    0.110835
5575   -1.813029
5576    0.092108
5577    2.366508
Name: obs-prior, Length: 5578, dtype: float64
0      -2.039236
1      -1.454570
2       0.121221
3       1.619907
4       2.424798
          ...   
5573    1.706599
5574    0.110835
5575   -1.813029
5576    0.092108
5577    2.366508
Name: obs-prior, Length: 5578, dtype: float64
0      -2.039236
1      -1.454570
2       0.121221
3       1.619907
4       2.424798
          ...   
5573    1.706599
5574    0.110835
5575   -1.813029
5576    0.092108
5577    2.366508
Name: obs-prior, Length: 5578, dtype: float64
0      -2.039236
1      -1.454570
2       0.121221
3       1.619907
4       2.424798
          ...   
5573    1.706599
5574    0.110835
5575   -1.813029
5576    0.092108
5577    2.366508
Name: obs-prior, Length: 5578, dtype: float64
0      -2.039236
1      -1.454570
2       0.121221
3       1.619907
4       2.424798
          ...   
5573    1.706599
5574    0.110835
5575   -1.813029
5576    0.092108
5577    2.366508
Name: obs-prior, Length: 5578, dtype: float64
0      -2.039236
1      -1.454570
2       0.121221
3       1.619907
4       2.424798
          ...   
5573    1.706599
5574    0.110835
5575   -1.813029
5576    0.092108
5577    2.366508
Name: obs-prior, Length: 5578, dtype: float64
0      -2.039236
1      -1.454570
2       0.121221
3       1.619907
4       2.424798
          ...   
5573    1.706599
5574    0.110835
5575   -1.813029
5576    0.092108
5577    2.366508
Name: obs-prior, Length: 5578, dtype: float64

 processing obs:  ACARS_V_WIND_COMPONENT
 region:  Global
0       -2.310004
1       -1.869115
2       -1.304194
3        1.144883
4       -0.780636
           ...   
26712    1.953959
26713   -0.953733
26714   -1.137587
26715   -1.731606
26716    2.821351
Name: obs-prior, Length: 26717, dtype: float64
0       -2.310004
1       -1.869115
2       -1.304194
3        1.144883
4       -0.780636
           ...   
26712    1.953959
26713   -0.953733
26714   -1.137587
26715   -1.731606
26716    2.821351
Name: obs-prior, Length: 26717, dtype: float64
0       -2.310004
1       -1.869115
2       -1.304194
3        1.144883
4       -0.780636
           ...   
26712    1.953959
26713   -0.953733
26714   -1.137587
26715   -1.731606
26716    2.821351
Name: obs-prior, Length: 26717, dtype: float64
0       -2.310004
1       -1.869115
2       -1.304194
3        1.144883
4       -0.780636
           ...   
26712    1.953959
26713   -0.953733
26714   -1.137587
26715   -1.731606
26716    2.821351
Name: obs-prior, Length: 26717, dtype: float64
0       -2.310004
1       -1.869115
2       -1.304194
3        1.144883
4       -0.780636
           ...   
26712    1.953959
26713   -0.953733
26714   -1.137587
26715   -1.731606
26716    2.821351
Name: obs-prior, Length: 26717, dtype: float64
0       -2.310004
1       -1.869115
2       -1.304194
3        1.144883
4       -0.780636
           ...   
26712    1.953959
26713   -0.953733
26714   -1.137587
26715   -1.731606
26716    2.821351
Name: obs-prior, Length: 26717, dtype: float64
0       -2.310004
1       -1.869115
2       -1.304194
3        1.144883
4       -0.780636
           ...   
26712    1.953959
26713   -0.953733
26714   -1.137587
26715   -1.731606
26716    2.821351
Name: obs-prior, Length: 26717, dtype: float64
0       -2.310004
1       -1.869115
2       -1.304194
3        1.144883
4       -0.780636
           ...   
26712    1.953959
26713   -0.953733
26714   -1.137587
26715   -1.731606
26716    2.821351
Name: obs-prior, Length: 26717, dtype: float64
0       -2.310004
1       -1.869115
2       -1.304194
3        1.144883
4       -0.780636
           ...   
26712    1.953959
26713   -0.953733
26714   -1.137587
26715   -1.731606
26716    2.821351
Name: obs-prior, Length: 26717, dtype: float64
0       -2.310004
1       -1.869115
2       -1.304194
3        1.144883
4       -0.780636
           ...   
26712    1.953959
26713   -0.953733
26714   -1.137587
26715   -1.731606
26716    2.821351
Name: obs-prior, Length: 26717, dtype: float64
0       -2.310004
1       -1.869115
2       -1.304194
3        1.144883
4       -0.780636
           ...   
26712    1.953959
26713   -0.953733
26714   -1.137587
26715   -1.731606
26716    2.821351
Name: obs-prior, Length: 26717, dtype: float64
0       -2.310004
1       -1.869115
2       -1.304194
3        1.144883
4       -0.780636
           ...   
26712    1.953959
26713   -0.953733
26714   -1.137587
26715   -1.731606
26716    2.821351
Name: obs-prior, Length: 26717, dtype: float64
0       -2.310004
1       -1.869115
2       -1.304194
3        1.144883
4       -0.780636
           ...   
26712    1.953959
26713   -0.953733
26714   -1.137587
26715   -1.731606
26716    2.821351
Name: obs-prior, Length: 26717, dtype: float64
0       -2.310004
1       -1.869115
2       -1.304194
3        1.144883
4       -0.780636
           ...   
26712    1.953959
26713   -0.953733
26714   -1.137587
26715   -1.731606
26716    2.821351
Name: obs-prior, Length: 26717, dtype: float64
0       -2.310004
1       -1.869115
2       -1.304194
3        1.144883
4       -0.780636
           ...   
26712    1.953959
26713   -0.953733
26714   -1.137587
26715   -1.731606
26716    2.821351
Name: obs-prior, Length: 26717, dtype: float64
0       -2.310004
1       -1.869115
2       -1.304194
3        1.144883
4       -0.780636
           ...   
26712    1.953959
26713   -0.953733
26714   -1.137587
26715   -1.731606
26716    2.821351
Name: obs-prior, Length: 26717, dtype: float64
0       -2.310004
1       -1.869115
2       -1.304194
3        1.144883
4       -0.780636
           ...   
26712    1.953959
26713   -0.953733
26714   -1.137587
26715   -1.731606
26716    2.821351
Name: obs-prior, Length: 26717, dtype: float64
 region:  NH
0       -2.310004
1       -1.304194
2        1.144883
3       -0.780636
4       -0.652400
           ...   
20923   -0.316997
20924    1.953959
20925   -1.137587
20926   -1.731606
20927    2.821351
Name: obs-prior, Length: 20928, dtype: float64
0       -2.310004
1       -1.304194
2        1.144883
3       -0.780636
4       -0.652400
           ...   
20923   -0.316997
20924    1.953959
20925   -1.137587
20926   -1.731606
20927    2.821351
Name: obs-prior, Length: 20928, dtype: float64
0       -2.310004
1       -1.304194
2        1.144883
3       -0.780636
4       -0.652400
           ...   
20923   -0.316997
20924    1.953959
20925   -1.137587
20926   -1.731606
20927    2.821351
Name: obs-prior, Length: 20928, dtype: float64
0       -2.310004
1       -1.304194
2        1.144883
3       -0.780636
4       -0.652400
           ...   
20923   -0.316997
20924    1.953959
20925   -1.137587
20926   -1.731606
20927    2.821351
Name: obs-prior, Length: 20928, dtype: float64
0       -2.310004
1       -1.304194
2        1.144883
3       -0.780636
4       -0.652400
           ...   
20923   -0.316997
20924    1.953959
20925   -1.137587
20926   -1.731606
20927    2.821351
Name: obs-prior, Length: 20928, dtype: float64
0       -2.310004
1       -1.304194
2        1.144883
3       -0.780636
4       -0.652400
           ...   
20923   -0.316997
20924    1.953959
20925   -1.137587
20926   -1.731606
20927    2.821351
Name: obs-prior, Length: 20928, dtype: float64
0       -2.310004
1       -1.304194
2        1.144883
3       -0.780636
4       -0.652400
           ...   
20923   -0.316997
20924    1.953959
20925   -1.137587
20926   -1.731606
20927    2.821351
Name: obs-prior, Length: 20928, dtype: float64
0       -2.310004
1       -1.304194
2        1.144883
3       -0.780636
4       -0.652400
           ...   
20923   -0.316997
20924    1.953959
20925   -1.137587
20926   -1.731606
20927    2.821351
Name: obs-prior, Length: 20928, dtype: float64
0       -2.310004
1       -1.304194
2        1.144883
3       -0.780636
4       -0.652400
           ...   
20923   -0.316997
20924    1.953959
20925   -1.137587
20926   -1.731606
20927    2.821351
Name: obs-prior, Length: 20928, dtype: float64
0       -2.310004
1       -1.304194
2        1.144883
3       -0.780636
4       -0.652400
           ...   
20923   -0.316997
20924    1.953959
20925   -1.137587
20926   -1.731606
20927    2.821351
Name: obs-prior, Length: 20928, dtype: float64
0       -2.310004
1       -1.304194
2        1.144883
3       -0.780636
4       -0.652400
           ...   
20923   -0.316997
20924    1.953959
20925   -1.137587
20926   -1.731606
20927    2.821351
Name: obs-prior, Length: 20928, dtype: float64
0       -2.310004
1       -1.304194
2        1.144883
3       -0.780636
4       -0.652400
           ...   
20923   -0.316997
20924    1.953959
20925   -1.137587
20926   -1.731606
20927    2.821351
Name: obs-prior, Length: 20928, dtype: float64
0       -2.310004
1       -1.304194
2        1.144883
3       -0.780636
4       -0.652400
           ...   
20923   -0.316997
20924    1.953959
20925   -1.137587
20926   -1.731606
20927    2.821351
Name: obs-prior, Length: 20928, dtype: float64
0       -2.310004
1       -1.304194
2        1.144883
3       -0.780636
4       -0.652400
           ...   
20923   -0.316997
20924    1.953959
20925   -1.137587
20926   -1.731606
20927    2.821351
Name: obs-prior, Length: 20928, dtype: float64
0       -2.310004
1       -1.304194
2        1.144883
3       -0.780636
4       -0.652400
           ...   
20923   -0.316997
20924    1.953959
20925   -1.137587
20926   -1.731606
20927    2.821351
Name: obs-prior, Length: 20928, dtype: float64
0       -2.310004
1       -1.304194
2        1.144883
3       -0.780636
4       -0.652400
           ...   
20923   -0.316997
20924    1.953959
20925   -1.137587
20926   -1.731606
20927    2.821351
Name: obs-prior, Length: 20928, dtype: float64
0       -2.310004
1       -1.304194
2        1.144883
3       -0.780636
4       -0.652400
           ...   
20923   -0.316997
20924    1.953959
20925   -1.137587
20926   -1.731606
20927    2.821351
Name: obs-prior, Length: 20928, dtype: float64
 region:  SH
0      3.258374
1      0.701105
2     -2.189563
3     -0.978884
4      1.314536
         ...   
246    2.115535
247   -0.958094
248   -1.615304
249   -1.020782
250   -4.490223
Name: obs-prior, Length: 251, dtype: float64
0      3.258374
1      0.701105
2     -2.189563
3     -0.978884
4      1.314536
         ...   
246    2.115535
247   -0.958094
248   -1.615304
249   -1.020782
250   -4.490223
Name: obs-prior, Length: 251, dtype: float64
0      3.258374
1      0.701105
2     -2.189563
3     -0.978884
4      1.314536
         ...   
246    2.115535
247   -0.958094
248   -1.615304
249   -1.020782
250   -4.490223
Name: obs-prior, Length: 251, dtype: float64
0      3.258374
1      0.701105
2     -2.189563
3     -0.978884
4      1.314536
         ...   
246    2.115535
247   -0.958094
248   -1.615304
249   -1.020782
250   -4.490223
Name: obs-prior, Length: 251, dtype: float64
0      3.258374
1      0.701105
2     -2.189563
3     -0.978884
4      1.314536
         ...   
246    2.115535
247   -0.958094
248   -1.615304
249   -1.020782
250   -4.490223
Name: obs-prior, Length: 251, dtype: float64
0      3.258374
1      0.701105
2     -2.189563
3     -0.978884
4      1.314536
         ...   
246    2.115535
247   -0.958094
248   -1.615304
249   -1.020782
250   -4.490223
Name: obs-prior, Length: 251, dtype: float64
0      3.258374
1      0.701105
2     -2.189563
3     -0.978884
4      1.314536
         ...   
246    2.115535
247   -0.958094
248   -1.615304
249   -1.020782
250   -4.490223
Name: obs-prior, Length: 251, dtype: float64
0      3.258374
1      0.701105
2     -2.189563
3     -0.978884
4      1.314536
         ...   
246    2.115535
247   -0.958094
248   -1.615304
249   -1.020782
250   -4.490223
Name: obs-prior, Length: 251, dtype: float64
0      3.258374
1      0.701105
2     -2.189563
3     -0.978884
4      1.314536
         ...   
246    2.115535
247   -0.958094
248   -1.615304
249   -1.020782
250   -4.490223
Name: obs-prior, Length: 251, dtype: float64
0      3.258374
1      0.701105
2     -2.189563
3     -0.978884
4      1.314536
         ...   
246    2.115535
247   -0.958094
248   -1.615304
249   -1.020782
250   -4.490223
Name: obs-prior, Length: 251, dtype: float64
0      3.258374
1      0.701105
2     -2.189563
3     -0.978884
4      1.314536
         ...   
246    2.115535
247   -0.958094
248   -1.615304
249   -1.020782
250   -4.490223
Name: obs-prior, Length: 251, dtype: float64
0      3.258374
1      0.701105
2     -2.189563
3     -0.978884
4      1.314536
         ...   
246    2.115535
247   -0.958094
248   -1.615304
249   -1.020782
250   -4.490223
Name: obs-prior, Length: 251, dtype: float64
0      3.258374
1      0.701105
2     -2.189563
3     -0.978884
4      1.314536
         ...   
246    2.115535
247   -0.958094
248   -1.615304
249   -1.020782
250   -4.490223
Name: obs-prior, Length: 251, dtype: float64
0      3.258374
1      0.701105
2     -2.189563
3     -0.978884
4      1.314536
         ...   
246    2.115535
247   -0.958094
248   -1.615304
249   -1.020782
250   -4.490223
Name: obs-prior, Length: 251, dtype: float64
0      3.258374
1      0.701105
2     -2.189563
3     -0.978884
4      1.314536
         ...   
246    2.115535
247   -0.958094
248   -1.615304
249   -1.020782
250   -4.490223
Name: obs-prior, Length: 251, dtype: float64
0      3.258374
1      0.701105
2     -2.189563
3     -0.978884
4      1.314536
         ...   
246    2.115535
247   -0.958094
248   -1.615304
249   -1.020782
250   -4.490223
Name: obs-prior, Length: 251, dtype: float64
 region:  TR
0      -1.869115
1      -1.794858
2       1.699893
3      -1.293025
4      -0.380995
          ...   
5533    0.797745
5534    2.112450
5535   -0.556381
5536   -1.688238
5537   -0.953733
Name: obs-prior, Length: 5538, dtype: float64
0      -1.869115
1      -1.794858
2       1.699893
3      -1.293025
4      -0.380995
          ...   
5533    0.797745
5534    2.112450
5535   -0.556381
5536   -1.688238
5537   -0.953733
Name: obs-prior, Length: 5538, dtype: float64
0      -1.869115
1      -1.794858
2       1.699893
3      -1.293025
4      -0.380995
          ...   
5533    0.797745
5534    2.112450
5535   -0.556381
5536   -1.688238
5537   -0.953733
Name: obs-prior, Length: 5538, dtype: float64
0      -1.869115
1      -1.794858
2       1.699893
3      -1.293025
4      -0.380995
          ...   
5533    0.797745
5534    2.112450
5535   -0.556381
5536   -1.688238
5537   -0.953733
Name: obs-prior, Length: 5538, dtype: float64
0      -1.869115
1      -1.794858
2       1.699893
3      -1.293025
4      -0.380995
          ...   
5533    0.797745
5534    2.112450
5535   -0.556381
5536   -1.688238
5537   -0.953733
Name: obs-prior, Length: 5538, dtype: float64
0      -1.869115
1      -1.794858
2       1.699893
3      -1.293025
4      -0.380995
          ...   
5533    0.797745
5534    2.112450
5535   -0.556381
5536   -1.688238
5537   -0.953733
Name: obs-prior, Length: 5538, dtype: float64
0      -1.869115
1      -1.794858
2       1.699893
3      -1.293025
4      -0.380995
          ...   
5533    0.797745
5534    2.112450
5535   -0.556381
5536   -1.688238
5537   -0.953733
Name: obs-prior, Length: 5538, dtype: float64
0      -1.869115
1      -1.794858
2       1.699893
3      -1.293025
4      -0.380995
          ...   
5533    0.797745
5534    2.112450
5535   -0.556381
5536   -1.688238
5537   -0.953733
Name: obs-prior, Length: 5538, dtype: float64
0      -1.869115
1      -1.794858
2       1.699893
3      -1.293025
4      -0.380995
          ...   
5533    0.797745
5534    2.112450
5535   -0.556381
5536   -1.688238
5537   -0.953733
Name: obs-prior, Length: 5538, dtype: float64
0      -1.869115
1      -1.794858
2       1.699893
3      -1.293025
4      -0.380995
          ...   
5533    0.797745
5534    2.112450
5535   -0.556381
5536   -1.688238
5537   -0.953733
Name: obs-prior, Length: 5538, dtype: float64
0      -1.869115
1      -1.794858
2       1.699893
3      -1.293025
4      -0.380995
          ...   
5533    0.797745
5534    2.112450
5535   -0.556381
5536   -1.688238
5537   -0.953733
Name: obs-prior, Length: 5538, dtype: float64
0      -1.869115
1      -1.794858
2       1.699893
3      -1.293025
4      -0.380995
          ...   
5533    0.797745
5534    2.112450
5535   -0.556381
5536   -1.688238
5537   -0.953733
Name: obs-prior, Length: 5538, dtype: float64
0      -1.869115
1      -1.794858
2       1.699893
3      -1.293025
4      -0.380995
          ...   
5533    0.797745
5534    2.112450
5535   -0.556381
5536   -1.688238
5537   -0.953733
Name: obs-prior, Length: 5538, dtype: float64
0      -1.869115
1      -1.794858
2       1.699893
3      -1.293025
4      -0.380995
          ...   
5533    0.797745
5534    2.112450
5535   -0.556381
5536   -1.688238
5537   -0.953733
Name: obs-prior, Length: 5538, dtype: float64
0      -1.869115
1      -1.794858
2       1.699893
3      -1.293025
4      -0.380995
          ...   
5533    0.797745
5534    2.112450
5535   -0.556381
5536   -1.688238
5537   -0.953733
Name: obs-prior, Length: 5538, dtype: float64
0      -1.869115
1      -1.794858
2       1.699893
3      -1.293025
4      -0.380995
          ...   
5533    0.797745
5534    2.112450
5535   -0.556381
5536   -1.688238
5537   -0.953733
Name: obs-prior, Length: 5538, dtype: float64
0      -1.869115
1      -1.794858
2       1.699893
3      -1.293025
4      -0.380995
          ...   
5533    0.797745
5534    2.112450
5535   -0.556381
5536   -1.688238
5537   -0.953733
Name: obs-prior, Length: 5538, dtype: float64

 processing obs:  ACARS_TEMPERATURE
 region:  Global
0        0.072193
1        0.201189
2       -0.589832
3        1.045269
4       -1.052125
           ...   
27053    0.914234
27054    0.987987
27055    0.775904
27056    0.033037
27057   -0.385651
Name: obs-prior, Length: 27058, dtype: float64
0        0.072193
1        0.201189
2       -0.589832
3        1.045269
4       -1.052125
           ...   
27053    0.914234
27054    0.987987
27055    0.775904
27056    0.033037
27057   -0.385651
Name: obs-prior, Length: 27058, dtype: float64
0        0.072193
1        0.201189
2       -0.589832
3        1.045269
4       -1.052125
           ...   
27053    0.914234
27054    0.987987
27055    0.775904
27056    0.033037
27057   -0.385651
Name: obs-prior, Length: 27058, dtype: float64
0        0.072193
1        0.201189
2       -0.589832
3        1.045269
4       -1.052125
           ...   
27053    0.914234
27054    0.987987
27055    0.775904
27056    0.033037
27057   -0.385651
Name: obs-prior, Length: 27058, dtype: float64
0        0.072193
1        0.201189
2       -0.589832
3        1.045269
4       -1.052125
           ...   
27053    0.914234
27054    0.987987
27055    0.775904
27056    0.033037
27057   -0.385651
Name: obs-prior, Length: 27058, dtype: float64
0        0.072193
1        0.201189
2       -0.589832
3        1.045269
4       -1.052125
           ...   
27053    0.914234
27054    0.987987
27055    0.775904
27056    0.033037
27057   -0.385651
Name: obs-prior, Length: 27058, dtype: float64
0        0.072193
1        0.201189
2       -0.589832
3        1.045269
4       -1.052125
           ...   
27053    0.914234
27054    0.987987
27055    0.775904
27056    0.033037
27057   -0.385651
Name: obs-prior, Length: 27058, dtype: float64
0        0.072193
1        0.201189
2       -0.589832
3        1.045269
4       -1.052125
           ...   
27053    0.914234
27054    0.987987
27055    0.775904
27056    0.033037
27057   -0.385651
Name: obs-prior, Length: 27058, dtype: float64
0        0.072193
1        0.201189
2       -0.589832
3        1.045269
4       -1.052125
           ...   
27053    0.914234
27054    0.987987
27055    0.775904
27056    0.033037
27057   -0.385651
Name: obs-prior, Length: 27058, dtype: float64
0        0.072193
1        0.201189
2       -0.589832
3        1.045269
4       -1.052125
           ...   
27053    0.914234
27054    0.987987
27055    0.775904
27056    0.033037
27057   -0.385651
Name: obs-prior, Length: 27058, dtype: float64
0        0.072193
1        0.201189
2       -0.589832
3        1.045269
4       -1.052125
           ...   
27053    0.914234
27054    0.987987
27055    0.775904
27056    0.033037
27057   -0.385651
Name: obs-prior, Length: 27058, dtype: float64
0        0.072193
1        0.201189
2       -0.589832
3        1.045269
4       -1.052125
           ...   
27053    0.914234
27054    0.987987
27055    0.775904
27056    0.033037
27057   -0.385651
Name: obs-prior, Length: 27058, dtype: float64
0        0.072193
1        0.201189
2       -0.589832
3        1.045269
4       -1.052125
           ...   
27053    0.914234
27054    0.987987
27055    0.775904
27056    0.033037
27057   -0.385651
Name: obs-prior, Length: 27058, dtype: float64
0        0.072193
1        0.201189
2       -0.589832
3        1.045269
4       -1.052125
           ...   
27053    0.914234
27054    0.987987
27055    0.775904
27056    0.033037
27057   -0.385651
Name: obs-prior, Length: 27058, dtype: float64
0        0.072193
1        0.201189
2       -0.589832
3        1.045269
4       -1.052125
           ...   
27053    0.914234
27054    0.987987
27055    0.775904
27056    0.033037
27057   -0.385651
Name: obs-prior, Length: 27058, dtype: float64
0        0.072193
1        0.201189
2       -0.589832
3        1.045269
4       -1.052125
           ...   
27053    0.914234
27054    0.987987
27055    0.775904
27056    0.033037
27057   -0.385651
Name: obs-prior, Length: 27058, dtype: float64
0        0.072193
1        0.201189
2       -0.589832
3        1.045269
4       -1.052125
           ...   
27053    0.914234
27054    0.987987
27055    0.775904
27056    0.033037
27057   -0.385651
Name: obs-prior, Length: 27058, dtype: float64
 region:  NH
0        0.072193
1        1.045269
2       -1.052125
3        0.110974
4       -0.309197
           ...   
21412    0.914234
21413    0.987987
21414    0.775904
21415    0.033037
21416   -0.385651
Name: obs-prior, Length: 21417, dtype: float64
0        0.072193
1        1.045269
2       -1.052125
3        0.110974
4       -0.309197
           ...   
21412    0.914234
21413    0.987987
21414    0.775904
21415    0.033037
21416   -0.385651
Name: obs-prior, Length: 21417, dtype: float64
0        0.072193
1        1.045269
2       -1.052125
3        0.110974
4       -0.309197
           ...   
21412    0.914234
21413    0.987987
21414    0.775904
21415    0.033037
21416   -0.385651
Name: obs-prior, Length: 21417, dtype: float64
0        0.072193
1        1.045269
2       -1.052125
3        0.110974
4       -0.309197
           ...   
21412    0.914234
21413    0.987987
21414    0.775904
21415    0.033037
21416   -0.385651
Name: obs-prior, Length: 21417, dtype: float64
0        0.072193
1        1.045269
2       -1.052125
3        0.110974
4       -0.309197
           ...   
21412    0.914234
21413    0.987987
21414    0.775904
21415    0.033037
21416   -0.385651
Name: obs-prior, Length: 21417, dtype: float64
0        0.072193
1        1.045269
2       -1.052125
3        0.110974
4       -0.309197
           ...   
21412    0.914234
21413    0.987987
21414    0.775904
21415    0.033037
21416   -0.385651
Name: obs-prior, Length: 21417, dtype: float64
0        0.072193
1        1.045269
2       -1.052125
3        0.110974
4       -0.309197
           ...   
21412    0.914234
21413    0.987987
21414    0.775904
21415    0.033037
21416   -0.385651
Name: obs-prior, Length: 21417, dtype: float64
0        0.072193
1        1.045269
2       -1.052125
3        0.110974
4       -0.309197
           ...   
21412    0.914234
21413    0.987987
21414    0.775904
21415    0.033037
21416   -0.385651
Name: obs-prior, Length: 21417, dtype: float64
0        0.072193
1        1.045269
2       -1.052125
3        0.110974
4       -0.309197
           ...   
21412    0.914234
21413    0.987987
21414    0.775904
21415    0.033037
21416   -0.385651
Name: obs-prior, Length: 21417, dtype: float64
0        0.072193
1        1.045269
2       -1.052125
3        0.110974
4       -0.309197
           ...   
21412    0.914234
21413    0.987987
21414    0.775904
21415    0.033037
21416   -0.385651
Name: obs-prior, Length: 21417, dtype: float64
0        0.072193
1        1.045269
2       -1.052125
3        0.110974
4       -0.309197
           ...   
21412    0.914234
21413    0.987987
21414    0.775904
21415    0.033037
21416   -0.385651
Name: obs-prior, Length: 21417, dtype: float64
0        0.072193
1        1.045269
2       -1.052125
3        0.110974
4       -0.309197
           ...   
21412    0.914234
21413    0.987987
21414    0.775904
21415    0.033037
21416   -0.385651
Name: obs-prior, Length: 21417, dtype: float64
0        0.072193
1        1.045269
2       -1.052125
3        0.110974
4       -0.309197
           ...   
21412    0.914234
21413    0.987987
21414    0.775904
21415    0.033037
21416   -0.385651
Name: obs-prior, Length: 21417, dtype: float64
0        0.072193
1        1.045269
2       -1.052125
3        0.110974
4       -0.309197
           ...   
21412    0.914234
21413    0.987987
21414    0.775904
21415    0.033037
21416   -0.385651
Name: obs-prior, Length: 21417, dtype: float64
0        0.072193
1        1.045269
2       -1.052125
3        0.110974
4       -0.309197
           ...   
21412    0.914234
21413    0.987987
21414    0.775904
21415    0.033037
21416   -0.385651
Name: obs-prior, Length: 21417, dtype: float64
0        0.072193
1        1.045269
2       -1.052125
3        0.110974
4       -0.309197
           ...   
21412    0.914234
21413    0.987987
21414    0.775904
21415    0.033037
21416   -0.385651
Name: obs-prior, Length: 21417, dtype: float64
0        0.072193
1        1.045269
2       -1.052125
3        0.110974
4       -0.309197
           ...   
21412    0.914234
21413    0.987987
21414    0.775904
21415    0.033037
21416   -0.385651
Name: obs-prior, Length: 21417, dtype: float64
 region:  SH
0     -0.024354
1      0.877207
2     -0.136674
3      0.847557
4     -0.258053
         ...   
382   -0.700411
383    0.493012
384    0.549958
385    1.367410
386    1.197264
Name: obs-prior, Length: 387, dtype: float64
0     -0.024354
1      0.877207
2     -0.136674
3      0.847557
4     -0.258053
         ...   
382   -0.700411
383    0.493012
384    0.549958
385    1.367410
386    1.197264
Name: obs-prior, Length: 387, dtype: float64
0     -0.024354
1      0.877207
2     -0.136674
3      0.847557
4     -0.258053
         ...   
382   -0.700411
383    0.493012
384    0.549958
385    1.367410
386    1.197264
Name: obs-prior, Length: 387, dtype: float64
0     -0.024354
1      0.877207
2     -0.136674
3      0.847557
4     -0.258053
         ...   
382   -0.700411
383    0.493012
384    0.549958
385    1.367410
386    1.197264
Name: obs-prior, Length: 387, dtype: float64
0     -0.024354
1      0.877207
2     -0.136674
3      0.847557
4     -0.258053
         ...   
382   -0.700411
383    0.493012
384    0.549958
385    1.367410
386    1.197264
Name: obs-prior, Length: 387, dtype: float64
0     -0.024354
1      0.877207
2     -0.136674
3      0.847557
4     -0.258053
         ...   
382   -0.700411
383    0.493012
384    0.549958
385    1.367410
386    1.197264
Name: obs-prior, Length: 387, dtype: float64
0     -0.024354
1      0.877207
2     -0.136674
3      0.847557
4     -0.258053
         ...   
382   -0.700411
383    0.493012
384    0.549958
385    1.367410
386    1.197264
Name: obs-prior, Length: 387, dtype: float64
0     -0.024354
1      0.877207
2     -0.136674
3      0.847557
4     -0.258053
         ...   
382   -0.700411
383    0.493012
384    0.549958
385    1.367410
386    1.197264
Name: obs-prior, Length: 387, dtype: float64
0     -0.024354
1      0.877207
2     -0.136674
3      0.847557
4     -0.258053
         ...   
382   -0.700411
383    0.493012
384    0.549958
385    1.367410
386    1.197264
Name: obs-prior, Length: 387, dtype: float64
0     -0.024354
1      0.877207
2     -0.136674
3      0.847557
4     -0.258053
         ...   
382   -0.700411
383    0.493012
384    0.549958
385    1.367410
386    1.197264
Name: obs-prior, Length: 387, dtype: float64
0     -0.024354
1      0.877207
2     -0.136674
3      0.847557
4     -0.258053
         ...   
382   -0.700411
383    0.493012
384    0.549958
385    1.367410
386    1.197264
Name: obs-prior, Length: 387, dtype: float64
0     -0.024354
1      0.877207
2     -0.136674
3      0.847557
4     -0.258053
         ...   
382   -0.700411
383    0.493012
384    0.549958
385    1.367410
386    1.197264
Name: obs-prior, Length: 387, dtype: float64
0     -0.024354
1      0.877207
2     -0.136674
3      0.847557
4     -0.258053
         ...   
382   -0.700411
383    0.493012
384    0.549958
385    1.367410
386    1.197264
Name: obs-prior, Length: 387, dtype: float64
0     -0.024354
1      0.877207
2     -0.136674
3      0.847557
4     -0.258053
         ...   
382   -0.700411
383    0.493012
384    0.549958
385    1.367410
386    1.197264
Name: obs-prior, Length: 387, dtype: float64
0     -0.024354
1      0.877207
2     -0.136674
3      0.847557
4     -0.258053
         ...   
382   -0.700411
383    0.493012
384    0.549958
385    1.367410
386    1.197264
Name: obs-prior, Length: 387, dtype: float64
0     -0.024354
1      0.877207
2     -0.136674
3      0.847557
4     -0.258053
         ...   
382   -0.700411
383    0.493012
384    0.549958
385    1.367410
386    1.197264
Name: obs-prior, Length: 387, dtype: float64
 region:  TR
0       0.201189
1      -0.589832
2       0.131584
3       0.833908
4       1.155971
          ...   
5249    0.459580
5250   -0.498086
5251    0.981945
5252    1.415793
5253    0.247184
Name: obs-prior, Length: 5254, dtype: float64
0       0.201189
1      -0.589832
2       0.131584
3       0.833908
4       1.155971
          ...   
5249    0.459580
5250   -0.498086
5251    0.981945
5252    1.415793
5253    0.247184
Name: obs-prior, Length: 5254, dtype: float64
0       0.201189
1      -0.589832
2       0.131584
3       0.833908
4       1.155971
          ...   
5249    0.459580
5250   -0.498086
5251    0.981945
5252    1.415793
5253    0.247184
Name: obs-prior, Length: 5254, dtype: float64
0       0.201189
1      -0.589832
2       0.131584
3       0.833908
4       1.155971
          ...   
5249    0.459580
5250   -0.498086
5251    0.981945
5252    1.415793
5253    0.247184
Name: obs-prior, Length: 5254, dtype: float64
0       0.201189
1      -0.589832
2       0.131584
3       0.833908
4       1.155971
          ...   
5249    0.459580
5250   -0.498086
5251    0.981945
5252    1.415793
5253    0.247184
Name: obs-prior, Length: 5254, dtype: float64
0       0.201189
1      -0.589832
2       0.131584
3       0.833908
4       1.155971
          ...   
5249    0.459580
5250   -0.498086
5251    0.981945
5252    1.415793
5253    0.247184
Name: obs-prior, Length: 5254, dtype: float64
0       0.201189
1      -0.589832
2       0.131584
3       0.833908
4       1.155971
          ...   
5249    0.459580
5250   -0.498086
5251    0.981945
5252    1.415793
5253    0.247184
Name: obs-prior, Length: 5254, dtype: float64
0       0.201189
1      -0.589832
2       0.131584
3       0.833908
4       1.155971
          ...   
5249    0.459580
5250   -0.498086
5251    0.981945
5252    1.415793
5253    0.247184
Name: obs-prior, Length: 5254, dtype: float64
0       0.201189
1      -0.589832
2       0.131584
3       0.833908
4       1.155971
          ...   
5249    0.459580
5250   -0.498086
5251    0.981945
5252    1.415793
5253    0.247184
Name: obs-prior, Length: 5254, dtype: float64
0       0.201189
1      -0.589832
2       0.131584
3       0.833908
4       1.155971
          ...   
5249    0.459580
5250   -0.498086
5251    0.981945
5252    1.415793
5253    0.247184
Name: obs-prior, Length: 5254, dtype: float64
0       0.201189
1      -0.589832
2       0.131584
3       0.833908
4       1.155971
          ...   
5249    0.459580
5250   -0.498086
5251    0.981945
5252    1.415793
5253    0.247184
Name: obs-prior, Length: 5254, dtype: float64
0       0.201189
1      -0.589832
2       0.131584
3       0.833908
4       1.155971
          ...   
5249    0.459580
5250   -0.498086
5251    0.981945
5252    1.415793
5253    0.247184
Name: obs-prior, Length: 5254, dtype: float64
0       0.201189
1      -0.589832
2       0.131584
3       0.833908
4       1.155971
          ...   
5249    0.459580
5250   -0.498086
5251    0.981945
5252    1.415793
5253    0.247184
Name: obs-prior, Length: 5254, dtype: float64
0       0.201189
1      -0.589832
2       0.131584
3       0.833908
4       1.155971
          ...   
5249    0.459580
5250   -0.498086
5251    0.981945
5252    1.415793
5253    0.247184
Name: obs-prior, Length: 5254, dtype: float64
0       0.201189
1      -0.589832
2       0.131584
3       0.833908
4       1.155971
          ...   
5249    0.459580
5250   -0.498086
5251    0.981945
5252    1.415793
5253    0.247184
Name: obs-prior, Length: 5254, dtype: float64
0       0.201189
1      -0.589832
2       0.131584
3       0.833908
4       1.155971
          ...   
5249    0.459580
5250   -0.498086
5251    0.981945
5252    1.415793
5253    0.247184
Name: obs-prior, Length: 5254, dtype: float64
0       0.201189
1      -0.589832
2       0.131584
3       0.833908
4       1.155971
          ...   
5249    0.459580
5250   -0.498086
5251    0.981945
5252    1.415793
5253    0.247184
Name: obs-prior, Length: 5254, dtype: float64

 processing obs:  SAT_U_WIND_COMPONENT
 region:  Global
 No obs:  SAT_U_WIND_COMPONENT  in region:  Global  at this time.
 region:  NH
 No obs:  SAT_U_WIND_COMPONENT  in region:  NH  at this time.
 region:  SH
 No obs:  SAT_U_WIND_COMPONENT  in region:  SH  at this time.
 region:  TR
 No obs:  SAT_U_WIND_COMPONENT  in region:  TR  at this time.

 processing obs:  SAT_V_WIND_COMPONENT
 region:  Global
 No obs:  SAT_V_WIND_COMPONENT  in region:  Global  at this time.
 region:  NH
 No obs:  SAT_V_WIND_COMPONENT  in region:  NH  at this time.
 region:  SH
 No obs:  SAT_V_WIND_COMPONENT  in region:  SH  at this time.
 region:  TR
 No obs:  SAT_V_WIND_COMPONENT  in region:  TR  at this time.

 processing obs:  GPSRO_REFRACTIVITY
 region:  Global
 No obs:  GPSRO_REFRACTIVITY  in region:  Global  at this time.
 region:  NH
 No obs:  GPSRO_REFRACTIVITY  in region:  NH  at this time.
 region:  SH
 No obs:  GPSRO_REFRACTIVITY  in region:  SH  at this time.
 region:  TR
 No obs:  GPSRO_REFRACTIVITY  in region:  TR  at this time.

 processing obs:  EOS_2_AMSUA_TB
 region:  Global
 No obs:  EOS_2_AMSUA_TB  in region:  Global  at this time.
 region:  NH
 No obs:  EOS_2_AMSUA_TB  in region:  NH  at this time.
 region:  SH
 No obs:  EOS_2_AMSUA_TB  in region:  SH  at this time.
 region:  TR
 No obs:  EOS_2_AMSUA_TB  in region:  TR  at this time.

 processing obs:  NOAA_15_AMSUA_TB
 region:  Global
 No obs:  NOAA_15_AMSUA_TB  in region:  Global  at this time.
 region:  NH
 No obs:  NOAA_15_AMSUA_TB  in region:  NH  at this time.
 region:  SH
 No obs:  NOAA_15_AMSUA_TB  in region:  SH  at this time.
 region:  TR
 No obs:  NOAA_15_AMSUA_TB  in region:  TR  at this time.

 processing obs:  NOAA_16_AMSUA_TB
 region:  Global
 No obs:  NOAA_16_AMSUA_TB  in region:  Global  at this time.
 region:  NH
 No obs:  NOAA_16_AMSUA_TB  in region:  NH  at this time.
 region:  SH
 No obs:  NOAA_16_AMSUA_TB  in region:  SH  at this time.
 region:  TR
 No obs:  NOAA_16_AMSUA_TB  in region:  TR  at this time.

 processing obs:  NOAA_17_AMSUA_TB
 region:  Global
 No obs:  NOAA_17_AMSUA_TB  in region:  Global  at this time.
 region:  NH
 No obs:  NOAA_17_AMSUA_TB  in region:  NH  at this time.
 region:  SH
 No obs:  NOAA_17_AMSUA_TB  in region:  SH  at this time.
 region:  TR
 No obs:  NOAA_17_AMSUA_TB  in region:  TR  at this time.

 processing obs:  NOAA_18_AMSUA_TB
 region:  Global
 No obs:  NOAA_18_AMSUA_TB  in region:  Global  at this time.
 region:  NH
 No obs:  NOAA_18_AMSUA_TB  in region:  NH  at this time.
 region:  SH
 No obs:  NOAA_18_AMSUA_TB  in region:  SH  at this time.
 region:  TR
 No obs:  NOAA_18_AMSUA_TB  in region:  TR  at this time.

 processing obs:  NOAA_19_AMSUA_TB
 region:  Global
 No obs:  NOAA_19_AMSUA_TB  in region:  Global  at this time.
 region:  NH
 No obs:  NOAA_19_AMSUA_TB  in region:  NH  at this time.
 region:  SH
 No obs:  NOAA_19_AMSUA_TB  in region:  SH  at this time.
 region:  TR
 No obs:  NOAA_19_AMSUA_TB  in region:  TR  at this time.

 processing obs:  METOP_1_AMSUA_TB
 region:  Global
 No obs:  METOP_1_AMSUA_TB  in region:  Global  at this time.
 region:  NH
 No obs:  METOP_1_AMSUA_TB  in region:  NH  at this time.
 region:  SH
 No obs:  METOP_1_AMSUA_TB  in region:  SH  at this time.
 region:  TR
 No obs:  METOP_1_AMSUA_TB  in region:  TR  at this time.

 processing obs:  METOP_2_AMSUA_TB
 region:  Global
 No obs:  METOP_2_AMSUA_TB  in region:  Global  at this time.
 region:  NH
 No obs:  METOP_2_AMSUA_TB  in region:  NH  at this time.
 region:  SH
 No obs:  METOP_2_AMSUA_TB  in region:  SH  at this time.
 region:  TR
 No obs:  METOP_2_AMSUA_TB  in region:  TR  at this time.

 processing obs:  VADWND_U_WIND_COMPONENT
 region:  Global
 No obs:  VADWND_U_WIND_COMPONENT  in region:  Global  at this time.
 region:  NH
 No obs:  VADWND_U_WIND_COMPONENT  in region:  NH  at this time.
 region:  SH
 No obs:  VADWND_U_WIND_COMPONENT  in region:  SH  at this time.
 region:  TR
 No obs:  VADWND_U_WIND_COMPONENT  in region:  TR  at this time.

 processing obs:  VADWND_V_WIND_COMPONENT
 region:  Global
 No obs:  VADWND_V_WIND_COMPONENT  in region:  Global  at this time.
 region:  NH
 No obs:  VADWND_V_WIND_COMPONENT  in region:  NH  at this time.
 region:  SH
 No obs:  VADWND_V_WIND_COMPONENT  in region:  SH  at this time.
 region:  TR
 No obs:  VADWND_V_WIND_COMPONENT  in region:  TR  at this time.

 processing obs:  LAND_SFC_PRESSURE
 region:  Global
 No obs:  LAND_SFC_PRESSURE  in region:  Global  at this time.
 region:  NH
 No obs:  LAND_SFC_PRESSURE  in region:  NH  at this time.
 region:  SH
 No obs:  LAND_SFC_PRESSURE  in region:  SH  at this time.
 region:  TR
 No obs:  LAND_SFC_PRESSURE  in region:  TR  at this time.

 processing obs:  MARINE_SFC_PRESSURE
 region:  Global
 No obs:  MARINE_SFC_PRESSURE  in region:  Global  at this time.
 region:  NH
 No obs:  MARINE_SFC_PRESSURE  in region:  NH  at this time.
 region:  SH
 No obs:  MARINE_SFC_PRESSURE  in region:  SH  at this time.
 region:  TR
 No obs:  MARINE_SFC_PRESSURE  in region:  TR  at this time.
Save assimilated: Global
Save assimilated: SH
Save assimilated: NH
Save assimilated: TR

 2024-03-25 13:47:14.553001
Execution Time:  0:00:11.260209

 -------------------- END ------------------- 

	Command being timed: "/work/cmcc/mg20022/.conda/envs/guatura/bin/python ./quick_spreads_diag.py"
	User time (seconds): 8.54
	System time (seconds): 2.80
	Percent of CPU this job got: 85%
	Elapsed (wall clock) time (h:mm:ss or m:ss): 0:13.25
	Average shared text size (kbytes): 0
	Average unshared data size (kbytes): 0
	Average stack size (kbytes): 0
	Average total size (kbytes): 0
	Maximum resident set size (kbytes): 535836
	Average resident set size (kbytes): 0
	Major (requiring I/O) page faults: 0
	Minor (reclaiming a frame) page faults: 58605
	Voluntary context switches: 11600
	Involuntary context switches: 606349
	Swaps: 0
	File system inputs: 8
	File system outputs: 0
	Socket messages sent: 0
	Socket messages received: 0
	Signals delivered: 0
	Page size (bytes): 4096
	Exit status: 0
