STARTING

 2024-03-25 13:47:11.746070

 Computation parameters:
 Experiment name:  arc2
 Start date:  2017-10-04-64800
 End date:  2017-10-04-64800
 Path archive:  /work/cmcc/gc02720/CMCC-CM/archive
 Path experiment:  /work/cmcc/gc02720/CMCC-CM/archive/arc2
 Path save:  /work/cmcc/gc02720/CMCC-CM/basic_diag/arc2/2017-10-04-64800
 Observation to process:  ['RADIOSONDE_U_WIND_COMPONENT', 'RADIOSONDE_V_WIND_COMPONENT', 'RADIOSONDE_TEMPERATURE', 'AIRCRAFT_U_WIND_COMPONENT', 'AIRCRAFT_V_WIND_COMPONENT', 'AIRCRAFT_TEMPERATURE', 'ACARS_U_WIND_COMPONENT', 'ACARS_V_WIND_COMPONENT', 'ACARS_TEMPERATURE', 'SAT_U_WIND_COMPONENT', 'SAT_V_WIND_COMPONENT', 'GPSRO_REFRACTIVITY', 'EOS_2_AMSUA_TB', 'NOAA_15_AMSUA_TB', 'NOAA_16_AMSUA_TB', 'NOAA_17_AMSUA_TB', 'NOAA_18_AMSUA_TB', 'NOAA_19_AMSUA_TB', 'METOP_1_AMSUA_TB', 'METOP_2_AMSUA_TB', 'VADWND_U_WIND_COMPONENT', 'VADWND_V_WIND_COMPONENT', 'LAND_SFC_PRESSURE', 'MARINE_SFC_PRESSURE']
 Reference levels:  (1014, 950, 900, 850, 800, 750, 700, 650, 600, 550, 500, 450, 400, 350, 300, 250, 200, 150, 90, 50, 25, 10, 5, 2.5, 1)

 Successfully created the directory /work/cmcc/gc02720/CMCC-CM/basic_diag/arc2/2017-10-04-64800 
 Center layers:  [982.0, 925.0, 875.0, 825.0, 775.0, 725.0, 675.0, 625.0, 575.0, 525.0, 475.0, 425.0, 375.0, 325.0, 275.0, 225.0, 175.0, 120.0, 70.0, 37.5, 17.5, 7.5, 3.75, 1.75]

 Start the computation...

 dir to process:  ['arc2-2017-10-04-64800']

 dir:  /work/cmcc/gc02720/CMCC-CM/archive/arc2/arc2-2017-10-04-64800
 dir number  1  out of  1
 listdb=  ['/work/cmcc/gc02720/CMCC-CM/archive/arc2/arc2-2017-10-04-64800/arc2.spreads.ARC.1.2017-10-04-64800.db', '/work/cmcc/gc02720/CMCC-CM/archive/arc2/arc2-2017-10-04-64800/arc2.spreads.ARC.2.2017-10-04-64800.db', '/work/cmcc/gc02720/CMCC-CM/archive/arc2/arc2-2017-10-04-64800/arc2.spreads.ARC.3.2017-10-04-64800.db']
 listdb len=  3
 maskdb=  [1, 1, 1]
 maskdb len=  3
 loading info from:  /work/cmcc/gc02720/CMCC-CM/archive/arc2/arc2-2017-10-04-64800/arc2.spreads.ARC.1.2017-10-04-64800.db
 loading info from:  /work/cmcc/gc02720/CMCC-CM/archive/arc2/arc2-2017-10-04-64800/arc2.spreads.ARC.2.2017-10-04-64800.db
 loading info from:  /work/cmcc/gc02720/CMCC-CM/archive/arc2/arc2-2017-10-04-64800/arc2.spreads.ARC.3.2017-10-04-64800.db

 processing obs:  RADIOSONDE_U_WIND_COMPONENT
 region:  Global
 No obs:  RADIOSONDE_U_WIND_COMPONENT  in region:  Global  at this time.
 region:  NH
 No obs:  RADIOSONDE_U_WIND_COMPONENT  in region:  NH  at this time.
 region:  SH
 No obs:  RADIOSONDE_U_WIND_COMPONENT  in region:  SH  at this time.
 region:  TR
 No obs:  RADIOSONDE_U_WIND_COMPONENT  in region:  TR  at this time.

 processing obs:  RADIOSONDE_V_WIND_COMPONENT
 region:  Global
 No obs:  RADIOSONDE_V_WIND_COMPONENT  in region:  Global  at this time.
 region:  NH
 No obs:  RADIOSONDE_V_WIND_COMPONENT  in region:  NH  at this time.
 region:  SH
 No obs:  RADIOSONDE_V_WIND_COMPONENT  in region:  SH  at this time.
 region:  TR
 No obs:  RADIOSONDE_V_WIND_COMPONENT  in region:  TR  at this time.

 processing obs:  RADIOSONDE_TEMPERATURE
 region:  Global
 No obs:  RADIOSONDE_TEMPERATURE  in region:  Global  at this time.
 region:  NH
 No obs:  RADIOSONDE_TEMPERATURE  in region:  NH  at this time.
 region:  SH
 No obs:  RADIOSONDE_TEMPERATURE  in region:  SH  at this time.
 region:  TR
 No obs:  RADIOSONDE_TEMPERATURE  in region:  TR  at this time.

 processing obs:  AIRCRAFT_U_WIND_COMPONENT
 region:  Global
0      -1.130043
1       0.381139
2       2.255940
3       0.752686
4       0.635364
          ...   
1243   -1.456336
1244   -3.327629
1245    0.010458
1246   -2.058551
1247   -1.204630
Name: obs-prior, Length: 1248, dtype: float64
0      -1.130043
1       0.381139
2       2.255940
3       0.752686
4       0.635364
          ...   
1243   -1.456336
1244   -3.327629
1245    0.010458
1246   -2.058551
1247   -1.204630
Name: obs-prior, Length: 1248, dtype: float64
0      -1.130043
1       0.381139
2       2.255940
3       0.752686
4       0.635364
          ...   
1243   -1.456336
1244   -3.327629
1245    0.010458
1246   -2.058551
1247   -1.204630
Name: obs-prior, Length: 1248, dtype: float64
0      -1.130043
1       0.381139
2       2.255940
3       0.752686
4       0.635364
          ...   
1243   -1.456336
1244   -3.327629
1245    0.010458
1246   -2.058551
1247   -1.204630
Name: obs-prior, Length: 1248, dtype: float64
0      -1.130043
1       0.381139
2       2.255940
3       0.752686
4       0.635364
          ...   
1243   -1.456336
1244   -3.327629
1245    0.010458
1246   -2.058551
1247   -1.204630
Name: obs-prior, Length: 1248, dtype: float64
0      -1.130043
1       0.381139
2       2.255940
3       0.752686
4       0.635364
          ...   
1243   -1.456336
1244   -3.327629
1245    0.010458
1246   -2.058551
1247   -1.204630
Name: obs-prior, Length: 1248, dtype: float64
0      -1.130043
1       0.381139
2       2.255940
3       0.752686
4       0.635364
          ...   
1243   -1.456336
1244   -3.327629
1245    0.010458
1246   -2.058551
1247   -1.204630
Name: obs-prior, Length: 1248, dtype: float64
0      -1.130043
1       0.381139
2       2.255940
3       0.752686
4       0.635364
          ...   
1243   -1.456336
1244   -3.327629
1245    0.010458
1246   -2.058551
1247   -1.204630
Name: obs-prior, Length: 1248, dtype: float64
0      -1.130043
1       0.381139
2       2.255940
3       0.752686
4       0.635364
          ...   
1243   -1.456336
1244   -3.327629
1245    0.010458
1246   -2.058551
1247   -1.204630
Name: obs-prior, Length: 1248, dtype: float64
0      -1.130043
1       0.381139
2       2.255940
3       0.752686
4       0.635364
          ...   
1243   -1.456336
1244   -3.327629
1245    0.010458
1246   -2.058551
1247   -1.204630
Name: obs-prior, Length: 1248, dtype: float64
0      -1.130043
1       0.381139
2       2.255940
3       0.752686
4       0.635364
          ...   
1243   -1.456336
1244   -3.327629
1245    0.010458
1246   -2.058551
1247   -1.204630
Name: obs-prior, Length: 1248, dtype: float64
0      -1.130043
1       0.381139
2       2.255940
3       0.752686
4       0.635364
          ...   
1243   -1.456336
1244   -3.327629
1245    0.010458
1246   -2.058551
1247   -1.204630
Name: obs-prior, Length: 1248, dtype: float64
0      -1.130043
1       0.381139
2       2.255940
3       0.752686
4       0.635364
          ...   
1243   -1.456336
1244   -3.327629
1245    0.010458
1246   -2.058551
1247   -1.204630
Name: obs-prior, Length: 1248, dtype: float64
0      -1.130043
1       0.381139
2       2.255940
3       0.752686
4       0.635364
          ...   
1243   -1.456336
1244   -3.327629
1245    0.010458
1246   -2.058551
1247   -1.204630
Name: obs-prior, Length: 1248, dtype: float64
0      -1.130043
1       0.381139
2       2.255940
3       0.752686
4       0.635364
          ...   
1243   -1.456336
1244   -3.327629
1245    0.010458
1246   -2.058551
1247   -1.204630
Name: obs-prior, Length: 1248, dtype: float64
0      -1.130043
1       0.381139
2       2.255940
3       0.752686
4       0.635364
          ...   
1243   -1.456336
1244   -3.327629
1245    0.010458
1246   -2.058551
1247   -1.204630
Name: obs-prior, Length: 1248, dtype: float64
0      -1.130043
1       0.381139
2       2.255940
3       0.752686
4       0.635364
          ...   
1243   -1.456336
1244   -3.327629
1245    0.010458
1246   -2.058551
1247   -1.204630
Name: obs-prior, Length: 1248, dtype: float64
0      -1.130043
1       0.381139
2       2.255940
3       0.752686
4       0.635364
          ...   
1243   -1.456336
1244   -3.327629
1245    0.010458
1246   -2.058551
1247   -1.204630
Name: obs-prior, Length: 1248, dtype: float64
 region:  NH
0     -0.672182
1      2.172235
2      0.569765
3     -3.409911
4     -2.940683
         ...   
527    3.680877
528   -1.456336
529   -3.327629
530    0.010458
531   -2.058551
Name: obs-prior, Length: 532, dtype: float64
0     -0.672182
1      2.172235
2      0.569765
3     -3.409911
4     -2.940683
         ...   
527    3.680877
528   -1.456336
529   -3.327629
530    0.010458
531   -2.058551
Name: obs-prior, Length: 532, dtype: float64
0     -0.672182
1      2.172235
2      0.569765
3     -3.409911
4     -2.940683
         ...   
527    3.680877
528   -1.456336
529   -3.327629
530    0.010458
531   -2.058551
Name: obs-prior, Length: 532, dtype: float64
0     -0.672182
1      2.172235
2      0.569765
3     -3.409911
4     -2.940683
         ...   
527    3.680877
528   -1.456336
529   -3.327629
530    0.010458
531   -2.058551
Name: obs-prior, Length: 532, dtype: float64
0     -0.672182
1      2.172235
2      0.569765
3     -3.409911
4     -2.940683
         ...   
527    3.680877
528   -1.456336
529   -3.327629
530    0.010458
531   -2.058551
Name: obs-prior, Length: 532, dtype: float64
0     -0.672182
1      2.172235
2      0.569765
3     -3.409911
4     -2.940683
         ...   
527    3.680877
528   -1.456336
529   -3.327629
530    0.010458
531   -2.058551
Name: obs-prior, Length: 532, dtype: float64
0     -0.672182
1      2.172235
2      0.569765
3     -3.409911
4     -2.940683
         ...   
527    3.680877
528   -1.456336
529   -3.327629
530    0.010458
531   -2.058551
Name: obs-prior, Length: 532, dtype: float64
0     -0.672182
1      2.172235
2      0.569765
3     -3.409911
4     -2.940683
         ...   
527    3.680877
528   -1.456336
529   -3.327629
530    0.010458
531   -2.058551
Name: obs-prior, Length: 532, dtype: float64
0     -0.672182
1      2.172235
2      0.569765
3     -3.409911
4     -2.940683
         ...   
527    3.680877
528   -1.456336
529   -3.327629
530    0.010458
531   -2.058551
Name: obs-prior, Length: 532, dtype: float64
0     -0.672182
1      2.172235
2      0.569765
3     -3.409911
4     -2.940683
         ...   
527    3.680877
528   -1.456336
529   -3.327629
530    0.010458
531   -2.058551
Name: obs-prior, Length: 532, dtype: float64
0     -0.672182
1      2.172235
2      0.569765
3     -3.409911
4     -2.940683
         ...   
527    3.680877
528   -1.456336
529   -3.327629
530    0.010458
531   -2.058551
Name: obs-prior, Length: 532, dtype: float64
0     -0.672182
1      2.172235
2      0.569765
3     -3.409911
4     -2.940683
         ...   
527    3.680877
528   -1.456336
529   -3.327629
530    0.010458
531   -2.058551
Name: obs-prior, Length: 532, dtype: float64
0     -0.672182
1      2.172235
2      0.569765
3     -3.409911
4     -2.940683
         ...   
527    3.680877
528   -1.456336
529   -3.327629
530    0.010458
531   -2.058551
Name: obs-prior, Length: 532, dtype: float64
0     -0.672182
1      2.172235
2      0.569765
3     -3.409911
4     -2.940683
         ...   
527    3.680877
528   -1.456336
529   -3.327629
530    0.010458
531   -2.058551
Name: obs-prior, Length: 532, dtype: float64
0     -0.672182
1      2.172235
2      0.569765
3     -3.409911
4     -2.940683
         ...   
527    3.680877
528   -1.456336
529   -3.327629
530    0.010458
531   -2.058551
Name: obs-prior, Length: 532, dtype: float64
0     -0.672182
1      2.172235
2      0.569765
3     -3.409911
4     -2.940683
         ...   
527    3.680877
528   -1.456336
529   -3.327629
530    0.010458
531   -2.058551
Name: obs-prior, Length: 532, dtype: float64
0     -0.672182
1      2.172235
2      0.569765
3     -3.409911
4     -2.940683
         ...   
527    3.680877
528   -1.456336
529   -3.327629
530    0.010458
531   -2.058551
Name: obs-prior, Length: 532, dtype: float64
0     -0.672182
1      2.172235
2      0.569765
3     -3.409911
4     -2.940683
         ...   
527    3.680877
528   -1.456336
529   -3.327629
530    0.010458
531   -2.058551
Name: obs-prior, Length: 532, dtype: float64
 region:  SH
0     -2.690777
1      1.633598
2     -3.464273
3      2.458224
4      2.432711
         ...   
332    0.988856
333    0.902002
334    2.464336
335    0.042137
336   -1.204630
Name: obs-prior, Length: 337, dtype: float64
0     -2.690777
1      1.633598
2     -3.464273
3      2.458224
4      2.432711
         ...   
332    0.988856
333    0.902002
334    2.464336
335    0.042137
336   -1.204630
Name: obs-prior, Length: 337, dtype: float64
0     -2.690777
1      1.633598
2     -3.464273
3      2.458224
4      2.432711
         ...   
332    0.988856
333    0.902002
334    2.464336
335    0.042137
336   -1.204630
Name: obs-prior, Length: 337, dtype: float64
0     -2.690777
1      1.633598
2     -3.464273
3      2.458224
4      2.432711
         ...   
332    0.988856
333    0.902002
334    2.464336
335    0.042137
336   -1.204630
Name: obs-prior, Length: 337, dtype: float64
0     -2.690777
1      1.633598
2     -3.464273
3      2.458224
4      2.432711
         ...   
332    0.988856
333    0.902002
334    2.464336
335    0.042137
336   -1.204630
Name: obs-prior, Length: 337, dtype: float64
0     -2.690777
1      1.633598
2     -3.464273
3      2.458224
4      2.432711
         ...   
332    0.988856
333    0.902002
334    2.464336
335    0.042137
336   -1.204630
Name: obs-prior, Length: 337, dtype: float64
0     -2.690777
1      1.633598
2     -3.464273
3      2.458224
4      2.432711
         ...   
332    0.988856
333    0.902002
334    2.464336
335    0.042137
336   -1.204630
Name: obs-prior, Length: 337, dtype: float64
0     -2.690777
1      1.633598
2     -3.464273
3      2.458224
4      2.432711
         ...   
332    0.988856
333    0.902002
334    2.464336
335    0.042137
336   -1.204630
Name: obs-prior, Length: 337, dtype: float64
0     -2.690777
1      1.633598
2     -3.464273
3      2.458224
4      2.432711
         ...   
332    0.988856
333    0.902002
334    2.464336
335    0.042137
336   -1.204630
Name: obs-prior, Length: 337, dtype: float64
0     -2.690777
1      1.633598
2     -3.464273
3      2.458224
4      2.432711
         ...   
332    0.988856
333    0.902002
334    2.464336
335    0.042137
336   -1.204630
Name: obs-prior, Length: 337, dtype: float64
0     -2.690777
1      1.633598
2     -3.464273
3      2.458224
4      2.432711
         ...   
332    0.988856
333    0.902002
334    2.464336
335    0.042137
336   -1.204630
Name: obs-prior, Length: 337, dtype: float64
0     -2.690777
1      1.633598
2     -3.464273
3      2.458224
4      2.432711
         ...   
332    0.988856
333    0.902002
334    2.464336
335    0.042137
336   -1.204630
Name: obs-prior, Length: 337, dtype: float64
0     -2.690777
1      1.633598
2     -3.464273
3      2.458224
4      2.432711
         ...   
332    0.988856
333    0.902002
334    2.464336
335    0.042137
336   -1.204630
Name: obs-prior, Length: 337, dtype: float64
0     -2.690777
1      1.633598
2     -3.464273
3      2.458224
4      2.432711
         ...   
332    0.988856
333    0.902002
334    2.464336
335    0.042137
336   -1.204630
Name: obs-prior, Length: 337, dtype: float64
0     -2.690777
1      1.633598
2     -3.464273
3      2.458224
4      2.432711
         ...   
332    0.988856
333    0.902002
334    2.464336
335    0.042137
336   -1.204630
Name: obs-prior, Length: 337, dtype: float64
0     -2.690777
1      1.633598
2     -3.464273
3      2.458224
4      2.432711
         ...   
332    0.988856
333    0.902002
334    2.464336
335    0.042137
336   -1.204630
Name: obs-prior, Length: 337, dtype: float64
0     -2.690777
1      1.633598
2     -3.464273
3      2.458224
4      2.432711
         ...   
332    0.988856
333    0.902002
334    2.464336
335    0.042137
336   -1.204630
Name: obs-prior, Length: 337, dtype: float64
 region:  TR
0     -1.130043
1      0.381139
2      2.255940
3      0.752686
4      0.635364
         ...   
374    1.629649
375    3.847217
376   -3.250990
377    2.047546
378   -2.598324
Name: obs-prior, Length: 379, dtype: float64
0     -1.130043
1      0.381139
2      2.255940
3      0.752686
4      0.635364
         ...   
374    1.629649
375    3.847217
376   -3.250990
377    2.047546
378   -2.598324
Name: obs-prior, Length: 379, dtype: float64
0     -1.130043
1      0.381139
2      2.255940
3      0.752686
4      0.635364
         ...   
374    1.629649
375    3.847217
376   -3.250990
377    2.047546
378   -2.598324
Name: obs-prior, Length: 379, dtype: float64
0     -1.130043
1      0.381139
2      2.255940
3      0.752686
4      0.635364
         ...   
374    1.629649
375    3.847217
376   -3.250990
377    2.047546
378   -2.598324
Name: obs-prior, Length: 379, dtype: float64
0     -1.130043
1      0.381139
2      2.255940
3      0.752686
4      0.635364
         ...   
374    1.629649
375    3.847217
376   -3.250990
377    2.047546
378   -2.598324
Name: obs-prior, Length: 379, dtype: float64
0     -1.130043
1      0.381139
2      2.255940
3      0.752686
4      0.635364
         ...   
374    1.629649
375    3.847217
376   -3.250990
377    2.047546
378   -2.598324
Name: obs-prior, Length: 379, dtype: float64
0     -1.130043
1      0.381139
2      2.255940
3      0.752686
4      0.635364
         ...   
374    1.629649
375    3.847217
376   -3.250990
377    2.047546
378   -2.598324
Name: obs-prior, Length: 379, dtype: float64
0     -1.130043
1      0.381139
2      2.255940
3      0.752686
4      0.635364
         ...   
374    1.629649
375    3.847217
376   -3.250990
377    2.047546
378   -2.598324
Name: obs-prior, Length: 379, dtype: float64
0     -1.130043
1      0.381139
2      2.255940
3      0.752686
4      0.635364
         ...   
374    1.629649
375    3.847217
376   -3.250990
377    2.047546
378   -2.598324
Name: obs-prior, Length: 379, dtype: float64
0     -1.130043
1      0.381139
2      2.255940
3      0.752686
4      0.635364
         ...   
374    1.629649
375    3.847217
376   -3.250990
377    2.047546
378   -2.598324
Name: obs-prior, Length: 379, dtype: float64
0     -1.130043
1      0.381139
2      2.255940
3      0.752686
4      0.635364
         ...   
374    1.629649
375    3.847217
376   -3.250990
377    2.047546
378   -2.598324
Name: obs-prior, Length: 379, dtype: float64
0     -1.130043
1      0.381139
2      2.255940
3      0.752686
4      0.635364
         ...   
374    1.629649
375    3.847217
376   -3.250990
377    2.047546
378   -2.598324
Name: obs-prior, Length: 379, dtype: float64
0     -1.130043
1      0.381139
2      2.255940
3      0.752686
4      0.635364
         ...   
374    1.629649
375    3.847217
376   -3.250990
377    2.047546
378   -2.598324
Name: obs-prior, Length: 379, dtype: float64
0     -1.130043
1      0.381139
2      2.255940
3      0.752686
4      0.635364
         ...   
374    1.629649
375    3.847217
376   -3.250990
377    2.047546
378   -2.598324
Name: obs-prior, Length: 379, dtype: float64
0     -1.130043
1      0.381139
2      2.255940
3      0.752686
4      0.635364
         ...   
374    1.629649
375    3.847217
376   -3.250990
377    2.047546
378   -2.598324
Name: obs-prior, Length: 379, dtype: float64
0     -1.130043
1      0.381139
2      2.255940
3      0.752686
4      0.635364
         ...   
374    1.629649
375    3.847217
376   -3.250990
377    2.047546
378   -2.598324
Name: obs-prior, Length: 379, dtype: float64
0     -1.130043
1      0.381139
2      2.255940
3      0.752686
4      0.635364
         ...   
374    1.629649
375    3.847217
376   -3.250990
377    2.047546
378   -2.598324
Name: obs-prior, Length: 379, dtype: float64

 processing obs:  AIRCRAFT_V_WIND_COMPONENT
 region:  Global
0      -1.241479
1       0.802196
2       2.096846
3      -1.878273
4      -0.106893
          ...   
1316    1.772223
1317   -2.430996
1318   -1.169004
1319   -2.171761
1320    1.716818
Name: obs-prior, Length: 1321, dtype: float64
0      -1.241479
1       0.802196
2       2.096846
3      -1.878273
4      -0.106893
          ...   
1316    1.772223
1317   -2.430996
1318   -1.169004
1319   -2.171761
1320    1.716818
Name: obs-prior, Length: 1321, dtype: float64
0      -1.241479
1       0.802196
2       2.096846
3      -1.878273
4      -0.106893
          ...   
1316    1.772223
1317   -2.430996
1318   -1.169004
1319   -2.171761
1320    1.716818
Name: obs-prior, Length: 1321, dtype: float64
0      -1.241479
1       0.802196
2       2.096846
3      -1.878273
4      -0.106893
          ...   
1316    1.772223
1317   -2.430996
1318   -1.169004
1319   -2.171761
1320    1.716818
Name: obs-prior, Length: 1321, dtype: float64
0      -1.241479
1       0.802196
2       2.096846
3      -1.878273
4      -0.106893
          ...   
1316    1.772223
1317   -2.430996
1318   -1.169004
1319   -2.171761
1320    1.716818
Name: obs-prior, Length: 1321, dtype: float64
0      -1.241479
1       0.802196
2       2.096846
3      -1.878273
4      -0.106893
          ...   
1316    1.772223
1317   -2.430996
1318   -1.169004
1319   -2.171761
1320    1.716818
Name: obs-prior, Length: 1321, dtype: float64
0      -1.241479
1       0.802196
2       2.096846
3      -1.878273
4      -0.106893
          ...   
1316    1.772223
1317   -2.430996
1318   -1.169004
1319   -2.171761
1320    1.716818
Name: obs-prior, Length: 1321, dtype: float64
0      -1.241479
1       0.802196
2       2.096846
3      -1.878273
4      -0.106893
          ...   
1316    1.772223
1317   -2.430996
1318   -1.169004
1319   -2.171761
1320    1.716818
Name: obs-prior, Length: 1321, dtype: float64
0      -1.241479
1       0.802196
2       2.096846
3      -1.878273
4      -0.106893
          ...   
1316    1.772223
1317   -2.430996
1318   -1.169004
1319   -2.171761
1320    1.716818
Name: obs-prior, Length: 1321, dtype: float64
0      -1.241479
1       0.802196
2       2.096846
3      -1.878273
4      -0.106893
          ...   
1316    1.772223
1317   -2.430996
1318   -1.169004
1319   -2.171761
1320    1.716818
Name: obs-prior, Length: 1321, dtype: float64
0      -1.241479
1       0.802196
2       2.096846
3      -1.878273
4      -0.106893
          ...   
1316    1.772223
1317   -2.430996
1318   -1.169004
1319   -2.171761
1320    1.716818
Name: obs-prior, Length: 1321, dtype: float64
0      -1.241479
1       0.802196
2       2.096846
3      -1.878273
4      -0.106893
          ...   
1316    1.772223
1317   -2.430996
1318   -1.169004
1319   -2.171761
1320    1.716818
Name: obs-prior, Length: 1321, dtype: float64
0      -1.241479
1       0.802196
2       2.096846
3      -1.878273
4      -0.106893
          ...   
1316    1.772223
1317   -2.430996
1318   -1.169004
1319   -2.171761
1320    1.716818
Name: obs-prior, Length: 1321, dtype: float64
0      -1.241479
1       0.802196
2       2.096846
3      -1.878273
4      -0.106893
          ...   
1316    1.772223
1317   -2.430996
1318   -1.169004
1319   -2.171761
1320    1.716818
Name: obs-prior, Length: 1321, dtype: float64
0      -1.241479
1       0.802196
2       2.096846
3      -1.878273
4      -0.106893
          ...   
1316    1.772223
1317   -2.430996
1318   -1.169004
1319   -2.171761
1320    1.716818
Name: obs-prior, Length: 1321, dtype: float64
0      -1.241479
1       0.802196
2       2.096846
3      -1.878273
4      -0.106893
          ...   
1316    1.772223
1317   -2.430996
1318   -1.169004
1319   -2.171761
1320    1.716818
Name: obs-prior, Length: 1321, dtype: float64
0      -1.241479
1       0.802196
2       2.096846
3      -1.878273
4      -0.106893
          ...   
1316    1.772223
1317   -2.430996
1318   -1.169004
1319   -2.171761
1320    1.716818
Name: obs-prior, Length: 1321, dtype: float64
0      -1.241479
1       0.802196
2       2.096846
3      -1.878273
4      -0.106893
          ...   
1316    1.772223
1317   -2.430996
1318   -1.169004
1319   -2.171761
1320    1.716818
Name: obs-prior, Length: 1321, dtype: float64
 region:  NH
0      2.096846
1      1.292855
2     -1.199134
3      0.682448
4      0.537606
         ...   
619    6.675576
620    1.772223
621   -2.430996
622   -1.169004
623   -2.171761
Name: obs-prior, Length: 624, dtype: float64
0      2.096846
1      1.292855
2     -1.199134
3      0.682448
4      0.537606
         ...   
619    6.675576
620    1.772223
621   -2.430996
622   -1.169004
623   -2.171761
Name: obs-prior, Length: 624, dtype: float64
0      2.096846
1      1.292855
2     -1.199134
3      0.682448
4      0.537606
         ...   
619    6.675576
620    1.772223
621   -2.430996
622   -1.169004
623   -2.171761
Name: obs-prior, Length: 624, dtype: float64
0      2.096846
1      1.292855
2     -1.199134
3      0.682448
4      0.537606
         ...   
619    6.675576
620    1.772223
621   -2.430996
622   -1.169004
623   -2.171761
Name: obs-prior, Length: 624, dtype: float64
0      2.096846
1      1.292855
2     -1.199134
3      0.682448
4      0.537606
         ...   
619    6.675576
620    1.772223
621   -2.430996
622   -1.169004
623   -2.171761
Name: obs-prior, Length: 624, dtype: float64
0      2.096846
1      1.292855
2     -1.199134
3      0.682448
4      0.537606
         ...   
619    6.675576
620    1.772223
621   -2.430996
622   -1.169004
623   -2.171761
Name: obs-prior, Length: 624, dtype: float64
0      2.096846
1      1.292855
2     -1.199134
3      0.682448
4      0.537606
         ...   
619    6.675576
620    1.772223
621   -2.430996
622   -1.169004
623   -2.171761
Name: obs-prior, Length: 624, dtype: float64
0      2.096846
1      1.292855
2     -1.199134
3      0.682448
4      0.537606
         ...   
619    6.675576
620    1.772223
621   -2.430996
622   -1.169004
623   -2.171761
Name: obs-prior, Length: 624, dtype: float64
0      2.096846
1      1.292855
2     -1.199134
3      0.682448
4      0.537606
         ...   
619    6.675576
620    1.772223
621   -2.430996
622   -1.169004
623   -2.171761
Name: obs-prior, Length: 624, dtype: float64
0      2.096846
1      1.292855
2     -1.199134
3      0.682448
4      0.537606
         ...   
619    6.675576
620    1.772223
621   -2.430996
622   -1.169004
623   -2.171761
Name: obs-prior, Length: 624, dtype: float64
0      2.096846
1      1.292855
2     -1.199134
3      0.682448
4      0.537606
         ...   
619    6.675576
620    1.772223
621   -2.430996
622   -1.169004
623   -2.171761
Name: obs-prior, Length: 624, dtype: float64
0      2.096846
1      1.292855
2     -1.199134
3      0.682448
4      0.537606
         ...   
619    6.675576
620    1.772223
621   -2.430996
622   -1.169004
623   -2.171761
Name: obs-prior, Length: 624, dtype: float64
0      2.096846
1      1.292855
2     -1.199134
3      0.682448
4      0.537606
         ...   
619    6.675576
620    1.772223
621   -2.430996
622   -1.169004
623   -2.171761
Name: obs-prior, Length: 624, dtype: float64
0      2.096846
1      1.292855
2     -1.199134
3      0.682448
4      0.537606
         ...   
619    6.675576
620    1.772223
621   -2.430996
622   -1.169004
623   -2.171761
Name: obs-prior, Length: 624, dtype: float64
0      2.096846
1      1.292855
2     -1.199134
3      0.682448
4      0.537606
         ...   
619    6.675576
620    1.772223
621   -2.430996
622   -1.169004
623   -2.171761
Name: obs-prior, Length: 624, dtype: float64
0      2.096846
1      1.292855
2     -1.199134
3      0.682448
4      0.537606
         ...   
619    6.675576
620    1.772223
621   -2.430996
622   -1.169004
623   -2.171761
Name: obs-prior, Length: 624, dtype: float64
0      2.096846
1      1.292855
2     -1.199134
3      0.682448
4      0.537606
         ...   
619    6.675576
620    1.772223
621   -2.430996
622   -1.169004
623   -2.171761
Name: obs-prior, Length: 624, dtype: float64
0      2.096846
1      1.292855
2     -1.199134
3      0.682448
4      0.537606
         ...   
619    6.675576
620    1.772223
621   -2.430996
622   -1.169004
623   -2.171761
Name: obs-prior, Length: 624, dtype: float64
 region:  SH
0     -0.998964
1      0.591395
2      1.021913
3     -0.168823
4     -2.624775
         ...   
247   -0.774344
248   -1.075164
249   -0.555497
250    2.145972
251    1.716818
Name: obs-prior, Length: 252, dtype: float64
0     -0.998964
1      0.591395
2      1.021913
3     -0.168823
4     -2.624775
         ...   
247   -0.774344
248   -1.075164
249   -0.555497
250    2.145972
251    1.716818
Name: obs-prior, Length: 252, dtype: float64
0     -0.998964
1      0.591395
2      1.021913
3     -0.168823
4     -2.624775
         ...   
247   -0.774344
248   -1.075164
249   -0.555497
250    2.145972
251    1.716818
Name: obs-prior, Length: 252, dtype: float64
0     -0.998964
1      0.591395
2      1.021913
3     -0.168823
4     -2.624775
         ...   
247   -0.774344
248   -1.075164
249   -0.555497
250    2.145972
251    1.716818
Name: obs-prior, Length: 252, dtype: float64
0     -0.998964
1      0.591395
2      1.021913
3     -0.168823
4     -2.624775
         ...   
247   -0.774344
248   -1.075164
249   -0.555497
250    2.145972
251    1.716818
Name: obs-prior, Length: 252, dtype: float64
0     -0.998964
1      0.591395
2      1.021913
3     -0.168823
4     -2.624775
         ...   
247   -0.774344
248   -1.075164
249   -0.555497
250    2.145972
251    1.716818
Name: obs-prior, Length: 252, dtype: float64
0     -0.998964
1      0.591395
2      1.021913
3     -0.168823
4     -2.624775
         ...   
247   -0.774344
248   -1.075164
249   -0.555497
250    2.145972
251    1.716818
Name: obs-prior, Length: 252, dtype: float64
0     -0.998964
1      0.591395
2      1.021913
3     -0.168823
4     -2.624775
         ...   
247   -0.774344
248   -1.075164
249   -0.555497
250    2.145972
251    1.716818
Name: obs-prior, Length: 252, dtype: float64
0     -0.998964
1      0.591395
2      1.021913
3     -0.168823
4     -2.624775
         ...   
247   -0.774344
248   -1.075164
249   -0.555497
250    2.145972
251    1.716818
Name: obs-prior, Length: 252, dtype: float64
0     -0.998964
1      0.591395
2      1.021913
3     -0.168823
4     -2.624775
         ...   
247   -0.774344
248   -1.075164
249   -0.555497
250    2.145972
251    1.716818
Name: obs-prior, Length: 252, dtype: float64
0     -0.998964
1      0.591395
2      1.021913
3     -0.168823
4     -2.624775
         ...   
247   -0.774344
248   -1.075164
249   -0.555497
250    2.145972
251    1.716818
Name: obs-prior, Length: 252, dtype: float64
0     -0.998964
1      0.591395
2      1.021913
3     -0.168823
4     -2.624775
         ...   
247   -0.774344
248   -1.075164
249   -0.555497
250    2.145972
251    1.716818
Name: obs-prior, Length: 252, dtype: float64
0     -0.998964
1      0.591395
2      1.021913
3     -0.168823
4     -2.624775
         ...   
247   -0.774344
248   -1.075164
249   -0.555497
250    2.145972
251    1.716818
Name: obs-prior, Length: 252, dtype: float64
0     -0.998964
1      0.591395
2      1.021913
3     -0.168823
4     -2.624775
         ...   
247   -0.774344
248   -1.075164
249   -0.555497
250    2.145972
251    1.716818
Name: obs-prior, Length: 252, dtype: float64
0     -0.998964
1      0.591395
2      1.021913
3     -0.168823
4     -2.624775
         ...   
247   -0.774344
248   -1.075164
249   -0.555497
250    2.145972
251    1.716818
Name: obs-prior, Length: 252, dtype: float64
0     -0.998964
1      0.591395
2      1.021913
3     -0.168823
4     -2.624775
         ...   
247   -0.774344
248   -1.075164
249   -0.555497
250    2.145972
251    1.716818
Name: obs-prior, Length: 252, dtype: float64
0     -0.998964
1      0.591395
2      1.021913
3     -0.168823
4     -2.624775
         ...   
247   -0.774344
248   -1.075164
249   -0.555497
250    2.145972
251    1.716818
Name: obs-prior, Length: 252, dtype: float64
 region:  TR
0     -1.241479
1      0.802196
2     -1.878273
3     -0.106893
4     -2.334754
         ...   
440   -3.604910
441   -3.002920
442    4.358230
443    1.434117
444    1.181662
Name: obs-prior, Length: 445, dtype: float64
0     -1.241479
1      0.802196
2     -1.878273
3     -0.106893
4     -2.334754
         ...   
440   -3.604910
441   -3.002920
442    4.358230
443    1.434117
444    1.181662
Name: obs-prior, Length: 445, dtype: float64
0     -1.241479
1      0.802196
2     -1.878273
3     -0.106893
4     -2.334754
         ...   
440   -3.604910
441   -3.002920
442    4.358230
443    1.434117
444    1.181662
Name: obs-prior, Length: 445, dtype: float64
0     -1.241479
1      0.802196
2     -1.878273
3     -0.106893
4     -2.334754
         ...   
440   -3.604910
441   -3.002920
442    4.358230
443    1.434117
444    1.181662
Name: obs-prior, Length: 445, dtype: float64
0     -1.241479
1      0.802196
2     -1.878273
3     -0.106893
4     -2.334754
         ...   
440   -3.604910
441   -3.002920
442    4.358230
443    1.434117
444    1.181662
Name: obs-prior, Length: 445, dtype: float64
0     -1.241479
1      0.802196
2     -1.878273
3     -0.106893
4     -2.334754
         ...   
440   -3.604910
441   -3.002920
442    4.358230
443    1.434117
444    1.181662
Name: obs-prior, Length: 445, dtype: float64
0     -1.241479
1      0.802196
2     -1.878273
3     -0.106893
4     -2.334754
         ...   
440   -3.604910
441   -3.002920
442    4.358230
443    1.434117
444    1.181662
Name: obs-prior, Length: 445, dtype: float64
0     -1.241479
1      0.802196
2     -1.878273
3     -0.106893
4     -2.334754
         ...   
440   -3.604910
441   -3.002920
442    4.358230
443    1.434117
444    1.181662
Name: obs-prior, Length: 445, dtype: float64
0     -1.241479
1      0.802196
2     -1.878273
3     -0.106893
4     -2.334754
         ...   
440   -3.604910
441   -3.002920
442    4.358230
443    1.434117
444    1.181662
Name: obs-prior, Length: 445, dtype: float64
0     -1.241479
1      0.802196
2     -1.878273
3     -0.106893
4     -2.334754
         ...   
440   -3.604910
441   -3.002920
442    4.358230
443    1.434117
444    1.181662
Name: obs-prior, Length: 445, dtype: float64
0     -1.241479
1      0.802196
2     -1.878273
3     -0.106893
4     -2.334754
         ...   
440   -3.604910
441   -3.002920
442    4.358230
443    1.434117
444    1.181662
Name: obs-prior, Length: 445, dtype: float64
0     -1.241479
1      0.802196
2     -1.878273
3     -0.106893
4     -2.334754
         ...   
440   -3.604910
441   -3.002920
442    4.358230
443    1.434117
444    1.181662
Name: obs-prior, Length: 445, dtype: float64
0     -1.241479
1      0.802196
2     -1.878273
3     -0.106893
4     -2.334754
         ...   
440   -3.604910
441   -3.002920
442    4.358230
443    1.434117
444    1.181662
Name: obs-prior, Length: 445, dtype: float64
0     -1.241479
1      0.802196
2     -1.878273
3     -0.106893
4     -2.334754
         ...   
440   -3.604910
441   -3.002920
442    4.358230
443    1.434117
444    1.181662
Name: obs-prior, Length: 445, dtype: float64
0     -1.241479
1      0.802196
2     -1.878273
3     -0.106893
4     -2.334754
         ...   
440   -3.604910
441   -3.002920
442    4.358230
443    1.434117
444    1.181662
Name: obs-prior, Length: 445, dtype: float64
0     -1.241479
1      0.802196
2     -1.878273
3     -0.106893
4     -2.334754
         ...   
440   -3.604910
441   -3.002920
442    4.358230
443    1.434117
444    1.181662
Name: obs-prior, Length: 445, dtype: float64
0     -1.241479
1      0.802196
2     -1.878273
3     -0.106893
4     -2.334754
         ...   
440   -3.604910
441   -3.002920
442    4.358230
443    1.434117
444    1.181662
Name: obs-prior, Length: 445, dtype: float64

 processing obs:  AIRCRAFT_TEMPERATURE
 region:  Global
0      -0.459183
1      -0.014565
2       0.413088
3       0.106333
4      -0.051361
          ...   
1759   -0.924671
1760    0.333785
1761    0.249689
1762    0.733457
1763    1.168722
Name: obs-prior, Length: 1764, dtype: float64
0      -0.459183
1      -0.014565
2       0.413088
3       0.106333
4      -0.051361
          ...   
1759   -0.924671
1760    0.333785
1761    0.249689
1762    0.733457
1763    1.168722
Name: obs-prior, Length: 1764, dtype: float64
0      -0.459183
1      -0.014565
2       0.413088
3       0.106333
4      -0.051361
          ...   
1759   -0.924671
1760    0.333785
1761    0.249689
1762    0.733457
1763    1.168722
Name: obs-prior, Length: 1764, dtype: float64
0      -0.459183
1      -0.014565
2       0.413088
3       0.106333
4      -0.051361
          ...   
1759   -0.924671
1760    0.333785
1761    0.249689
1762    0.733457
1763    1.168722
Name: obs-prior, Length: 1764, dtype: float64
0      -0.459183
1      -0.014565
2       0.413088
3       0.106333
4      -0.051361
          ...   
1759   -0.924671
1760    0.333785
1761    0.249689
1762    0.733457
1763    1.168722
Name: obs-prior, Length: 1764, dtype: float64
0      -0.459183
1      -0.014565
2       0.413088
3       0.106333
4      -0.051361
          ...   
1759   -0.924671
1760    0.333785
1761    0.249689
1762    0.733457
1763    1.168722
Name: obs-prior, Length: 1764, dtype: float64
0      -0.459183
1      -0.014565
2       0.413088
3       0.106333
4      -0.051361
          ...   
1759   -0.924671
1760    0.333785
1761    0.249689
1762    0.733457
1763    1.168722
Name: obs-prior, Length: 1764, dtype: float64
0      -0.459183
1      -0.014565
2       0.413088
3       0.106333
4      -0.051361
          ...   
1759   -0.924671
1760    0.333785
1761    0.249689
1762    0.733457
1763    1.168722
Name: obs-prior, Length: 1764, dtype: float64
0      -0.459183
1      -0.014565
2       0.413088
3       0.106333
4      -0.051361
          ...   
1759   -0.924671
1760    0.333785
1761    0.249689
1762    0.733457
1763    1.168722
Name: obs-prior, Length: 1764, dtype: float64
0      -0.459183
1      -0.014565
2       0.413088
3       0.106333
4      -0.051361
          ...   
1759   -0.924671
1760    0.333785
1761    0.249689
1762    0.733457
1763    1.168722
Name: obs-prior, Length: 1764, dtype: float64
0      -0.459183
1      -0.014565
2       0.413088
3       0.106333
4      -0.051361
          ...   
1759   -0.924671
1760    0.333785
1761    0.249689
1762    0.733457
1763    1.168722
Name: obs-prior, Length: 1764, dtype: float64
0      -0.459183
1      -0.014565
2       0.413088
3       0.106333
4      -0.051361
          ...   
1759   -0.924671
1760    0.333785
1761    0.249689
1762    0.733457
1763    1.168722
Name: obs-prior, Length: 1764, dtype: float64
0      -0.459183
1      -0.014565
2       0.413088
3       0.106333
4      -0.051361
          ...   
1759   -0.924671
1760    0.333785
1761    0.249689
1762    0.733457
1763    1.168722
Name: obs-prior, Length: 1764, dtype: float64
0      -0.459183
1      -0.014565
2       0.413088
3       0.106333
4      -0.051361
          ...   
1759   -0.924671
1760    0.333785
1761    0.249689
1762    0.733457
1763    1.168722
Name: obs-prior, Length: 1764, dtype: float64
0      -0.459183
1      -0.014565
2       0.413088
3       0.106333
4      -0.051361
          ...   
1759   -0.924671
1760    0.333785
1761    0.249689
1762    0.733457
1763    1.168722
Name: obs-prior, Length: 1764, dtype: float64
0      -0.459183
1      -0.014565
2       0.413088
3       0.106333
4      -0.051361
          ...   
1759   -0.924671
1760    0.333785
1761    0.249689
1762    0.733457
1763    1.168722
Name: obs-prior, Length: 1764, dtype: float64
0      -0.459183
1      -0.014565
2       0.413088
3       0.106333
4      -0.051361
          ...   
1759   -0.924671
1760    0.333785
1761    0.249689
1762    0.733457
1763    1.168722
Name: obs-prior, Length: 1764, dtype: float64
0      -0.459183
1      -0.014565
2       0.413088
3       0.106333
4      -0.051361
          ...   
1759   -0.924671
1760    0.333785
1761    0.249689
1762    0.733457
1763    1.168722
Name: obs-prior, Length: 1764, dtype: float64
 region:  NH
0      0.658437
1     -0.413828
2     -0.050817
3     -0.265625
4      0.735321
         ...   
941    0.560924
942    0.333785
943    0.249689
944    0.733457
945    1.168722
Name: obs-prior, Length: 946, dtype: float64
0      0.658437
1     -0.413828
2     -0.050817
3     -0.265625
4      0.735321
         ...   
941    0.560924
942    0.333785
943    0.249689
944    0.733457
945    1.168722
Name: obs-prior, Length: 946, dtype: float64
0      0.658437
1     -0.413828
2     -0.050817
3     -0.265625
4      0.735321
         ...   
941    0.560924
942    0.333785
943    0.249689
944    0.733457
945    1.168722
Name: obs-prior, Length: 946, dtype: float64
0      0.658437
1     -0.413828
2     -0.050817
3     -0.265625
4      0.735321
         ...   
941    0.560924
942    0.333785
943    0.249689
944    0.733457
945    1.168722
Name: obs-prior, Length: 946, dtype: float64
0      0.658437
1     -0.413828
2     -0.050817
3     -0.265625
4      0.735321
         ...   
941    0.560924
942    0.333785
943    0.249689
944    0.733457
945    1.168722
Name: obs-prior, Length: 946, dtype: float64
0      0.658437
1     -0.413828
2     -0.050817
3     -0.265625
4      0.735321
         ...   
941    0.560924
942    0.333785
943    0.249689
944    0.733457
945    1.168722
Name: obs-prior, Length: 946, dtype: float64
0      0.658437
1     -0.413828
2     -0.050817
3     -0.265625
4      0.735321
         ...   
941    0.560924
942    0.333785
943    0.249689
944    0.733457
945    1.168722
Name: obs-prior, Length: 946, dtype: float64
0      0.658437
1     -0.413828
2     -0.050817
3     -0.265625
4      0.735321
         ...   
941    0.560924
942    0.333785
943    0.249689
944    0.733457
945    1.168722
Name: obs-prior, Length: 946, dtype: float64
0      0.658437
1     -0.413828
2     -0.050817
3     -0.265625
4      0.735321
         ...   
941    0.560924
942    0.333785
943    0.249689
944    0.733457
945    1.168722
Name: obs-prior, Length: 946, dtype: float64
0      0.658437
1     -0.413828
2     -0.050817
3     -0.265625
4      0.735321
         ...   
941    0.560924
942    0.333785
943    0.249689
944    0.733457
945    1.168722
Name: obs-prior, Length: 946, dtype: float64
0      0.658437
1     -0.413828
2     -0.050817
3     -0.265625
4      0.735321
         ...   
941    0.560924
942    0.333785
943    0.249689
944    0.733457
945    1.168722
Name: obs-prior, Length: 946, dtype: float64
0      0.658437
1     -0.413828
2     -0.050817
3     -0.265625
4      0.735321
         ...   
941    0.560924
942    0.333785
943    0.249689
944    0.733457
945    1.168722
Name: obs-prior, Length: 946, dtype: float64
0      0.658437
1     -0.413828
2     -0.050817
3     -0.265625
4      0.735321
         ...   
941    0.560924
942    0.333785
943    0.249689
944    0.733457
945    1.168722
Name: obs-prior, Length: 946, dtype: float64
0      0.658437
1     -0.413828
2     -0.050817
3     -0.265625
4      0.735321
         ...   
941    0.560924
942    0.333785
943    0.249689
944    0.733457
945    1.168722
Name: obs-prior, Length: 946, dtype: float64
0      0.658437
1     -0.413828
2     -0.050817
3     -0.265625
4      0.735321
         ...   
941    0.560924
942    0.333785
943    0.249689
944    0.733457
945    1.168722
Name: obs-prior, Length: 946, dtype: float64
0      0.658437
1     -0.413828
2     -0.050817
3     -0.265625
4      0.735321
         ...   
941    0.560924
942    0.333785
943    0.249689
944    0.733457
945    1.168722
Name: obs-prior, Length: 946, dtype: float64
0      0.658437
1     -0.413828
2     -0.050817
3     -0.265625
4      0.735321
         ...   
941    0.560924
942    0.333785
943    0.249689
944    0.733457
945    1.168722
Name: obs-prior, Length: 946, dtype: float64
0      0.658437
1     -0.413828
2     -0.050817
3     -0.265625
4      0.735321
         ...   
941    0.560924
942    0.333785
943    0.249689
944    0.733457
945    1.168722
Name: obs-prior, Length: 946, dtype: float64
 region:  SH
0     -0.271527
1      0.013304
2      0.419167
3      0.095998
4      0.217152
         ...   
327    1.124491
328    1.017445
329    0.540956
330    0.493605
331   -0.924671
Name: obs-prior, Length: 332, dtype: float64
0     -0.271527
1      0.013304
2      0.419167
3      0.095998
4      0.217152
         ...   
327    1.124491
328    1.017445
329    0.540956
330    0.493605
331   -0.924671
Name: obs-prior, Length: 332, dtype: float64
0     -0.271527
1      0.013304
2      0.419167
3      0.095998
4      0.217152
         ...   
327    1.124491
328    1.017445
329    0.540956
330    0.493605
331   -0.924671
Name: obs-prior, Length: 332, dtype: float64
0     -0.271527
1      0.013304
2      0.419167
3      0.095998
4      0.217152
         ...   
327    1.124491
328    1.017445
329    0.540956
330    0.493605
331   -0.924671
Name: obs-prior, Length: 332, dtype: float64
0     -0.271527
1      0.013304
2      0.419167
3      0.095998
4      0.217152
         ...   
327    1.124491
328    1.017445
329    0.540956
330    0.493605
331   -0.924671
Name: obs-prior, Length: 332, dtype: float64
0     -0.271527
1      0.013304
2      0.419167
3      0.095998
4      0.217152
         ...   
327    1.124491
328    1.017445
329    0.540956
330    0.493605
331   -0.924671
Name: obs-prior, Length: 332, dtype: float64
0     -0.271527
1      0.013304
2      0.419167
3      0.095998
4      0.217152
         ...   
327    1.124491
328    1.017445
329    0.540956
330    0.493605
331   -0.924671
Name: obs-prior, Length: 332, dtype: float64
0     -0.271527
1      0.013304
2      0.419167
3      0.095998
4      0.217152
         ...   
327    1.124491
328    1.017445
329    0.540956
330    0.493605
331   -0.924671
Name: obs-prior, Length: 332, dtype: float64
0     -0.271527
1      0.013304
2      0.419167
3      0.095998
4      0.217152
         ...   
327    1.124491
328    1.017445
329    0.540956
330    0.493605
331   -0.924671
Name: obs-prior, Length: 332, dtype: float64
0     -0.271527
1      0.013304
2      0.419167
3      0.095998
4      0.217152
         ...   
327    1.124491
328    1.017445
329    0.540956
330    0.493605
331   -0.924671
Name: obs-prior, Length: 332, dtype: float64
0     -0.271527
1      0.013304
2      0.419167
3      0.095998
4      0.217152
         ...   
327    1.124491
328    1.017445
329    0.540956
330    0.493605
331   -0.924671
Name: obs-prior, Length: 332, dtype: float64
0     -0.271527
1      0.013304
2      0.419167
3      0.095998
4      0.217152
         ...   
327    1.124491
328    1.017445
329    0.540956
330    0.493605
331   -0.924671
Name: obs-prior, Length: 332, dtype: float64
0     -0.271527
1      0.013304
2      0.419167
3      0.095998
4      0.217152
         ...   
327    1.124491
328    1.017445
329    0.540956
330    0.493605
331   -0.924671
Name: obs-prior, Length: 332, dtype: float64
0     -0.271527
1      0.013304
2      0.419167
3      0.095998
4      0.217152
         ...   
327    1.124491
328    1.017445
329    0.540956
330    0.493605
331   -0.924671
Name: obs-prior, Length: 332, dtype: float64
0     -0.271527
1      0.013304
2      0.419167
3      0.095998
4      0.217152
         ...   
327    1.124491
328    1.017445
329    0.540956
330    0.493605
331   -0.924671
Name: obs-prior, Length: 332, dtype: float64
0     -0.271527
1      0.013304
2      0.419167
3      0.095998
4      0.217152
         ...   
327    1.124491
328    1.017445
329    0.540956
330    0.493605
331   -0.924671
Name: obs-prior, Length: 332, dtype: float64
0     -0.271527
1      0.013304
2      0.419167
3      0.095998
4      0.217152
         ...   
327    1.124491
328    1.017445
329    0.540956
330    0.493605
331   -0.924671
Name: obs-prior, Length: 332, dtype: float64
 region:  TR
0     -0.459183
1     -0.014565
2      0.413088
3      0.106333
4     -0.051361
         ...   
481   -1.268722
482    0.411715
483   -0.887190
484    0.095437
485    0.788911
Name: obs-prior, Length: 486, dtype: float64
0     -0.459183
1     -0.014565
2      0.413088
3      0.106333
4     -0.051361
         ...   
481   -1.268722
482    0.411715
483   -0.887190
484    0.095437
485    0.788911
Name: obs-prior, Length: 486, dtype: float64
0     -0.459183
1     -0.014565
2      0.413088
3      0.106333
4     -0.051361
         ...   
481   -1.268722
482    0.411715
483   -0.887190
484    0.095437
485    0.788911
Name: obs-prior, Length: 486, dtype: float64
0     -0.459183
1     -0.014565
2      0.413088
3      0.106333
4     -0.051361
         ...   
481   -1.268722
482    0.411715
483   -0.887190
484    0.095437
485    0.788911
Name: obs-prior, Length: 486, dtype: float64
0     -0.459183
1     -0.014565
2      0.413088
3      0.106333
4     -0.051361
         ...   
481   -1.268722
482    0.411715
483   -0.887190
484    0.095437
485    0.788911
Name: obs-prior, Length: 486, dtype: float64
0     -0.459183
1     -0.014565
2      0.413088
3      0.106333
4     -0.051361
         ...   
481   -1.268722
482    0.411715
483   -0.887190
484    0.095437
485    0.788911
Name: obs-prior, Length: 486, dtype: float64
0     -0.459183
1     -0.014565
2      0.413088
3      0.106333
4     -0.051361
         ...   
481   -1.268722
482    0.411715
483   -0.887190
484    0.095437
485    0.788911
Name: obs-prior, Length: 486, dtype: float64
0     -0.459183
1     -0.014565
2      0.413088
3      0.106333
4     -0.051361
         ...   
481   -1.268722
482    0.411715
483   -0.887190
484    0.095437
485    0.788911
Name: obs-prior, Length: 486, dtype: float64
0     -0.459183
1     -0.014565
2      0.413088
3      0.106333
4     -0.051361
         ...   
481   -1.268722
482    0.411715
483   -0.887190
484    0.095437
485    0.788911
Name: obs-prior, Length: 486, dtype: float64
0     -0.459183
1     -0.014565
2      0.413088
3      0.106333
4     -0.051361
         ...   
481   -1.268722
482    0.411715
483   -0.887190
484    0.095437
485    0.788911
Name: obs-prior, Length: 486, dtype: float64
0     -0.459183
1     -0.014565
2      0.413088
3      0.106333
4     -0.051361
         ...   
481   -1.268722
482    0.411715
483   -0.887190
484    0.095437
485    0.788911
Name: obs-prior, Length: 486, dtype: float64
0     -0.459183
1     -0.014565
2      0.413088
3      0.106333
4     -0.051361
         ...   
481   -1.268722
482    0.411715
483   -0.887190
484    0.095437
485    0.788911
Name: obs-prior, Length: 486, dtype: float64
0     -0.459183
1     -0.014565
2      0.413088
3      0.106333
4     -0.051361
         ...   
481   -1.268722
482    0.411715
483   -0.887190
484    0.095437
485    0.788911
Name: obs-prior, Length: 486, dtype: float64
0     -0.459183
1     -0.014565
2      0.413088
3      0.106333
4     -0.051361
         ...   
481   -1.268722
482    0.411715
483   -0.887190
484    0.095437
485    0.788911
Name: obs-prior, Length: 486, dtype: float64
0     -0.459183
1     -0.014565
2      0.413088
3      0.106333
4     -0.051361
         ...   
481   -1.268722
482    0.411715
483   -0.887190
484    0.095437
485    0.788911
Name: obs-prior, Length: 486, dtype: float64
0     -0.459183
1     -0.014565
2      0.413088
3      0.106333
4     -0.051361
         ...   
481   -1.268722
482    0.411715
483   -0.887190
484    0.095437
485    0.788911
Name: obs-prior, Length: 486, dtype: float64
0     -0.459183
1     -0.014565
2      0.413088
3      0.106333
4     -0.051361
         ...   
481   -1.268722
482    0.411715
483   -0.887190
484    0.095437
485    0.788911
Name: obs-prior, Length: 486, dtype: float64

 processing obs:  ACARS_U_WIND_COMPONENT
 region:  Global
0       -0.434361
1        1.374512
2       -2.320279
3       -2.297683
4        0.642085
           ...   
26916    2.073348
26917   -1.007343
26918    0.551405
26919    2.206906
26920    1.972460
Name: obs-prior, Length: 26921, dtype: float64
0       -0.434361
1        1.374512
2       -2.320279
3       -2.297683
4        0.642085
           ...   
26916    2.073348
26917   -1.007343
26918    0.551405
26919    2.206906
26920    1.972460
Name: obs-prior, Length: 26921, dtype: float64
0       -0.434361
1        1.374512
2       -2.320279
3       -2.297683
4        0.642085
           ...   
26916    2.073348
26917   -1.007343
26918    0.551405
26919    2.206906
26920    1.972460
Name: obs-prior, Length: 26921, dtype: float64
0       -0.434361
1        1.374512
2       -2.320279
3       -2.297683
4        0.642085
           ...   
26916    2.073348
26917   -1.007343
26918    0.551405
26919    2.206906
26920    1.972460
Name: obs-prior, Length: 26921, dtype: float64
0       -0.434361
1        1.374512
2       -2.320279
3       -2.297683
4        0.642085
           ...   
26916    2.073348
26917   -1.007343
26918    0.551405
26919    2.206906
26920    1.972460
Name: obs-prior, Length: 26921, dtype: float64
0       -0.434361
1        1.374512
2       -2.320279
3       -2.297683
4        0.642085
           ...   
26916    2.073348
26917   -1.007343
26918    0.551405
26919    2.206906
26920    1.972460
Name: obs-prior, Length: 26921, dtype: float64
0       -0.434361
1        1.374512
2       -2.320279
3       -2.297683
4        0.642085
           ...   
26916    2.073348
26917   -1.007343
26918    0.551405
26919    2.206906
26920    1.972460
Name: obs-prior, Length: 26921, dtype: float64
0       -0.434361
1        1.374512
2       -2.320279
3       -2.297683
4        0.642085
           ...   
26916    2.073348
26917   -1.007343
26918    0.551405
26919    2.206906
26920    1.972460
Name: obs-prior, Length: 26921, dtype: float64
0       -0.434361
1        1.374512
2       -2.320279
3       -2.297683
4        0.642085
           ...   
26916    2.073348
26917   -1.007343
26918    0.551405
26919    2.206906
26920    1.972460
Name: obs-prior, Length: 26921, dtype: float64
0       -0.434361
1        1.374512
2       -2.320279
3       -2.297683
4        0.642085
           ...   
26916    2.073348
26917   -1.007343
26918    0.551405
26919    2.206906
26920    1.972460
Name: obs-prior, Length: 26921, dtype: float64
0       -0.434361
1        1.374512
2       -2.320279
3       -2.297683
4        0.642085
           ...   
26916    2.073348
26917   -1.007343
26918    0.551405
26919    2.206906
26920    1.972460
Name: obs-prior, Length: 26921, dtype: float64
0       -0.434361
1        1.374512
2       -2.320279
3       -2.297683
4        0.642085
           ...   
26916    2.073348
26917   -1.007343
26918    0.551405
26919    2.206906
26920    1.972460
Name: obs-prior, Length: 26921, dtype: float64
0       -0.434361
1        1.374512
2       -2.320279
3       -2.297683
4        0.642085
           ...   
26916    2.073348
26917   -1.007343
26918    0.551405
26919    2.206906
26920    1.972460
Name: obs-prior, Length: 26921, dtype: float64
0       -0.434361
1        1.374512
2       -2.320279
3       -2.297683
4        0.642085
           ...   
26916    2.073348
26917   -1.007343
26918    0.551405
26919    2.206906
26920    1.972460
Name: obs-prior, Length: 26921, dtype: float64
0       -0.434361
1        1.374512
2       -2.320279
3       -2.297683
4        0.642085
           ...   
26916    2.073348
26917   -1.007343
26918    0.551405
26919    2.206906
26920    1.972460
Name: obs-prior, Length: 26921, dtype: float64
0       -0.434361
1        1.374512
2       -2.320279
3       -2.297683
4        0.642085
           ...   
26916    2.073348
26917   -1.007343
26918    0.551405
26919    2.206906
26920    1.972460
Name: obs-prior, Length: 26921, dtype: float64
0       -0.434361
1        1.374512
2       -2.320279
3       -2.297683
4        0.642085
           ...   
26916    2.073348
26917   -1.007343
26918    0.551405
26919    2.206906
26920    1.972460
Name: obs-prior, Length: 26921, dtype: float64
 region:  NH
0       -0.434361
1        1.374512
2       -2.809061
3       -0.417206
4       -1.985891
           ...   
19869    1.458729
19870   -1.575434
19871   -1.007343
19872    0.551405
19873    2.206906
Name: obs-prior, Length: 19874, dtype: float64
0       -0.434361
1        1.374512
2       -2.809061
3       -0.417206
4       -1.985891
           ...   
19869    1.458729
19870   -1.575434
19871   -1.007343
19872    0.551405
19873    2.206906
Name: obs-prior, Length: 19874, dtype: float64
0       -0.434361
1        1.374512
2       -2.809061
3       -0.417206
4       -1.985891
           ...   
19869    1.458729
19870   -1.575434
19871   -1.007343
19872    0.551405
19873    2.206906
Name: obs-prior, Length: 19874, dtype: float64
0       -0.434361
1        1.374512
2       -2.809061
3       -0.417206
4       -1.985891
           ...   
19869    1.458729
19870   -1.575434
19871   -1.007343
19872    0.551405
19873    2.206906
Name: obs-prior, Length: 19874, dtype: float64
0       -0.434361
1        1.374512
2       -2.809061
3       -0.417206
4       -1.985891
           ...   
19869    1.458729
19870   -1.575434
19871   -1.007343
19872    0.551405
19873    2.206906
Name: obs-prior, Length: 19874, dtype: float64
0       -0.434361
1        1.374512
2       -2.809061
3       -0.417206
4       -1.985891
           ...   
19869    1.458729
19870   -1.575434
19871   -1.007343
19872    0.551405
19873    2.206906
Name: obs-prior, Length: 19874, dtype: float64
0       -0.434361
1        1.374512
2       -2.809061
3       -0.417206
4       -1.985891
           ...   
19869    1.458729
19870   -1.575434
19871   -1.007343
19872    0.551405
19873    2.206906
Name: obs-prior, Length: 19874, dtype: float64
0       -0.434361
1        1.374512
2       -2.809061
3       -0.417206
4       -1.985891
           ...   
19869    1.458729
19870   -1.575434
19871   -1.007343
19872    0.551405
19873    2.206906
Name: obs-prior, Length: 19874, dtype: float64
0       -0.434361
1        1.374512
2       -2.809061
3       -0.417206
4       -1.985891
           ...   
19869    1.458729
19870   -1.575434
19871   -1.007343
19872    0.551405
19873    2.206906
Name: obs-prior, Length: 19874, dtype: float64
0       -0.434361
1        1.374512
2       -2.809061
3       -0.417206
4       -1.985891
           ...   
19869    1.458729
19870   -1.575434
19871   -1.007343
19872    0.551405
19873    2.206906
Name: obs-prior, Length: 19874, dtype: float64
0       -0.434361
1        1.374512
2       -2.809061
3       -0.417206
4       -1.985891
           ...   
19869    1.458729
19870   -1.575434
19871   -1.007343
19872    0.551405
19873    2.206906
Name: obs-prior, Length: 19874, dtype: float64
0       -0.434361
1        1.374512
2       -2.809061
3       -0.417206
4       -1.985891
           ...   
19869    1.458729
19870   -1.575434
19871   -1.007343
19872    0.551405
19873    2.206906
Name: obs-prior, Length: 19874, dtype: float64
0       -0.434361
1        1.374512
2       -2.809061
3       -0.417206
4       -1.985891
           ...   
19869    1.458729
19870   -1.575434
19871   -1.007343
19872    0.551405
19873    2.206906
Name: obs-prior, Length: 19874, dtype: float64
0       -0.434361
1        1.374512
2       -2.809061
3       -0.417206
4       -1.985891
           ...   
19869    1.458729
19870   -1.575434
19871   -1.007343
19872    0.551405
19873    2.206906
Name: obs-prior, Length: 19874, dtype: float64
0       -0.434361
1        1.374512
2       -2.809061
3       -0.417206
4       -1.985891
           ...   
19869    1.458729
19870   -1.575434
19871   -1.007343
19872    0.551405
19873    2.206906
Name: obs-prior, Length: 19874, dtype: float64
0       -0.434361
1        1.374512
2       -2.809061
3       -0.417206
4       -1.985891
           ...   
19869    1.458729
19870   -1.575434
19871   -1.007343
19872    0.551405
19873    2.206906
Name: obs-prior, Length: 19874, dtype: float64
0       -0.434361
1        1.374512
2       -2.809061
3       -0.417206
4       -1.985891
           ...   
19869    1.458729
19870   -1.575434
19871   -1.007343
19872    0.551405
19873    2.206906
Name: obs-prior, Length: 19874, dtype: float64
 region:  SH
0      0.555902
1      1.023269
2     -2.799464
3     -0.808293
4      3.295250
         ...   
419   -3.511560
420   -5.175964
421   -2.679783
422   -2.722895
423   -2.078796
Name: obs-prior, Length: 424, dtype: float64
0      0.555902
1      1.023269
2     -2.799464
3     -0.808293
4      3.295250
         ...   
419   -3.511560
420   -5.175964
421   -2.679783
422   -2.722895
423   -2.078796
Name: obs-prior, Length: 424, dtype: float64
0      0.555902
1      1.023269
2     -2.799464
3     -0.808293
4      3.295250
         ...   
419   -3.511560
420   -5.175964
421   -2.679783
422   -2.722895
423   -2.078796
Name: obs-prior, Length: 424, dtype: float64
0      0.555902
1      1.023269
2     -2.799464
3     -0.808293
4      3.295250
         ...   
419   -3.511560
420   -5.175964
421   -2.679783
422   -2.722895
423   -2.078796
Name: obs-prior, Length: 424, dtype: float64
0      0.555902
1      1.023269
2     -2.799464
3     -0.808293
4      3.295250
         ...   
419   -3.511560
420   -5.175964
421   -2.679783
422   -2.722895
423   -2.078796
Name: obs-prior, Length: 424, dtype: float64
0      0.555902
1      1.023269
2     -2.799464
3     -0.808293
4      3.295250
         ...   
419   -3.511560
420   -5.175964
421   -2.679783
422   -2.722895
423   -2.078796
Name: obs-prior, Length: 424, dtype: float64
0      0.555902
1      1.023269
2     -2.799464
3     -0.808293
4      3.295250
         ...   
419   -3.511560
420   -5.175964
421   -2.679783
422   -2.722895
423   -2.078796
Name: obs-prior, Length: 424, dtype: float64
0      0.555902
1      1.023269
2     -2.799464
3     -0.808293
4      3.295250
         ...   
419   -3.511560
420   -5.175964
421   -2.679783
422   -2.722895
423   -2.078796
Name: obs-prior, Length: 424, dtype: float64
0      0.555902
1      1.023269
2     -2.799464
3     -0.808293
4      3.295250
         ...   
419   -3.511560
420   -5.175964
421   -2.679783
422   -2.722895
423   -2.078796
Name: obs-prior, Length: 424, dtype: float64
0      0.555902
1      1.023269
2     -2.799464
3     -0.808293
4      3.295250
         ...   
419   -3.511560
420   -5.175964
421   -2.679783
422   -2.722895
423   -2.078796
Name: obs-prior, Length: 424, dtype: float64
0      0.555902
1      1.023269
2     -2.799464
3     -0.808293
4      3.295250
         ...   
419   -3.511560
420   -5.175964
421   -2.679783
422   -2.722895
423   -2.078796
Name: obs-prior, Length: 424, dtype: float64
0      0.555902
1      1.023269
2     -2.799464
3     -0.808293
4      3.295250
         ...   
419   -3.511560
420   -5.175964
421   -2.679783
422   -2.722895
423   -2.078796
Name: obs-prior, Length: 424, dtype: float64
0      0.555902
1      1.023269
2     -2.799464
3     -0.808293
4      3.295250
         ...   
419   -3.511560
420   -5.175964
421   -2.679783
422   -2.722895
423   -2.078796
Name: obs-prior, Length: 424, dtype: float64
0      0.555902
1      1.023269
2     -2.799464
3     -0.808293
4      3.295250
         ...   
419   -3.511560
420   -5.175964
421   -2.679783
422   -2.722895
423   -2.078796
Name: obs-prior, Length: 424, dtype: float64
0      0.555902
1      1.023269
2     -2.799464
3     -0.808293
4      3.295250
         ...   
419   -3.511560
420   -5.175964
421   -2.679783
422   -2.722895
423   -2.078796
Name: obs-prior, Length: 424, dtype: float64
0      0.555902
1      1.023269
2     -2.799464
3     -0.808293
4      3.295250
         ...   
419   -3.511560
420   -5.175964
421   -2.679783
422   -2.722895
423   -2.078796
Name: obs-prior, Length: 424, dtype: float64
0      0.555902
1      1.023269
2     -2.799464
3     -0.808293
4      3.295250
         ...   
419   -3.511560
420   -5.175964
421   -2.679783
422   -2.722895
423   -2.078796
Name: obs-prior, Length: 424, dtype: float64
 region:  TR
0      -2.320279
1      -2.297683
2       0.642085
3      -0.946065
4       1.233172
          ...   
6618    2.016884
6619   -1.154770
6620    0.115582
6621    2.073348
6622    1.972460
Name: obs-prior, Length: 6623, dtype: float64
0      -2.320279
1      -2.297683
2       0.642085
3      -0.946065
4       1.233172
          ...   
6618    2.016884
6619   -1.154770
6620    0.115582
6621    2.073348
6622    1.972460
Name: obs-prior, Length: 6623, dtype: float64
0      -2.320279
1      -2.297683
2       0.642085
3      -0.946065
4       1.233172
          ...   
6618    2.016884
6619   -1.154770
6620    0.115582
6621    2.073348
6622    1.972460
Name: obs-prior, Length: 6623, dtype: float64
0      -2.320279
1      -2.297683
2       0.642085
3      -0.946065
4       1.233172
          ...   
6618    2.016884
6619   -1.154770
6620    0.115582
6621    2.073348
6622    1.972460
Name: obs-prior, Length: 6623, dtype: float64
0      -2.320279
1      -2.297683
2       0.642085
3      -0.946065
4       1.233172
          ...   
6618    2.016884
6619   -1.154770
6620    0.115582
6621    2.073348
6622    1.972460
Name: obs-prior, Length: 6623, dtype: float64
0      -2.320279
1      -2.297683
2       0.642085
3      -0.946065
4       1.233172
          ...   
6618    2.016884
6619   -1.154770
6620    0.115582
6621    2.073348
6622    1.972460
Name: obs-prior, Length: 6623, dtype: float64
0      -2.320279
1      -2.297683
2       0.642085
3      -0.946065
4       1.233172
          ...   
6618    2.016884
6619   -1.154770
6620    0.115582
6621    2.073348
6622    1.972460
Name: obs-prior, Length: 6623, dtype: float64
0      -2.320279
1      -2.297683
2       0.642085
3      -0.946065
4       1.233172
          ...   
6618    2.016884
6619   -1.154770
6620    0.115582
6621    2.073348
6622    1.972460
Name: obs-prior, Length: 6623, dtype: float64
0      -2.320279
1      -2.297683
2       0.642085
3      -0.946065
4       1.233172
          ...   
6618    2.016884
6619   -1.154770
6620    0.115582
6621    2.073348
6622    1.972460
Name: obs-prior, Length: 6623, dtype: float64
0      -2.320279
1      -2.297683
2       0.642085
3      -0.946065
4       1.233172
          ...   
6618    2.016884
6619   -1.154770
6620    0.115582
6621    2.073348
6622    1.972460
Name: obs-prior, Length: 6623, dtype: float64
0      -2.320279
1      -2.297683
2       0.642085
3      -0.946065
4       1.233172
          ...   
6618    2.016884
6619   -1.154770
6620    0.115582
6621    2.073348
6622    1.972460
Name: obs-prior, Length: 6623, dtype: float64
0      -2.320279
1      -2.297683
2       0.642085
3      -0.946065
4       1.233172
          ...   
6618    2.016884
6619   -1.154770
6620    0.115582
6621    2.073348
6622    1.972460
Name: obs-prior, Length: 6623, dtype: float64
0      -2.320279
1      -2.297683
2       0.642085
3      -0.946065
4       1.233172
          ...   
6618    2.016884
6619   -1.154770
6620    0.115582
6621    2.073348
6622    1.972460
Name: obs-prior, Length: 6623, dtype: float64
0      -2.320279
1      -2.297683
2       0.642085
3      -0.946065
4       1.233172
          ...   
6618    2.016884
6619   -1.154770
6620    0.115582
6621    2.073348
6622    1.972460
Name: obs-prior, Length: 6623, dtype: float64
0      -2.320279
1      -2.297683
2       0.642085
3      -0.946065
4       1.233172
          ...   
6618    2.016884
6619   -1.154770
6620    0.115582
6621    2.073348
6622    1.972460
Name: obs-prior, Length: 6623, dtype: float64
0      -2.320279
1      -2.297683
2       0.642085
3      -0.946065
4       1.233172
          ...   
6618    2.016884
6619   -1.154770
6620    0.115582
6621    2.073348
6622    1.972460
Name: obs-prior, Length: 6623, dtype: float64
0      -2.320279
1      -2.297683
2       0.642085
3      -0.946065
4       1.233172
          ...   
6618    2.016884
6619   -1.154770
6620    0.115582
6621    2.073348
6622    1.972460
Name: obs-prior, Length: 6623, dtype: float64

 processing obs:  ACARS_V_WIND_COMPONENT
 region:  Global
0       -2.355016
1       -0.813098
2       -1.402943
3       -0.717785
4       -1.562405
           ...   
25164   -0.854427
25165   -2.159980
25166    0.441427
25167    1.704699
25168    2.946560
Name: obs-prior, Length: 25169, dtype: float64
0       -2.355016
1       -0.813098
2       -1.402943
3       -0.717785
4       -1.562405
           ...   
25164   -0.854427
25165   -2.159980
25166    0.441427
25167    1.704699
25168    2.946560
Name: obs-prior, Length: 25169, dtype: float64
0       -2.355016
1       -0.813098
2       -1.402943
3       -0.717785
4       -1.562405
           ...   
25164   -0.854427
25165   -2.159980
25166    0.441427
25167    1.704699
25168    2.946560
Name: obs-prior, Length: 25169, dtype: float64
0       -2.355016
1       -0.813098
2       -1.402943
3       -0.717785
4       -1.562405
           ...   
25164   -0.854427
25165   -2.159980
25166    0.441427
25167    1.704699
25168    2.946560
Name: obs-prior, Length: 25169, dtype: float64
0       -2.355016
1       -0.813098
2       -1.402943
3       -0.717785
4       -1.562405
           ...   
25164   -0.854427
25165   -2.159980
25166    0.441427
25167    1.704699
25168    2.946560
Name: obs-prior, Length: 25169, dtype: float64
0       -2.355016
1       -0.813098
2       -1.402943
3       -0.717785
4       -1.562405
           ...   
25164   -0.854427
25165   -2.159980
25166    0.441427
25167    1.704699
25168    2.946560
Name: obs-prior, Length: 25169, dtype: float64
0       -2.355016
1       -0.813098
2       -1.402943
3       -0.717785
4       -1.562405
           ...   
25164   -0.854427
25165   -2.159980
25166    0.441427
25167    1.704699
25168    2.946560
Name: obs-prior, Length: 25169, dtype: float64
0       -2.355016
1       -0.813098
2       -1.402943
3       -0.717785
4       -1.562405
           ...   
25164   -0.854427
25165   -2.159980
25166    0.441427
25167    1.704699
25168    2.946560
Name: obs-prior, Length: 25169, dtype: float64
0       -2.355016
1       -0.813098
2       -1.402943
3       -0.717785
4       -1.562405
           ...   
25164   -0.854427
25165   -2.159980
25166    0.441427
25167    1.704699
25168    2.946560
Name: obs-prior, Length: 25169, dtype: float64
0       -2.355016
1       -0.813098
2       -1.402943
3       -0.717785
4       -1.562405
           ...   
25164   -0.854427
25165   -2.159980
25166    0.441427
25167    1.704699
25168    2.946560
Name: obs-prior, Length: 25169, dtype: float64
0       -2.355016
1       -0.813098
2       -1.402943
3       -0.717785
4       -1.562405
           ...   
25164   -0.854427
25165   -2.159980
25166    0.441427
25167    1.704699
25168    2.946560
Name: obs-prior, Length: 25169, dtype: float64
0       -2.355016
1       -0.813098
2       -1.402943
3       -0.717785
4       -1.562405
           ...   
25164   -0.854427
25165   -2.159980
25166    0.441427
25167    1.704699
25168    2.946560
Name: obs-prior, Length: 25169, dtype: float64
0       -2.355016
1       -0.813098
2       -1.402943
3       -0.717785
4       -1.562405
           ...   
25164   -0.854427
25165   -2.159980
25166    0.441427
25167    1.704699
25168    2.946560
Name: obs-prior, Length: 25169, dtype: float64
0       -2.355016
1       -0.813098
2       -1.402943
3       -0.717785
4       -1.562405
           ...   
25164   -0.854427
25165   -2.159980
25166    0.441427
25167    1.704699
25168    2.946560
Name: obs-prior, Length: 25169, dtype: float64
0       -2.355016
1       -0.813098
2       -1.402943
3       -0.717785
4       -1.562405
           ...   
25164   -0.854427
25165   -2.159980
25166    0.441427
25167    1.704699
25168    2.946560
Name: obs-prior, Length: 25169, dtype: float64
0       -2.355016
1       -0.813098
2       -1.402943
3       -0.717785
4       -1.562405
           ...   
25164   -0.854427
25165   -2.159980
25166    0.441427
25167    1.704699
25168    2.946560
Name: obs-prior, Length: 25169, dtype: float64
0       -2.355016
1       -0.813098
2       -1.402943
3       -0.717785
4       -1.562405
           ...   
25164   -0.854427
25165   -2.159980
25166    0.441427
25167    1.704699
25168    2.946560
Name: obs-prior, Length: 25169, dtype: float64
 region:  NH
0       -2.355016
1       -0.813098
2       -1.402943
3       -0.717785
4       -1.562405
           ...   
18623   -0.854427
18624   -2.159980
18625    0.441427
18626    1.704699
18627    2.946560
Name: obs-prior, Length: 18628, dtype: float64
0       -2.355016
1       -0.813098
2       -1.402943
3       -0.717785
4       -1.562405
           ...   
18623   -0.854427
18624   -2.159980
18625    0.441427
18626    1.704699
18627    2.946560
Name: obs-prior, Length: 18628, dtype: float64
0       -2.355016
1       -0.813098
2       -1.402943
3       -0.717785
4       -1.562405
           ...   
18623   -0.854427
18624   -2.159980
18625    0.441427
18626    1.704699
18627    2.946560
Name: obs-prior, Length: 18628, dtype: float64
0       -2.355016
1       -0.813098
2       -1.402943
3       -0.717785
4       -1.562405
           ...   
18623   -0.854427
18624   -2.159980
18625    0.441427
18626    1.704699
18627    2.946560
Name: obs-prior, Length: 18628, dtype: float64
0       -2.355016
1       -0.813098
2       -1.402943
3       -0.717785
4       -1.562405
           ...   
18623   -0.854427
18624   -2.159980
18625    0.441427
18626    1.704699
18627    2.946560
Name: obs-prior, Length: 18628, dtype: float64
0       -2.355016
1       -0.813098
2       -1.402943
3       -0.717785
4       -1.562405
           ...   
18623   -0.854427
18624   -2.159980
18625    0.441427
18626    1.704699
18627    2.946560
Name: obs-prior, Length: 18628, dtype: float64
0       -2.355016
1       -0.813098
2       -1.402943
3       -0.717785
4       -1.562405
           ...   
18623   -0.854427
18624   -2.159980
18625    0.441427
18626    1.704699
18627    2.946560
Name: obs-prior, Length: 18628, dtype: float64
0       -2.355016
1       -0.813098
2       -1.402943
3       -0.717785
4       -1.562405
           ...   
18623   -0.854427
18624   -2.159980
18625    0.441427
18626    1.704699
18627    2.946560
Name: obs-prior, Length: 18628, dtype: float64
0       -2.355016
1       -0.813098
2       -1.402943
3       -0.717785
4       -1.562405
           ...   
18623   -0.854427
18624   -2.159980
18625    0.441427
18626    1.704699
18627    2.946560
Name: obs-prior, Length: 18628, dtype: float64
0       -2.355016
1       -0.813098
2       -1.402943
3       -0.717785
4       -1.562405
           ...   
18623   -0.854427
18624   -2.159980
18625    0.441427
18626    1.704699
18627    2.946560
Name: obs-prior, Length: 18628, dtype: float64
0       -2.355016
1       -0.813098
2       -1.402943
3       -0.717785
4       -1.562405
           ...   
18623   -0.854427
18624   -2.159980
18625    0.441427
18626    1.704699
18627    2.946560
Name: obs-prior, Length: 18628, dtype: float64
0       -2.355016
1       -0.813098
2       -1.402943
3       -0.717785
4       -1.562405
           ...   
18623   -0.854427
18624   -2.159980
18625    0.441427
18626    1.704699
18627    2.946560
Name: obs-prior, Length: 18628, dtype: float64
0       -2.355016
1       -0.813098
2       -1.402943
3       -0.717785
4       -1.562405
           ...   
18623   -0.854427
18624   -2.159980
18625    0.441427
18626    1.704699
18627    2.946560
Name: obs-prior, Length: 18628, dtype: float64
0       -2.355016
1       -0.813098
2       -1.402943
3       -0.717785
4       -1.562405
           ...   
18623   -0.854427
18624   -2.159980
18625    0.441427
18626    1.704699
18627    2.946560
Name: obs-prior, Length: 18628, dtype: float64
0       -2.355016
1       -0.813098
2       -1.402943
3       -0.717785
4       -1.562405
           ...   
18623   -0.854427
18624   -2.159980
18625    0.441427
18626    1.704699
18627    2.946560
Name: obs-prior, Length: 18628, dtype: float64
0       -2.355016
1       -0.813098
2       -1.402943
3       -0.717785
4       -1.562405
           ...   
18623   -0.854427
18624   -2.159980
18625    0.441427
18626    1.704699
18627    2.946560
Name: obs-prior, Length: 18628, dtype: float64
0       -2.355016
1       -0.813098
2       -1.402943
3       -0.717785
4       -1.562405
           ...   
18623   -0.854427
18624   -2.159980
18625    0.441427
18626    1.704699
18627    2.946560
Name: obs-prior, Length: 18628, dtype: float64
 region:  SH
0      0.640195
1     -0.668575
2      0.572882
3     -0.285023
4      3.324049
         ...   
382    0.423276
383    6.027431
384   -1.385940
385   -5.210184
386    2.195313
Name: obs-prior, Length: 387, dtype: float64
0      0.640195
1     -0.668575
2      0.572882
3     -0.285023
4      3.324049
         ...   
382    0.423276
383    6.027431
384   -1.385940
385   -5.210184
386    2.195313
Name: obs-prior, Length: 387, dtype: float64
0      0.640195
1     -0.668575
2      0.572882
3     -0.285023
4      3.324049
         ...   
382    0.423276
383    6.027431
384   -1.385940
385   -5.210184
386    2.195313
Name: obs-prior, Length: 387, dtype: float64
0      0.640195
1     -0.668575
2      0.572882
3     -0.285023
4      3.324049
         ...   
382    0.423276
383    6.027431
384   -1.385940
385   -5.210184
386    2.195313
Name: obs-prior, Length: 387, dtype: float64
0      0.640195
1     -0.668575
2      0.572882
3     -0.285023
4      3.324049
         ...   
382    0.423276
383    6.027431
384   -1.385940
385   -5.210184
386    2.195313
Name: obs-prior, Length: 387, dtype: float64
0      0.640195
1     -0.668575
2      0.572882
3     -0.285023
4      3.324049
         ...   
382    0.423276
383    6.027431
384   -1.385940
385   -5.210184
386    2.195313
Name: obs-prior, Length: 387, dtype: float64
0      0.640195
1     -0.668575
2      0.572882
3     -0.285023
4      3.324049
         ...   
382    0.423276
383    6.027431
384   -1.385940
385   -5.210184
386    2.195313
Name: obs-prior, Length: 387, dtype: float64
0      0.640195
1     -0.668575
2      0.572882
3     -0.285023
4      3.324049
         ...   
382    0.423276
383    6.027431
384   -1.385940
385   -5.210184
386    2.195313
Name: obs-prior, Length: 387, dtype: float64
0      0.640195
1     -0.668575
2      0.572882
3     -0.285023
4      3.324049
         ...   
382    0.423276
383    6.027431
384   -1.385940
385   -5.210184
386    2.195313
Name: obs-prior, Length: 387, dtype: float64
0      0.640195
1     -0.668575
2      0.572882
3     -0.285023
4      3.324049
         ...   
382    0.423276
383    6.027431
384   -1.385940
385   -5.210184
386    2.195313
Name: obs-prior, Length: 387, dtype: float64
0      0.640195
1     -0.668575
2      0.572882
3     -0.285023
4      3.324049
         ...   
382    0.423276
383    6.027431
384   -1.385940
385   -5.210184
386    2.195313
Name: obs-prior, Length: 387, dtype: float64
0      0.640195
1     -0.668575
2      0.572882
3     -0.285023
4      3.324049
         ...   
382    0.423276
383    6.027431
384   -1.385940
385   -5.210184
386    2.195313
Name: obs-prior, Length: 387, dtype: float64
0      0.640195
1     -0.668575
2      0.572882
3     -0.285023
4      3.324049
         ...   
382    0.423276
383    6.027431
384   -1.385940
385   -5.210184
386    2.195313
Name: obs-prior, Length: 387, dtype: float64
0      0.640195
1     -0.668575
2      0.572882
3     -0.285023
4      3.324049
         ...   
382    0.423276
383    6.027431
384   -1.385940
385   -5.210184
386    2.195313
Name: obs-prior, Length: 387, dtype: float64
0      0.640195
1     -0.668575
2      0.572882
3     -0.285023
4      3.324049
         ...   
382    0.423276
383    6.027431
384   -1.385940
385   -5.210184
386    2.195313
Name: obs-prior, Length: 387, dtype: float64
0      0.640195
1     -0.668575
2      0.572882
3     -0.285023
4      3.324049
         ...   
382    0.423276
383    6.027431
384   -1.385940
385   -5.210184
386    2.195313
Name: obs-prior, Length: 387, dtype: float64
0      0.640195
1     -0.668575
2      0.572882
3     -0.285023
4      3.324049
         ...   
382    0.423276
383    6.027431
384   -1.385940
385   -5.210184
386    2.195313
Name: obs-prior, Length: 387, dtype: float64
 region:  TR
0      -2.194494
1       2.245745
2      -2.795212
3       0.035118
4       0.536566
          ...   
6149   -3.200156
6150   -0.892171
6151    0.609370
6152    0.628947
6153    2.528612
Name: obs-prior, Length: 6154, dtype: float64
0      -2.194494
1       2.245745
2      -2.795212
3       0.035118
4       0.536566
          ...   
6149   -3.200156
6150   -0.892171
6151    0.609370
6152    0.628947
6153    2.528612
Name: obs-prior, Length: 6154, dtype: float64
0      -2.194494
1       2.245745
2      -2.795212
3       0.035118
4       0.536566
          ...   
6149   -3.200156
6150   -0.892171
6151    0.609370
6152    0.628947
6153    2.528612
Name: obs-prior, Length: 6154, dtype: float64
0      -2.194494
1       2.245745
2      -2.795212
3       0.035118
4       0.536566
          ...   
6149   -3.200156
6150   -0.892171
6151    0.609370
6152    0.628947
6153    2.528612
Name: obs-prior, Length: 6154, dtype: float64
0      -2.194494
1       2.245745
2      -2.795212
3       0.035118
4       0.536566
          ...   
6149   -3.200156
6150   -0.892171
6151    0.609370
6152    0.628947
6153    2.528612
Name: obs-prior, Length: 6154, dtype: float64
0      -2.194494
1       2.245745
2      -2.795212
3       0.035118
4       0.536566
          ...   
6149   -3.200156
6150   -0.892171
6151    0.609370
6152    0.628947
6153    2.528612
Name: obs-prior, Length: 6154, dtype: float64
0      -2.194494
1       2.245745
2      -2.795212
3       0.035118
4       0.536566
          ...   
6149   -3.200156
6150   -0.892171
6151    0.609370
6152    0.628947
6153    2.528612
Name: obs-prior, Length: 6154, dtype: float64
0      -2.194494
1       2.245745
2      -2.795212
3       0.035118
4       0.536566
          ...   
6149   -3.200156
6150   -0.892171
6151    0.609370
6152    0.628947
6153    2.528612
Name: obs-prior, Length: 6154, dtype: float64
0      -2.194494
1       2.245745
2      -2.795212
3       0.035118
4       0.536566
          ...   
6149   -3.200156
6150   -0.892171
6151    0.609370
6152    0.628947
6153    2.528612
Name: obs-prior, Length: 6154, dtype: float64
0      -2.194494
1       2.245745
2      -2.795212
3       0.035118
4       0.536566
          ...   
6149   -3.200156
6150   -0.892171
6151    0.609370
6152    0.628947
6153    2.528612
Name: obs-prior, Length: 6154, dtype: float64
0      -2.194494
1       2.245745
2      -2.795212
3       0.035118
4       0.536566
          ...   
6149   -3.200156
6150   -0.892171
6151    0.609370
6152    0.628947
6153    2.528612
Name: obs-prior, Length: 6154, dtype: float64
0      -2.194494
1       2.245745
2      -2.795212
3       0.035118
4       0.536566
          ...   
6149   -3.200156
6150   -0.892171
6151    0.609370
6152    0.628947
6153    2.528612
Name: obs-prior, Length: 6154, dtype: float64
0      -2.194494
1       2.245745
2      -2.795212
3       0.035118
4       0.536566
          ...   
6149   -3.200156
6150   -0.892171
6151    0.609370
6152    0.628947
6153    2.528612
Name: obs-prior, Length: 6154, dtype: float64
0      -2.194494
1       2.245745
2      -2.795212
3       0.035118
4       0.536566
          ...   
6149   -3.200156
6150   -0.892171
6151    0.609370
6152    0.628947
6153    2.528612
Name: obs-prior, Length: 6154, dtype: float64
0      -2.194494
1       2.245745
2      -2.795212
3       0.035118
4       0.536566
          ...   
6149   -3.200156
6150   -0.892171
6151    0.609370
6152    0.628947
6153    2.528612
Name: obs-prior, Length: 6154, dtype: float64
0      -2.194494
1       2.245745
2      -2.795212
3       0.035118
4       0.536566
          ...   
6149   -3.200156
6150   -0.892171
6151    0.609370
6152    0.628947
6153    2.528612
Name: obs-prior, Length: 6154, dtype: float64
0      -2.194494
1       2.245745
2      -2.795212
3       0.035118
4       0.536566
          ...   
6149   -3.200156
6150   -0.892171
6151    0.609370
6152    0.628947
6153    2.528612
Name: obs-prior, Length: 6154, dtype: float64

 processing obs:  ACARS_TEMPERATURE
 region:  Global
0        0.816947
1       -0.056813
2       -0.255941
3        0.917839
4        1.201031
           ...   
31371    0.869782
31372   -1.028710
31373   -0.418967
31374   -0.445670
31375   -0.444160
Name: obs-prior, Length: 31376, dtype: float64
0        0.816947
1       -0.056813
2       -0.255941
3        0.917839
4        1.201031
           ...   
31371    0.869782
31372   -1.028710
31373   -0.418967
31374   -0.445670
31375   -0.444160
Name: obs-prior, Length: 31376, dtype: float64
0        0.816947
1       -0.056813
2       -0.255941
3        0.917839
4        1.201031
           ...   
31371    0.869782
31372   -1.028710
31373   -0.418967
31374   -0.445670
31375   -0.444160
Name: obs-prior, Length: 31376, dtype: float64
0        0.816947
1       -0.056813
2       -0.255941
3        0.917839
4        1.201031
           ...   
31371    0.869782
31372   -1.028710
31373   -0.418967
31374   -0.445670
31375   -0.444160
Name: obs-prior, Length: 31376, dtype: float64
0        0.816947
1       -0.056813
2       -0.255941
3        0.917839
4        1.201031
           ...   
31371    0.869782
31372   -1.028710
31373   -0.418967
31374   -0.445670
31375   -0.444160
Name: obs-prior, Length: 31376, dtype: float64
0        0.816947
1       -0.056813
2       -0.255941
3        0.917839
4        1.201031
           ...   
31371    0.869782
31372   -1.028710
31373   -0.418967
31374   -0.445670
31375   -0.444160
Name: obs-prior, Length: 31376, dtype: float64
0        0.816947
1       -0.056813
2       -0.255941
3        0.917839
4        1.201031
           ...   
31371    0.869782
31372   -1.028710
31373   -0.418967
31374   -0.445670
31375   -0.444160
Name: obs-prior, Length: 31376, dtype: float64
0        0.816947
1       -0.056813
2       -0.255941
3        0.917839
4        1.201031
           ...   
31371    0.869782
31372   -1.028710
31373   -0.418967
31374   -0.445670
31375   -0.444160
Name: obs-prior, Length: 31376, dtype: float64
0        0.816947
1       -0.056813
2       -0.255941
3        0.917839
4        1.201031
           ...   
31371    0.869782
31372   -1.028710
31373   -0.418967
31374   -0.445670
31375   -0.444160
Name: obs-prior, Length: 31376, dtype: float64
0        0.816947
1       -0.056813
2       -0.255941
3        0.917839
4        1.201031
           ...   
31371    0.869782
31372   -1.028710
31373   -0.418967
31374   -0.445670
31375   -0.444160
Name: obs-prior, Length: 31376, dtype: float64
0        0.816947
1       -0.056813
2       -0.255941
3        0.917839
4        1.201031
           ...   
31371    0.869782
31372   -1.028710
31373   -0.418967
31374   -0.445670
31375   -0.444160
Name: obs-prior, Length: 31376, dtype: float64
0        0.816947
1       -0.056813
2       -0.255941
3        0.917839
4        1.201031
           ...   
31371    0.869782
31372   -1.028710
31373   -0.418967
31374   -0.445670
31375   -0.444160
Name: obs-prior, Length: 31376, dtype: float64
0        0.816947
1       -0.056813
2       -0.255941
3        0.917839
4        1.201031
           ...   
31371    0.869782
31372   -1.028710
31373   -0.418967
31374   -0.445670
31375   -0.444160
Name: obs-prior, Length: 31376, dtype: float64
0        0.816947
1       -0.056813
2       -0.255941
3        0.917839
4        1.201031
           ...   
31371    0.869782
31372   -1.028710
31373   -0.418967
31374   -0.445670
31375   -0.444160
Name: obs-prior, Length: 31376, dtype: float64
0        0.816947
1       -0.056813
2       -0.255941
3        0.917839
4        1.201031
           ...   
31371    0.869782
31372   -1.028710
31373   -0.418967
31374   -0.445670
31375   -0.444160
Name: obs-prior, Length: 31376, dtype: float64
0        0.816947
1       -0.056813
2       -0.255941
3        0.917839
4        1.201031
           ...   
31371    0.869782
31372   -1.028710
31373   -0.418967
31374   -0.445670
31375   -0.444160
Name: obs-prior, Length: 31376, dtype: float64
0        0.816947
1       -0.056813
2       -0.255941
3        0.917839
4        1.201031
           ...   
31371    0.869782
31372   -1.028710
31373   -0.418967
31374   -0.445670
31375   -0.444160
Name: obs-prior, Length: 31376, dtype: float64
 region:  NH
0        0.816947
1       -0.056813
2       -0.255941
3        0.917839
4       -0.429585
           ...   
24226   -0.186864
24227   -0.173045
24228    0.869782
24229   -0.418967
24230   -0.445670
Name: obs-prior, Length: 24231, dtype: float64
0        0.816947
1       -0.056813
2       -0.255941
3        0.917839
4       -0.429585
           ...   
24226   -0.186864
24227   -0.173045
24228    0.869782
24229   -0.418967
24230   -0.445670
Name: obs-prior, Length: 24231, dtype: float64
0        0.816947
1       -0.056813
2       -0.255941
3        0.917839
4       -0.429585
           ...   
24226   -0.186864
24227   -0.173045
24228    0.869782
24229   -0.418967
24230   -0.445670
Name: obs-prior, Length: 24231, dtype: float64
0        0.816947
1       -0.056813
2       -0.255941
3        0.917839
4       -0.429585
           ...   
24226   -0.186864
24227   -0.173045
24228    0.869782
24229   -0.418967
24230   -0.445670
Name: obs-prior, Length: 24231, dtype: float64
0        0.816947
1       -0.056813
2       -0.255941
3        0.917839
4       -0.429585
           ...   
24226   -0.186864
24227   -0.173045
24228    0.869782
24229   -0.418967
24230   -0.445670
Name: obs-prior, Length: 24231, dtype: float64
0        0.816947
1       -0.056813
2       -0.255941
3        0.917839
4       -0.429585
           ...   
24226   -0.186864
24227   -0.173045
24228    0.869782
24229   -0.418967
24230   -0.445670
Name: obs-prior, Length: 24231, dtype: float64
0        0.816947
1       -0.056813
2       -0.255941
3        0.917839
4       -0.429585
           ...   
24226   -0.186864
24227   -0.173045
24228    0.869782
24229   -0.418967
24230   -0.445670
Name: obs-prior, Length: 24231, dtype: float64
0        0.816947
1       -0.056813
2       -0.255941
3        0.917839
4       -0.429585
           ...   
24226   -0.186864
24227   -0.173045
24228    0.869782
24229   -0.418967
24230   -0.445670
Name: obs-prior, Length: 24231, dtype: float64
0        0.816947
1       -0.056813
2       -0.255941
3        0.917839
4       -0.429585
           ...   
24226   -0.186864
24227   -0.173045
24228    0.869782
24229   -0.418967
24230   -0.445670
Name: obs-prior, Length: 24231, dtype: float64
0        0.816947
1       -0.056813
2       -0.255941
3        0.917839
4       -0.429585
           ...   
24226   -0.186864
24227   -0.173045
24228    0.869782
24229   -0.418967
24230   -0.445670
Name: obs-prior, Length: 24231, dtype: float64
0        0.816947
1       -0.056813
2       -0.255941
3        0.917839
4       -0.429585
           ...   
24226   -0.186864
24227   -0.173045
24228    0.869782
24229   -0.418967
24230   -0.445670
Name: obs-prior, Length: 24231, dtype: float64
0        0.816947
1       -0.056813
2       -0.255941
3        0.917839
4       -0.429585
           ...   
24226   -0.186864
24227   -0.173045
24228    0.869782
24229   -0.418967
24230   -0.445670
Name: obs-prior, Length: 24231, dtype: float64
0        0.816947
1       -0.056813
2       -0.255941
3        0.917839
4       -0.429585
           ...   
24226   -0.186864
24227   -0.173045
24228    0.869782
24229   -0.418967
24230   -0.445670
Name: obs-prior, Length: 24231, dtype: float64
0        0.816947
1       -0.056813
2       -0.255941
3        0.917839
4       -0.429585
           ...   
24226   -0.186864
24227   -0.173045
24228    0.869782
24229   -0.418967
24230   -0.445670
Name: obs-prior, Length: 24231, dtype: float64
0        0.816947
1       -0.056813
2       -0.255941
3        0.917839
4       -0.429585
           ...   
24226   -0.186864
24227   -0.173045
24228    0.869782
24229   -0.418967
24230   -0.445670
Name: obs-prior, Length: 24231, dtype: float64
0        0.816947
1       -0.056813
2       -0.255941
3        0.917839
4       -0.429585
           ...   
24226   -0.186864
24227   -0.173045
24228    0.869782
24229   -0.418967
24230   -0.445670
Name: obs-prior, Length: 24231, dtype: float64
0        0.816947
1       -0.056813
2       -0.255941
3        0.917839
4       -0.429585
           ...   
24226   -0.186864
24227   -0.173045
24228    0.869782
24229   -0.418967
24230   -0.445670
Name: obs-prior, Length: 24231, dtype: float64
 region:  SH
0      0.930120
1      0.955018
2      0.441357
3      0.868223
4      0.119451
         ...   
388    0.611909
389   -0.815321
390   -1.716949
391    0.271783
392    0.932431
Name: obs-prior, Length: 393, dtype: float64
0      0.930120
1      0.955018
2      0.441357
3      0.868223
4      0.119451
         ...   
388    0.611909
389   -0.815321
390   -1.716949
391    0.271783
392    0.932431
Name: obs-prior, Length: 393, dtype: float64
0      0.930120
1      0.955018
2      0.441357
3      0.868223
4      0.119451
         ...   
388    0.611909
389   -0.815321
390   -1.716949
391    0.271783
392    0.932431
Name: obs-prior, Length: 393, dtype: float64
0      0.930120
1      0.955018
2      0.441357
3      0.868223
4      0.119451
         ...   
388    0.611909
389   -0.815321
390   -1.716949
391    0.271783
392    0.932431
Name: obs-prior, Length: 393, dtype: float64
0      0.930120
1      0.955018
2      0.441357
3      0.868223
4      0.119451
         ...   
388    0.611909
389   -0.815321
390   -1.716949
391    0.271783
392    0.932431
Name: obs-prior, Length: 393, dtype: float64
0      0.930120
1      0.955018
2      0.441357
3      0.868223
4      0.119451
         ...   
388    0.611909
389   -0.815321
390   -1.716949
391    0.271783
392    0.932431
Name: obs-prior, Length: 393, dtype: float64
0      0.930120
1      0.955018
2      0.441357
3      0.868223
4      0.119451
         ...   
388    0.611909
389   -0.815321
390   -1.716949
391    0.271783
392    0.932431
Name: obs-prior, Length: 393, dtype: float64
0      0.930120
1      0.955018
2      0.441357
3      0.868223
4      0.119451
         ...   
388    0.611909
389   -0.815321
390   -1.716949
391    0.271783
392    0.932431
Name: obs-prior, Length: 393, dtype: float64
0      0.930120
1      0.955018
2      0.441357
3      0.868223
4      0.119451
         ...   
388    0.611909
389   -0.815321
390   -1.716949
391    0.271783
392    0.932431
Name: obs-prior, Length: 393, dtype: float64
0      0.930120
1      0.955018
2      0.441357
3      0.868223
4      0.119451
         ...   
388    0.611909
389   -0.815321
390   -1.716949
391    0.271783
392    0.932431
Name: obs-prior, Length: 393, dtype: float64
0      0.930120
1      0.955018
2      0.441357
3      0.868223
4      0.119451
         ...   
388    0.611909
389   -0.815321
390   -1.716949
391    0.271783
392    0.932431
Name: obs-prior, Length: 393, dtype: float64
0      0.930120
1      0.955018
2      0.441357
3      0.868223
4      0.119451
         ...   
388    0.611909
389   -0.815321
390   -1.716949
391    0.271783
392    0.932431
Name: obs-prior, Length: 393, dtype: float64
0      0.930120
1      0.955018
2      0.441357
3      0.868223
4      0.119451
         ...   
388    0.611909
389   -0.815321
390   -1.716949
391    0.271783
392    0.932431
Name: obs-prior, Length: 393, dtype: float64
0      0.930120
1      0.955018
2      0.441357
3      0.868223
4      0.119451
         ...   
388    0.611909
389   -0.815321
390   -1.716949
391    0.271783
392    0.932431
Name: obs-prior, Length: 393, dtype: float64
0      0.930120
1      0.955018
2      0.441357
3      0.868223
4      0.119451
         ...   
388    0.611909
389   -0.815321
390   -1.716949
391    0.271783
392    0.932431
Name: obs-prior, Length: 393, dtype: float64
0      0.930120
1      0.955018
2      0.441357
3      0.868223
4      0.119451
         ...   
388    0.611909
389   -0.815321
390   -1.716949
391    0.271783
392    0.932431
Name: obs-prior, Length: 393, dtype: float64
0      0.930120
1      0.955018
2      0.441357
3      0.868223
4      0.119451
         ...   
388    0.611909
389   -0.815321
390   -1.716949
391    0.271783
392    0.932431
Name: obs-prior, Length: 393, dtype: float64
 region:  TR
0       1.201031
1       0.623549
2      -0.739314
3      -0.850297
4      -0.472982
          ...   
6747    1.058355
6748    0.770890
6749   -0.667650
6750   -1.028710
6751   -0.444160
Name: obs-prior, Length: 6752, dtype: float64
0       1.201031
1       0.623549
2      -0.739314
3      -0.850297
4      -0.472982
          ...   
6747    1.058355
6748    0.770890
6749   -0.667650
6750   -1.028710
6751   -0.444160
Name: obs-prior, Length: 6752, dtype: float64
0       1.201031
1       0.623549
2      -0.739314
3      -0.850297
4      -0.472982
          ...   
6747    1.058355
6748    0.770890
6749   -0.667650
6750   -1.028710
6751   -0.444160
Name: obs-prior, Length: 6752, dtype: float64
0       1.201031
1       0.623549
2      -0.739314
3      -0.850297
4      -0.472982
          ...   
6747    1.058355
6748    0.770890
6749   -0.667650
6750   -1.028710
6751   -0.444160
Name: obs-prior, Length: 6752, dtype: float64
0       1.201031
1       0.623549
2      -0.739314
3      -0.850297
4      -0.472982
          ...   
6747    1.058355
6748    0.770890
6749   -0.667650
6750   -1.028710
6751   -0.444160
Name: obs-prior, Length: 6752, dtype: float64
0       1.201031
1       0.623549
2      -0.739314
3      -0.850297
4      -0.472982
          ...   
6747    1.058355
6748    0.770890
6749   -0.667650
6750   -1.028710
6751   -0.444160
Name: obs-prior, Length: 6752, dtype: float64
0       1.201031
1       0.623549
2      -0.739314
3      -0.850297
4      -0.472982
          ...   
6747    1.058355
6748    0.770890
6749   -0.667650
6750   -1.028710
6751   -0.444160
Name: obs-prior, Length: 6752, dtype: float64
0       1.201031
1       0.623549
2      -0.739314
3      -0.850297
4      -0.472982
          ...   
6747    1.058355
6748    0.770890
6749   -0.667650
6750   -1.028710
6751   -0.444160
Name: obs-prior, Length: 6752, dtype: float64
0       1.201031
1       0.623549
2      -0.739314
3      -0.850297
4      -0.472982
          ...   
6747    1.058355
6748    0.770890
6749   -0.667650
6750   -1.028710
6751   -0.444160
Name: obs-prior, Length: 6752, dtype: float64
0       1.201031
1       0.623549
2      -0.739314
3      -0.850297
4      -0.472982
          ...   
6747    1.058355
6748    0.770890
6749   -0.667650
6750   -1.028710
6751   -0.444160
Name: obs-prior, Length: 6752, dtype: float64
0       1.201031
1       0.623549
2      -0.739314
3      -0.850297
4      -0.472982
          ...   
6747    1.058355
6748    0.770890
6749   -0.667650
6750   -1.028710
6751   -0.444160
Name: obs-prior, Length: 6752, dtype: float64
0       1.201031
1       0.623549
2      -0.739314
3      -0.850297
4      -0.472982
          ...   
6747    1.058355
6748    0.770890
6749   -0.667650
6750   -1.028710
6751   -0.444160
Name: obs-prior, Length: 6752, dtype: float64
0       1.201031
1       0.623549
2      -0.739314
3      -0.850297
4      -0.472982
          ...   
6747    1.058355
6748    0.770890
6749   -0.667650
6750   -1.028710
6751   -0.444160
Name: obs-prior, Length: 6752, dtype: float64
0       1.201031
1       0.623549
2      -0.739314
3      -0.850297
4      -0.472982
          ...   
6747    1.058355
6748    0.770890
6749   -0.667650
6750   -1.028710
6751   -0.444160
Name: obs-prior, Length: 6752, dtype: float64
0       1.201031
1       0.623549
2      -0.739314
3      -0.850297
4      -0.472982
          ...   
6747    1.058355
6748    0.770890
6749   -0.667650
6750   -1.028710
6751   -0.444160
Name: obs-prior, Length: 6752, dtype: float64
0       1.201031
1       0.623549
2      -0.739314
3      -0.850297
4      -0.472982
          ...   
6747    1.058355
6748    0.770890
6749   -0.667650
6750   -1.028710
6751   -0.444160
Name: obs-prior, Length: 6752, dtype: float64
0       1.201031
1       0.623549
2      -0.739314
3      -0.850297
4      -0.472982
          ...   
6747    1.058355
6748    0.770890
6749   -0.667650
6750   -1.028710
6751   -0.444160
Name: obs-prior, Length: 6752, dtype: float64

 processing obs:  SAT_U_WIND_COMPONENT
 region:  Global
 No obs:  SAT_U_WIND_COMPONENT  in region:  Global  at this time.
 region:  NH
 No obs:  SAT_U_WIND_COMPONENT  in region:  NH  at this time.
 region:  SH
 No obs:  SAT_U_WIND_COMPONENT  in region:  SH  at this time.
 region:  TR
 No obs:  SAT_U_WIND_COMPONENT  in region:  TR  at this time.

 processing obs:  SAT_V_WIND_COMPONENT
 region:  Global
 No obs:  SAT_V_WIND_COMPONENT  in region:  Global  at this time.
 region:  NH
 No obs:  SAT_V_WIND_COMPONENT  in region:  NH  at this time.
 region:  SH
 No obs:  SAT_V_WIND_COMPONENT  in region:  SH  at this time.
 region:  TR
 No obs:  SAT_V_WIND_COMPONENT  in region:  TR  at this time.

 processing obs:  GPSRO_REFRACTIVITY
 region:  Global
 No obs:  GPSRO_REFRACTIVITY  in region:  Global  at this time.
 region:  NH
 No obs:  GPSRO_REFRACTIVITY  in region:  NH  at this time.
 region:  SH
 No obs:  GPSRO_REFRACTIVITY  in region:  SH  at this time.
 region:  TR
 No obs:  GPSRO_REFRACTIVITY  in region:  TR  at this time.

 processing obs:  EOS_2_AMSUA_TB
 region:  Global
 No obs:  EOS_2_AMSUA_TB  in region:  Global  at this time.
 region:  NH
 No obs:  EOS_2_AMSUA_TB  in region:  NH  at this time.
 region:  SH
 No obs:  EOS_2_AMSUA_TB  in region:  SH  at this time.
 region:  TR
 No obs:  EOS_2_AMSUA_TB  in region:  TR  at this time.

 processing obs:  NOAA_15_AMSUA_TB
 region:  Global
 No obs:  NOAA_15_AMSUA_TB  in region:  Global  at this time.
 region:  NH
 No obs:  NOAA_15_AMSUA_TB  in region:  NH  at this time.
 region:  SH
 No obs:  NOAA_15_AMSUA_TB  in region:  SH  at this time.
 region:  TR
 No obs:  NOAA_15_AMSUA_TB  in region:  TR  at this time.

 processing obs:  NOAA_16_AMSUA_TB
 region:  Global
 No obs:  NOAA_16_AMSUA_TB  in region:  Global  at this time.
 region:  NH
 No obs:  NOAA_16_AMSUA_TB  in region:  NH  at this time.
 region:  SH
 No obs:  NOAA_16_AMSUA_TB  in region:  SH  at this time.
 region:  TR
 No obs:  NOAA_16_AMSUA_TB  in region:  TR  at this time.

 processing obs:  NOAA_17_AMSUA_TB
 region:  Global
 No obs:  NOAA_17_AMSUA_TB  in region:  Global  at this time.
 region:  NH
 No obs:  NOAA_17_AMSUA_TB  in region:  NH  at this time.
 region:  SH
 No obs:  NOAA_17_AMSUA_TB  in region:  SH  at this time.
 region:  TR
 No obs:  NOAA_17_AMSUA_TB  in region:  TR  at this time.

 processing obs:  NOAA_18_AMSUA_TB
 region:  Global
 No obs:  NOAA_18_AMSUA_TB  in region:  Global  at this time.
 region:  NH
 No obs:  NOAA_18_AMSUA_TB  in region:  NH  at this time.
 region:  SH
 No obs:  NOAA_18_AMSUA_TB  in region:  SH  at this time.
 region:  TR
 No obs:  NOAA_18_AMSUA_TB  in region:  TR  at this time.

 processing obs:  NOAA_19_AMSUA_TB
 region:  Global
 No obs:  NOAA_19_AMSUA_TB  in region:  Global  at this time.
 region:  NH
 No obs:  NOAA_19_AMSUA_TB  in region:  NH  at this time.
 region:  SH
 No obs:  NOAA_19_AMSUA_TB  in region:  SH  at this time.
 region:  TR
 No obs:  NOAA_19_AMSUA_TB  in region:  TR  at this time.

 processing obs:  METOP_1_AMSUA_TB
 region:  Global
 No obs:  METOP_1_AMSUA_TB  in region:  Global  at this time.
 region:  NH
 No obs:  METOP_1_AMSUA_TB  in region:  NH  at this time.
 region:  SH
 No obs:  METOP_1_AMSUA_TB  in region:  SH  at this time.
 region:  TR
 No obs:  METOP_1_AMSUA_TB  in region:  TR  at this time.

 processing obs:  METOP_2_AMSUA_TB
 region:  Global
 No obs:  METOP_2_AMSUA_TB  in region:  Global  at this time.
 region:  NH
 No obs:  METOP_2_AMSUA_TB  in region:  NH  at this time.
 region:  SH
 No obs:  METOP_2_AMSUA_TB  in region:  SH  at this time.
 region:  TR
 No obs:  METOP_2_AMSUA_TB  in region:  TR  at this time.

 processing obs:  VADWND_U_WIND_COMPONENT
 region:  Global
 No obs:  VADWND_U_WIND_COMPONENT  in region:  Global  at this time.
 region:  NH
 No obs:  VADWND_U_WIND_COMPONENT  in region:  NH  at this time.
 region:  SH
 No obs:  VADWND_U_WIND_COMPONENT  in region:  SH  at this time.
 region:  TR
 No obs:  VADWND_U_WIND_COMPONENT  in region:  TR  at this time.

 processing obs:  VADWND_V_WIND_COMPONENT
 region:  Global
 No obs:  VADWND_V_WIND_COMPONENT  in region:  Global  at this time.
 region:  NH
 No obs:  VADWND_V_WIND_COMPONENT  in region:  NH  at this time.
 region:  SH
 No obs:  VADWND_V_WIND_COMPONENT  in region:  SH  at this time.
 region:  TR
 No obs:  VADWND_V_WIND_COMPONENT  in region:  TR  at this time.

 processing obs:  LAND_SFC_PRESSURE
 region:  Global
 No obs:  LAND_SFC_PRESSURE  in region:  Global  at this time.
 region:  NH
 No obs:  LAND_SFC_PRESSURE  in region:  NH  at this time.
 region:  SH
 No obs:  LAND_SFC_PRESSURE  in region:  SH  at this time.
 region:  TR
 No obs:  LAND_SFC_PRESSURE  in region:  TR  at this time.

 processing obs:  MARINE_SFC_PRESSURE
 region:  Global
 No obs:  MARINE_SFC_PRESSURE  in region:  Global  at this time.
 region:  NH
 No obs:  MARINE_SFC_PRESSURE  in region:  NH  at this time.
 region:  SH
 No obs:  MARINE_SFC_PRESSURE  in region:  SH  at this time.
 region:  TR
 No obs:  MARINE_SFC_PRESSURE  in region:  TR  at this time.
Save assimilated: Global
Save assimilated: SH
Save assimilated: NH
Save assimilated: TR

 2024-03-25 13:47:23.078623
Execution Time:  0:00:11.332553

 -------------------- END ------------------- 

	Command being timed: "/work/cmcc/mg20022/.conda/envs/guatura/bin/python ./quick_spreads_diag.py"
	User time (seconds): 10.04
	System time (seconds): 7.03
	Percent of CPU this job got: 142%
	Elapsed (wall clock) time (h:mm:ss or m:ss): 0:11.94
	Average shared text size (kbytes): 0
	Average unshared data size (kbytes): 0
	Average stack size (kbytes): 0
	Average total size (kbytes): 0
	Maximum resident set size (kbytes): 570068
	Average resident set size (kbytes): 0
	Major (requiring I/O) page faults: 0
	Minor (reclaiming a frame) page faults: 66065
	Voluntary context switches: 2057
	Involuntary context switches: 92
	Swaps: 0
	File system inputs: 0
	File system outputs: 0
	Socket messages sent: 0
	Socket messages received: 0
	Signals delivered: 0
	Page size (bytes): 4096
	Exit status: 0
