STARTING

 2024-03-25 13:46:58.808808

 Computation parameters:
 Experiment name:  arc2
 Start date:  2017-10-02-21600
 End date:  2017-10-02-21600
 Path archive:  /work/cmcc/gc02720/CMCC-CM/archive
 Path experiment:  /work/cmcc/gc02720/CMCC-CM/archive/arc2
 Path save:  /work/cmcc/gc02720/CMCC-CM/basic_diag/arc2/2017-10-02-21600
 Observation to process:  ['RADIOSONDE_U_WIND_COMPONENT', 'RADIOSONDE_V_WIND_COMPONENT', 'RADIOSONDE_TEMPERATURE', 'AIRCRAFT_U_WIND_COMPONENT', 'AIRCRAFT_V_WIND_COMPONENT', 'AIRCRAFT_TEMPERATURE', 'ACARS_U_WIND_COMPONENT', 'ACARS_V_WIND_COMPONENT', 'ACARS_TEMPERATURE', 'SAT_U_WIND_COMPONENT', 'SAT_V_WIND_COMPONENT', 'GPSRO_REFRACTIVITY', 'EOS_2_AMSUA_TB', 'NOAA_15_AMSUA_TB', 'NOAA_16_AMSUA_TB', 'NOAA_17_AMSUA_TB', 'NOAA_18_AMSUA_TB', 'NOAA_19_AMSUA_TB', 'METOP_1_AMSUA_TB', 'METOP_2_AMSUA_TB', 'VADWND_U_WIND_COMPONENT', 'VADWND_V_WIND_COMPONENT', 'LAND_SFC_PRESSURE', 'MARINE_SFC_PRESSURE']
 Reference levels:  (1014, 950, 900, 850, 800, 750, 700, 650, 600, 550, 500, 450, 400, 350, 300, 250, 200, 150, 90, 50, 25, 10, 5, 2.5, 1)

 Successfully created the directory /work/cmcc/gc02720/CMCC-CM/basic_diag/arc2/2017-10-02-21600 
 Center layers:  [982.0, 925.0, 875.0, 825.0, 775.0, 725.0, 675.0, 625.0, 575.0, 525.0, 475.0, 425.0, 375.0, 325.0, 275.0, 225.0, 175.0, 120.0, 70.0, 37.5, 17.5, 7.5, 3.75, 1.75]

 Start the computation...

 dir to process:  ['arc2-2017-10-02-21600']

 dir:  /work/cmcc/gc02720/CMCC-CM/archive/arc2/arc2-2017-10-02-21600
 dir number  1  out of  1
 listdb=  ['/work/cmcc/gc02720/CMCC-CM/archive/arc2/arc2-2017-10-02-21600/arc2.spreads.ARC.1.2017-10-02-21600.db', '/work/cmcc/gc02720/CMCC-CM/archive/arc2/arc2-2017-10-02-21600/arc2.spreads.ARC.2.2017-10-02-21600.db', '/work/cmcc/gc02720/CMCC-CM/archive/arc2/arc2-2017-10-02-21600/arc2.spreads.ARC.3.2017-10-02-21600.db']
 listdb len=  3
 maskdb=  [1, 1, 1]
 maskdb len=  3
 loading info from:  /work/cmcc/gc02720/CMCC-CM/archive/arc2/arc2-2017-10-02-21600/arc2.spreads.ARC.1.2017-10-02-21600.db
 loading info from:  /work/cmcc/gc02720/CMCC-CM/archive/arc2/arc2-2017-10-02-21600/arc2.spreads.ARC.2.2017-10-02-21600.db
 loading info from:  /work/cmcc/gc02720/CMCC-CM/archive/arc2/arc2-2017-10-02-21600/arc2.spreads.ARC.3.2017-10-02-21600.db

 processing obs:  RADIOSONDE_U_WIND_COMPONENT
 region:  Global
 No obs:  RADIOSONDE_U_WIND_COMPONENT  in region:  Global  at this time.
 region:  NH
 No obs:  RADIOSONDE_U_WIND_COMPONENT  in region:  NH  at this time.
 region:  SH
 No obs:  RADIOSONDE_U_WIND_COMPONENT  in region:  SH  at this time.
 region:  TR
 No obs:  RADIOSONDE_U_WIND_COMPONENT  in region:  TR  at this time.

 processing obs:  RADIOSONDE_V_WIND_COMPONENT
 region:  Global
 No obs:  RADIOSONDE_V_WIND_COMPONENT  in region:  Global  at this time.
 region:  NH
 No obs:  RADIOSONDE_V_WIND_COMPONENT  in region:  NH  at this time.
 region:  SH
 No obs:  RADIOSONDE_V_WIND_COMPONENT  in region:  SH  at this time.
 region:  TR
 No obs:  RADIOSONDE_V_WIND_COMPONENT  in region:  TR  at this time.

 processing obs:  RADIOSONDE_TEMPERATURE
 region:  Global
 No obs:  RADIOSONDE_TEMPERATURE  in region:  Global  at this time.
 region:  NH
 No obs:  RADIOSONDE_TEMPERATURE  in region:  NH  at this time.
 region:  SH
 No obs:  RADIOSONDE_TEMPERATURE  in region:  SH  at this time.
 region:  TR
 No obs:  RADIOSONDE_TEMPERATURE  in region:  TR  at this time.

 processing obs:  AIRCRAFT_U_WIND_COMPONENT
 region:  Global
0      -2.182057
1      -0.680000
2      -2.213864
3       1.653211
4       1.700153
          ...   
4977   -0.962158
4978    2.528700
4979   -2.541245
4980    1.184879
4981   -2.746194
Name: obs-prior, Length: 4982, dtype: float64
0      -2.182057
1      -0.680000
2      -2.213864
3       1.653211
4       1.700153
          ...   
4977   -0.962158
4978    2.528700
4979   -2.541245
4980    1.184879
4981   -2.746194
Name: obs-prior, Length: 4982, dtype: float64
0      -2.182057
1      -0.680000
2      -2.213864
3       1.653211
4       1.700153
          ...   
4977   -0.962158
4978    2.528700
4979   -2.541245
4980    1.184879
4981   -2.746194
Name: obs-prior, Length: 4982, dtype: float64
0      -2.182057
1      -0.680000
2      -2.213864
3       1.653211
4       1.700153
          ...   
4977   -0.962158
4978    2.528700
4979   -2.541245
4980    1.184879
4981   -2.746194
Name: obs-prior, Length: 4982, dtype: float64
0      -2.182057
1      -0.680000
2      -2.213864
3       1.653211
4       1.700153
          ...   
4977   -0.962158
4978    2.528700
4979   -2.541245
4980    1.184879
4981   -2.746194
Name: obs-prior, Length: 4982, dtype: float64
0      -2.182057
1      -0.680000
2      -2.213864
3       1.653211
4       1.700153
          ...   
4977   -0.962158
4978    2.528700
4979   -2.541245
4980    1.184879
4981   -2.746194
Name: obs-prior, Length: 4982, dtype: float64
0      -2.182057
1      -0.680000
2      -2.213864
3       1.653211
4       1.700153
          ...   
4977   -0.962158
4978    2.528700
4979   -2.541245
4980    1.184879
4981   -2.746194
Name: obs-prior, Length: 4982, dtype: float64
0      -2.182057
1      -0.680000
2      -2.213864
3       1.653211
4       1.700153
          ...   
4977   -0.962158
4978    2.528700
4979   -2.541245
4980    1.184879
4981   -2.746194
Name: obs-prior, Length: 4982, dtype: float64
0      -2.182057
1      -0.680000
2      -2.213864
3       1.653211
4       1.700153
          ...   
4977   -0.962158
4978    2.528700
4979   -2.541245
4980    1.184879
4981   -2.746194
Name: obs-prior, Length: 4982, dtype: float64
0      -2.182057
1      -0.680000
2      -2.213864
3       1.653211
4       1.700153
          ...   
4977   -0.962158
4978    2.528700
4979   -2.541245
4980    1.184879
4981   -2.746194
Name: obs-prior, Length: 4982, dtype: float64
0      -2.182057
1      -0.680000
2      -2.213864
3       1.653211
4       1.700153
          ...   
4977   -0.962158
4978    2.528700
4979   -2.541245
4980    1.184879
4981   -2.746194
Name: obs-prior, Length: 4982, dtype: float64
0      -2.182057
1      -0.680000
2      -2.213864
3       1.653211
4       1.700153
          ...   
4977   -0.962158
4978    2.528700
4979   -2.541245
4980    1.184879
4981   -2.746194
Name: obs-prior, Length: 4982, dtype: float64
0      -2.182057
1      -0.680000
2      -2.213864
3       1.653211
4       1.700153
          ...   
4977   -0.962158
4978    2.528700
4979   -2.541245
4980    1.184879
4981   -2.746194
Name: obs-prior, Length: 4982, dtype: float64
0      -2.182057
1      -0.680000
2      -2.213864
3       1.653211
4       1.700153
          ...   
4977   -0.962158
4978    2.528700
4979   -2.541245
4980    1.184879
4981   -2.746194
Name: obs-prior, Length: 4982, dtype: float64
0      -2.182057
1      -0.680000
2      -2.213864
3       1.653211
4       1.700153
          ...   
4977   -0.962158
4978    2.528700
4979   -2.541245
4980    1.184879
4981   -2.746194
Name: obs-prior, Length: 4982, dtype: float64
0      -2.182057
1      -0.680000
2      -2.213864
3       1.653211
4       1.700153
          ...   
4977   -0.962158
4978    2.528700
4979   -2.541245
4980    1.184879
4981   -2.746194
Name: obs-prior, Length: 4982, dtype: float64
0      -2.182057
1      -0.680000
2      -2.213864
3       1.653211
4       1.700153
          ...   
4977   -0.962158
4978    2.528700
4979   -2.541245
4980    1.184879
4981   -2.746194
Name: obs-prior, Length: 4982, dtype: float64
0      -2.182057
1      -0.680000
2      -2.213864
3       1.653211
4       1.700153
          ...   
4977   -0.962158
4978    2.528700
4979   -2.541245
4980    1.184879
4981   -2.746194
Name: obs-prior, Length: 4982, dtype: float64
 region:  NH
0      -2.182057
1      -2.213864
2       1.700153
3       1.141399
4      -0.805727
          ...   
2952    2.078563
2953    2.528700
2954   -2.541245
2955    1.184879
2956   -2.746194
Name: obs-prior, Length: 2957, dtype: float64
0      -2.182057
1      -2.213864
2       1.700153
3       1.141399
4      -0.805727
          ...   
2952    2.078563
2953    2.528700
2954   -2.541245
2955    1.184879
2956   -2.746194
Name: obs-prior, Length: 2957, dtype: float64
0      -2.182057
1      -2.213864
2       1.700153
3       1.141399
4      -0.805727
          ...   
2952    2.078563
2953    2.528700
2954   -2.541245
2955    1.184879
2956   -2.746194
Name: obs-prior, Length: 2957, dtype: float64
0      -2.182057
1      -2.213864
2       1.700153
3       1.141399
4      -0.805727
          ...   
2952    2.078563
2953    2.528700
2954   -2.541245
2955    1.184879
2956   -2.746194
Name: obs-prior, Length: 2957, dtype: float64
0      -2.182057
1      -2.213864
2       1.700153
3       1.141399
4      -0.805727
          ...   
2952    2.078563
2953    2.528700
2954   -2.541245
2955    1.184879
2956   -2.746194
Name: obs-prior, Length: 2957, dtype: float64
0      -2.182057
1      -2.213864
2       1.700153
3       1.141399
4      -0.805727
          ...   
2952    2.078563
2953    2.528700
2954   -2.541245
2955    1.184879
2956   -2.746194
Name: obs-prior, Length: 2957, dtype: float64
0      -2.182057
1      -2.213864
2       1.700153
3       1.141399
4      -0.805727
          ...   
2952    2.078563
2953    2.528700
2954   -2.541245
2955    1.184879
2956   -2.746194
Name: obs-prior, Length: 2957, dtype: float64
0      -2.182057
1      -2.213864
2       1.700153
3       1.141399
4      -0.805727
          ...   
2952    2.078563
2953    2.528700
2954   -2.541245
2955    1.184879
2956   -2.746194
Name: obs-prior, Length: 2957, dtype: float64
0      -2.182057
1      -2.213864
2       1.700153
3       1.141399
4      -0.805727
          ...   
2952    2.078563
2953    2.528700
2954   -2.541245
2955    1.184879
2956   -2.746194
Name: obs-prior, Length: 2957, dtype: float64
0      -2.182057
1      -2.213864
2       1.700153
3       1.141399
4      -0.805727
          ...   
2952    2.078563
2953    2.528700
2954   -2.541245
2955    1.184879
2956   -2.746194
Name: obs-prior, Length: 2957, dtype: float64
0      -2.182057
1      -2.213864
2       1.700153
3       1.141399
4      -0.805727
          ...   
2952    2.078563
2953    2.528700
2954   -2.541245
2955    1.184879
2956   -2.746194
Name: obs-prior, Length: 2957, dtype: float64
0      -2.182057
1      -2.213864
2       1.700153
3       1.141399
4      -0.805727
          ...   
2952    2.078563
2953    2.528700
2954   -2.541245
2955    1.184879
2956   -2.746194
Name: obs-prior, Length: 2957, dtype: float64
0      -2.182057
1      -2.213864
2       1.700153
3       1.141399
4      -0.805727
          ...   
2952    2.078563
2953    2.528700
2954   -2.541245
2955    1.184879
2956   -2.746194
Name: obs-prior, Length: 2957, dtype: float64
0      -2.182057
1      -2.213864
2       1.700153
3       1.141399
4      -0.805727
          ...   
2952    2.078563
2953    2.528700
2954   -2.541245
2955    1.184879
2956   -2.746194
Name: obs-prior, Length: 2957, dtype: float64
0      -2.182057
1      -2.213864
2       1.700153
3       1.141399
4      -0.805727
          ...   
2952    2.078563
2953    2.528700
2954   -2.541245
2955    1.184879
2956   -2.746194
Name: obs-prior, Length: 2957, dtype: float64
0      -2.182057
1      -2.213864
2       1.700153
3       1.141399
4      -0.805727
          ...   
2952    2.078563
2953    2.528700
2954   -2.541245
2955    1.184879
2956   -2.746194
Name: obs-prior, Length: 2957, dtype: float64
0      -2.182057
1      -2.213864
2       1.700153
3       1.141399
4      -0.805727
          ...   
2952    2.078563
2953    2.528700
2954   -2.541245
2955    1.184879
2956   -2.746194
Name: obs-prior, Length: 2957, dtype: float64
0      -2.182057
1      -2.213864
2       1.700153
3       1.141399
4      -0.805727
          ...   
2952    2.078563
2953    2.528700
2954   -2.541245
2955    1.184879
2956   -2.746194
Name: obs-prior, Length: 2957, dtype: float64
 region:  SH
0      4.167767
1      2.102898
2      1.748687
3      3.174385
4     -1.460341
         ...   
776   -1.102485
777    2.397009
778   -0.682160
779   -2.749235
780   -0.962158
Name: obs-prior, Length: 781, dtype: float64
0      4.167767
1      2.102898
2      1.748687
3      3.174385
4     -1.460341
         ...   
776   -1.102485
777    2.397009
778   -0.682160
779   -2.749235
780   -0.962158
Name: obs-prior, Length: 781, dtype: float64
0      4.167767
1      2.102898
2      1.748687
3      3.174385
4     -1.460341
         ...   
776   -1.102485
777    2.397009
778   -0.682160
779   -2.749235
780   -0.962158
Name: obs-prior, Length: 781, dtype: float64
0      4.167767
1      2.102898
2      1.748687
3      3.174385
4     -1.460341
         ...   
776   -1.102485
777    2.397009
778   -0.682160
779   -2.749235
780   -0.962158
Name: obs-prior, Length: 781, dtype: float64
0      4.167767
1      2.102898
2      1.748687
3      3.174385
4     -1.460341
         ...   
776   -1.102485
777    2.397009
778   -0.682160
779   -2.749235
780   -0.962158
Name: obs-prior, Length: 781, dtype: float64
0      4.167767
1      2.102898
2      1.748687
3      3.174385
4     -1.460341
         ...   
776   -1.102485
777    2.397009
778   -0.682160
779   -2.749235
780   -0.962158
Name: obs-prior, Length: 781, dtype: float64
0      4.167767
1      2.102898
2      1.748687
3      3.174385
4     -1.460341
         ...   
776   -1.102485
777    2.397009
778   -0.682160
779   -2.749235
780   -0.962158
Name: obs-prior, Length: 781, dtype: float64
0      4.167767
1      2.102898
2      1.748687
3      3.174385
4     -1.460341
         ...   
776   -1.102485
777    2.397009
778   -0.682160
779   -2.749235
780   -0.962158
Name: obs-prior, Length: 781, dtype: float64
0      4.167767
1      2.102898
2      1.748687
3      3.174385
4     -1.460341
         ...   
776   -1.102485
777    2.397009
778   -0.682160
779   -2.749235
780   -0.962158
Name: obs-prior, Length: 781, dtype: float64
0      4.167767
1      2.102898
2      1.748687
3      3.174385
4     -1.460341
         ...   
776   -1.102485
777    2.397009
778   -0.682160
779   -2.749235
780   -0.962158
Name: obs-prior, Length: 781, dtype: float64
0      4.167767
1      2.102898
2      1.748687
3      3.174385
4     -1.460341
         ...   
776   -1.102485
777    2.397009
778   -0.682160
779   -2.749235
780   -0.962158
Name: obs-prior, Length: 781, dtype: float64
0      4.167767
1      2.102898
2      1.748687
3      3.174385
4     -1.460341
         ...   
776   -1.102485
777    2.397009
778   -0.682160
779   -2.749235
780   -0.962158
Name: obs-prior, Length: 781, dtype: float64
0      4.167767
1      2.102898
2      1.748687
3      3.174385
4     -1.460341
         ...   
776   -1.102485
777    2.397009
778   -0.682160
779   -2.749235
780   -0.962158
Name: obs-prior, Length: 781, dtype: float64
0      4.167767
1      2.102898
2      1.748687
3      3.174385
4     -1.460341
         ...   
776   -1.102485
777    2.397009
778   -0.682160
779   -2.749235
780   -0.962158
Name: obs-prior, Length: 781, dtype: float64
0      4.167767
1      2.102898
2      1.748687
3      3.174385
4     -1.460341
         ...   
776   -1.102485
777    2.397009
778   -0.682160
779   -2.749235
780   -0.962158
Name: obs-prior, Length: 781, dtype: float64
0      4.167767
1      2.102898
2      1.748687
3      3.174385
4     -1.460341
         ...   
776   -1.102485
777    2.397009
778   -0.682160
779   -2.749235
780   -0.962158
Name: obs-prior, Length: 781, dtype: float64
0      4.167767
1      2.102898
2      1.748687
3      3.174385
4     -1.460341
         ...   
776   -1.102485
777    2.397009
778   -0.682160
779   -2.749235
780   -0.962158
Name: obs-prior, Length: 781, dtype: float64
 region:  TR
0      -0.680000
1       1.653211
2       1.625345
3       2.454961
4      -2.512610
          ...   
1239   -0.522872
1240   -1.341228
1241    2.529810
1242    0.882750
1243    0.064835
Name: obs-prior, Length: 1244, dtype: float64
0      -0.680000
1       1.653211
2       1.625345
3       2.454961
4      -2.512610
          ...   
1239   -0.522872
1240   -1.341228
1241    2.529810
1242    0.882750
1243    0.064835
Name: obs-prior, Length: 1244, dtype: float64
0      -0.680000
1       1.653211
2       1.625345
3       2.454961
4      -2.512610
          ...   
1239   -0.522872
1240   -1.341228
1241    2.529810
1242    0.882750
1243    0.064835
Name: obs-prior, Length: 1244, dtype: float64
0      -0.680000
1       1.653211
2       1.625345
3       2.454961
4      -2.512610
          ...   
1239   -0.522872
1240   -1.341228
1241    2.529810
1242    0.882750
1243    0.064835
Name: obs-prior, Length: 1244, dtype: float64
0      -0.680000
1       1.653211
2       1.625345
3       2.454961
4      -2.512610
          ...   
1239   -0.522872
1240   -1.341228
1241    2.529810
1242    0.882750
1243    0.064835
Name: obs-prior, Length: 1244, dtype: float64
0      -0.680000
1       1.653211
2       1.625345
3       2.454961
4      -2.512610
          ...   
1239   -0.522872
1240   -1.341228
1241    2.529810
1242    0.882750
1243    0.064835
Name: obs-prior, Length: 1244, dtype: float64
0      -0.680000
1       1.653211
2       1.625345
3       2.454961
4      -2.512610
          ...   
1239   -0.522872
1240   -1.341228
1241    2.529810
1242    0.882750
1243    0.064835
Name: obs-prior, Length: 1244, dtype: float64
0      -0.680000
1       1.653211
2       1.625345
3       2.454961
4      -2.512610
          ...   
1239   -0.522872
1240   -1.341228
1241    2.529810
1242    0.882750
1243    0.064835
Name: obs-prior, Length: 1244, dtype: float64
0      -0.680000
1       1.653211
2       1.625345
3       2.454961
4      -2.512610
          ...   
1239   -0.522872
1240   -1.341228
1241    2.529810
1242    0.882750
1243    0.064835
Name: obs-prior, Length: 1244, dtype: float64
0      -0.680000
1       1.653211
2       1.625345
3       2.454961
4      -2.512610
          ...   
1239   -0.522872
1240   -1.341228
1241    2.529810
1242    0.882750
1243    0.064835
Name: obs-prior, Length: 1244, dtype: float64
0      -0.680000
1       1.653211
2       1.625345
3       2.454961
4      -2.512610
          ...   
1239   -0.522872
1240   -1.341228
1241    2.529810
1242    0.882750
1243    0.064835
Name: obs-prior, Length: 1244, dtype: float64
0      -0.680000
1       1.653211
2       1.625345
3       2.454961
4      -2.512610
          ...   
1239   -0.522872
1240   -1.341228
1241    2.529810
1242    0.882750
1243    0.064835
Name: obs-prior, Length: 1244, dtype: float64
0      -0.680000
1       1.653211
2       1.625345
3       2.454961
4      -2.512610
          ...   
1239   -0.522872
1240   -1.341228
1241    2.529810
1242    0.882750
1243    0.064835
Name: obs-prior, Length: 1244, dtype: float64
0      -0.680000
1       1.653211
2       1.625345
3       2.454961
4      -2.512610
          ...   
1239   -0.522872
1240   -1.341228
1241    2.529810
1242    0.882750
1243    0.064835
Name: obs-prior, Length: 1244, dtype: float64
0      -0.680000
1       1.653211
2       1.625345
3       2.454961
4      -2.512610
          ...   
1239   -0.522872
1240   -1.341228
1241    2.529810
1242    0.882750
1243    0.064835
Name: obs-prior, Length: 1244, dtype: float64
0      -0.680000
1       1.653211
2       1.625345
3       2.454961
4      -2.512610
          ...   
1239   -0.522872
1240   -1.341228
1241    2.529810
1242    0.882750
1243    0.064835
Name: obs-prior, Length: 1244, dtype: float64
0      -0.680000
1       1.653211
2       1.625345
3       2.454961
4      -2.512610
          ...   
1239   -0.522872
1240   -1.341228
1241    2.529810
1242    0.882750
1243    0.064835
Name: obs-prior, Length: 1244, dtype: float64

 processing obs:  AIRCRAFT_V_WIND_COMPONENT
 region:  Global
0       2.102916
1       2.229300
2       2.099709
3      -0.775502
4       0.570920
          ...   
4556    0.406625
4557   -0.716030
4558    3.133005
4559   -1.456320
4560   -1.438735
Name: obs-prior, Length: 4561, dtype: float64
0       2.102916
1       2.229300
2       2.099709
3      -0.775502
4       0.570920
          ...   
4556    0.406625
4557   -0.716030
4558    3.133005
4559   -1.456320
4560   -1.438735
Name: obs-prior, Length: 4561, dtype: float64
0       2.102916
1       2.229300
2       2.099709
3      -0.775502
4       0.570920
          ...   
4556    0.406625
4557   -0.716030
4558    3.133005
4559   -1.456320
4560   -1.438735
Name: obs-prior, Length: 4561, dtype: float64
0       2.102916
1       2.229300
2       2.099709
3      -0.775502
4       0.570920
          ...   
4556    0.406625
4557   -0.716030
4558    3.133005
4559   -1.456320
4560   -1.438735
Name: obs-prior, Length: 4561, dtype: float64
0       2.102916
1       2.229300
2       2.099709
3      -0.775502
4       0.570920
          ...   
4556    0.406625
4557   -0.716030
4558    3.133005
4559   -1.456320
4560   -1.438735
Name: obs-prior, Length: 4561, dtype: float64
0       2.102916
1       2.229300
2       2.099709
3      -0.775502
4       0.570920
          ...   
4556    0.406625
4557   -0.716030
4558    3.133005
4559   -1.456320
4560   -1.438735
Name: obs-prior, Length: 4561, dtype: float64
0       2.102916
1       2.229300
2       2.099709
3      -0.775502
4       0.570920
          ...   
4556    0.406625
4557   -0.716030
4558    3.133005
4559   -1.456320
4560   -1.438735
Name: obs-prior, Length: 4561, dtype: float64
0       2.102916
1       2.229300
2       2.099709
3      -0.775502
4       0.570920
          ...   
4556    0.406625
4557   -0.716030
4558    3.133005
4559   -1.456320
4560   -1.438735
Name: obs-prior, Length: 4561, dtype: float64
0       2.102916
1       2.229300
2       2.099709
3      -0.775502
4       0.570920
          ...   
4556    0.406625
4557   -0.716030
4558    3.133005
4559   -1.456320
4560   -1.438735
Name: obs-prior, Length: 4561, dtype: float64
0       2.102916
1       2.229300
2       2.099709
3      -0.775502
4       0.570920
          ...   
4556    0.406625
4557   -0.716030
4558    3.133005
4559   -1.456320
4560   -1.438735
Name: obs-prior, Length: 4561, dtype: float64
0       2.102916
1       2.229300
2       2.099709
3      -0.775502
4       0.570920
          ...   
4556    0.406625
4557   -0.716030
4558    3.133005
4559   -1.456320
4560   -1.438735
Name: obs-prior, Length: 4561, dtype: float64
0       2.102916
1       2.229300
2       2.099709
3      -0.775502
4       0.570920
          ...   
4556    0.406625
4557   -0.716030
4558    3.133005
4559   -1.456320
4560   -1.438735
Name: obs-prior, Length: 4561, dtype: float64
0       2.102916
1       2.229300
2       2.099709
3      -0.775502
4       0.570920
          ...   
4556    0.406625
4557   -0.716030
4558    3.133005
4559   -1.456320
4560   -1.438735
Name: obs-prior, Length: 4561, dtype: float64
0       2.102916
1       2.229300
2       2.099709
3      -0.775502
4       0.570920
          ...   
4556    0.406625
4557   -0.716030
4558    3.133005
4559   -1.456320
4560   -1.438735
Name: obs-prior, Length: 4561, dtype: float64
0       2.102916
1       2.229300
2       2.099709
3      -0.775502
4       0.570920
          ...   
4556    0.406625
4557   -0.716030
4558    3.133005
4559   -1.456320
4560   -1.438735
Name: obs-prior, Length: 4561, dtype: float64
0       2.102916
1       2.229300
2       2.099709
3      -0.775502
4       0.570920
          ...   
4556    0.406625
4557   -0.716030
4558    3.133005
4559   -1.456320
4560   -1.438735
Name: obs-prior, Length: 4561, dtype: float64
0       2.102916
1       2.229300
2       2.099709
3      -0.775502
4       0.570920
          ...   
4556    0.406625
4557   -0.716030
4558    3.133005
4559   -1.456320
4560   -1.438735
Name: obs-prior, Length: 4561, dtype: float64
0       2.102916
1       2.229300
2       2.099709
3      -0.775502
4       0.570920
          ...   
4556    0.406625
4557   -0.716030
4558    3.133005
4559   -1.456320
4560   -1.438735
Name: obs-prior, Length: 4561, dtype: float64
 region:  NH
0       2.229300
1      -0.775502
2       0.570920
3       1.917689
4       3.098764
          ...   
2684    0.406625
2685   -0.716030
2686    3.133005
2687   -1.456320
2688   -1.438735
Name: obs-prior, Length: 2689, dtype: float64
0       2.229300
1      -0.775502
2       0.570920
3       1.917689
4       3.098764
          ...   
2684    0.406625
2685   -0.716030
2686    3.133005
2687   -1.456320
2688   -1.438735
Name: obs-prior, Length: 2689, dtype: float64
0       2.229300
1      -0.775502
2       0.570920
3       1.917689
4       3.098764
          ...   
2684    0.406625
2685   -0.716030
2686    3.133005
2687   -1.456320
2688   -1.438735
Name: obs-prior, Length: 2689, dtype: float64
0       2.229300
1      -0.775502
2       0.570920
3       1.917689
4       3.098764
          ...   
2684    0.406625
2685   -0.716030
2686    3.133005
2687   -1.456320
2688   -1.438735
Name: obs-prior, Length: 2689, dtype: float64
0       2.229300
1      -0.775502
2       0.570920
3       1.917689
4       3.098764
          ...   
2684    0.406625
2685   -0.716030
2686    3.133005
2687   -1.456320
2688   -1.438735
Name: obs-prior, Length: 2689, dtype: float64
0       2.229300
1      -0.775502
2       0.570920
3       1.917689
4       3.098764
          ...   
2684    0.406625
2685   -0.716030
2686    3.133005
2687   -1.456320
2688   -1.438735
Name: obs-prior, Length: 2689, dtype: float64
0       2.229300
1      -0.775502
2       0.570920
3       1.917689
4       3.098764
          ...   
2684    0.406625
2685   -0.716030
2686    3.133005
2687   -1.456320
2688   -1.438735
Name: obs-prior, Length: 2689, dtype: float64
0       2.229300
1      -0.775502
2       0.570920
3       1.917689
4       3.098764
          ...   
2684    0.406625
2685   -0.716030
2686    3.133005
2687   -1.456320
2688   -1.438735
Name: obs-prior, Length: 2689, dtype: float64
0       2.229300
1      -0.775502
2       0.570920
3       1.917689
4       3.098764
          ...   
2684    0.406625
2685   -0.716030
2686    3.133005
2687   -1.456320
2688   -1.438735
Name: obs-prior, Length: 2689, dtype: float64
0       2.229300
1      -0.775502
2       0.570920
3       1.917689
4       3.098764
          ...   
2684    0.406625
2685   -0.716030
2686    3.133005
2687   -1.456320
2688   -1.438735
Name: obs-prior, Length: 2689, dtype: float64
0       2.229300
1      -0.775502
2       0.570920
3       1.917689
4       3.098764
          ...   
2684    0.406625
2685   -0.716030
2686    3.133005
2687   -1.456320
2688   -1.438735
Name: obs-prior, Length: 2689, dtype: float64
0       2.229300
1      -0.775502
2       0.570920
3       1.917689
4       3.098764
          ...   
2684    0.406625
2685   -0.716030
2686    3.133005
2687   -1.456320
2688   -1.438735
Name: obs-prior, Length: 2689, dtype: float64
0       2.229300
1      -0.775502
2       0.570920
3       1.917689
4       3.098764
          ...   
2684    0.406625
2685   -0.716030
2686    3.133005
2687   -1.456320
2688   -1.438735
Name: obs-prior, Length: 2689, dtype: float64
0       2.229300
1      -0.775502
2       0.570920
3       1.917689
4       3.098764
          ...   
2684    0.406625
2685   -0.716030
2686    3.133005
2687   -1.456320
2688   -1.438735
Name: obs-prior, Length: 2689, dtype: float64
0       2.229300
1      -0.775502
2       0.570920
3       1.917689
4       3.098764
          ...   
2684    0.406625
2685   -0.716030
2686    3.133005
2687   -1.456320
2688   -1.438735
Name: obs-prior, Length: 2689, dtype: float64
0       2.229300
1      -0.775502
2       0.570920
3       1.917689
4       3.098764
          ...   
2684    0.406625
2685   -0.716030
2686    3.133005
2687   -1.456320
2688   -1.438735
Name: obs-prior, Length: 2689, dtype: float64
0       2.229300
1      -0.775502
2       0.570920
3       1.917689
4       3.098764
          ...   
2684    0.406625
2685   -0.716030
2686    3.133005
2687   -1.456320
2688   -1.438735
Name: obs-prior, Length: 2689, dtype: float64
0       2.229300
1      -0.775502
2       0.570920
3       1.917689
4       3.098764
          ...   
2684    0.406625
2685   -0.716030
2686    3.133005
2687   -1.456320
2688   -1.438735
Name: obs-prior, Length: 2689, dtype: float64
 region:  SH
0     -3.966521
1     -1.054004
2      1.337264
3     -0.966360
4      1.145138
         ...   
748   -4.941222
749    0.776706
750   -4.385741
751    2.515773
752    1.466185
Name: obs-prior, Length: 753, dtype: float64
0     -3.966521
1     -1.054004
2      1.337264
3     -0.966360
4      1.145138
         ...   
748   -4.941222
749    0.776706
750   -4.385741
751    2.515773
752    1.466185
Name: obs-prior, Length: 753, dtype: float64
0     -3.966521
1     -1.054004
2      1.337264
3     -0.966360
4      1.145138
         ...   
748   -4.941222
749    0.776706
750   -4.385741
751    2.515773
752    1.466185
Name: obs-prior, Length: 753, dtype: float64
0     -3.966521
1     -1.054004
2      1.337264
3     -0.966360
4      1.145138
         ...   
748   -4.941222
749    0.776706
750   -4.385741
751    2.515773
752    1.466185
Name: obs-prior, Length: 753, dtype: float64
0     -3.966521
1     -1.054004
2      1.337264
3     -0.966360
4      1.145138
         ...   
748   -4.941222
749    0.776706
750   -4.385741
751    2.515773
752    1.466185
Name: obs-prior, Length: 753, dtype: float64
0     -3.966521
1     -1.054004
2      1.337264
3     -0.966360
4      1.145138
         ...   
748   -4.941222
749    0.776706
750   -4.385741
751    2.515773
752    1.466185
Name: obs-prior, Length: 753, dtype: float64
0     -3.966521
1     -1.054004
2      1.337264
3     -0.966360
4      1.145138
         ...   
748   -4.941222
749    0.776706
750   -4.385741
751    2.515773
752    1.466185
Name: obs-prior, Length: 753, dtype: float64
0     -3.966521
1     -1.054004
2      1.337264
3     -0.966360
4      1.145138
         ...   
748   -4.941222
749    0.776706
750   -4.385741
751    2.515773
752    1.466185
Name: obs-prior, Length: 753, dtype: float64
0     -3.966521
1     -1.054004
2      1.337264
3     -0.966360
4      1.145138
         ...   
748   -4.941222
749    0.776706
750   -4.385741
751    2.515773
752    1.466185
Name: obs-prior, Length: 753, dtype: float64
0     -3.966521
1     -1.054004
2      1.337264
3     -0.966360
4      1.145138
         ...   
748   -4.941222
749    0.776706
750   -4.385741
751    2.515773
752    1.466185
Name: obs-prior, Length: 753, dtype: float64
0     -3.966521
1     -1.054004
2      1.337264
3     -0.966360
4      1.145138
         ...   
748   -4.941222
749    0.776706
750   -4.385741
751    2.515773
752    1.466185
Name: obs-prior, Length: 753, dtype: float64
0     -3.966521
1     -1.054004
2      1.337264
3     -0.966360
4      1.145138
         ...   
748   -4.941222
749    0.776706
750   -4.385741
751    2.515773
752    1.466185
Name: obs-prior, Length: 753, dtype: float64
0     -3.966521
1     -1.054004
2      1.337264
3     -0.966360
4      1.145138
         ...   
748   -4.941222
749    0.776706
750   -4.385741
751    2.515773
752    1.466185
Name: obs-prior, Length: 753, dtype: float64
0     -3.966521
1     -1.054004
2      1.337264
3     -0.966360
4      1.145138
         ...   
748   -4.941222
749    0.776706
750   -4.385741
751    2.515773
752    1.466185
Name: obs-prior, Length: 753, dtype: float64
0     -3.966521
1     -1.054004
2      1.337264
3     -0.966360
4      1.145138
         ...   
748   -4.941222
749    0.776706
750   -4.385741
751    2.515773
752    1.466185
Name: obs-prior, Length: 753, dtype: float64
0     -3.966521
1     -1.054004
2      1.337264
3     -0.966360
4      1.145138
         ...   
748   -4.941222
749    0.776706
750   -4.385741
751    2.515773
752    1.466185
Name: obs-prior, Length: 753, dtype: float64
0     -3.966521
1     -1.054004
2      1.337264
3     -0.966360
4      1.145138
         ...   
748   -4.941222
749    0.776706
750   -4.385741
751    2.515773
752    1.466185
Name: obs-prior, Length: 753, dtype: float64
 region:  TR
0       2.102916
1       2.099709
2       2.145515
3       0.579959
4      -1.421179
          ...   
1114   -1.572039
1115    2.580875
1116   -3.696323
1117   -4.837481
1118   -5.220475
Name: obs-prior, Length: 1119, dtype: float64
0       2.102916
1       2.099709
2       2.145515
3       0.579959
4      -1.421179
          ...   
1114   -1.572039
1115    2.580875
1116   -3.696323
1117   -4.837481
1118   -5.220475
Name: obs-prior, Length: 1119, dtype: float64
0       2.102916
1       2.099709
2       2.145515
3       0.579959
4      -1.421179
          ...   
1114   -1.572039
1115    2.580875
1116   -3.696323
1117   -4.837481
1118   -5.220475
Name: obs-prior, Length: 1119, dtype: float64
0       2.102916
1       2.099709
2       2.145515
3       0.579959
4      -1.421179
          ...   
1114   -1.572039
1115    2.580875
1116   -3.696323
1117   -4.837481
1118   -5.220475
Name: obs-prior, Length: 1119, dtype: float64
0       2.102916
1       2.099709
2       2.145515
3       0.579959
4      -1.421179
          ...   
1114   -1.572039
1115    2.580875
1116   -3.696323
1117   -4.837481
1118   -5.220475
Name: obs-prior, Length: 1119, dtype: float64
0       2.102916
1       2.099709
2       2.145515
3       0.579959
4      -1.421179
          ...   
1114   -1.572039
1115    2.580875
1116   -3.696323
1117   -4.837481
1118   -5.220475
Name: obs-prior, Length: 1119, dtype: float64
0       2.102916
1       2.099709
2       2.145515
3       0.579959
4      -1.421179
          ...   
1114   -1.572039
1115    2.580875
1116   -3.696323
1117   -4.837481
1118   -5.220475
Name: obs-prior, Length: 1119, dtype: float64
0       2.102916
1       2.099709
2       2.145515
3       0.579959
4      -1.421179
          ...   
1114   -1.572039
1115    2.580875
1116   -3.696323
1117   -4.837481
1118   -5.220475
Name: obs-prior, Length: 1119, dtype: float64
0       2.102916
1       2.099709
2       2.145515
3       0.579959
4      -1.421179
          ...   
1114   -1.572039
1115    2.580875
1116   -3.696323
1117   -4.837481
1118   -5.220475
Name: obs-prior, Length: 1119, dtype: float64
0       2.102916
1       2.099709
2       2.145515
3       0.579959
4      -1.421179
          ...   
1114   -1.572039
1115    2.580875
1116   -3.696323
1117   -4.837481
1118   -5.220475
Name: obs-prior, Length: 1119, dtype: float64
0       2.102916
1       2.099709
2       2.145515
3       0.579959
4      -1.421179
          ...   
1114   -1.572039
1115    2.580875
1116   -3.696323
1117   -4.837481
1118   -5.220475
Name: obs-prior, Length: 1119, dtype: float64
0       2.102916
1       2.099709
2       2.145515
3       0.579959
4      -1.421179
          ...   
1114   -1.572039
1115    2.580875
1116   -3.696323
1117   -4.837481
1118   -5.220475
Name: obs-prior, Length: 1119, dtype: float64
0       2.102916
1       2.099709
2       2.145515
3       0.579959
4      -1.421179
          ...   
1114   -1.572039
1115    2.580875
1116   -3.696323
1117   -4.837481
1118   -5.220475
Name: obs-prior, Length: 1119, dtype: float64
0       2.102916
1       2.099709
2       2.145515
3       0.579959
4      -1.421179
          ...   
1114   -1.572039
1115    2.580875
1116   -3.696323
1117   -4.837481
1118   -5.220475
Name: obs-prior, Length: 1119, dtype: float64
0       2.102916
1       2.099709
2       2.145515
3       0.579959
4      -1.421179
          ...   
1114   -1.572039
1115    2.580875
1116   -3.696323
1117   -4.837481
1118   -5.220475
Name: obs-prior, Length: 1119, dtype: float64
0       2.102916
1       2.099709
2       2.145515
3       0.579959
4      -1.421179
          ...   
1114   -1.572039
1115    2.580875
1116   -3.696323
1117   -4.837481
1118   -5.220475
Name: obs-prior, Length: 1119, dtype: float64
0       2.102916
1       2.099709
2       2.145515
3       0.579959
4      -1.421179
          ...   
1114   -1.572039
1115    2.580875
1116   -3.696323
1117   -4.837481
1118   -5.220475
Name: obs-prior, Length: 1119, dtype: float64

 processing obs:  AIRCRAFT_TEMPERATURE
 region:  Global
0       1.158464
1       1.135779
2       0.422783
3       0.728772
4       0.362000
          ...   
4408    0.431711
4409   -0.504595
4410   -1.331413
4411    1.216702
4412    0.236753
Name: obs-prior, Length: 4413, dtype: float64
0       1.158464
1       1.135779
2       0.422783
3       0.728772
4       0.362000
          ...   
4408    0.431711
4409   -0.504595
4410   -1.331413
4411    1.216702
4412    0.236753
Name: obs-prior, Length: 4413, dtype: float64
0       1.158464
1       1.135779
2       0.422783
3       0.728772
4       0.362000
          ...   
4408    0.431711
4409   -0.504595
4410   -1.331413
4411    1.216702
4412    0.236753
Name: obs-prior, Length: 4413, dtype: float64
0       1.158464
1       1.135779
2       0.422783
3       0.728772
4       0.362000
          ...   
4408    0.431711
4409   -0.504595
4410   -1.331413
4411    1.216702
4412    0.236753
Name: obs-prior, Length: 4413, dtype: float64
0       1.158464
1       1.135779
2       0.422783
3       0.728772
4       0.362000
          ...   
4408    0.431711
4409   -0.504595
4410   -1.331413
4411    1.216702
4412    0.236753
Name: obs-prior, Length: 4413, dtype: float64
0       1.158464
1       1.135779
2       0.422783
3       0.728772
4       0.362000
          ...   
4408    0.431711
4409   -0.504595
4410   -1.331413
4411    1.216702
4412    0.236753
Name: obs-prior, Length: 4413, dtype: float64
0       1.158464
1       1.135779
2       0.422783
3       0.728772
4       0.362000
          ...   
4408    0.431711
4409   -0.504595
4410   -1.331413
4411    1.216702
4412    0.236753
Name: obs-prior, Length: 4413, dtype: float64
0       1.158464
1       1.135779
2       0.422783
3       0.728772
4       0.362000
          ...   
4408    0.431711
4409   -0.504595
4410   -1.331413
4411    1.216702
4412    0.236753
Name: obs-prior, Length: 4413, dtype: float64
0       1.158464
1       1.135779
2       0.422783
3       0.728772
4       0.362000
          ...   
4408    0.431711
4409   -0.504595
4410   -1.331413
4411    1.216702
4412    0.236753
Name: obs-prior, Length: 4413, dtype: float64
0       1.158464
1       1.135779
2       0.422783
3       0.728772
4       0.362000
          ...   
4408    0.431711
4409   -0.504595
4410   -1.331413
4411    1.216702
4412    0.236753
Name: obs-prior, Length: 4413, dtype: float64
0       1.158464
1       1.135779
2       0.422783
3       0.728772
4       0.362000
          ...   
4408    0.431711
4409   -0.504595
4410   -1.331413
4411    1.216702
4412    0.236753
Name: obs-prior, Length: 4413, dtype: float64
0       1.158464
1       1.135779
2       0.422783
3       0.728772
4       0.362000
          ...   
4408    0.431711
4409   -0.504595
4410   -1.331413
4411    1.216702
4412    0.236753
Name: obs-prior, Length: 4413, dtype: float64
0       1.158464
1       1.135779
2       0.422783
3       0.728772
4       0.362000
          ...   
4408    0.431711
4409   -0.504595
4410   -1.331413
4411    1.216702
4412    0.236753
Name: obs-prior, Length: 4413, dtype: float64
0       1.158464
1       1.135779
2       0.422783
3       0.728772
4       0.362000
          ...   
4408    0.431711
4409   -0.504595
4410   -1.331413
4411    1.216702
4412    0.236753
Name: obs-prior, Length: 4413, dtype: float64
0       1.158464
1       1.135779
2       0.422783
3       0.728772
4       0.362000
          ...   
4408    0.431711
4409   -0.504595
4410   -1.331413
4411    1.216702
4412    0.236753
Name: obs-prior, Length: 4413, dtype: float64
0       1.158464
1       1.135779
2       0.422783
3       0.728772
4       0.362000
          ...   
4408    0.431711
4409   -0.504595
4410   -1.331413
4411    1.216702
4412    0.236753
Name: obs-prior, Length: 4413, dtype: float64
0       1.158464
1       1.135779
2       0.422783
3       0.728772
4       0.362000
          ...   
4408    0.431711
4409   -0.504595
4410   -1.331413
4411    1.216702
4412    0.236753
Name: obs-prior, Length: 4413, dtype: float64
0       1.158464
1       1.135779
2       0.422783
3       0.728772
4       0.362000
          ...   
4408    0.431711
4409   -0.504595
4410   -1.331413
4411    1.216702
4412    0.236753
Name: obs-prior, Length: 4413, dtype: float64
 region:  NH
0       0.422783
1       0.362000
2       0.972128
3       0.581266
4       0.745387
          ...   
2667    0.431711
2668   -0.504595
2669   -1.331413
2670    1.216702
2671    0.236753
Name: obs-prior, Length: 2672, dtype: float64
0       0.422783
1       0.362000
2       0.972128
3       0.581266
4       0.745387
          ...   
2667    0.431711
2668   -0.504595
2669   -1.331413
2670    1.216702
2671    0.236753
Name: obs-prior, Length: 2672, dtype: float64
0       0.422783
1       0.362000
2       0.972128
3       0.581266
4       0.745387
          ...   
2667    0.431711
2668   -0.504595
2669   -1.331413
2670    1.216702
2671    0.236753
Name: obs-prior, Length: 2672, dtype: float64
0       0.422783
1       0.362000
2       0.972128
3       0.581266
4       0.745387
          ...   
2667    0.431711
2668   -0.504595
2669   -1.331413
2670    1.216702
2671    0.236753
Name: obs-prior, Length: 2672, dtype: float64
0       0.422783
1       0.362000
2       0.972128
3       0.581266
4       0.745387
          ...   
2667    0.431711
2668   -0.504595
2669   -1.331413
2670    1.216702
2671    0.236753
Name: obs-prior, Length: 2672, dtype: float64
0       0.422783
1       0.362000
2       0.972128
3       0.581266
4       0.745387
          ...   
2667    0.431711
2668   -0.504595
2669   -1.331413
2670    1.216702
2671    0.236753
Name: obs-prior, Length: 2672, dtype: float64
0       0.422783
1       0.362000
2       0.972128
3       0.581266
4       0.745387
          ...   
2667    0.431711
2668   -0.504595
2669   -1.331413
2670    1.216702
2671    0.236753
Name: obs-prior, Length: 2672, dtype: float64
0       0.422783
1       0.362000
2       0.972128
3       0.581266
4       0.745387
          ...   
2667    0.431711
2668   -0.504595
2669   -1.331413
2670    1.216702
2671    0.236753
Name: obs-prior, Length: 2672, dtype: float64
0       0.422783
1       0.362000
2       0.972128
3       0.581266
4       0.745387
          ...   
2667    0.431711
2668   -0.504595
2669   -1.331413
2670    1.216702
2671    0.236753
Name: obs-prior, Length: 2672, dtype: float64
0       0.422783
1       0.362000
2       0.972128
3       0.581266
4       0.745387
          ...   
2667    0.431711
2668   -0.504595
2669   -1.331413
2670    1.216702
2671    0.236753
Name: obs-prior, Length: 2672, dtype: float64
0       0.422783
1       0.362000
2       0.972128
3       0.581266
4       0.745387
          ...   
2667    0.431711
2668   -0.504595
2669   -1.331413
2670    1.216702
2671    0.236753
Name: obs-prior, Length: 2672, dtype: float64
0       0.422783
1       0.362000
2       0.972128
3       0.581266
4       0.745387
          ...   
2667    0.431711
2668   -0.504595
2669   -1.331413
2670    1.216702
2671    0.236753
Name: obs-prior, Length: 2672, dtype: float64
0       0.422783
1       0.362000
2       0.972128
3       0.581266
4       0.745387
          ...   
2667    0.431711
2668   -0.504595
2669   -1.331413
2670    1.216702
2671    0.236753
Name: obs-prior, Length: 2672, dtype: float64
0       0.422783
1       0.362000
2       0.972128
3       0.581266
4       0.745387
          ...   
2667    0.431711
2668   -0.504595
2669   -1.331413
2670    1.216702
2671    0.236753
Name: obs-prior, Length: 2672, dtype: float64
0       0.422783
1       0.362000
2       0.972128
3       0.581266
4       0.745387
          ...   
2667    0.431711
2668   -0.504595
2669   -1.331413
2670    1.216702
2671    0.236753
Name: obs-prior, Length: 2672, dtype: float64
0       0.422783
1       0.362000
2       0.972128
3       0.581266
4       0.745387
          ...   
2667    0.431711
2668   -0.504595
2669   -1.331413
2670    1.216702
2671    0.236753
Name: obs-prior, Length: 2672, dtype: float64
0       0.422783
1       0.362000
2       0.972128
3       0.581266
4       0.745387
          ...   
2667    0.431711
2668   -0.504595
2669   -1.331413
2670    1.216702
2671    0.236753
Name: obs-prior, Length: 2672, dtype: float64
0       0.422783
1       0.362000
2       0.972128
3       0.581266
4       0.745387
          ...   
2667    0.431711
2668   -0.504595
2669   -1.331413
2670    1.216702
2671    0.236753
Name: obs-prior, Length: 2672, dtype: float64
 region:  SH
0      0.311153
1      0.285991
2     -0.772451
3     -0.579075
4      0.341132
         ...   
611    0.687852
612   -0.212238
613   -1.310836
614    0.094175
615   -1.115175
Name: obs-prior, Length: 616, dtype: float64
0      0.311153
1      0.285991
2     -0.772451
3     -0.579075
4      0.341132
         ...   
611    0.687852
612   -0.212238
613   -1.310836
614    0.094175
615   -1.115175
Name: obs-prior, Length: 616, dtype: float64
0      0.311153
1      0.285991
2     -0.772451
3     -0.579075
4      0.341132
         ...   
611    0.687852
612   -0.212238
613   -1.310836
614    0.094175
615   -1.115175
Name: obs-prior, Length: 616, dtype: float64
0      0.311153
1      0.285991
2     -0.772451
3     -0.579075
4      0.341132
         ...   
611    0.687852
612   -0.212238
613   -1.310836
614    0.094175
615   -1.115175
Name: obs-prior, Length: 616, dtype: float64
0      0.311153
1      0.285991
2     -0.772451
3     -0.579075
4      0.341132
         ...   
611    0.687852
612   -0.212238
613   -1.310836
614    0.094175
615   -1.115175
Name: obs-prior, Length: 616, dtype: float64
0      0.311153
1      0.285991
2     -0.772451
3     -0.579075
4      0.341132
         ...   
611    0.687852
612   -0.212238
613   -1.310836
614    0.094175
615   -1.115175
Name: obs-prior, Length: 616, dtype: float64
0      0.311153
1      0.285991
2     -0.772451
3     -0.579075
4      0.341132
         ...   
611    0.687852
612   -0.212238
613   -1.310836
614    0.094175
615   -1.115175
Name: obs-prior, Length: 616, dtype: float64
0      0.311153
1      0.285991
2     -0.772451
3     -0.579075
4      0.341132
         ...   
611    0.687852
612   -0.212238
613   -1.310836
614    0.094175
615   -1.115175
Name: obs-prior, Length: 616, dtype: float64
0      0.311153
1      0.285991
2     -0.772451
3     -0.579075
4      0.341132
         ...   
611    0.687852
612   -0.212238
613   -1.310836
614    0.094175
615   -1.115175
Name: obs-prior, Length: 616, dtype: float64
0      0.311153
1      0.285991
2     -0.772451
3     -0.579075
4      0.341132
         ...   
611    0.687852
612   -0.212238
613   -1.310836
614    0.094175
615   -1.115175
Name: obs-prior, Length: 616, dtype: float64
0      0.311153
1      0.285991
2     -0.772451
3     -0.579075
4      0.341132
         ...   
611    0.687852
612   -0.212238
613   -1.310836
614    0.094175
615   -1.115175
Name: obs-prior, Length: 616, dtype: float64
0      0.311153
1      0.285991
2     -0.772451
3     -0.579075
4      0.341132
         ...   
611    0.687852
612   -0.212238
613   -1.310836
614    0.094175
615   -1.115175
Name: obs-prior, Length: 616, dtype: float64
0      0.311153
1      0.285991
2     -0.772451
3     -0.579075
4      0.341132
         ...   
611    0.687852
612   -0.212238
613   -1.310836
614    0.094175
615   -1.115175
Name: obs-prior, Length: 616, dtype: float64
0      0.311153
1      0.285991
2     -0.772451
3     -0.579075
4      0.341132
         ...   
611    0.687852
612   -0.212238
613   -1.310836
614    0.094175
615   -1.115175
Name: obs-prior, Length: 616, dtype: float64
0      0.311153
1      0.285991
2     -0.772451
3     -0.579075
4      0.341132
         ...   
611    0.687852
612   -0.212238
613   -1.310836
614    0.094175
615   -1.115175
Name: obs-prior, Length: 616, dtype: float64
0      0.311153
1      0.285991
2     -0.772451
3     -0.579075
4      0.341132
         ...   
611    0.687852
612   -0.212238
613   -1.310836
614    0.094175
615   -1.115175
Name: obs-prior, Length: 616, dtype: float64
0      0.311153
1      0.285991
2     -0.772451
3     -0.579075
4      0.341132
         ...   
611    0.687852
612   -0.212238
613   -1.310836
614    0.094175
615   -1.115175
Name: obs-prior, Length: 616, dtype: float64
 region:  TR
0       1.158464
1       1.135779
2       0.728772
3       1.322275
4      -0.068180
          ...   
1120    1.060118
1121    0.238215
1122   -0.152181
1123    0.633601
1124    0.304267
Name: obs-prior, Length: 1125, dtype: float64
0       1.158464
1       1.135779
2       0.728772
3       1.322275
4      -0.068180
          ...   
1120    1.060118
1121    0.238215
1122   -0.152181
1123    0.633601
1124    0.304267
Name: obs-prior, Length: 1125, dtype: float64
0       1.158464
1       1.135779
2       0.728772
3       1.322275
4      -0.068180
          ...   
1120    1.060118
1121    0.238215
1122   -0.152181
1123    0.633601
1124    0.304267
Name: obs-prior, Length: 1125, dtype: float64
0       1.158464
1       1.135779
2       0.728772
3       1.322275
4      -0.068180
          ...   
1120    1.060118
1121    0.238215
1122   -0.152181
1123    0.633601
1124    0.304267
Name: obs-prior, Length: 1125, dtype: float64
0       1.158464
1       1.135779
2       0.728772
3       1.322275
4      -0.068180
          ...   
1120    1.060118
1121    0.238215
1122   -0.152181
1123    0.633601
1124    0.304267
Name: obs-prior, Length: 1125, dtype: float64
0       1.158464
1       1.135779
2       0.728772
3       1.322275
4      -0.068180
          ...   
1120    1.060118
1121    0.238215
1122   -0.152181
1123    0.633601
1124    0.304267
Name: obs-prior, Length: 1125, dtype: float64
0       1.158464
1       1.135779
2       0.728772
3       1.322275
4      -0.068180
          ...   
1120    1.060118
1121    0.238215
1122   -0.152181
1123    0.633601
1124    0.304267
Name: obs-prior, Length: 1125, dtype: float64
0       1.158464
1       1.135779
2       0.728772
3       1.322275
4      -0.068180
          ...   
1120    1.060118
1121    0.238215
1122   -0.152181
1123    0.633601
1124    0.304267
Name: obs-prior, Length: 1125, dtype: float64
0       1.158464
1       1.135779
2       0.728772
3       1.322275
4      -0.068180
          ...   
1120    1.060118
1121    0.238215
1122   -0.152181
1123    0.633601
1124    0.304267
Name: obs-prior, Length: 1125, dtype: float64
0       1.158464
1       1.135779
2       0.728772
3       1.322275
4      -0.068180
          ...   
1120    1.060118
1121    0.238215
1122   -0.152181
1123    0.633601
1124    0.304267
Name: obs-prior, Length: 1125, dtype: float64
0       1.158464
1       1.135779
2       0.728772
3       1.322275
4      -0.068180
          ...   
1120    1.060118
1121    0.238215
1122   -0.152181
1123    0.633601
1124    0.304267
Name: obs-prior, Length: 1125, dtype: float64
0       1.158464
1       1.135779
2       0.728772
3       1.322275
4      -0.068180
          ...   
1120    1.060118
1121    0.238215
1122   -0.152181
1123    0.633601
1124    0.304267
Name: obs-prior, Length: 1125, dtype: float64
0       1.158464
1       1.135779
2       0.728772
3       1.322275
4      -0.068180
          ...   
1120    1.060118
1121    0.238215
1122   -0.152181
1123    0.633601
1124    0.304267
Name: obs-prior, Length: 1125, dtype: float64
0       1.158464
1       1.135779
2       0.728772
3       1.322275
4      -0.068180
          ...   
1120    1.060118
1121    0.238215
1122   -0.152181
1123    0.633601
1124    0.304267
Name: obs-prior, Length: 1125, dtype: float64
0       1.158464
1       1.135779
2       0.728772
3       1.322275
4      -0.068180
          ...   
1120    1.060118
1121    0.238215
1122   -0.152181
1123    0.633601
1124    0.304267
Name: obs-prior, Length: 1125, dtype: float64
0       1.158464
1       1.135779
2       0.728772
3       1.322275
4      -0.068180
          ...   
1120    1.060118
1121    0.238215
1122   -0.152181
1123    0.633601
1124    0.304267
Name: obs-prior, Length: 1125, dtype: float64
0       1.158464
1       1.135779
2       0.728772
3       1.322275
4      -0.068180
          ...   
1120    1.060118
1121    0.238215
1122   -0.152181
1123    0.633601
1124    0.304267
Name: obs-prior, Length: 1125, dtype: float64

 processing obs:  ACARS_U_WIND_COMPONENT
 region:  Global
0        0.028348
1       -1.711806
2        1.082789
3        0.827767
4        1.924025
           ...   
11234    0.356986
11235   -3.559867
11236   -2.589826
11237    1.699524
11238   -1.472067
Name: obs-prior, Length: 11239, dtype: float64
0        0.028348
1       -1.711806
2        1.082789
3        0.827767
4        1.924025
           ...   
11234    0.356986
11235   -3.559867
11236   -2.589826
11237    1.699524
11238   -1.472067
Name: obs-prior, Length: 11239, dtype: float64
0        0.028348
1       -1.711806
2        1.082789
3        0.827767
4        1.924025
           ...   
11234    0.356986
11235   -3.559867
11236   -2.589826
11237    1.699524
11238   -1.472067
Name: obs-prior, Length: 11239, dtype: float64
0        0.028348
1       -1.711806
2        1.082789
3        0.827767
4        1.924025
           ...   
11234    0.356986
11235   -3.559867
11236   -2.589826
11237    1.699524
11238   -1.472067
Name: obs-prior, Length: 11239, dtype: float64
0        0.028348
1       -1.711806
2        1.082789
3        0.827767
4        1.924025
           ...   
11234    0.356986
11235   -3.559867
11236   -2.589826
11237    1.699524
11238   -1.472067
Name: obs-prior, Length: 11239, dtype: float64
0        0.028348
1       -1.711806
2        1.082789
3        0.827767
4        1.924025
           ...   
11234    0.356986
11235   -3.559867
11236   -2.589826
11237    1.699524
11238   -1.472067
Name: obs-prior, Length: 11239, dtype: float64
0        0.028348
1       -1.711806
2        1.082789
3        0.827767
4        1.924025
           ...   
11234    0.356986
11235   -3.559867
11236   -2.589826
11237    1.699524
11238   -1.472067
Name: obs-prior, Length: 11239, dtype: float64
0        0.028348
1       -1.711806
2        1.082789
3        0.827767
4        1.924025
           ...   
11234    0.356986
11235   -3.559867
11236   -2.589826
11237    1.699524
11238   -1.472067
Name: obs-prior, Length: 11239, dtype: float64
0        0.028348
1       -1.711806
2        1.082789
3        0.827767
4        1.924025
           ...   
11234    0.356986
11235   -3.559867
11236   -2.589826
11237    1.699524
11238   -1.472067
Name: obs-prior, Length: 11239, dtype: float64
0        0.028348
1       -1.711806
2        1.082789
3        0.827767
4        1.924025
           ...   
11234    0.356986
11235   -3.559867
11236   -2.589826
11237    1.699524
11238   -1.472067
Name: obs-prior, Length: 11239, dtype: float64
0        0.028348
1       -1.711806
2        1.082789
3        0.827767
4        1.924025
           ...   
11234    0.356986
11235   -3.559867
11236   -2.589826
11237    1.699524
11238   -1.472067
Name: obs-prior, Length: 11239, dtype: float64
0        0.028348
1       -1.711806
2        1.082789
3        0.827767
4        1.924025
           ...   
11234    0.356986
11235   -3.559867
11236   -2.589826
11237    1.699524
11238   -1.472067
Name: obs-prior, Length: 11239, dtype: float64
0        0.028348
1       -1.711806
2        1.082789
3        0.827767
4        1.924025
           ...   
11234    0.356986
11235   -3.559867
11236   -2.589826
11237    1.699524
11238   -1.472067
Name: obs-prior, Length: 11239, dtype: float64
0        0.028348
1       -1.711806
2        1.082789
3        0.827767
4        1.924025
           ...   
11234    0.356986
11235   -3.559867
11236   -2.589826
11237    1.699524
11238   -1.472067
Name: obs-prior, Length: 11239, dtype: float64
0        0.028348
1       -1.711806
2        1.082789
3        0.827767
4        1.924025
           ...   
11234    0.356986
11235   -3.559867
11236   -2.589826
11237    1.699524
11238   -1.472067
Name: obs-prior, Length: 11239, dtype: float64
0        0.028348
1       -1.711806
2        1.082789
3        0.827767
4        1.924025
           ...   
11234    0.356986
11235   -3.559867
11236   -2.589826
11237    1.699524
11238   -1.472067
Name: obs-prior, Length: 11239, dtype: float64
0        0.028348
1       -1.711806
2        1.082789
3        0.827767
4        1.924025
           ...   
11234    0.356986
11235   -3.559867
11236   -2.589826
11237    1.699524
11238   -1.472067
Name: obs-prior, Length: 11239, dtype: float64
 region:  NH
0       0.028348
1      -1.711806
2       1.082789
3       0.827767
4       1.924025
          ...   
9180    1.428128
9181    0.356986
9182   -3.559867
9183   -2.589826
9184   -1.472067
Name: obs-prior, Length: 9185, dtype: float64
0       0.028348
1      -1.711806
2       1.082789
3       0.827767
4       1.924025
          ...   
9180    1.428128
9181    0.356986
9182   -3.559867
9183   -2.589826
9184   -1.472067
Name: obs-prior, Length: 9185, dtype: float64
0       0.028348
1      -1.711806
2       1.082789
3       0.827767
4       1.924025
          ...   
9180    1.428128
9181    0.356986
9182   -3.559867
9183   -2.589826
9184   -1.472067
Name: obs-prior, Length: 9185, dtype: float64
0       0.028348
1      -1.711806
2       1.082789
3       0.827767
4       1.924025
          ...   
9180    1.428128
9181    0.356986
9182   -3.559867
9183   -2.589826
9184   -1.472067
Name: obs-prior, Length: 9185, dtype: float64
0       0.028348
1      -1.711806
2       1.082789
3       0.827767
4       1.924025
          ...   
9180    1.428128
9181    0.356986
9182   -3.559867
9183   -2.589826
9184   -1.472067
Name: obs-prior, Length: 9185, dtype: float64
0       0.028348
1      -1.711806
2       1.082789
3       0.827767
4       1.924025
          ...   
9180    1.428128
9181    0.356986
9182   -3.559867
9183   -2.589826
9184   -1.472067
Name: obs-prior, Length: 9185, dtype: float64
0       0.028348
1      -1.711806
2       1.082789
3       0.827767
4       1.924025
          ...   
9180    1.428128
9181    0.356986
9182   -3.559867
9183   -2.589826
9184   -1.472067
Name: obs-prior, Length: 9185, dtype: float64
0       0.028348
1      -1.711806
2       1.082789
3       0.827767
4       1.924025
          ...   
9180    1.428128
9181    0.356986
9182   -3.559867
9183   -2.589826
9184   -1.472067
Name: obs-prior, Length: 9185, dtype: float64
0       0.028348
1      -1.711806
2       1.082789
3       0.827767
4       1.924025
          ...   
9180    1.428128
9181    0.356986
9182   -3.559867
9183   -2.589826
9184   -1.472067
Name: obs-prior, Length: 9185, dtype: float64
0       0.028348
1      -1.711806
2       1.082789
3       0.827767
4       1.924025
          ...   
9180    1.428128
9181    0.356986
9182   -3.559867
9183   -2.589826
9184   -1.472067
Name: obs-prior, Length: 9185, dtype: float64
0       0.028348
1      -1.711806
2       1.082789
3       0.827767
4       1.924025
          ...   
9180    1.428128
9181    0.356986
9182   -3.559867
9183   -2.589826
9184   -1.472067
Name: obs-prior, Length: 9185, dtype: float64
0       0.028348
1      -1.711806
2       1.082789
3       0.827767
4       1.924025
          ...   
9180    1.428128
9181    0.356986
9182   -3.559867
9183   -2.589826
9184   -1.472067
Name: obs-prior, Length: 9185, dtype: float64
0       0.028348
1      -1.711806
2       1.082789
3       0.827767
4       1.924025
          ...   
9180    1.428128
9181    0.356986
9182   -3.559867
9183   -2.589826
9184   -1.472067
Name: obs-prior, Length: 9185, dtype: float64
0       0.028348
1      -1.711806
2       1.082789
3       0.827767
4       1.924025
          ...   
9180    1.428128
9181    0.356986
9182   -3.559867
9183   -2.589826
9184   -1.472067
Name: obs-prior, Length: 9185, dtype: float64
0       0.028348
1      -1.711806
2       1.082789
3       0.827767
4       1.924025
          ...   
9180    1.428128
9181    0.356986
9182   -3.559867
9183   -2.589826
9184   -1.472067
Name: obs-prior, Length: 9185, dtype: float64
0       0.028348
1      -1.711806
2       1.082789
3       0.827767
4       1.924025
          ...   
9180    1.428128
9181    0.356986
9182   -3.559867
9183   -2.589826
9184   -1.472067
Name: obs-prior, Length: 9185, dtype: float64
0       0.028348
1      -1.711806
2       1.082789
3       0.827767
4       1.924025
          ...   
9180    1.428128
9181    0.356986
9182   -3.559867
9183   -2.589826
9184   -1.472067
Name: obs-prior, Length: 9185, dtype: float64
 region:  SH
0     -1.390695
1     -1.736028
2     -1.692592
3     -1.484002
4     -2.433928
         ...   
190    0.041611
191    1.114817
192   -1.594805
193   -2.427716
194    2.139014
Name: obs-prior, Length: 195, dtype: float64
0     -1.390695
1     -1.736028
2     -1.692592
3     -1.484002
4     -2.433928
         ...   
190    0.041611
191    1.114817
192   -1.594805
193   -2.427716
194    2.139014
Name: obs-prior, Length: 195, dtype: float64
0     -1.390695
1     -1.736028
2     -1.692592
3     -1.484002
4     -2.433928
         ...   
190    0.041611
191    1.114817
192   -1.594805
193   -2.427716
194    2.139014
Name: obs-prior, Length: 195, dtype: float64
0     -1.390695
1     -1.736028
2     -1.692592
3     -1.484002
4     -2.433928
         ...   
190    0.041611
191    1.114817
192   -1.594805
193   -2.427716
194    2.139014
Name: obs-prior, Length: 195, dtype: float64
0     -1.390695
1     -1.736028
2     -1.692592
3     -1.484002
4     -2.433928
         ...   
190    0.041611
191    1.114817
192   -1.594805
193   -2.427716
194    2.139014
Name: obs-prior, Length: 195, dtype: float64
0     -1.390695
1     -1.736028
2     -1.692592
3     -1.484002
4     -2.433928
         ...   
190    0.041611
191    1.114817
192   -1.594805
193   -2.427716
194    2.139014
Name: obs-prior, Length: 195, dtype: float64
0     -1.390695
1     -1.736028
2     -1.692592
3     -1.484002
4     -2.433928
         ...   
190    0.041611
191    1.114817
192   -1.594805
193   -2.427716
194    2.139014
Name: obs-prior, Length: 195, dtype: float64
0     -1.390695
1     -1.736028
2     -1.692592
3     -1.484002
4     -2.433928
         ...   
190    0.041611
191    1.114817
192   -1.594805
193   -2.427716
194    2.139014
Name: obs-prior, Length: 195, dtype: float64
0     -1.390695
1     -1.736028
2     -1.692592
3     -1.484002
4     -2.433928
         ...   
190    0.041611
191    1.114817
192   -1.594805
193   -2.427716
194    2.139014
Name: obs-prior, Length: 195, dtype: float64
0     -1.390695
1     -1.736028
2     -1.692592
3     -1.484002
4     -2.433928
         ...   
190    0.041611
191    1.114817
192   -1.594805
193   -2.427716
194    2.139014
Name: obs-prior, Length: 195, dtype: float64
0     -1.390695
1     -1.736028
2     -1.692592
3     -1.484002
4     -2.433928
         ...   
190    0.041611
191    1.114817
192   -1.594805
193   -2.427716
194    2.139014
Name: obs-prior, Length: 195, dtype: float64
0     -1.390695
1     -1.736028
2     -1.692592
3     -1.484002
4     -2.433928
         ...   
190    0.041611
191    1.114817
192   -1.594805
193   -2.427716
194    2.139014
Name: obs-prior, Length: 195, dtype: float64
0     -1.390695
1     -1.736028
2     -1.692592
3     -1.484002
4     -2.433928
         ...   
190    0.041611
191    1.114817
192   -1.594805
193   -2.427716
194    2.139014
Name: obs-prior, Length: 195, dtype: float64
0     -1.390695
1     -1.736028
2     -1.692592
3     -1.484002
4     -2.433928
         ...   
190    0.041611
191    1.114817
192   -1.594805
193   -2.427716
194    2.139014
Name: obs-prior, Length: 195, dtype: float64
0     -1.390695
1     -1.736028
2     -1.692592
3     -1.484002
4     -2.433928
         ...   
190    0.041611
191    1.114817
192   -1.594805
193   -2.427716
194    2.139014
Name: obs-prior, Length: 195, dtype: float64
0     -1.390695
1     -1.736028
2     -1.692592
3     -1.484002
4     -2.433928
         ...   
190    0.041611
191    1.114817
192   -1.594805
193   -2.427716
194    2.139014
Name: obs-prior, Length: 195, dtype: float64
0     -1.390695
1     -1.736028
2     -1.692592
3     -1.484002
4     -2.433928
         ...   
190    0.041611
191    1.114817
192   -1.594805
193   -2.427716
194    2.139014
Name: obs-prior, Length: 195, dtype: float64
 region:  TR
0       2.276327
1       1.601751
2      -2.300387
3       1.568583
4       0.400977
          ...   
1854    1.451259
1855   -1.162902
1856   -2.049744
1857   -1.390029
1858    1.699524
Name: obs-prior, Length: 1859, dtype: float64
0       2.276327
1       1.601751
2      -2.300387
3       1.568583
4       0.400977
          ...   
1854    1.451259
1855   -1.162902
1856   -2.049744
1857   -1.390029
1858    1.699524
Name: obs-prior, Length: 1859, dtype: float64
0       2.276327
1       1.601751
2      -2.300387
3       1.568583
4       0.400977
          ...   
1854    1.451259
1855   -1.162902
1856   -2.049744
1857   -1.390029
1858    1.699524
Name: obs-prior, Length: 1859, dtype: float64
0       2.276327
1       1.601751
2      -2.300387
3       1.568583
4       0.400977
          ...   
1854    1.451259
1855   -1.162902
1856   -2.049744
1857   -1.390029
1858    1.699524
Name: obs-prior, Length: 1859, dtype: float64
0       2.276327
1       1.601751
2      -2.300387
3       1.568583
4       0.400977
          ...   
1854    1.451259
1855   -1.162902
1856   -2.049744
1857   -1.390029
1858    1.699524
Name: obs-prior, Length: 1859, dtype: float64
0       2.276327
1       1.601751
2      -2.300387
3       1.568583
4       0.400977
          ...   
1854    1.451259
1855   -1.162902
1856   -2.049744
1857   -1.390029
1858    1.699524
Name: obs-prior, Length: 1859, dtype: float64
0       2.276327
1       1.601751
2      -2.300387
3       1.568583
4       0.400977
          ...   
1854    1.451259
1855   -1.162902
1856   -2.049744
1857   -1.390029
1858    1.699524
Name: obs-prior, Length: 1859, dtype: float64
0       2.276327
1       1.601751
2      -2.300387
3       1.568583
4       0.400977
          ...   
1854    1.451259
1855   -1.162902
1856   -2.049744
1857   -1.390029
1858    1.699524
Name: obs-prior, Length: 1859, dtype: float64
0       2.276327
1       1.601751
2      -2.300387
3       1.568583
4       0.400977
          ...   
1854    1.451259
1855   -1.162902
1856   -2.049744
1857   -1.390029
1858    1.699524
Name: obs-prior, Length: 1859, dtype: float64
0       2.276327
1       1.601751
2      -2.300387
3       1.568583
4       0.400977
          ...   
1854    1.451259
1855   -1.162902
1856   -2.049744
1857   -1.390029
1858    1.699524
Name: obs-prior, Length: 1859, dtype: float64
0       2.276327
1       1.601751
2      -2.300387
3       1.568583
4       0.400977
          ...   
1854    1.451259
1855   -1.162902
1856   -2.049744
1857   -1.390029
1858    1.699524
Name: obs-prior, Length: 1859, dtype: float64
0       2.276327
1       1.601751
2      -2.300387
3       1.568583
4       0.400977
          ...   
1854    1.451259
1855   -1.162902
1856   -2.049744
1857   -1.390029
1858    1.699524
Name: obs-prior, Length: 1859, dtype: float64
0       2.276327
1       1.601751
2      -2.300387
3       1.568583
4       0.400977
          ...   
1854    1.451259
1855   -1.162902
1856   -2.049744
1857   -1.390029
1858    1.699524
Name: obs-prior, Length: 1859, dtype: float64
0       2.276327
1       1.601751
2      -2.300387
3       1.568583
4       0.400977
          ...   
1854    1.451259
1855   -1.162902
1856   -2.049744
1857   -1.390029
1858    1.699524
Name: obs-prior, Length: 1859, dtype: float64
0       2.276327
1       1.601751
2      -2.300387
3       1.568583
4       0.400977
          ...   
1854    1.451259
1855   -1.162902
1856   -2.049744
1857   -1.390029
1858    1.699524
Name: obs-prior, Length: 1859, dtype: float64
0       2.276327
1       1.601751
2      -2.300387
3       1.568583
4       0.400977
          ...   
1854    1.451259
1855   -1.162902
1856   -2.049744
1857   -1.390029
1858    1.699524
Name: obs-prior, Length: 1859, dtype: float64
0       2.276327
1       1.601751
2      -2.300387
3       1.568583
4       0.400977
          ...   
1854    1.451259
1855   -1.162902
1856   -2.049744
1857   -1.390029
1858    1.699524
Name: obs-prior, Length: 1859, dtype: float64

 processing obs:  ACARS_V_WIND_COMPONENT
 region:  Global
0       -0.887745
1       -1.910872
2        0.072083
3        0.348068
4       -1.454383
           ...   
10850    0.831554
10851    0.416653
10852    0.493814
10853    1.158963
10854    0.582101
Name: obs-prior, Length: 10855, dtype: float64
0       -0.887745
1       -1.910872
2        0.072083
3        0.348068
4       -1.454383
           ...   
10850    0.831554
10851    0.416653
10852    0.493814
10853    1.158963
10854    0.582101
Name: obs-prior, Length: 10855, dtype: float64
0       -0.887745
1       -1.910872
2        0.072083
3        0.348068
4       -1.454383
           ...   
10850    0.831554
10851    0.416653
10852    0.493814
10853    1.158963
10854    0.582101
Name: obs-prior, Length: 10855, dtype: float64
0       -0.887745
1       -1.910872
2        0.072083
3        0.348068
4       -1.454383
           ...   
10850    0.831554
10851    0.416653
10852    0.493814
10853    1.158963
10854    0.582101
Name: obs-prior, Length: 10855, dtype: float64
0       -0.887745
1       -1.910872
2        0.072083
3        0.348068
4       -1.454383
           ...   
10850    0.831554
10851    0.416653
10852    0.493814
10853    1.158963
10854    0.582101
Name: obs-prior, Length: 10855, dtype: float64
0       -0.887745
1       -1.910872
2        0.072083
3        0.348068
4       -1.454383
           ...   
10850    0.831554
10851    0.416653
10852    0.493814
10853    1.158963
10854    0.582101
Name: obs-prior, Length: 10855, dtype: float64
0       -0.887745
1       -1.910872
2        0.072083
3        0.348068
4       -1.454383
           ...   
10850    0.831554
10851    0.416653
10852    0.493814
10853    1.158963
10854    0.582101
Name: obs-prior, Length: 10855, dtype: float64
0       -0.887745
1       -1.910872
2        0.072083
3        0.348068
4       -1.454383
           ...   
10850    0.831554
10851    0.416653
10852    0.493814
10853    1.158963
10854    0.582101
Name: obs-prior, Length: 10855, dtype: float64
0       -0.887745
1       -1.910872
2        0.072083
3        0.348068
4       -1.454383
           ...   
10850    0.831554
10851    0.416653
10852    0.493814
10853    1.158963
10854    0.582101
Name: obs-prior, Length: 10855, dtype: float64
0       -0.887745
1       -1.910872
2        0.072083
3        0.348068
4       -1.454383
           ...   
10850    0.831554
10851    0.416653
10852    0.493814
10853    1.158963
10854    0.582101
Name: obs-prior, Length: 10855, dtype: float64
0       -0.887745
1       -1.910872
2        0.072083
3        0.348068
4       -1.454383
           ...   
10850    0.831554
10851    0.416653
10852    0.493814
10853    1.158963
10854    0.582101
Name: obs-prior, Length: 10855, dtype: float64
0       -0.887745
1       -1.910872
2        0.072083
3        0.348068
4       -1.454383
           ...   
10850    0.831554
10851    0.416653
10852    0.493814
10853    1.158963
10854    0.582101
Name: obs-prior, Length: 10855, dtype: float64
0       -0.887745
1       -1.910872
2        0.072083
3        0.348068
4       -1.454383
           ...   
10850    0.831554
10851    0.416653
10852    0.493814
10853    1.158963
10854    0.582101
Name: obs-prior, Length: 10855, dtype: float64
0       -0.887745
1       -1.910872
2        0.072083
3        0.348068
4       -1.454383
           ...   
10850    0.831554
10851    0.416653
10852    0.493814
10853    1.158963
10854    0.582101
Name: obs-prior, Length: 10855, dtype: float64
0       -0.887745
1       -1.910872
2        0.072083
3        0.348068
4       -1.454383
           ...   
10850    0.831554
10851    0.416653
10852    0.493814
10853    1.158963
10854    0.582101
Name: obs-prior, Length: 10855, dtype: float64
0       -0.887745
1       -1.910872
2        0.072083
3        0.348068
4       -1.454383
           ...   
10850    0.831554
10851    0.416653
10852    0.493814
10853    1.158963
10854    0.582101
Name: obs-prior, Length: 10855, dtype: float64
0       -0.887745
1       -1.910872
2        0.072083
3        0.348068
4       -1.454383
           ...   
10850    0.831554
10851    0.416653
10852    0.493814
10853    1.158963
10854    0.582101
Name: obs-prior, Length: 10855, dtype: float64
 region:  NH
0      -0.887745
1      -1.910872
2       0.072083
3       0.348068
4      -1.454383
          ...   
8991    0.831554
8992    0.416653
8993    0.493814
8994    1.158963
8995    0.582101
Name: obs-prior, Length: 8996, dtype: float64
0      -0.887745
1      -1.910872
2       0.072083
3       0.348068
4      -1.454383
          ...   
8991    0.831554
8992    0.416653
8993    0.493814
8994    1.158963
8995    0.582101
Name: obs-prior, Length: 8996, dtype: float64
0      -0.887745
1      -1.910872
2       0.072083
3       0.348068
4      -1.454383
          ...   
8991    0.831554
8992    0.416653
8993    0.493814
8994    1.158963
8995    0.582101
Name: obs-prior, Length: 8996, dtype: float64
0      -0.887745
1      -1.910872
2       0.072083
3       0.348068
4      -1.454383
          ...   
8991    0.831554
8992    0.416653
8993    0.493814
8994    1.158963
8995    0.582101
Name: obs-prior, Length: 8996, dtype: float64
0      -0.887745
1      -1.910872
2       0.072083
3       0.348068
4      -1.454383
          ...   
8991    0.831554
8992    0.416653
8993    0.493814
8994    1.158963
8995    0.582101
Name: obs-prior, Length: 8996, dtype: float64
0      -0.887745
1      -1.910872
2       0.072083
3       0.348068
4      -1.454383
          ...   
8991    0.831554
8992    0.416653
8993    0.493814
8994    1.158963
8995    0.582101
Name: obs-prior, Length: 8996, dtype: float64
0      -0.887745
1      -1.910872
2       0.072083
3       0.348068
4      -1.454383
          ...   
8991    0.831554
8992    0.416653
8993    0.493814
8994    1.158963
8995    0.582101
Name: obs-prior, Length: 8996, dtype: float64
0      -0.887745
1      -1.910872
2       0.072083
3       0.348068
4      -1.454383
          ...   
8991    0.831554
8992    0.416653
8993    0.493814
8994    1.158963
8995    0.582101
Name: obs-prior, Length: 8996, dtype: float64
0      -0.887745
1      -1.910872
2       0.072083
3       0.348068
4      -1.454383
          ...   
8991    0.831554
8992    0.416653
8993    0.493814
8994    1.158963
8995    0.582101
Name: obs-prior, Length: 8996, dtype: float64
0      -0.887745
1      -1.910872
2       0.072083
3       0.348068
4      -1.454383
          ...   
8991    0.831554
8992    0.416653
8993    0.493814
8994    1.158963
8995    0.582101
Name: obs-prior, Length: 8996, dtype: float64
0      -0.887745
1      -1.910872
2       0.072083
3       0.348068
4      -1.454383
          ...   
8991    0.831554
8992    0.416653
8993    0.493814
8994    1.158963
8995    0.582101
Name: obs-prior, Length: 8996, dtype: float64
0      -0.887745
1      -1.910872
2       0.072083
3       0.348068
4      -1.454383
          ...   
8991    0.831554
8992    0.416653
8993    0.493814
8994    1.158963
8995    0.582101
Name: obs-prior, Length: 8996, dtype: float64
0      -0.887745
1      -1.910872
2       0.072083
3       0.348068
4      -1.454383
          ...   
8991    0.831554
8992    0.416653
8993    0.493814
8994    1.158963
8995    0.582101
Name: obs-prior, Length: 8996, dtype: float64
0      -0.887745
1      -1.910872
2       0.072083
3       0.348068
4      -1.454383
          ...   
8991    0.831554
8992    0.416653
8993    0.493814
8994    1.158963
8995    0.582101
Name: obs-prior, Length: 8996, dtype: float64
0      -0.887745
1      -1.910872
2       0.072083
3       0.348068
4      -1.454383
          ...   
8991    0.831554
8992    0.416653
8993    0.493814
8994    1.158963
8995    0.582101
Name: obs-prior, Length: 8996, dtype: float64
0      -0.887745
1      -1.910872
2       0.072083
3       0.348068
4      -1.454383
          ...   
8991    0.831554
8992    0.416653
8993    0.493814
8994    1.158963
8995    0.582101
Name: obs-prior, Length: 8996, dtype: float64
0      -0.887745
1      -1.910872
2       0.072083
3       0.348068
4      -1.454383
          ...   
8991    0.831554
8992    0.416653
8993    0.493814
8994    1.158963
8995    0.582101
Name: obs-prior, Length: 8996, dtype: float64
 region:  SH
0    -2.611475
1     1.928104
2    -2.833177
3    -1.386529
4     1.672265
        ...   
75   -1.095028
76   -1.463483
77    2.997224
78    0.713260
79   -0.169493
Name: obs-prior, Length: 80, dtype: float64
0    -2.611475
1     1.928104
2    -2.833177
3    -1.386529
4     1.672265
        ...   
75   -1.095028
76   -1.463483
77    2.997224
78    0.713260
79   -0.169493
Name: obs-prior, Length: 80, dtype: float64
0    -2.611475
1     1.928104
2    -2.833177
3    -1.386529
4     1.672265
        ...   
75   -1.095028
76   -1.463483
77    2.997224
78    0.713260
79   -0.169493
Name: obs-prior, Length: 80, dtype: float64
0    -2.611475
1     1.928104
2    -2.833177
3    -1.386529
4     1.672265
        ...   
75   -1.095028
76   -1.463483
77    2.997224
78    0.713260
79   -0.169493
Name: obs-prior, Length: 80, dtype: float64
0    -2.611475
1     1.928104
2    -2.833177
3    -1.386529
4     1.672265
        ...   
75   -1.095028
76   -1.463483
77    2.997224
78    0.713260
79   -0.169493
Name: obs-prior, Length: 80, dtype: float64
0    -2.611475
1     1.928104
2    -2.833177
3    -1.386529
4     1.672265
        ...   
75   -1.095028
76   -1.463483
77    2.997224
78    0.713260
79   -0.169493
Name: obs-prior, Length: 80, dtype: float64
0    -2.611475
1     1.928104
2    -2.833177
3    -1.386529
4     1.672265
        ...   
75   -1.095028
76   -1.463483
77    2.997224
78    0.713260
79   -0.169493
Name: obs-prior, Length: 80, dtype: float64
0    -2.611475
1     1.928104
2    -2.833177
3    -1.386529
4     1.672265
        ...   
75   -1.095028
76   -1.463483
77    2.997224
78    0.713260
79   -0.169493
Name: obs-prior, Length: 80, dtype: float64
0    -2.611475
1     1.928104
2    -2.833177
3    -1.386529
4     1.672265
        ...   
75   -1.095028
76   -1.463483
77    2.997224
78    0.713260
79   -0.169493
Name: obs-prior, Length: 80, dtype: float64
0    -2.611475
1     1.928104
2    -2.833177
3    -1.386529
4     1.672265
        ...   
75   -1.095028
76   -1.463483
77    2.997224
78    0.713260
79   -0.169493
Name: obs-prior, Length: 80, dtype: float64
0    -2.611475
1     1.928104
2    -2.833177
3    -1.386529
4     1.672265
        ...   
75   -1.095028
76   -1.463483
77    2.997224
78    0.713260
79   -0.169493
Name: obs-prior, Length: 80, dtype: float64
0    -2.611475
1     1.928104
2    -2.833177
3    -1.386529
4     1.672265
        ...   
75   -1.095028
76   -1.463483
77    2.997224
78    0.713260
79   -0.169493
Name: obs-prior, Length: 80, dtype: float64
0    -2.611475
1     1.928104
2    -2.833177
3    -1.386529
4     1.672265
        ...   
75   -1.095028
76   -1.463483
77    2.997224
78    0.713260
79   -0.169493
Name: obs-prior, Length: 80, dtype: float64
0    -2.611475
1     1.928104
2    -2.833177
3    -1.386529
4     1.672265
        ...   
75   -1.095028
76   -1.463483
77    2.997224
78    0.713260
79   -0.169493
Name: obs-prior, Length: 80, dtype: float64
0    -2.611475
1     1.928104
2    -2.833177
3    -1.386529
4     1.672265
        ...   
75   -1.095028
76   -1.463483
77    2.997224
78    0.713260
79   -0.169493
Name: obs-prior, Length: 80, dtype: float64
0    -2.611475
1     1.928104
2    -2.833177
3    -1.386529
4     1.672265
        ...   
75   -1.095028
76   -1.463483
77    2.997224
78    0.713260
79   -0.169493
Name: obs-prior, Length: 80, dtype: float64
0    -2.611475
1     1.928104
2    -2.833177
3    -1.386529
4     1.672265
        ...   
75   -1.095028
76   -1.463483
77    2.997224
78    0.713260
79   -0.169493
Name: obs-prior, Length: 80, dtype: float64
 region:  TR
0       0.839594
1       2.784552
2      -0.572656
3      -0.463214
4      -1.211255
          ...   
1774    2.245718
1775    1.441186
1776   -1.487018
1777   -2.953594
1778   -0.749845
Name: obs-prior, Length: 1779, dtype: float64
0       0.839594
1       2.784552
2      -0.572656
3      -0.463214
4      -1.211255
          ...   
1774    2.245718
1775    1.441186
1776   -1.487018
1777   -2.953594
1778   -0.749845
Name: obs-prior, Length: 1779, dtype: float64
0       0.839594
1       2.784552
2      -0.572656
3      -0.463214
4      -1.211255
          ...   
1774    2.245718
1775    1.441186
1776   -1.487018
1777   -2.953594
1778   -0.749845
Name: obs-prior, Length: 1779, dtype: float64
0       0.839594
1       2.784552
2      -0.572656
3      -0.463214
4      -1.211255
          ...   
1774    2.245718
1775    1.441186
1776   -1.487018
1777   -2.953594
1778   -0.749845
Name: obs-prior, Length: 1779, dtype: float64
0       0.839594
1       2.784552
2      -0.572656
3      -0.463214
4      -1.211255
          ...   
1774    2.245718
1775    1.441186
1776   -1.487018
1777   -2.953594
1778   -0.749845
Name: obs-prior, Length: 1779, dtype: float64
0       0.839594
1       2.784552
2      -0.572656
3      -0.463214
4      -1.211255
          ...   
1774    2.245718
1775    1.441186
1776   -1.487018
1777   -2.953594
1778   -0.749845
Name: obs-prior, Length: 1779, dtype: float64
0       0.839594
1       2.784552
2      -0.572656
3      -0.463214
4      -1.211255
          ...   
1774    2.245718
1775    1.441186
1776   -1.487018
1777   -2.953594
1778   -0.749845
Name: obs-prior, Length: 1779, dtype: float64
0       0.839594
1       2.784552
2      -0.572656
3      -0.463214
4      -1.211255
          ...   
1774    2.245718
1775    1.441186
1776   -1.487018
1777   -2.953594
1778   -0.749845
Name: obs-prior, Length: 1779, dtype: float64
0       0.839594
1       2.784552
2      -0.572656
3      -0.463214
4      -1.211255
          ...   
1774    2.245718
1775    1.441186
1776   -1.487018
1777   -2.953594
1778   -0.749845
Name: obs-prior, Length: 1779, dtype: float64
0       0.839594
1       2.784552
2      -0.572656
3      -0.463214
4      -1.211255
          ...   
1774    2.245718
1775    1.441186
1776   -1.487018
1777   -2.953594
1778   -0.749845
Name: obs-prior, Length: 1779, dtype: float64
0       0.839594
1       2.784552
2      -0.572656
3      -0.463214
4      -1.211255
          ...   
1774    2.245718
1775    1.441186
1776   -1.487018
1777   -2.953594
1778   -0.749845
Name: obs-prior, Length: 1779, dtype: float64
0       0.839594
1       2.784552
2      -0.572656
3      -0.463214
4      -1.211255
          ...   
1774    2.245718
1775    1.441186
1776   -1.487018
1777   -2.953594
1778   -0.749845
Name: obs-prior, Length: 1779, dtype: float64
0       0.839594
1       2.784552
2      -0.572656
3      -0.463214
4      -1.211255
          ...   
1774    2.245718
1775    1.441186
1776   -1.487018
1777   -2.953594
1778   -0.749845
Name: obs-prior, Length: 1779, dtype: float64
0       0.839594
1       2.784552
2      -0.572656
3      -0.463214
4      -1.211255
          ...   
1774    2.245718
1775    1.441186
1776   -1.487018
1777   -2.953594
1778   -0.749845
Name: obs-prior, Length: 1779, dtype: float64
0       0.839594
1       2.784552
2      -0.572656
3      -0.463214
4      -1.211255
          ...   
1774    2.245718
1775    1.441186
1776   -1.487018
1777   -2.953594
1778   -0.749845
Name: obs-prior, Length: 1779, dtype: float64
0       0.839594
1       2.784552
2      -0.572656
3      -0.463214
4      -1.211255
          ...   
1774    2.245718
1775    1.441186
1776   -1.487018
1777   -2.953594
1778   -0.749845
Name: obs-prior, Length: 1779, dtype: float64
0       0.839594
1       2.784552
2      -0.572656
3      -0.463214
4      -1.211255
          ...   
1774    2.245718
1775    1.441186
1776   -1.487018
1777   -2.953594
1778   -0.749845
Name: obs-prior, Length: 1779, dtype: float64

 processing obs:  ACARS_TEMPERATURE
 region:  Global
0        0.490106
1       -0.210096
2        1.296986
3       -0.435952
4       -0.512174
           ...   
10377   -0.879701
10378    0.662600
10379    0.744835
10380   -0.909765
10381    0.657386
Name: obs-prior, Length: 10382, dtype: float64
0        0.490106
1       -0.210096
2        1.296986
3       -0.435952
4       -0.512174
           ...   
10377   -0.879701
10378    0.662600
10379    0.744835
10380   -0.909765
10381    0.657386
Name: obs-prior, Length: 10382, dtype: float64
0        0.490106
1       -0.210096
2        1.296986
3       -0.435952
4       -0.512174
           ...   
10377   -0.879701
10378    0.662600
10379    0.744835
10380   -0.909765
10381    0.657386
Name: obs-prior, Length: 10382, dtype: float64
0        0.490106
1       -0.210096
2        1.296986
3       -0.435952
4       -0.512174
           ...   
10377   -0.879701
10378    0.662600
10379    0.744835
10380   -0.909765
10381    0.657386
Name: obs-prior, Length: 10382, dtype: float64
0        0.490106
1       -0.210096
2        1.296986
3       -0.435952
4       -0.512174
           ...   
10377   -0.879701
10378    0.662600
10379    0.744835
10380   -0.909765
10381    0.657386
Name: obs-prior, Length: 10382, dtype: float64
0        0.490106
1       -0.210096
2        1.296986
3       -0.435952
4       -0.512174
           ...   
10377   -0.879701
10378    0.662600
10379    0.744835
10380   -0.909765
10381    0.657386
Name: obs-prior, Length: 10382, dtype: float64
0        0.490106
1       -0.210096
2        1.296986
3       -0.435952
4       -0.512174
           ...   
10377   -0.879701
10378    0.662600
10379    0.744835
10380   -0.909765
10381    0.657386
Name: obs-prior, Length: 10382, dtype: float64
0        0.490106
1       -0.210096
2        1.296986
3       -0.435952
4       -0.512174
           ...   
10377   -0.879701
10378    0.662600
10379    0.744835
10380   -0.909765
10381    0.657386
Name: obs-prior, Length: 10382, dtype: float64
0        0.490106
1       -0.210096
2        1.296986
3       -0.435952
4       -0.512174
           ...   
10377   -0.879701
10378    0.662600
10379    0.744835
10380   -0.909765
10381    0.657386
Name: obs-prior, Length: 10382, dtype: float64
0        0.490106
1       -0.210096
2        1.296986
3       -0.435952
4       -0.512174
           ...   
10377   -0.879701
10378    0.662600
10379    0.744835
10380   -0.909765
10381    0.657386
Name: obs-prior, Length: 10382, dtype: float64
0        0.490106
1       -0.210096
2        1.296986
3       -0.435952
4       -0.512174
           ...   
10377   -0.879701
10378    0.662600
10379    0.744835
10380   -0.909765
10381    0.657386
Name: obs-prior, Length: 10382, dtype: float64
0        0.490106
1       -0.210096
2        1.296986
3       -0.435952
4       -0.512174
           ...   
10377   -0.879701
10378    0.662600
10379    0.744835
10380   -0.909765
10381    0.657386
Name: obs-prior, Length: 10382, dtype: float64
0        0.490106
1       -0.210096
2        1.296986
3       -0.435952
4       -0.512174
           ...   
10377   -0.879701
10378    0.662600
10379    0.744835
10380   -0.909765
10381    0.657386
Name: obs-prior, Length: 10382, dtype: float64
0        0.490106
1       -0.210096
2        1.296986
3       -0.435952
4       -0.512174
           ...   
10377   -0.879701
10378    0.662600
10379    0.744835
10380   -0.909765
10381    0.657386
Name: obs-prior, Length: 10382, dtype: float64
0        0.490106
1       -0.210096
2        1.296986
3       -0.435952
4       -0.512174
           ...   
10377   -0.879701
10378    0.662600
10379    0.744835
10380   -0.909765
10381    0.657386
Name: obs-prior, Length: 10382, dtype: float64
0        0.490106
1       -0.210096
2        1.296986
3       -0.435952
4       -0.512174
           ...   
10377   -0.879701
10378    0.662600
10379    0.744835
10380   -0.909765
10381    0.657386
Name: obs-prior, Length: 10382, dtype: float64
0        0.490106
1       -0.210096
2        1.296986
3       -0.435952
4       -0.512174
           ...   
10377   -0.879701
10378    0.662600
10379    0.744835
10380   -0.909765
10381    0.657386
Name: obs-prior, Length: 10382, dtype: float64
 region:  NH
0       0.490106
1      -0.210096
2       1.296986
3      -0.435952
4      -0.512174
          ...   
8472    1.110230
8473    0.772320
8474   -0.879701
8475    0.662600
8476    0.744835
Name: obs-prior, Length: 8477, dtype: float64
0       0.490106
1      -0.210096
2       1.296986
3      -0.435952
4      -0.512174
          ...   
8472    1.110230
8473    0.772320
8474   -0.879701
8475    0.662600
8476    0.744835
Name: obs-prior, Length: 8477, dtype: float64
0       0.490106
1      -0.210096
2       1.296986
3      -0.435952
4      -0.512174
          ...   
8472    1.110230
8473    0.772320
8474   -0.879701
8475    0.662600
8476    0.744835
Name: obs-prior, Length: 8477, dtype: float64
0       0.490106
1      -0.210096
2       1.296986
3      -0.435952
4      -0.512174
          ...   
8472    1.110230
8473    0.772320
8474   -0.879701
8475    0.662600
8476    0.744835
Name: obs-prior, Length: 8477, dtype: float64
0       0.490106
1      -0.210096
2       1.296986
3      -0.435952
4      -0.512174
          ...   
8472    1.110230
8473    0.772320
8474   -0.879701
8475    0.662600
8476    0.744835
Name: obs-prior, Length: 8477, dtype: float64
0       0.490106
1      -0.210096
2       1.296986
3      -0.435952
4      -0.512174
          ...   
8472    1.110230
8473    0.772320
8474   -0.879701
8475    0.662600
8476    0.744835
Name: obs-prior, Length: 8477, dtype: float64
0       0.490106
1      -0.210096
2       1.296986
3      -0.435952
4      -0.512174
          ...   
8472    1.110230
8473    0.772320
8474   -0.879701
8475    0.662600
8476    0.744835
Name: obs-prior, Length: 8477, dtype: float64
0       0.490106
1      -0.210096
2       1.296986
3      -0.435952
4      -0.512174
          ...   
8472    1.110230
8473    0.772320
8474   -0.879701
8475    0.662600
8476    0.744835
Name: obs-prior, Length: 8477, dtype: float64
0       0.490106
1      -0.210096
2       1.296986
3      -0.435952
4      -0.512174
          ...   
8472    1.110230
8473    0.772320
8474   -0.879701
8475    0.662600
8476    0.744835
Name: obs-prior, Length: 8477, dtype: float64
0       0.490106
1      -0.210096
2       1.296986
3      -0.435952
4      -0.512174
          ...   
8472    1.110230
8473    0.772320
8474   -0.879701
8475    0.662600
8476    0.744835
Name: obs-prior, Length: 8477, dtype: float64
0       0.490106
1      -0.210096
2       1.296986
3      -0.435952
4      -0.512174
          ...   
8472    1.110230
8473    0.772320
8474   -0.879701
8475    0.662600
8476    0.744835
Name: obs-prior, Length: 8477, dtype: float64
0       0.490106
1      -0.210096
2       1.296986
3      -0.435952
4      -0.512174
          ...   
8472    1.110230
8473    0.772320
8474   -0.879701
8475    0.662600
8476    0.744835
Name: obs-prior, Length: 8477, dtype: float64
0       0.490106
1      -0.210096
2       1.296986
3      -0.435952
4      -0.512174
          ...   
8472    1.110230
8473    0.772320
8474   -0.879701
8475    0.662600
8476    0.744835
Name: obs-prior, Length: 8477, dtype: float64
0       0.490106
1      -0.210096
2       1.296986
3      -0.435952
4      -0.512174
          ...   
8472    1.110230
8473    0.772320
8474   -0.879701
8475    0.662600
8476    0.744835
Name: obs-prior, Length: 8477, dtype: float64
0       0.490106
1      -0.210096
2       1.296986
3      -0.435952
4      -0.512174
          ...   
8472    1.110230
8473    0.772320
8474   -0.879701
8475    0.662600
8476    0.744835
Name: obs-prior, Length: 8477, dtype: float64
0       0.490106
1      -0.210096
2       1.296986
3      -0.435952
4      -0.512174
          ...   
8472    1.110230
8473    0.772320
8474   -0.879701
8475    0.662600
8476    0.744835
Name: obs-prior, Length: 8477, dtype: float64
0       0.490106
1      -0.210096
2       1.296986
3      -0.435952
4      -0.512174
          ...   
8472    1.110230
8473    0.772320
8474   -0.879701
8475    0.662600
8476    0.744835
Name: obs-prior, Length: 8477, dtype: float64
 region:  SH
0      1.197061
1      0.431008
2     -0.173756
3      0.227978
4     -0.359378
         ...   
163   -0.207227
164    0.750192
165    0.496935
166    0.675273
167   -0.030729
Name: obs-prior, Length: 168, dtype: float64
0      1.197061
1      0.431008
2     -0.173756
3      0.227978
4     -0.359378
         ...   
163   -0.207227
164    0.750192
165    0.496935
166    0.675273
167   -0.030729
Name: obs-prior, Length: 168, dtype: float64
0      1.197061
1      0.431008
2     -0.173756
3      0.227978
4     -0.359378
         ...   
163   -0.207227
164    0.750192
165    0.496935
166    0.675273
167   -0.030729
Name: obs-prior, Length: 168, dtype: float64
0      1.197061
1      0.431008
2     -0.173756
3      0.227978
4     -0.359378
         ...   
163   -0.207227
164    0.750192
165    0.496935
166    0.675273
167   -0.030729
Name: obs-prior, Length: 168, dtype: float64
0      1.197061
1      0.431008
2     -0.173756
3      0.227978
4     -0.359378
         ...   
163   -0.207227
164    0.750192
165    0.496935
166    0.675273
167   -0.030729
Name: obs-prior, Length: 168, dtype: float64
0      1.197061
1      0.431008
2     -0.173756
3      0.227978
4     -0.359378
         ...   
163   -0.207227
164    0.750192
165    0.496935
166    0.675273
167   -0.030729
Name: obs-prior, Length: 168, dtype: float64
0      1.197061
1      0.431008
2     -0.173756
3      0.227978
4     -0.359378
         ...   
163   -0.207227
164    0.750192
165    0.496935
166    0.675273
167   -0.030729
Name: obs-prior, Length: 168, dtype: float64
0      1.197061
1      0.431008
2     -0.173756
3      0.227978
4     -0.359378
         ...   
163   -0.207227
164    0.750192
165    0.496935
166    0.675273
167   -0.030729
Name: obs-prior, Length: 168, dtype: float64
0      1.197061
1      0.431008
2     -0.173756
3      0.227978
4     -0.359378
         ...   
163   -0.207227
164    0.750192
165    0.496935
166    0.675273
167   -0.030729
Name: obs-prior, Length: 168, dtype: float64
0      1.197061
1      0.431008
2     -0.173756
3      0.227978
4     -0.359378
         ...   
163   -0.207227
164    0.750192
165    0.496935
166    0.675273
167   -0.030729
Name: obs-prior, Length: 168, dtype: float64
0      1.197061
1      0.431008
2     -0.173756
3      0.227978
4     -0.359378
         ...   
163   -0.207227
164    0.750192
165    0.496935
166    0.675273
167   -0.030729
Name: obs-prior, Length: 168, dtype: float64
0      1.197061
1      0.431008
2     -0.173756
3      0.227978
4     -0.359378
         ...   
163   -0.207227
164    0.750192
165    0.496935
166    0.675273
167   -0.030729
Name: obs-prior, Length: 168, dtype: float64
0      1.197061
1      0.431008
2     -0.173756
3      0.227978
4     -0.359378
         ...   
163   -0.207227
164    0.750192
165    0.496935
166    0.675273
167   -0.030729
Name: obs-prior, Length: 168, dtype: float64
0      1.197061
1      0.431008
2     -0.173756
3      0.227978
4     -0.359378
         ...   
163   -0.207227
164    0.750192
165    0.496935
166    0.675273
167   -0.030729
Name: obs-prior, Length: 168, dtype: float64
0      1.197061
1      0.431008
2     -0.173756
3      0.227978
4     -0.359378
         ...   
163   -0.207227
164    0.750192
165    0.496935
166    0.675273
167   -0.030729
Name: obs-prior, Length: 168, dtype: float64
0      1.197061
1      0.431008
2     -0.173756
3      0.227978
4     -0.359378
         ...   
163   -0.207227
164    0.750192
165    0.496935
166    0.675273
167   -0.030729
Name: obs-prior, Length: 168, dtype: float64
0      1.197061
1      0.431008
2     -0.173756
3      0.227978
4     -0.359378
         ...   
163   -0.207227
164    0.750192
165    0.496935
166    0.675273
167   -0.030729
Name: obs-prior, Length: 168, dtype: float64
 region:  TR
0       0.322879
1       0.913270
2       0.503327
3       0.837310
4       0.356021
          ...   
1732    0.300557
1733    0.825815
1734    1.184151
1735   -0.909765
1736    0.657386
Name: obs-prior, Length: 1737, dtype: float64
0       0.322879
1       0.913270
2       0.503327
3       0.837310
4       0.356021
          ...   
1732    0.300557
1733    0.825815
1734    1.184151
1735   -0.909765
1736    0.657386
Name: obs-prior, Length: 1737, dtype: float64
0       0.322879
1       0.913270
2       0.503327
3       0.837310
4       0.356021
          ...   
1732    0.300557
1733    0.825815
1734    1.184151
1735   -0.909765
1736    0.657386
Name: obs-prior, Length: 1737, dtype: float64
0       0.322879
1       0.913270
2       0.503327
3       0.837310
4       0.356021
          ...   
1732    0.300557
1733    0.825815
1734    1.184151
1735   -0.909765
1736    0.657386
Name: obs-prior, Length: 1737, dtype: float64
0       0.322879
1       0.913270
2       0.503327
3       0.837310
4       0.356021
          ...   
1732    0.300557
1733    0.825815
1734    1.184151
1735   -0.909765
1736    0.657386
Name: obs-prior, Length: 1737, dtype: float64
0       0.322879
1       0.913270
2       0.503327
3       0.837310
4       0.356021
          ...   
1732    0.300557
1733    0.825815
1734    1.184151
1735   -0.909765
1736    0.657386
Name: obs-prior, Length: 1737, dtype: float64
0       0.322879
1       0.913270
2       0.503327
3       0.837310
4       0.356021
          ...   
1732    0.300557
1733    0.825815
1734    1.184151
1735   -0.909765
1736    0.657386
Name: obs-prior, Length: 1737, dtype: float64
0       0.322879
1       0.913270
2       0.503327
3       0.837310
4       0.356021
          ...   
1732    0.300557
1733    0.825815
1734    1.184151
1735   -0.909765
1736    0.657386
Name: obs-prior, Length: 1737, dtype: float64
0       0.322879
1       0.913270
2       0.503327
3       0.837310
4       0.356021
          ...   
1732    0.300557
1733    0.825815
1734    1.184151
1735   -0.909765
1736    0.657386
Name: obs-prior, Length: 1737, dtype: float64
0       0.322879
1       0.913270
2       0.503327
3       0.837310
4       0.356021
          ...   
1732    0.300557
1733    0.825815
1734    1.184151
1735   -0.909765
1736    0.657386
Name: obs-prior, Length: 1737, dtype: float64
0       0.322879
1       0.913270
2       0.503327
3       0.837310
4       0.356021
          ...   
1732    0.300557
1733    0.825815
1734    1.184151
1735   -0.909765
1736    0.657386
Name: obs-prior, Length: 1737, dtype: float64
0       0.322879
1       0.913270
2       0.503327
3       0.837310
4       0.356021
          ...   
1732    0.300557
1733    0.825815
1734    1.184151
1735   -0.909765
1736    0.657386
Name: obs-prior, Length: 1737, dtype: float64
0       0.322879
1       0.913270
2       0.503327
3       0.837310
4       0.356021
          ...   
1732    0.300557
1733    0.825815
1734    1.184151
1735   -0.909765
1736    0.657386
Name: obs-prior, Length: 1737, dtype: float64
0       0.322879
1       0.913270
2       0.503327
3       0.837310
4       0.356021
          ...   
1732    0.300557
1733    0.825815
1734    1.184151
1735   -0.909765
1736    0.657386
Name: obs-prior, Length: 1737, dtype: float64
0       0.322879
1       0.913270
2       0.503327
3       0.837310
4       0.356021
          ...   
1732    0.300557
1733    0.825815
1734    1.184151
1735   -0.909765
1736    0.657386
Name: obs-prior, Length: 1737, dtype: float64
0       0.322879
1       0.913270
2       0.503327
3       0.837310
4       0.356021
          ...   
1732    0.300557
1733    0.825815
1734    1.184151
1735   -0.909765
1736    0.657386
Name: obs-prior, Length: 1737, dtype: float64
0       0.322879
1       0.913270
2       0.503327
3       0.837310
4       0.356021
          ...   
1732    0.300557
1733    0.825815
1734    1.184151
1735   -0.909765
1736    0.657386
Name: obs-prior, Length: 1737, dtype: float64

 processing obs:  SAT_U_WIND_COMPONENT
 region:  Global
 No obs:  SAT_U_WIND_COMPONENT  in region:  Global  at this time.
 region:  NH
 No obs:  SAT_U_WIND_COMPONENT  in region:  NH  at this time.
 region:  SH
 No obs:  SAT_U_WIND_COMPONENT  in region:  SH  at this time.
 region:  TR
 No obs:  SAT_U_WIND_COMPONENT  in region:  TR  at this time.

 processing obs:  SAT_V_WIND_COMPONENT
 region:  Global
 No obs:  SAT_V_WIND_COMPONENT  in region:  Global  at this time.
 region:  NH
 No obs:  SAT_V_WIND_COMPONENT  in region:  NH  at this time.
 region:  SH
 No obs:  SAT_V_WIND_COMPONENT  in region:  SH  at this time.
 region:  TR
 No obs:  SAT_V_WIND_COMPONENT  in region:  TR  at this time.

 processing obs:  GPSRO_REFRACTIVITY
 region:  Global
 No obs:  GPSRO_REFRACTIVITY  in region:  Global  at this time.
 region:  NH
 No obs:  GPSRO_REFRACTIVITY  in region:  NH  at this time.
 region:  SH
 No obs:  GPSRO_REFRACTIVITY  in region:  SH  at this time.
 region:  TR
 No obs:  GPSRO_REFRACTIVITY  in region:  TR  at this time.

 processing obs:  EOS_2_AMSUA_TB
 region:  Global
 No obs:  EOS_2_AMSUA_TB  in region:  Global  at this time.
 region:  NH
 No obs:  EOS_2_AMSUA_TB  in region:  NH  at this time.
 region:  SH
 No obs:  EOS_2_AMSUA_TB  in region:  SH  at this time.
 region:  TR
 No obs:  EOS_2_AMSUA_TB  in region:  TR  at this time.

 processing obs:  NOAA_15_AMSUA_TB
 region:  Global
 No obs:  NOAA_15_AMSUA_TB  in region:  Global  at this time.
 region:  NH
 No obs:  NOAA_15_AMSUA_TB  in region:  NH  at this time.
 region:  SH
 No obs:  NOAA_15_AMSUA_TB  in region:  SH  at this time.
 region:  TR
 No obs:  NOAA_15_AMSUA_TB  in region:  TR  at this time.

 processing obs:  NOAA_16_AMSUA_TB
 region:  Global
 No obs:  NOAA_16_AMSUA_TB  in region:  Global  at this time.
 region:  NH
 No obs:  NOAA_16_AMSUA_TB  in region:  NH  at this time.
 region:  SH
 No obs:  NOAA_16_AMSUA_TB  in region:  SH  at this time.
 region:  TR
 No obs:  NOAA_16_AMSUA_TB  in region:  TR  at this time.

 processing obs:  NOAA_17_AMSUA_TB
 region:  Global
 No obs:  NOAA_17_AMSUA_TB  in region:  Global  at this time.
 region:  NH
 No obs:  NOAA_17_AMSUA_TB  in region:  NH  at this time.
 region:  SH
 No obs:  NOAA_17_AMSUA_TB  in region:  SH  at this time.
 region:  TR
 No obs:  NOAA_17_AMSUA_TB  in region:  TR  at this time.

 processing obs:  NOAA_18_AMSUA_TB
 region:  Global
 No obs:  NOAA_18_AMSUA_TB  in region:  Global  at this time.
 region:  NH
 No obs:  NOAA_18_AMSUA_TB  in region:  NH  at this time.
 region:  SH
 No obs:  NOAA_18_AMSUA_TB  in region:  SH  at this time.
 region:  TR
 No obs:  NOAA_18_AMSUA_TB  in region:  TR  at this time.

 processing obs:  NOAA_19_AMSUA_TB
 region:  Global
 No obs:  NOAA_19_AMSUA_TB  in region:  Global  at this time.
 region:  NH
 No obs:  NOAA_19_AMSUA_TB  in region:  NH  at this time.
 region:  SH
 No obs:  NOAA_19_AMSUA_TB  in region:  SH  at this time.
 region:  TR
 No obs:  NOAA_19_AMSUA_TB  in region:  TR  at this time.

 processing obs:  METOP_1_AMSUA_TB
 region:  Global
 No obs:  METOP_1_AMSUA_TB  in region:  Global  at this time.
 region:  NH
 No obs:  METOP_1_AMSUA_TB  in region:  NH  at this time.
 region:  SH
 No obs:  METOP_1_AMSUA_TB  in region:  SH  at this time.
 region:  TR
 No obs:  METOP_1_AMSUA_TB  in region:  TR  at this time.

 processing obs:  METOP_2_AMSUA_TB
 region:  Global
 No obs:  METOP_2_AMSUA_TB  in region:  Global  at this time.
 region:  NH
 No obs:  METOP_2_AMSUA_TB  in region:  NH  at this time.
 region:  SH
 No obs:  METOP_2_AMSUA_TB  in region:  SH  at this time.
 region:  TR
 No obs:  METOP_2_AMSUA_TB  in region:  TR  at this time.

 processing obs:  VADWND_U_WIND_COMPONENT
 region:  Global
 No obs:  VADWND_U_WIND_COMPONENT  in region:  Global  at this time.
 region:  NH
 No obs:  VADWND_U_WIND_COMPONENT  in region:  NH  at this time.
 region:  SH
 No obs:  VADWND_U_WIND_COMPONENT  in region:  SH  at this time.
 region:  TR
 No obs:  VADWND_U_WIND_COMPONENT  in region:  TR  at this time.

 processing obs:  VADWND_V_WIND_COMPONENT
 region:  Global
 No obs:  VADWND_V_WIND_COMPONENT  in region:  Global  at this time.
 region:  NH
 No obs:  VADWND_V_WIND_COMPONENT  in region:  NH  at this time.
 region:  SH
 No obs:  VADWND_V_WIND_COMPONENT  in region:  SH  at this time.
 region:  TR
 No obs:  VADWND_V_WIND_COMPONENT  in region:  TR  at this time.

 processing obs:  LAND_SFC_PRESSURE
 region:  Global
 No obs:  LAND_SFC_PRESSURE  in region:  Global  at this time.
 region:  NH
 No obs:  LAND_SFC_PRESSURE  in region:  NH  at this time.
 region:  SH
 No obs:  LAND_SFC_PRESSURE  in region:  SH  at this time.
 region:  TR
 No obs:  LAND_SFC_PRESSURE  in region:  TR  at this time.

 processing obs:  MARINE_SFC_PRESSURE
 region:  Global
 No obs:  MARINE_SFC_PRESSURE  in region:  Global  at this time.
 region:  NH
 No obs:  MARINE_SFC_PRESSURE  in region:  NH  at this time.
 region:  SH
 No obs:  MARINE_SFC_PRESSURE  in region:  SH  at this time.
 region:  TR
 No obs:  MARINE_SFC_PRESSURE  in region:  TR  at this time.
Save assimilated: Global
Save assimilated: SH
Save assimilated: NH
Save assimilated: TR

 2024-03-25 13:47:06.332045
Execution Time:  0:00:07.523237

 -------------------- END ------------------- 

	Command being timed: "/work/cmcc/mg20022/.conda/envs/guatura/bin/python ./quick_spreads_diag.py"
	User time (seconds): 7.08
	System time (seconds): 6.92
	Percent of CPU this job got: 137%
	Elapsed (wall clock) time (h:mm:ss or m:ss): 0:10.16
	Average shared text size (kbytes): 0
	Average unshared data size (kbytes): 0
	Average stack size (kbytes): 0
	Average total size (kbytes): 0
	Maximum resident set size (kbytes): 338412
	Average resident set size (kbytes): 0
	Major (requiring I/O) page faults: 0
	Minor (reclaiming a frame) page faults: 38667
	Voluntary context switches: 4275
	Involuntary context switches: 1966
	Swaps: 0
	File system inputs: 0
	File system outputs: 0
	Socket messages sent: 0
	Socket messages received: 0
	Signals delivered: 0
	Page size (bytes): 4096
	Exit status: 0
