STARTING

 2024-03-25 13:47:03.292776

 Computation parameters:
 Experiment name:  arc2
 Start date:  2017-10-02-64800
 End date:  2017-10-02-64800
 Path archive:  /work/cmcc/gc02720/CMCC-CM/archive
 Path experiment:  /work/cmcc/gc02720/CMCC-CM/archive/arc2
 Path save:  /work/cmcc/gc02720/CMCC-CM/basic_diag/arc2/2017-10-02-64800
 Observation to process:  ['RADIOSONDE_U_WIND_COMPONENT', 'RADIOSONDE_V_WIND_COMPONENT', 'RADIOSONDE_TEMPERATURE', 'AIRCRAFT_U_WIND_COMPONENT', 'AIRCRAFT_V_WIND_COMPONENT', 'AIRCRAFT_TEMPERATURE', 'ACARS_U_WIND_COMPONENT', 'ACARS_V_WIND_COMPONENT', 'ACARS_TEMPERATURE', 'SAT_U_WIND_COMPONENT', 'SAT_V_WIND_COMPONENT', 'GPSRO_REFRACTIVITY', 'EOS_2_AMSUA_TB', 'NOAA_15_AMSUA_TB', 'NOAA_16_AMSUA_TB', 'NOAA_17_AMSUA_TB', 'NOAA_18_AMSUA_TB', 'NOAA_19_AMSUA_TB', 'METOP_1_AMSUA_TB', 'METOP_2_AMSUA_TB', 'VADWND_U_WIND_COMPONENT', 'VADWND_V_WIND_COMPONENT', 'LAND_SFC_PRESSURE', 'MARINE_SFC_PRESSURE']
 Reference levels:  (1014, 950, 900, 850, 800, 750, 700, 650, 600, 550, 500, 450, 400, 350, 300, 250, 200, 150, 90, 50, 25, 10, 5, 2.5, 1)

 Successfully created the directory /work/cmcc/gc02720/CMCC-CM/basic_diag/arc2/2017-10-02-64800 
 Center layers:  [982.0, 925.0, 875.0, 825.0, 775.0, 725.0, 675.0, 625.0, 575.0, 525.0, 475.0, 425.0, 375.0, 325.0, 275.0, 225.0, 175.0, 120.0, 70.0, 37.5, 17.5, 7.5, 3.75, 1.75]

 Start the computation...

 dir to process:  ['arc2-2017-10-02-64800']

 dir:  /work/cmcc/gc02720/CMCC-CM/archive/arc2/arc2-2017-10-02-64800
 dir number  1  out of  1
 listdb=  ['/work/cmcc/gc02720/CMCC-CM/archive/arc2/arc2-2017-10-02-64800/arc2.spreads.ARC.1.2017-10-02-64800.db', '/work/cmcc/gc02720/CMCC-CM/archive/arc2/arc2-2017-10-02-64800/arc2.spreads.ARC.2.2017-10-02-64800.db', '/work/cmcc/gc02720/CMCC-CM/archive/arc2/arc2-2017-10-02-64800/arc2.spreads.ARC.3.2017-10-02-64800.db']
 listdb len=  3
 maskdb=  [1, 1, 1]
 maskdb len=  3
 loading info from:  /work/cmcc/gc02720/CMCC-CM/archive/arc2/arc2-2017-10-02-64800/arc2.spreads.ARC.1.2017-10-02-64800.db
 loading info from:  /work/cmcc/gc02720/CMCC-CM/archive/arc2/arc2-2017-10-02-64800/arc2.spreads.ARC.2.2017-10-02-64800.db
 loading info from:  /work/cmcc/gc02720/CMCC-CM/archive/arc2/arc2-2017-10-02-64800/arc2.spreads.ARC.3.2017-10-02-64800.db

 processing obs:  RADIOSONDE_U_WIND_COMPONENT
 region:  Global
 No obs:  RADIOSONDE_U_WIND_COMPONENT  in region:  Global  at this time.
 region:  NH
 No obs:  RADIOSONDE_U_WIND_COMPONENT  in region:  NH  at this time.
 region:  SH
 No obs:  RADIOSONDE_U_WIND_COMPONENT  in region:  SH  at this time.
 region:  TR
 No obs:  RADIOSONDE_U_WIND_COMPONENT  in region:  TR  at this time.

 processing obs:  RADIOSONDE_V_WIND_COMPONENT
 region:  Global
 No obs:  RADIOSONDE_V_WIND_COMPONENT  in region:  Global  at this time.
 region:  NH
 No obs:  RADIOSONDE_V_WIND_COMPONENT  in region:  NH  at this time.
 region:  SH
 No obs:  RADIOSONDE_V_WIND_COMPONENT  in region:  SH  at this time.
 region:  TR
 No obs:  RADIOSONDE_V_WIND_COMPONENT  in region:  TR  at this time.

 processing obs:  RADIOSONDE_TEMPERATURE
 region:  Global
 No obs:  RADIOSONDE_TEMPERATURE  in region:  Global  at this time.
 region:  NH
 No obs:  RADIOSONDE_TEMPERATURE  in region:  NH  at this time.
 region:  SH
 No obs:  RADIOSONDE_TEMPERATURE  in region:  SH  at this time.
 region:  TR
 No obs:  RADIOSONDE_TEMPERATURE  in region:  TR  at this time.

 processing obs:  AIRCRAFT_U_WIND_COMPONENT
 region:  Global
0      -0.245879
1      -1.991315
2      -0.918102
3       1.996473
4      -1.176082
          ...   
1916    0.736577
1917    1.155058
1918   -1.877222
1919   -0.587034
1920   -0.602196
Name: obs-prior, Length: 1921, dtype: float64
0      -0.245879
1      -1.991315
2      -0.918102
3       1.996473
4      -1.176082
          ...   
1916    0.736577
1917    1.155058
1918   -1.877222
1919   -0.587034
1920   -0.602196
Name: obs-prior, Length: 1921, dtype: float64
0      -0.245879
1      -1.991315
2      -0.918102
3       1.996473
4      -1.176082
          ...   
1916    0.736577
1917    1.155058
1918   -1.877222
1919   -0.587034
1920   -0.602196
Name: obs-prior, Length: 1921, dtype: float64
0      -0.245879
1      -1.991315
2      -0.918102
3       1.996473
4      -1.176082
          ...   
1916    0.736577
1917    1.155058
1918   -1.877222
1919   -0.587034
1920   -0.602196
Name: obs-prior, Length: 1921, dtype: float64
0      -0.245879
1      -1.991315
2      -0.918102
3       1.996473
4      -1.176082
          ...   
1916    0.736577
1917    1.155058
1918   -1.877222
1919   -0.587034
1920   -0.602196
Name: obs-prior, Length: 1921, dtype: float64
0      -0.245879
1      -1.991315
2      -0.918102
3       1.996473
4      -1.176082
          ...   
1916    0.736577
1917    1.155058
1918   -1.877222
1919   -0.587034
1920   -0.602196
Name: obs-prior, Length: 1921, dtype: float64
0      -0.245879
1      -1.991315
2      -0.918102
3       1.996473
4      -1.176082
          ...   
1916    0.736577
1917    1.155058
1918   -1.877222
1919   -0.587034
1920   -0.602196
Name: obs-prior, Length: 1921, dtype: float64
0      -0.245879
1      -1.991315
2      -0.918102
3       1.996473
4      -1.176082
          ...   
1916    0.736577
1917    1.155058
1918   -1.877222
1919   -0.587034
1920   -0.602196
Name: obs-prior, Length: 1921, dtype: float64
0      -0.245879
1      -1.991315
2      -0.918102
3       1.996473
4      -1.176082
          ...   
1916    0.736577
1917    1.155058
1918   -1.877222
1919   -0.587034
1920   -0.602196
Name: obs-prior, Length: 1921, dtype: float64
0      -0.245879
1      -1.991315
2      -0.918102
3       1.996473
4      -1.176082
          ...   
1916    0.736577
1917    1.155058
1918   -1.877222
1919   -0.587034
1920   -0.602196
Name: obs-prior, Length: 1921, dtype: float64
0      -0.245879
1      -1.991315
2      -0.918102
3       1.996473
4      -1.176082
          ...   
1916    0.736577
1917    1.155058
1918   -1.877222
1919   -0.587034
1920   -0.602196
Name: obs-prior, Length: 1921, dtype: float64
0      -0.245879
1      -1.991315
2      -0.918102
3       1.996473
4      -1.176082
          ...   
1916    0.736577
1917    1.155058
1918   -1.877222
1919   -0.587034
1920   -0.602196
Name: obs-prior, Length: 1921, dtype: float64
0      -0.245879
1      -1.991315
2      -0.918102
3       1.996473
4      -1.176082
          ...   
1916    0.736577
1917    1.155058
1918   -1.877222
1919   -0.587034
1920   -0.602196
Name: obs-prior, Length: 1921, dtype: float64
0      -0.245879
1      -1.991315
2      -0.918102
3       1.996473
4      -1.176082
          ...   
1916    0.736577
1917    1.155058
1918   -1.877222
1919   -0.587034
1920   -0.602196
Name: obs-prior, Length: 1921, dtype: float64
0      -0.245879
1      -1.991315
2      -0.918102
3       1.996473
4      -1.176082
          ...   
1916    0.736577
1917    1.155058
1918   -1.877222
1919   -0.587034
1920   -0.602196
Name: obs-prior, Length: 1921, dtype: float64
0      -0.245879
1      -1.991315
2      -0.918102
3       1.996473
4      -1.176082
          ...   
1916    0.736577
1917    1.155058
1918   -1.877222
1919   -0.587034
1920   -0.602196
Name: obs-prior, Length: 1921, dtype: float64
0      -0.245879
1      -1.991315
2      -0.918102
3       1.996473
4      -1.176082
          ...   
1916    0.736577
1917    1.155058
1918   -1.877222
1919   -0.587034
1920   -0.602196
Name: obs-prior, Length: 1921, dtype: float64
0      -0.245879
1      -1.991315
2      -0.918102
3       1.996473
4      -1.176082
          ...   
1916    0.736577
1917    1.155058
1918   -1.877222
1919   -0.587034
1920   -0.602196
Name: obs-prior, Length: 1921, dtype: float64
 region:  NH
0      -0.245879
1      -1.991315
2      -0.918102
3      -1.176082
4       2.286525
          ...   
1006    0.564863
1007    0.736577
1008    1.155058
1009   -0.587034
1010   -0.602196
Name: obs-prior, Length: 1011, dtype: float64
0      -0.245879
1      -1.991315
2      -0.918102
3      -1.176082
4       2.286525
          ...   
1006    0.564863
1007    0.736577
1008    1.155058
1009   -0.587034
1010   -0.602196
Name: obs-prior, Length: 1011, dtype: float64
0      -0.245879
1      -1.991315
2      -0.918102
3      -1.176082
4       2.286525
          ...   
1006    0.564863
1007    0.736577
1008    1.155058
1009   -0.587034
1010   -0.602196
Name: obs-prior, Length: 1011, dtype: float64
0      -0.245879
1      -1.991315
2      -0.918102
3      -1.176082
4       2.286525
          ...   
1006    0.564863
1007    0.736577
1008    1.155058
1009   -0.587034
1010   -0.602196
Name: obs-prior, Length: 1011, dtype: float64
0      -0.245879
1      -1.991315
2      -0.918102
3      -1.176082
4       2.286525
          ...   
1006    0.564863
1007    0.736577
1008    1.155058
1009   -0.587034
1010   -0.602196
Name: obs-prior, Length: 1011, dtype: float64
0      -0.245879
1      -1.991315
2      -0.918102
3      -1.176082
4       2.286525
          ...   
1006    0.564863
1007    0.736577
1008    1.155058
1009   -0.587034
1010   -0.602196
Name: obs-prior, Length: 1011, dtype: float64
0      -0.245879
1      -1.991315
2      -0.918102
3      -1.176082
4       2.286525
          ...   
1006    0.564863
1007    0.736577
1008    1.155058
1009   -0.587034
1010   -0.602196
Name: obs-prior, Length: 1011, dtype: float64
0      -0.245879
1      -1.991315
2      -0.918102
3      -1.176082
4       2.286525
          ...   
1006    0.564863
1007    0.736577
1008    1.155058
1009   -0.587034
1010   -0.602196
Name: obs-prior, Length: 1011, dtype: float64
0      -0.245879
1      -1.991315
2      -0.918102
3      -1.176082
4       2.286525
          ...   
1006    0.564863
1007    0.736577
1008    1.155058
1009   -0.587034
1010   -0.602196
Name: obs-prior, Length: 1011, dtype: float64
0      -0.245879
1      -1.991315
2      -0.918102
3      -1.176082
4       2.286525
          ...   
1006    0.564863
1007    0.736577
1008    1.155058
1009   -0.587034
1010   -0.602196
Name: obs-prior, Length: 1011, dtype: float64
0      -0.245879
1      -1.991315
2      -0.918102
3      -1.176082
4       2.286525
          ...   
1006    0.564863
1007    0.736577
1008    1.155058
1009   -0.587034
1010   -0.602196
Name: obs-prior, Length: 1011, dtype: float64
0      -0.245879
1      -1.991315
2      -0.918102
3      -1.176082
4       2.286525
          ...   
1006    0.564863
1007    0.736577
1008    1.155058
1009   -0.587034
1010   -0.602196
Name: obs-prior, Length: 1011, dtype: float64
0      -0.245879
1      -1.991315
2      -0.918102
3      -1.176082
4       2.286525
          ...   
1006    0.564863
1007    0.736577
1008    1.155058
1009   -0.587034
1010   -0.602196
Name: obs-prior, Length: 1011, dtype: float64
0      -0.245879
1      -1.991315
2      -0.918102
3      -1.176082
4       2.286525
          ...   
1006    0.564863
1007    0.736577
1008    1.155058
1009   -0.587034
1010   -0.602196
Name: obs-prior, Length: 1011, dtype: float64
0      -0.245879
1      -1.991315
2      -0.918102
3      -1.176082
4       2.286525
          ...   
1006    0.564863
1007    0.736577
1008    1.155058
1009   -0.587034
1010   -0.602196
Name: obs-prior, Length: 1011, dtype: float64
0      -0.245879
1      -1.991315
2      -0.918102
3      -1.176082
4       2.286525
          ...   
1006    0.564863
1007    0.736577
1008    1.155058
1009   -0.587034
1010   -0.602196
Name: obs-prior, Length: 1011, dtype: float64
0      -0.245879
1      -1.991315
2      -0.918102
3      -1.176082
4       2.286525
          ...   
1006    0.564863
1007    0.736577
1008    1.155058
1009   -0.587034
1010   -0.602196
Name: obs-prior, Length: 1011, dtype: float64
0      -0.245879
1      -1.991315
2      -0.918102
3      -1.176082
4       2.286525
          ...   
1006    0.564863
1007    0.736577
1008    1.155058
1009   -0.587034
1010   -0.602196
Name: obs-prior, Length: 1011, dtype: float64
 region:  SH
0      0.437972
1     -1.817824
2     -1.238656
3     -0.858420
4     -2.230519
         ...   
371    2.518118
372    0.448869
373    0.611132
374    2.874360
375   -1.877222
Name: obs-prior, Length: 376, dtype: float64
0      0.437972
1     -1.817824
2     -1.238656
3     -0.858420
4     -2.230519
         ...   
371    2.518118
372    0.448869
373    0.611132
374    2.874360
375   -1.877222
Name: obs-prior, Length: 376, dtype: float64
0      0.437972
1     -1.817824
2     -1.238656
3     -0.858420
4     -2.230519
         ...   
371    2.518118
372    0.448869
373    0.611132
374    2.874360
375   -1.877222
Name: obs-prior, Length: 376, dtype: float64
0      0.437972
1     -1.817824
2     -1.238656
3     -0.858420
4     -2.230519
         ...   
371    2.518118
372    0.448869
373    0.611132
374    2.874360
375   -1.877222
Name: obs-prior, Length: 376, dtype: float64
0      0.437972
1     -1.817824
2     -1.238656
3     -0.858420
4     -2.230519
         ...   
371    2.518118
372    0.448869
373    0.611132
374    2.874360
375   -1.877222
Name: obs-prior, Length: 376, dtype: float64
0      0.437972
1     -1.817824
2     -1.238656
3     -0.858420
4     -2.230519
         ...   
371    2.518118
372    0.448869
373    0.611132
374    2.874360
375   -1.877222
Name: obs-prior, Length: 376, dtype: float64
0      0.437972
1     -1.817824
2     -1.238656
3     -0.858420
4     -2.230519
         ...   
371    2.518118
372    0.448869
373    0.611132
374    2.874360
375   -1.877222
Name: obs-prior, Length: 376, dtype: float64
0      0.437972
1     -1.817824
2     -1.238656
3     -0.858420
4     -2.230519
         ...   
371    2.518118
372    0.448869
373    0.611132
374    2.874360
375   -1.877222
Name: obs-prior, Length: 376, dtype: float64
0      0.437972
1     -1.817824
2     -1.238656
3     -0.858420
4     -2.230519
         ...   
371    2.518118
372    0.448869
373    0.611132
374    2.874360
375   -1.877222
Name: obs-prior, Length: 376, dtype: float64
0      0.437972
1     -1.817824
2     -1.238656
3     -0.858420
4     -2.230519
         ...   
371    2.518118
372    0.448869
373    0.611132
374    2.874360
375   -1.877222
Name: obs-prior, Length: 376, dtype: float64
0      0.437972
1     -1.817824
2     -1.238656
3     -0.858420
4     -2.230519
         ...   
371    2.518118
372    0.448869
373    0.611132
374    2.874360
375   -1.877222
Name: obs-prior, Length: 376, dtype: float64
0      0.437972
1     -1.817824
2     -1.238656
3     -0.858420
4     -2.230519
         ...   
371    2.518118
372    0.448869
373    0.611132
374    2.874360
375   -1.877222
Name: obs-prior, Length: 376, dtype: float64
0      0.437972
1     -1.817824
2     -1.238656
3     -0.858420
4     -2.230519
         ...   
371    2.518118
372    0.448869
373    0.611132
374    2.874360
375   -1.877222
Name: obs-prior, Length: 376, dtype: float64
0      0.437972
1     -1.817824
2     -1.238656
3     -0.858420
4     -2.230519
         ...   
371    2.518118
372    0.448869
373    0.611132
374    2.874360
375   -1.877222
Name: obs-prior, Length: 376, dtype: float64
0      0.437972
1     -1.817824
2     -1.238656
3     -0.858420
4     -2.230519
         ...   
371    2.518118
372    0.448869
373    0.611132
374    2.874360
375   -1.877222
Name: obs-prior, Length: 376, dtype: float64
0      0.437972
1     -1.817824
2     -1.238656
3     -0.858420
4     -2.230519
         ...   
371    2.518118
372    0.448869
373    0.611132
374    2.874360
375   -1.877222
Name: obs-prior, Length: 376, dtype: float64
0      0.437972
1     -1.817824
2     -1.238656
3     -0.858420
4     -2.230519
         ...   
371    2.518118
372    0.448869
373    0.611132
374    2.874360
375   -1.877222
Name: obs-prior, Length: 376, dtype: float64
 region:  TR
0      1.996473
1     -2.739270
2     -1.664556
3     -2.376596
4     -2.696347
         ...   
529   -0.950794
530    1.208139
531   -0.203671
532   -1.750435
533   -0.313601
Name: obs-prior, Length: 534, dtype: float64
0      1.996473
1     -2.739270
2     -1.664556
3     -2.376596
4     -2.696347
         ...   
529   -0.950794
530    1.208139
531   -0.203671
532   -1.750435
533   -0.313601
Name: obs-prior, Length: 534, dtype: float64
0      1.996473
1     -2.739270
2     -1.664556
3     -2.376596
4     -2.696347
         ...   
529   -0.950794
530    1.208139
531   -0.203671
532   -1.750435
533   -0.313601
Name: obs-prior, Length: 534, dtype: float64
0      1.996473
1     -2.739270
2     -1.664556
3     -2.376596
4     -2.696347
         ...   
529   -0.950794
530    1.208139
531   -0.203671
532   -1.750435
533   -0.313601
Name: obs-prior, Length: 534, dtype: float64
0      1.996473
1     -2.739270
2     -1.664556
3     -2.376596
4     -2.696347
         ...   
529   -0.950794
530    1.208139
531   -0.203671
532   -1.750435
533   -0.313601
Name: obs-prior, Length: 534, dtype: float64
0      1.996473
1     -2.739270
2     -1.664556
3     -2.376596
4     -2.696347
         ...   
529   -0.950794
530    1.208139
531   -0.203671
532   -1.750435
533   -0.313601
Name: obs-prior, Length: 534, dtype: float64
0      1.996473
1     -2.739270
2     -1.664556
3     -2.376596
4     -2.696347
         ...   
529   -0.950794
530    1.208139
531   -0.203671
532   -1.750435
533   -0.313601
Name: obs-prior, Length: 534, dtype: float64
0      1.996473
1     -2.739270
2     -1.664556
3     -2.376596
4     -2.696347
         ...   
529   -0.950794
530    1.208139
531   -0.203671
532   -1.750435
533   -0.313601
Name: obs-prior, Length: 534, dtype: float64
0      1.996473
1     -2.739270
2     -1.664556
3     -2.376596
4     -2.696347
         ...   
529   -0.950794
530    1.208139
531   -0.203671
532   -1.750435
533   -0.313601
Name: obs-prior, Length: 534, dtype: float64
0      1.996473
1     -2.739270
2     -1.664556
3     -2.376596
4     -2.696347
         ...   
529   -0.950794
530    1.208139
531   -0.203671
532   -1.750435
533   -0.313601
Name: obs-prior, Length: 534, dtype: float64
0      1.996473
1     -2.739270
2     -1.664556
3     -2.376596
4     -2.696347
         ...   
529   -0.950794
530    1.208139
531   -0.203671
532   -1.750435
533   -0.313601
Name: obs-prior, Length: 534, dtype: float64
0      1.996473
1     -2.739270
2     -1.664556
3     -2.376596
4     -2.696347
         ...   
529   -0.950794
530    1.208139
531   -0.203671
532   -1.750435
533   -0.313601
Name: obs-prior, Length: 534, dtype: float64
0      1.996473
1     -2.739270
2     -1.664556
3     -2.376596
4     -2.696347
         ...   
529   -0.950794
530    1.208139
531   -0.203671
532   -1.750435
533   -0.313601
Name: obs-prior, Length: 534, dtype: float64
0      1.996473
1     -2.739270
2     -1.664556
3     -2.376596
4     -2.696347
         ...   
529   -0.950794
530    1.208139
531   -0.203671
532   -1.750435
533   -0.313601
Name: obs-prior, Length: 534, dtype: float64
0      1.996473
1     -2.739270
2     -1.664556
3     -2.376596
4     -2.696347
         ...   
529   -0.950794
530    1.208139
531   -0.203671
532   -1.750435
533   -0.313601
Name: obs-prior, Length: 534, dtype: float64
0      1.996473
1     -2.739270
2     -1.664556
3     -2.376596
4     -2.696347
         ...   
529   -0.950794
530    1.208139
531   -0.203671
532   -1.750435
533   -0.313601
Name: obs-prior, Length: 534, dtype: float64
0      1.996473
1     -2.739270
2     -1.664556
3     -2.376596
4     -2.696347
         ...   
529   -0.950794
530    1.208139
531   -0.203671
532   -1.750435
533   -0.313601
Name: obs-prior, Length: 534, dtype: float64

 processing obs:  AIRCRAFT_V_WIND_COMPONENT
 region:  Global
0       1.460436
1       0.139086
2       0.814084
3      -0.511698
4      -2.641686
          ...   
1853   -2.579425
1854   -1.951474
1855   -1.639188
1856   -0.612933
1857   -1.845721
Name: obs-prior, Length: 1858, dtype: float64
0       1.460436
1       0.139086
2       0.814084
3      -0.511698
4      -2.641686
          ...   
1853   -2.579425
1854   -1.951474
1855   -1.639188
1856   -0.612933
1857   -1.845721
Name: obs-prior, Length: 1858, dtype: float64
0       1.460436
1       0.139086
2       0.814084
3      -0.511698
4      -2.641686
          ...   
1853   -2.579425
1854   -1.951474
1855   -1.639188
1856   -0.612933
1857   -1.845721
Name: obs-prior, Length: 1858, dtype: float64
0       1.460436
1       0.139086
2       0.814084
3      -0.511698
4      -2.641686
          ...   
1853   -2.579425
1854   -1.951474
1855   -1.639188
1856   -0.612933
1857   -1.845721
Name: obs-prior, Length: 1858, dtype: float64
0       1.460436
1       0.139086
2       0.814084
3      -0.511698
4      -2.641686
          ...   
1853   -2.579425
1854   -1.951474
1855   -1.639188
1856   -0.612933
1857   -1.845721
Name: obs-prior, Length: 1858, dtype: float64
0       1.460436
1       0.139086
2       0.814084
3      -0.511698
4      -2.641686
          ...   
1853   -2.579425
1854   -1.951474
1855   -1.639188
1856   -0.612933
1857   -1.845721
Name: obs-prior, Length: 1858, dtype: float64
0       1.460436
1       0.139086
2       0.814084
3      -0.511698
4      -2.641686
          ...   
1853   -2.579425
1854   -1.951474
1855   -1.639188
1856   -0.612933
1857   -1.845721
Name: obs-prior, Length: 1858, dtype: float64
0       1.460436
1       0.139086
2       0.814084
3      -0.511698
4      -2.641686
          ...   
1853   -2.579425
1854   -1.951474
1855   -1.639188
1856   -0.612933
1857   -1.845721
Name: obs-prior, Length: 1858, dtype: float64
0       1.460436
1       0.139086
2       0.814084
3      -0.511698
4      -2.641686
          ...   
1853   -2.579425
1854   -1.951474
1855   -1.639188
1856   -0.612933
1857   -1.845721
Name: obs-prior, Length: 1858, dtype: float64
0       1.460436
1       0.139086
2       0.814084
3      -0.511698
4      -2.641686
          ...   
1853   -2.579425
1854   -1.951474
1855   -1.639188
1856   -0.612933
1857   -1.845721
Name: obs-prior, Length: 1858, dtype: float64
0       1.460436
1       0.139086
2       0.814084
3      -0.511698
4      -2.641686
          ...   
1853   -2.579425
1854   -1.951474
1855   -1.639188
1856   -0.612933
1857   -1.845721
Name: obs-prior, Length: 1858, dtype: float64
0       1.460436
1       0.139086
2       0.814084
3      -0.511698
4      -2.641686
          ...   
1853   -2.579425
1854   -1.951474
1855   -1.639188
1856   -0.612933
1857   -1.845721
Name: obs-prior, Length: 1858, dtype: float64
0       1.460436
1       0.139086
2       0.814084
3      -0.511698
4      -2.641686
          ...   
1853   -2.579425
1854   -1.951474
1855   -1.639188
1856   -0.612933
1857   -1.845721
Name: obs-prior, Length: 1858, dtype: float64
0       1.460436
1       0.139086
2       0.814084
3      -0.511698
4      -2.641686
          ...   
1853   -2.579425
1854   -1.951474
1855   -1.639188
1856   -0.612933
1857   -1.845721
Name: obs-prior, Length: 1858, dtype: float64
0       1.460436
1       0.139086
2       0.814084
3      -0.511698
4      -2.641686
          ...   
1853   -2.579425
1854   -1.951474
1855   -1.639188
1856   -0.612933
1857   -1.845721
Name: obs-prior, Length: 1858, dtype: float64
0       1.460436
1       0.139086
2       0.814084
3      -0.511698
4      -2.641686
          ...   
1853   -2.579425
1854   -1.951474
1855   -1.639188
1856   -0.612933
1857   -1.845721
Name: obs-prior, Length: 1858, dtype: float64
0       1.460436
1       0.139086
2       0.814084
3      -0.511698
4      -2.641686
          ...   
1853   -2.579425
1854   -1.951474
1855   -1.639188
1856   -0.612933
1857   -1.845721
Name: obs-prior, Length: 1858, dtype: float64
0       1.460436
1       0.139086
2       0.814084
3      -0.511698
4      -2.641686
          ...   
1853   -2.579425
1854   -1.951474
1855   -1.639188
1856   -0.612933
1857   -1.845721
Name: obs-prior, Length: 1858, dtype: float64
 region:  NH
0     -2.641686
1      0.433806
2     -1.511543
3      2.084210
4      2.281382
         ...   
846    2.862222
847   -1.291086
848    0.608001
849   -2.579425
850   -1.845721
Name: obs-prior, Length: 851, dtype: float64
0     -2.641686
1      0.433806
2     -1.511543
3      2.084210
4      2.281382
         ...   
846    2.862222
847   -1.291086
848    0.608001
849   -2.579425
850   -1.845721
Name: obs-prior, Length: 851, dtype: float64
0     -2.641686
1      0.433806
2     -1.511543
3      2.084210
4      2.281382
         ...   
846    2.862222
847   -1.291086
848    0.608001
849   -2.579425
850   -1.845721
Name: obs-prior, Length: 851, dtype: float64
0     -2.641686
1      0.433806
2     -1.511543
3      2.084210
4      2.281382
         ...   
846    2.862222
847   -1.291086
848    0.608001
849   -2.579425
850   -1.845721
Name: obs-prior, Length: 851, dtype: float64
0     -2.641686
1      0.433806
2     -1.511543
3      2.084210
4      2.281382
         ...   
846    2.862222
847   -1.291086
848    0.608001
849   -2.579425
850   -1.845721
Name: obs-prior, Length: 851, dtype: float64
0     -2.641686
1      0.433806
2     -1.511543
3      2.084210
4      2.281382
         ...   
846    2.862222
847   -1.291086
848    0.608001
849   -2.579425
850   -1.845721
Name: obs-prior, Length: 851, dtype: float64
0     -2.641686
1      0.433806
2     -1.511543
3      2.084210
4      2.281382
         ...   
846    2.862222
847   -1.291086
848    0.608001
849   -2.579425
850   -1.845721
Name: obs-prior, Length: 851, dtype: float64
0     -2.641686
1      0.433806
2     -1.511543
3      2.084210
4      2.281382
         ...   
846    2.862222
847   -1.291086
848    0.608001
849   -2.579425
850   -1.845721
Name: obs-prior, Length: 851, dtype: float64
0     -2.641686
1      0.433806
2     -1.511543
3      2.084210
4      2.281382
         ...   
846    2.862222
847   -1.291086
848    0.608001
849   -2.579425
850   -1.845721
Name: obs-prior, Length: 851, dtype: float64
0     -2.641686
1      0.433806
2     -1.511543
3      2.084210
4      2.281382
         ...   
846    2.862222
847   -1.291086
848    0.608001
849   -2.579425
850   -1.845721
Name: obs-prior, Length: 851, dtype: float64
0     -2.641686
1      0.433806
2     -1.511543
3      2.084210
4      2.281382
         ...   
846    2.862222
847   -1.291086
848    0.608001
849   -2.579425
850   -1.845721
Name: obs-prior, Length: 851, dtype: float64
0     -2.641686
1      0.433806
2     -1.511543
3      2.084210
4      2.281382
         ...   
846    2.862222
847   -1.291086
848    0.608001
849   -2.579425
850   -1.845721
Name: obs-prior, Length: 851, dtype: float64
0     -2.641686
1      0.433806
2     -1.511543
3      2.084210
4      2.281382
         ...   
846    2.862222
847   -1.291086
848    0.608001
849   -2.579425
850   -1.845721
Name: obs-prior, Length: 851, dtype: float64
0     -2.641686
1      0.433806
2     -1.511543
3      2.084210
4      2.281382
         ...   
846    2.862222
847   -1.291086
848    0.608001
849   -2.579425
850   -1.845721
Name: obs-prior, Length: 851, dtype: float64
0     -2.641686
1      0.433806
2     -1.511543
3      2.084210
4      2.281382
         ...   
846    2.862222
847   -1.291086
848    0.608001
849   -2.579425
850   -1.845721
Name: obs-prior, Length: 851, dtype: float64
0     -2.641686
1      0.433806
2     -1.511543
3      2.084210
4      2.281382
         ...   
846    2.862222
847   -1.291086
848    0.608001
849   -2.579425
850   -1.845721
Name: obs-prior, Length: 851, dtype: float64
0     -2.641686
1      0.433806
2     -1.511543
3      2.084210
4      2.281382
         ...   
846    2.862222
847   -1.291086
848    0.608001
849   -2.579425
850   -1.845721
Name: obs-prior, Length: 851, dtype: float64
0     -2.641686
1      0.433806
2     -1.511543
3      2.084210
4      2.281382
         ...   
846    2.862222
847   -1.291086
848    0.608001
849   -2.579425
850   -1.845721
Name: obs-prior, Length: 851, dtype: float64
 region:  SH
0     -3.174757
1      1.208919
2      4.527889
3      2.859937
4      0.763502
         ...   
449    1.682438
450    0.798207
451   -1.951474
452   -1.639188
453   -0.612933
Name: obs-prior, Length: 454, dtype: float64
0     -3.174757
1      1.208919
2      4.527889
3      2.859937
4      0.763502
         ...   
449    1.682438
450    0.798207
451   -1.951474
452   -1.639188
453   -0.612933
Name: obs-prior, Length: 454, dtype: float64
0     -3.174757
1      1.208919
2      4.527889
3      2.859937
4      0.763502
         ...   
449    1.682438
450    0.798207
451   -1.951474
452   -1.639188
453   -0.612933
Name: obs-prior, Length: 454, dtype: float64
0     -3.174757
1      1.208919
2      4.527889
3      2.859937
4      0.763502
         ...   
449    1.682438
450    0.798207
451   -1.951474
452   -1.639188
453   -0.612933
Name: obs-prior, Length: 454, dtype: float64
0     -3.174757
1      1.208919
2      4.527889
3      2.859937
4      0.763502
         ...   
449    1.682438
450    0.798207
451   -1.951474
452   -1.639188
453   -0.612933
Name: obs-prior, Length: 454, dtype: float64
0     -3.174757
1      1.208919
2      4.527889
3      2.859937
4      0.763502
         ...   
449    1.682438
450    0.798207
451   -1.951474
452   -1.639188
453   -0.612933
Name: obs-prior, Length: 454, dtype: float64
0     -3.174757
1      1.208919
2      4.527889
3      2.859937
4      0.763502
         ...   
449    1.682438
450    0.798207
451   -1.951474
452   -1.639188
453   -0.612933
Name: obs-prior, Length: 454, dtype: float64
0     -3.174757
1      1.208919
2      4.527889
3      2.859937
4      0.763502
         ...   
449    1.682438
450    0.798207
451   -1.951474
452   -1.639188
453   -0.612933
Name: obs-prior, Length: 454, dtype: float64
0     -3.174757
1      1.208919
2      4.527889
3      2.859937
4      0.763502
         ...   
449    1.682438
450    0.798207
451   -1.951474
452   -1.639188
453   -0.612933
Name: obs-prior, Length: 454, dtype: float64
0     -3.174757
1      1.208919
2      4.527889
3      2.859937
4      0.763502
         ...   
449    1.682438
450    0.798207
451   -1.951474
452   -1.639188
453   -0.612933
Name: obs-prior, Length: 454, dtype: float64
0     -3.174757
1      1.208919
2      4.527889
3      2.859937
4      0.763502
         ...   
449    1.682438
450    0.798207
451   -1.951474
452   -1.639188
453   -0.612933
Name: obs-prior, Length: 454, dtype: float64
0     -3.174757
1      1.208919
2      4.527889
3      2.859937
4      0.763502
         ...   
449    1.682438
450    0.798207
451   -1.951474
452   -1.639188
453   -0.612933
Name: obs-prior, Length: 454, dtype: float64
0     -3.174757
1      1.208919
2      4.527889
3      2.859937
4      0.763502
         ...   
449    1.682438
450    0.798207
451   -1.951474
452   -1.639188
453   -0.612933
Name: obs-prior, Length: 454, dtype: float64
0     -3.174757
1      1.208919
2      4.527889
3      2.859937
4      0.763502
         ...   
449    1.682438
450    0.798207
451   -1.951474
452   -1.639188
453   -0.612933
Name: obs-prior, Length: 454, dtype: float64
0     -3.174757
1      1.208919
2      4.527889
3      2.859937
4      0.763502
         ...   
449    1.682438
450    0.798207
451   -1.951474
452   -1.639188
453   -0.612933
Name: obs-prior, Length: 454, dtype: float64
0     -3.174757
1      1.208919
2      4.527889
3      2.859937
4      0.763502
         ...   
449    1.682438
450    0.798207
451   -1.951474
452   -1.639188
453   -0.612933
Name: obs-prior, Length: 454, dtype: float64
0     -3.174757
1      1.208919
2      4.527889
3      2.859937
4      0.763502
         ...   
449    1.682438
450    0.798207
451   -1.951474
452   -1.639188
453   -0.612933
Name: obs-prior, Length: 454, dtype: float64
 region:  TR
0      1.460436
1      0.139086
2      0.814084
3     -0.511698
4      1.300721
         ...   
548    2.188540
549   -2.982595
550    1.250191
551    2.090849
552   -1.438708
Name: obs-prior, Length: 553, dtype: float64
0      1.460436
1      0.139086
2      0.814084
3     -0.511698
4      1.300721
         ...   
548    2.188540
549   -2.982595
550    1.250191
551    2.090849
552   -1.438708
Name: obs-prior, Length: 553, dtype: float64
0      1.460436
1      0.139086
2      0.814084
3     -0.511698
4      1.300721
         ...   
548    2.188540
549   -2.982595
550    1.250191
551    2.090849
552   -1.438708
Name: obs-prior, Length: 553, dtype: float64
0      1.460436
1      0.139086
2      0.814084
3     -0.511698
4      1.300721
         ...   
548    2.188540
549   -2.982595
550    1.250191
551    2.090849
552   -1.438708
Name: obs-prior, Length: 553, dtype: float64
0      1.460436
1      0.139086
2      0.814084
3     -0.511698
4      1.300721
         ...   
548    2.188540
549   -2.982595
550    1.250191
551    2.090849
552   -1.438708
Name: obs-prior, Length: 553, dtype: float64
0      1.460436
1      0.139086
2      0.814084
3     -0.511698
4      1.300721
         ...   
548    2.188540
549   -2.982595
550    1.250191
551    2.090849
552   -1.438708
Name: obs-prior, Length: 553, dtype: float64
0      1.460436
1      0.139086
2      0.814084
3     -0.511698
4      1.300721
         ...   
548    2.188540
549   -2.982595
550    1.250191
551    2.090849
552   -1.438708
Name: obs-prior, Length: 553, dtype: float64
0      1.460436
1      0.139086
2      0.814084
3     -0.511698
4      1.300721
         ...   
548    2.188540
549   -2.982595
550    1.250191
551    2.090849
552   -1.438708
Name: obs-prior, Length: 553, dtype: float64
0      1.460436
1      0.139086
2      0.814084
3     -0.511698
4      1.300721
         ...   
548    2.188540
549   -2.982595
550    1.250191
551    2.090849
552   -1.438708
Name: obs-prior, Length: 553, dtype: float64
0      1.460436
1      0.139086
2      0.814084
3     -0.511698
4      1.300721
         ...   
548    2.188540
549   -2.982595
550    1.250191
551    2.090849
552   -1.438708
Name: obs-prior, Length: 553, dtype: float64
0      1.460436
1      0.139086
2      0.814084
3     -0.511698
4      1.300721
         ...   
548    2.188540
549   -2.982595
550    1.250191
551    2.090849
552   -1.438708
Name: obs-prior, Length: 553, dtype: float64
0      1.460436
1      0.139086
2      0.814084
3     -0.511698
4      1.300721
         ...   
548    2.188540
549   -2.982595
550    1.250191
551    2.090849
552   -1.438708
Name: obs-prior, Length: 553, dtype: float64
0      1.460436
1      0.139086
2      0.814084
3     -0.511698
4      1.300721
         ...   
548    2.188540
549   -2.982595
550    1.250191
551    2.090849
552   -1.438708
Name: obs-prior, Length: 553, dtype: float64
0      1.460436
1      0.139086
2      0.814084
3     -0.511698
4      1.300721
         ...   
548    2.188540
549   -2.982595
550    1.250191
551    2.090849
552   -1.438708
Name: obs-prior, Length: 553, dtype: float64
0      1.460436
1      0.139086
2      0.814084
3     -0.511698
4      1.300721
         ...   
548    2.188540
549   -2.982595
550    1.250191
551    2.090849
552   -1.438708
Name: obs-prior, Length: 553, dtype: float64
0      1.460436
1      0.139086
2      0.814084
3     -0.511698
4      1.300721
         ...   
548    2.188540
549   -2.982595
550    1.250191
551    2.090849
552   -1.438708
Name: obs-prior, Length: 553, dtype: float64
0      1.460436
1      0.139086
2      0.814084
3     -0.511698
4      1.300721
         ...   
548    2.188540
549   -2.982595
550    1.250191
551    2.090849
552   -1.438708
Name: obs-prior, Length: 553, dtype: float64

 processing obs:  AIRCRAFT_TEMPERATURE
 region:  Global
0       0.110434
1      -0.277969
2      -0.042621
3      -1.114456
4      -1.028109
          ...   
1852    1.151019
1853   -0.249096
1854   -0.241409
1855    0.213031
1856    0.268708
Name: obs-prior, Length: 1857, dtype: float64
0       0.110434
1      -0.277969
2      -0.042621
3      -1.114456
4      -1.028109
          ...   
1852    1.151019
1853   -0.249096
1854   -0.241409
1855    0.213031
1856    0.268708
Name: obs-prior, Length: 1857, dtype: float64
0       0.110434
1      -0.277969
2      -0.042621
3      -1.114456
4      -1.028109
          ...   
1852    1.151019
1853   -0.249096
1854   -0.241409
1855    0.213031
1856    0.268708
Name: obs-prior, Length: 1857, dtype: float64
0       0.110434
1      -0.277969
2      -0.042621
3      -1.114456
4      -1.028109
          ...   
1852    1.151019
1853   -0.249096
1854   -0.241409
1855    0.213031
1856    0.268708
Name: obs-prior, Length: 1857, dtype: float64
0       0.110434
1      -0.277969
2      -0.042621
3      -1.114456
4      -1.028109
          ...   
1852    1.151019
1853   -0.249096
1854   -0.241409
1855    0.213031
1856    0.268708
Name: obs-prior, Length: 1857, dtype: float64
0       0.110434
1      -0.277969
2      -0.042621
3      -1.114456
4      -1.028109
          ...   
1852    1.151019
1853   -0.249096
1854   -0.241409
1855    0.213031
1856    0.268708
Name: obs-prior, Length: 1857, dtype: float64
0       0.110434
1      -0.277969
2      -0.042621
3      -1.114456
4      -1.028109
          ...   
1852    1.151019
1853   -0.249096
1854   -0.241409
1855    0.213031
1856    0.268708
Name: obs-prior, Length: 1857, dtype: float64
0       0.110434
1      -0.277969
2      -0.042621
3      -1.114456
4      -1.028109
          ...   
1852    1.151019
1853   -0.249096
1854   -0.241409
1855    0.213031
1856    0.268708
Name: obs-prior, Length: 1857, dtype: float64
0       0.110434
1      -0.277969
2      -0.042621
3      -1.114456
4      -1.028109
          ...   
1852    1.151019
1853   -0.249096
1854   -0.241409
1855    0.213031
1856    0.268708
Name: obs-prior, Length: 1857, dtype: float64
0       0.110434
1      -0.277969
2      -0.042621
3      -1.114456
4      -1.028109
          ...   
1852    1.151019
1853   -0.249096
1854   -0.241409
1855    0.213031
1856    0.268708
Name: obs-prior, Length: 1857, dtype: float64
0       0.110434
1      -0.277969
2      -0.042621
3      -1.114456
4      -1.028109
          ...   
1852    1.151019
1853   -0.249096
1854   -0.241409
1855    0.213031
1856    0.268708
Name: obs-prior, Length: 1857, dtype: float64
0       0.110434
1      -0.277969
2      -0.042621
3      -1.114456
4      -1.028109
          ...   
1852    1.151019
1853   -0.249096
1854   -0.241409
1855    0.213031
1856    0.268708
Name: obs-prior, Length: 1857, dtype: float64
0       0.110434
1      -0.277969
2      -0.042621
3      -1.114456
4      -1.028109
          ...   
1852    1.151019
1853   -0.249096
1854   -0.241409
1855    0.213031
1856    0.268708
Name: obs-prior, Length: 1857, dtype: float64
0       0.110434
1      -0.277969
2      -0.042621
3      -1.114456
4      -1.028109
          ...   
1852    1.151019
1853   -0.249096
1854   -0.241409
1855    0.213031
1856    0.268708
Name: obs-prior, Length: 1857, dtype: float64
0       0.110434
1      -0.277969
2      -0.042621
3      -1.114456
4      -1.028109
          ...   
1852    1.151019
1853   -0.249096
1854   -0.241409
1855    0.213031
1856    0.268708
Name: obs-prior, Length: 1857, dtype: float64
0       0.110434
1      -0.277969
2      -0.042621
3      -1.114456
4      -1.028109
          ...   
1852    1.151019
1853   -0.249096
1854   -0.241409
1855    0.213031
1856    0.268708
Name: obs-prior, Length: 1857, dtype: float64
0       0.110434
1      -0.277969
2      -0.042621
3      -1.114456
4      -1.028109
          ...   
1852    1.151019
1853   -0.249096
1854   -0.241409
1855    0.213031
1856    0.268708
Name: obs-prior, Length: 1857, dtype: float64
0       0.110434
1      -0.277969
2      -0.042621
3      -1.114456
4      -1.028109
          ...   
1852    1.151019
1853   -0.249096
1854   -0.241409
1855    0.213031
1856    0.268708
Name: obs-prior, Length: 1857, dtype: float64
 region:  NH
0     -1.028109
1      0.003526
2      0.992606
3      0.753603
4      0.061482
         ...   
927    0.805739
928    0.042675
929   -1.052486
930    1.151019
931    0.268708
Name: obs-prior, Length: 932, dtype: float64
0     -1.028109
1      0.003526
2      0.992606
3      0.753603
4      0.061482
         ...   
927    0.805739
928    0.042675
929   -1.052486
930    1.151019
931    0.268708
Name: obs-prior, Length: 932, dtype: float64
0     -1.028109
1      0.003526
2      0.992606
3      0.753603
4      0.061482
         ...   
927    0.805739
928    0.042675
929   -1.052486
930    1.151019
931    0.268708
Name: obs-prior, Length: 932, dtype: float64
0     -1.028109
1      0.003526
2      0.992606
3      0.753603
4      0.061482
         ...   
927    0.805739
928    0.042675
929   -1.052486
930    1.151019
931    0.268708
Name: obs-prior, Length: 932, dtype: float64
0     -1.028109
1      0.003526
2      0.992606
3      0.753603
4      0.061482
         ...   
927    0.805739
928    0.042675
929   -1.052486
930    1.151019
931    0.268708
Name: obs-prior, Length: 932, dtype: float64
0     -1.028109
1      0.003526
2      0.992606
3      0.753603
4      0.061482
         ...   
927    0.805739
928    0.042675
929   -1.052486
930    1.151019
931    0.268708
Name: obs-prior, Length: 932, dtype: float64
0     -1.028109
1      0.003526
2      0.992606
3      0.753603
4      0.061482
         ...   
927    0.805739
928    0.042675
929   -1.052486
930    1.151019
931    0.268708
Name: obs-prior, Length: 932, dtype: float64
0     -1.028109
1      0.003526
2      0.992606
3      0.753603
4      0.061482
         ...   
927    0.805739
928    0.042675
929   -1.052486
930    1.151019
931    0.268708
Name: obs-prior, Length: 932, dtype: float64
0     -1.028109
1      0.003526
2      0.992606
3      0.753603
4      0.061482
         ...   
927    0.805739
928    0.042675
929   -1.052486
930    1.151019
931    0.268708
Name: obs-prior, Length: 932, dtype: float64
0     -1.028109
1      0.003526
2      0.992606
3      0.753603
4      0.061482
         ...   
927    0.805739
928    0.042675
929   -1.052486
930    1.151019
931    0.268708
Name: obs-prior, Length: 932, dtype: float64
0     -1.028109
1      0.003526
2      0.992606
3      0.753603
4      0.061482
         ...   
927    0.805739
928    0.042675
929   -1.052486
930    1.151019
931    0.268708
Name: obs-prior, Length: 932, dtype: float64
0     -1.028109
1      0.003526
2      0.992606
3      0.753603
4      0.061482
         ...   
927    0.805739
928    0.042675
929   -1.052486
930    1.151019
931    0.268708
Name: obs-prior, Length: 932, dtype: float64
0     -1.028109
1      0.003526
2      0.992606
3      0.753603
4      0.061482
         ...   
927    0.805739
928    0.042675
929   -1.052486
930    1.151019
931    0.268708
Name: obs-prior, Length: 932, dtype: float64
0     -1.028109
1      0.003526
2      0.992606
3      0.753603
4      0.061482
         ...   
927    0.805739
928    0.042675
929   -1.052486
930    1.151019
931    0.268708
Name: obs-prior, Length: 932, dtype: float64
0     -1.028109
1      0.003526
2      0.992606
3      0.753603
4      0.061482
         ...   
927    0.805739
928    0.042675
929   -1.052486
930    1.151019
931    0.268708
Name: obs-prior, Length: 932, dtype: float64
0     -1.028109
1      0.003526
2      0.992606
3      0.753603
4      0.061482
         ...   
927    0.805739
928    0.042675
929   -1.052486
930    1.151019
931    0.268708
Name: obs-prior, Length: 932, dtype: float64
0     -1.028109
1      0.003526
2      0.992606
3      0.753603
4      0.061482
         ...   
927    0.805739
928    0.042675
929   -1.052486
930    1.151019
931    0.268708
Name: obs-prior, Length: 932, dtype: float64
0     -1.028109
1      0.003526
2      0.992606
3      0.753603
4      0.061482
         ...   
927    0.805739
928    0.042675
929   -1.052486
930    1.151019
931    0.268708
Name: obs-prior, Length: 932, dtype: float64
 region:  SH
0      0.599073
1     -0.864006
2      1.188738
3      0.272761
4      0.576687
         ...   
377    0.448622
378    1.203530
379   -0.249096
380   -0.241409
381    0.213031
Name: obs-prior, Length: 382, dtype: float64
0      0.599073
1     -0.864006
2      1.188738
3      0.272761
4      0.576687
         ...   
377    0.448622
378    1.203530
379   -0.249096
380   -0.241409
381    0.213031
Name: obs-prior, Length: 382, dtype: float64
0      0.599073
1     -0.864006
2      1.188738
3      0.272761
4      0.576687
         ...   
377    0.448622
378    1.203530
379   -0.249096
380   -0.241409
381    0.213031
Name: obs-prior, Length: 382, dtype: float64
0      0.599073
1     -0.864006
2      1.188738
3      0.272761
4      0.576687
         ...   
377    0.448622
378    1.203530
379   -0.249096
380   -0.241409
381    0.213031
Name: obs-prior, Length: 382, dtype: float64
0      0.599073
1     -0.864006
2      1.188738
3      0.272761
4      0.576687
         ...   
377    0.448622
378    1.203530
379   -0.249096
380   -0.241409
381    0.213031
Name: obs-prior, Length: 382, dtype: float64
0      0.599073
1     -0.864006
2      1.188738
3      0.272761
4      0.576687
         ...   
377    0.448622
378    1.203530
379   -0.249096
380   -0.241409
381    0.213031
Name: obs-prior, Length: 382, dtype: float64
0      0.599073
1     -0.864006
2      1.188738
3      0.272761
4      0.576687
         ...   
377    0.448622
378    1.203530
379   -0.249096
380   -0.241409
381    0.213031
Name: obs-prior, Length: 382, dtype: float64
0      0.599073
1     -0.864006
2      1.188738
3      0.272761
4      0.576687
         ...   
377    0.448622
378    1.203530
379   -0.249096
380   -0.241409
381    0.213031
Name: obs-prior, Length: 382, dtype: float64
0      0.599073
1     -0.864006
2      1.188738
3      0.272761
4      0.576687
         ...   
377    0.448622
378    1.203530
379   -0.249096
380   -0.241409
381    0.213031
Name: obs-prior, Length: 382, dtype: float64
0      0.599073
1     -0.864006
2      1.188738
3      0.272761
4      0.576687
         ...   
377    0.448622
378    1.203530
379   -0.249096
380   -0.241409
381    0.213031
Name: obs-prior, Length: 382, dtype: float64
0      0.599073
1     -0.864006
2      1.188738
3      0.272761
4      0.576687
         ...   
377    0.448622
378    1.203530
379   -0.249096
380   -0.241409
381    0.213031
Name: obs-prior, Length: 382, dtype: float64
0      0.599073
1     -0.864006
2      1.188738
3      0.272761
4      0.576687
         ...   
377    0.448622
378    1.203530
379   -0.249096
380   -0.241409
381    0.213031
Name: obs-prior, Length: 382, dtype: float64
0      0.599073
1     -0.864006
2      1.188738
3      0.272761
4      0.576687
         ...   
377    0.448622
378    1.203530
379   -0.249096
380   -0.241409
381    0.213031
Name: obs-prior, Length: 382, dtype: float64
0      0.599073
1     -0.864006
2      1.188738
3      0.272761
4      0.576687
         ...   
377    0.448622
378    1.203530
379   -0.249096
380   -0.241409
381    0.213031
Name: obs-prior, Length: 382, dtype: float64
0      0.599073
1     -0.864006
2      1.188738
3      0.272761
4      0.576687
         ...   
377    0.448622
378    1.203530
379   -0.249096
380   -0.241409
381    0.213031
Name: obs-prior, Length: 382, dtype: float64
0      0.599073
1     -0.864006
2      1.188738
3      0.272761
4      0.576687
         ...   
377    0.448622
378    1.203530
379   -0.249096
380   -0.241409
381    0.213031
Name: obs-prior, Length: 382, dtype: float64
0      0.599073
1     -0.864006
2      1.188738
3      0.272761
4      0.576687
         ...   
377    0.448622
378    1.203530
379   -0.249096
380   -0.241409
381    0.213031
Name: obs-prior, Length: 382, dtype: float64
 region:  TR
0      0.110434
1     -0.277969
2     -0.042621
3     -1.114456
4     -0.490454
         ...   
538    0.602731
539    0.700736
540   -0.349742
541   -0.279171
542   -0.576876
Name: obs-prior, Length: 543, dtype: float64
0      0.110434
1     -0.277969
2     -0.042621
3     -1.114456
4     -0.490454
         ...   
538    0.602731
539    0.700736
540   -0.349742
541   -0.279171
542   -0.576876
Name: obs-prior, Length: 543, dtype: float64
0      0.110434
1     -0.277969
2     -0.042621
3     -1.114456
4     -0.490454
         ...   
538    0.602731
539    0.700736
540   -0.349742
541   -0.279171
542   -0.576876
Name: obs-prior, Length: 543, dtype: float64
0      0.110434
1     -0.277969
2     -0.042621
3     -1.114456
4     -0.490454
         ...   
538    0.602731
539    0.700736
540   -0.349742
541   -0.279171
542   -0.576876
Name: obs-prior, Length: 543, dtype: float64
0      0.110434
1     -0.277969
2     -0.042621
3     -1.114456
4     -0.490454
         ...   
538    0.602731
539    0.700736
540   -0.349742
541   -0.279171
542   -0.576876
Name: obs-prior, Length: 543, dtype: float64
0      0.110434
1     -0.277969
2     -0.042621
3     -1.114456
4     -0.490454
         ...   
538    0.602731
539    0.700736
540   -0.349742
541   -0.279171
542   -0.576876
Name: obs-prior, Length: 543, dtype: float64
0      0.110434
1     -0.277969
2     -0.042621
3     -1.114456
4     -0.490454
         ...   
538    0.602731
539    0.700736
540   -0.349742
541   -0.279171
542   -0.576876
Name: obs-prior, Length: 543, dtype: float64
0      0.110434
1     -0.277969
2     -0.042621
3     -1.114456
4     -0.490454
         ...   
538    0.602731
539    0.700736
540   -0.349742
541   -0.279171
542   -0.576876
Name: obs-prior, Length: 543, dtype: float64
0      0.110434
1     -0.277969
2     -0.042621
3     -1.114456
4     -0.490454
         ...   
538    0.602731
539    0.700736
540   -0.349742
541   -0.279171
542   -0.576876
Name: obs-prior, Length: 543, dtype: float64
0      0.110434
1     -0.277969
2     -0.042621
3     -1.114456
4     -0.490454
         ...   
538    0.602731
539    0.700736
540   -0.349742
541   -0.279171
542   -0.576876
Name: obs-prior, Length: 543, dtype: float64
0      0.110434
1     -0.277969
2     -0.042621
3     -1.114456
4     -0.490454
         ...   
538    0.602731
539    0.700736
540   -0.349742
541   -0.279171
542   -0.576876
Name: obs-prior, Length: 543, dtype: float64
0      0.110434
1     -0.277969
2     -0.042621
3     -1.114456
4     -0.490454
         ...   
538    0.602731
539    0.700736
540   -0.349742
541   -0.279171
542   -0.576876
Name: obs-prior, Length: 543, dtype: float64
0      0.110434
1     -0.277969
2     -0.042621
3     -1.114456
4     -0.490454
         ...   
538    0.602731
539    0.700736
540   -0.349742
541   -0.279171
542   -0.576876
Name: obs-prior, Length: 543, dtype: float64
0      0.110434
1     -0.277969
2     -0.042621
3     -1.114456
4     -0.490454
         ...   
538    0.602731
539    0.700736
540   -0.349742
541   -0.279171
542   -0.576876
Name: obs-prior, Length: 543, dtype: float64
0      0.110434
1     -0.277969
2     -0.042621
3     -1.114456
4     -0.490454
         ...   
538    0.602731
539    0.700736
540   -0.349742
541   -0.279171
542   -0.576876
Name: obs-prior, Length: 543, dtype: float64
0      0.110434
1     -0.277969
2     -0.042621
3     -1.114456
4     -0.490454
         ...   
538    0.602731
539    0.700736
540   -0.349742
541   -0.279171
542   -0.576876
Name: obs-prior, Length: 543, dtype: float64
0      0.110434
1     -0.277969
2     -0.042621
3     -1.114456
4     -0.490454
         ...   
538    0.602731
539    0.700736
540   -0.349742
541   -0.279171
542   -0.576876
Name: obs-prior, Length: 543, dtype: float64

 processing obs:  ACARS_U_WIND_COMPONENT
 region:  Global
0        0.275734
1        0.677570
2        0.419779
3        0.153973
4        0.265715
           ...   
37276    0.737948
37277    0.370524
37278   -2.691556
37279    1.322719
37280   -1.822453
Name: obs-prior, Length: 37281, dtype: float64
0        0.275734
1        0.677570
2        0.419779
3        0.153973
4        0.265715
           ...   
37276    0.737948
37277    0.370524
37278   -2.691556
37279    1.322719
37280   -1.822453
Name: obs-prior, Length: 37281, dtype: float64
0        0.275734
1        0.677570
2        0.419779
3        0.153973
4        0.265715
           ...   
37276    0.737948
37277    0.370524
37278   -2.691556
37279    1.322719
37280   -1.822453
Name: obs-prior, Length: 37281, dtype: float64
0        0.275734
1        0.677570
2        0.419779
3        0.153973
4        0.265715
           ...   
37276    0.737948
37277    0.370524
37278   -2.691556
37279    1.322719
37280   -1.822453
Name: obs-prior, Length: 37281, dtype: float64
0        0.275734
1        0.677570
2        0.419779
3        0.153973
4        0.265715
           ...   
37276    0.737948
37277    0.370524
37278   -2.691556
37279    1.322719
37280   -1.822453
Name: obs-prior, Length: 37281, dtype: float64
0        0.275734
1        0.677570
2        0.419779
3        0.153973
4        0.265715
           ...   
37276    0.737948
37277    0.370524
37278   -2.691556
37279    1.322719
37280   -1.822453
Name: obs-prior, Length: 37281, dtype: float64
0        0.275734
1        0.677570
2        0.419779
3        0.153973
4        0.265715
           ...   
37276    0.737948
37277    0.370524
37278   -2.691556
37279    1.322719
37280   -1.822453
Name: obs-prior, Length: 37281, dtype: float64
0        0.275734
1        0.677570
2        0.419779
3        0.153973
4        0.265715
           ...   
37276    0.737948
37277    0.370524
37278   -2.691556
37279    1.322719
37280   -1.822453
Name: obs-prior, Length: 37281, dtype: float64
0        0.275734
1        0.677570
2        0.419779
3        0.153973
4        0.265715
           ...   
37276    0.737948
37277    0.370524
37278   -2.691556
37279    1.322719
37280   -1.822453
Name: obs-prior, Length: 37281, dtype: float64
0        0.275734
1        0.677570
2        0.419779
3        0.153973
4        0.265715
           ...   
37276    0.737948
37277    0.370524
37278   -2.691556
37279    1.322719
37280   -1.822453
Name: obs-prior, Length: 37281, dtype: float64
0        0.275734
1        0.677570
2        0.419779
3        0.153973
4        0.265715
           ...   
37276    0.737948
37277    0.370524
37278   -2.691556
37279    1.322719
37280   -1.822453
Name: obs-prior, Length: 37281, dtype: float64
0        0.275734
1        0.677570
2        0.419779
3        0.153973
4        0.265715
           ...   
37276    0.737948
37277    0.370524
37278   -2.691556
37279    1.322719
37280   -1.822453
Name: obs-prior, Length: 37281, dtype: float64
0        0.275734
1        0.677570
2        0.419779
3        0.153973
4        0.265715
           ...   
37276    0.737948
37277    0.370524
37278   -2.691556
37279    1.322719
37280   -1.822453
Name: obs-prior, Length: 37281, dtype: float64
0        0.275734
1        0.677570
2        0.419779
3        0.153973
4        0.265715
           ...   
37276    0.737948
37277    0.370524
37278   -2.691556
37279    1.322719
37280   -1.822453
Name: obs-prior, Length: 37281, dtype: float64
0        0.275734
1        0.677570
2        0.419779
3        0.153973
4        0.265715
           ...   
37276    0.737948
37277    0.370524
37278   -2.691556
37279    1.322719
37280   -1.822453
Name: obs-prior, Length: 37281, dtype: float64
0        0.275734
1        0.677570
2        0.419779
3        0.153973
4        0.265715
           ...   
37276    0.737948
37277    0.370524
37278   -2.691556
37279    1.322719
37280   -1.822453
Name: obs-prior, Length: 37281, dtype: float64
0        0.275734
1        0.677570
2        0.419779
3        0.153973
4        0.265715
           ...   
37276    0.737948
37277    0.370524
37278   -2.691556
37279    1.322719
37280   -1.822453
Name: obs-prior, Length: 37281, dtype: float64
 region:  NH
0        0.275734
1        0.677570
2        0.419779
3        0.153973
4        0.265715
           ...   
28926   -2.379195
28927   -0.636562
28928    0.737948
28929    0.370524
28930   -2.691556
Name: obs-prior, Length: 28931, dtype: float64
0        0.275734
1        0.677570
2        0.419779
3        0.153973
4        0.265715
           ...   
28926   -2.379195
28927   -0.636562
28928    0.737948
28929    0.370524
28930   -2.691556
Name: obs-prior, Length: 28931, dtype: float64
0        0.275734
1        0.677570
2        0.419779
3        0.153973
4        0.265715
           ...   
28926   -2.379195
28927   -0.636562
28928    0.737948
28929    0.370524
28930   -2.691556
Name: obs-prior, Length: 28931, dtype: float64
0        0.275734
1        0.677570
2        0.419779
3        0.153973
4        0.265715
           ...   
28926   -2.379195
28927   -0.636562
28928    0.737948
28929    0.370524
28930   -2.691556
Name: obs-prior, Length: 28931, dtype: float64
0        0.275734
1        0.677570
2        0.419779
3        0.153973
4        0.265715
           ...   
28926   -2.379195
28927   -0.636562
28928    0.737948
28929    0.370524
28930   -2.691556
Name: obs-prior, Length: 28931, dtype: float64
0        0.275734
1        0.677570
2        0.419779
3        0.153973
4        0.265715
           ...   
28926   -2.379195
28927   -0.636562
28928    0.737948
28929    0.370524
28930   -2.691556
Name: obs-prior, Length: 28931, dtype: float64
0        0.275734
1        0.677570
2        0.419779
3        0.153973
4        0.265715
           ...   
28926   -2.379195
28927   -0.636562
28928    0.737948
28929    0.370524
28930   -2.691556
Name: obs-prior, Length: 28931, dtype: float64
0        0.275734
1        0.677570
2        0.419779
3        0.153973
4        0.265715
           ...   
28926   -2.379195
28927   -0.636562
28928    0.737948
28929    0.370524
28930   -2.691556
Name: obs-prior, Length: 28931, dtype: float64
0        0.275734
1        0.677570
2        0.419779
3        0.153973
4        0.265715
           ...   
28926   -2.379195
28927   -0.636562
28928    0.737948
28929    0.370524
28930   -2.691556
Name: obs-prior, Length: 28931, dtype: float64
0        0.275734
1        0.677570
2        0.419779
3        0.153973
4        0.265715
           ...   
28926   -2.379195
28927   -0.636562
28928    0.737948
28929    0.370524
28930   -2.691556
Name: obs-prior, Length: 28931, dtype: float64
0        0.275734
1        0.677570
2        0.419779
3        0.153973
4        0.265715
           ...   
28926   -2.379195
28927   -0.636562
28928    0.737948
28929    0.370524
28930   -2.691556
Name: obs-prior, Length: 28931, dtype: float64
0        0.275734
1        0.677570
2        0.419779
3        0.153973
4        0.265715
           ...   
28926   -2.379195
28927   -0.636562
28928    0.737948
28929    0.370524
28930   -2.691556
Name: obs-prior, Length: 28931, dtype: float64
0        0.275734
1        0.677570
2        0.419779
3        0.153973
4        0.265715
           ...   
28926   -2.379195
28927   -0.636562
28928    0.737948
28929    0.370524
28930   -2.691556
Name: obs-prior, Length: 28931, dtype: float64
0        0.275734
1        0.677570
2        0.419779
3        0.153973
4        0.265715
           ...   
28926   -2.379195
28927   -0.636562
28928    0.737948
28929    0.370524
28930   -2.691556
Name: obs-prior, Length: 28931, dtype: float64
0        0.275734
1        0.677570
2        0.419779
3        0.153973
4        0.265715
           ...   
28926   -2.379195
28927   -0.636562
28928    0.737948
28929    0.370524
28930   -2.691556
Name: obs-prior, Length: 28931, dtype: float64
0        0.275734
1        0.677570
2        0.419779
3        0.153973
4        0.265715
           ...   
28926   -2.379195
28927   -0.636562
28928    0.737948
28929    0.370524
28930   -2.691556
Name: obs-prior, Length: 28931, dtype: float64
0        0.275734
1        0.677570
2        0.419779
3        0.153973
4        0.265715
           ...   
28926   -2.379195
28927   -0.636562
28928    0.737948
28929    0.370524
28930   -2.691556
Name: obs-prior, Length: 28931, dtype: float64
 region:  SH
0     -3.662562
1      1.966118
2     -1.291903
3     -1.489795
4     -0.635425
         ...   
400   -3.053457
401   -0.528803
402    0.627058
403   -1.995401
404    0.404120
Name: obs-prior, Length: 405, dtype: float64
0     -3.662562
1      1.966118
2     -1.291903
3     -1.489795
4     -0.635425
         ...   
400   -3.053457
401   -0.528803
402    0.627058
403   -1.995401
404    0.404120
Name: obs-prior, Length: 405, dtype: float64
0     -3.662562
1      1.966118
2     -1.291903
3     -1.489795
4     -0.635425
         ...   
400   -3.053457
401   -0.528803
402    0.627058
403   -1.995401
404    0.404120
Name: obs-prior, Length: 405, dtype: float64
0     -3.662562
1      1.966118
2     -1.291903
3     -1.489795
4     -0.635425
         ...   
400   -3.053457
401   -0.528803
402    0.627058
403   -1.995401
404    0.404120
Name: obs-prior, Length: 405, dtype: float64
0     -3.662562
1      1.966118
2     -1.291903
3     -1.489795
4     -0.635425
         ...   
400   -3.053457
401   -0.528803
402    0.627058
403   -1.995401
404    0.404120
Name: obs-prior, Length: 405, dtype: float64
0     -3.662562
1      1.966118
2     -1.291903
3     -1.489795
4     -0.635425
         ...   
400   -3.053457
401   -0.528803
402    0.627058
403   -1.995401
404    0.404120
Name: obs-prior, Length: 405, dtype: float64
0     -3.662562
1      1.966118
2     -1.291903
3     -1.489795
4     -0.635425
         ...   
400   -3.053457
401   -0.528803
402    0.627058
403   -1.995401
404    0.404120
Name: obs-prior, Length: 405, dtype: float64
0     -3.662562
1      1.966118
2     -1.291903
3     -1.489795
4     -0.635425
         ...   
400   -3.053457
401   -0.528803
402    0.627058
403   -1.995401
404    0.404120
Name: obs-prior, Length: 405, dtype: float64
0     -3.662562
1      1.966118
2     -1.291903
3     -1.489795
4     -0.635425
         ...   
400   -3.053457
401   -0.528803
402    0.627058
403   -1.995401
404    0.404120
Name: obs-prior, Length: 405, dtype: float64
0     -3.662562
1      1.966118
2     -1.291903
3     -1.489795
4     -0.635425
         ...   
400   -3.053457
401   -0.528803
402    0.627058
403   -1.995401
404    0.404120
Name: obs-prior, Length: 405, dtype: float64
0     -3.662562
1      1.966118
2     -1.291903
3     -1.489795
4     -0.635425
         ...   
400   -3.053457
401   -0.528803
402    0.627058
403   -1.995401
404    0.404120
Name: obs-prior, Length: 405, dtype: float64
0     -3.662562
1      1.966118
2     -1.291903
3     -1.489795
4     -0.635425
         ...   
400   -3.053457
401   -0.528803
402    0.627058
403   -1.995401
404    0.404120
Name: obs-prior, Length: 405, dtype: float64
0     -3.662562
1      1.966118
2     -1.291903
3     -1.489795
4     -0.635425
         ...   
400   -3.053457
401   -0.528803
402    0.627058
403   -1.995401
404    0.404120
Name: obs-prior, Length: 405, dtype: float64
0     -3.662562
1      1.966118
2     -1.291903
3     -1.489795
4     -0.635425
         ...   
400   -3.053457
401   -0.528803
402    0.627058
403   -1.995401
404    0.404120
Name: obs-prior, Length: 405, dtype: float64
0     -3.662562
1      1.966118
2     -1.291903
3     -1.489795
4     -0.635425
         ...   
400   -3.053457
401   -0.528803
402    0.627058
403   -1.995401
404    0.404120
Name: obs-prior, Length: 405, dtype: float64
0     -3.662562
1      1.966118
2     -1.291903
3     -1.489795
4     -0.635425
         ...   
400   -3.053457
401   -0.528803
402    0.627058
403   -1.995401
404    0.404120
Name: obs-prior, Length: 405, dtype: float64
0     -3.662562
1      1.966118
2     -1.291903
3     -1.489795
4     -0.635425
         ...   
400   -3.053457
401   -0.528803
402    0.627058
403   -1.995401
404    0.404120
Name: obs-prior, Length: 405, dtype: float64
 region:  TR
0      -1.897039
1       1.653016
2       1.799249
3       1.604098
4      -0.461722
          ...   
7940   -0.631102
7941    1.389862
7942    2.221774
7943    1.322719
7944   -1.822453
Name: obs-prior, Length: 7945, dtype: float64
0      -1.897039
1       1.653016
2       1.799249
3       1.604098
4      -0.461722
          ...   
7940   -0.631102
7941    1.389862
7942    2.221774
7943    1.322719
7944   -1.822453
Name: obs-prior, Length: 7945, dtype: float64
0      -1.897039
1       1.653016
2       1.799249
3       1.604098
4      -0.461722
          ...   
7940   -0.631102
7941    1.389862
7942    2.221774
7943    1.322719
7944   -1.822453
Name: obs-prior, Length: 7945, dtype: float64
0      -1.897039
1       1.653016
2       1.799249
3       1.604098
4      -0.461722
          ...   
7940   -0.631102
7941    1.389862
7942    2.221774
7943    1.322719
7944   -1.822453
Name: obs-prior, Length: 7945, dtype: float64
0      -1.897039
1       1.653016
2       1.799249
3       1.604098
4      -0.461722
          ...   
7940   -0.631102
7941    1.389862
7942    2.221774
7943    1.322719
7944   -1.822453
Name: obs-prior, Length: 7945, dtype: float64
0      -1.897039
1       1.653016
2       1.799249
3       1.604098
4      -0.461722
          ...   
7940   -0.631102
7941    1.389862
7942    2.221774
7943    1.322719
7944   -1.822453
Name: obs-prior, Length: 7945, dtype: float64
0      -1.897039
1       1.653016
2       1.799249
3       1.604098
4      -0.461722
          ...   
7940   -0.631102
7941    1.389862
7942    2.221774
7943    1.322719
7944   -1.822453
Name: obs-prior, Length: 7945, dtype: float64
0      -1.897039
1       1.653016
2       1.799249
3       1.604098
4      -0.461722
          ...   
7940   -0.631102
7941    1.389862
7942    2.221774
7943    1.322719
7944   -1.822453
Name: obs-prior, Length: 7945, dtype: float64
0      -1.897039
1       1.653016
2       1.799249
3       1.604098
4      -0.461722
          ...   
7940   -0.631102
7941    1.389862
7942    2.221774
7943    1.322719
7944   -1.822453
Name: obs-prior, Length: 7945, dtype: float64
0      -1.897039
1       1.653016
2       1.799249
3       1.604098
4      -0.461722
          ...   
7940   -0.631102
7941    1.389862
7942    2.221774
7943    1.322719
7944   -1.822453
Name: obs-prior, Length: 7945, dtype: float64
0      -1.897039
1       1.653016
2       1.799249
3       1.604098
4      -0.461722
          ...   
7940   -0.631102
7941    1.389862
7942    2.221774
7943    1.322719
7944   -1.822453
Name: obs-prior, Length: 7945, dtype: float64
0      -1.897039
1       1.653016
2       1.799249
3       1.604098
4      -0.461722
          ...   
7940   -0.631102
7941    1.389862
7942    2.221774
7943    1.322719
7944   -1.822453
Name: obs-prior, Length: 7945, dtype: float64
0      -1.897039
1       1.653016
2       1.799249
3       1.604098
4      -0.461722
          ...   
7940   -0.631102
7941    1.389862
7942    2.221774
7943    1.322719
7944   -1.822453
Name: obs-prior, Length: 7945, dtype: float64
0      -1.897039
1       1.653016
2       1.799249
3       1.604098
4      -0.461722
          ...   
7940   -0.631102
7941    1.389862
7942    2.221774
7943    1.322719
7944   -1.822453
Name: obs-prior, Length: 7945, dtype: float64
0      -1.897039
1       1.653016
2       1.799249
3       1.604098
4      -0.461722
          ...   
7940   -0.631102
7941    1.389862
7942    2.221774
7943    1.322719
7944   -1.822453
Name: obs-prior, Length: 7945, dtype: float64
0      -1.897039
1       1.653016
2       1.799249
3       1.604098
4      -0.461722
          ...   
7940   -0.631102
7941    1.389862
7942    2.221774
7943    1.322719
7944   -1.822453
Name: obs-prior, Length: 7945, dtype: float64
0      -1.897039
1       1.653016
2       1.799249
3       1.604098
4      -0.461722
          ...   
7940   -0.631102
7941    1.389862
7942    2.221774
7943    1.322719
7944   -1.822453
Name: obs-prior, Length: 7945, dtype: float64

 processing obs:  ACARS_V_WIND_COMPONENT
 region:  Global
0        2.610514
1        0.911673
2        2.404009
3        0.477095
4        0.938378
           ...   
36523    2.853717
36524   -0.860066
36525    1.053146
36526    0.527699
36527   -0.547387
Name: obs-prior, Length: 36528, dtype: float64
0        2.610514
1        0.911673
2        2.404009
3        0.477095
4        0.938378
           ...   
36523    2.853717
36524   -0.860066
36525    1.053146
36526    0.527699
36527   -0.547387
Name: obs-prior, Length: 36528, dtype: float64
0        2.610514
1        0.911673
2        2.404009
3        0.477095
4        0.938378
           ...   
36523    2.853717
36524   -0.860066
36525    1.053146
36526    0.527699
36527   -0.547387
Name: obs-prior, Length: 36528, dtype: float64
0        2.610514
1        0.911673
2        2.404009
3        0.477095
4        0.938378
           ...   
36523    2.853717
36524   -0.860066
36525    1.053146
36526    0.527699
36527   -0.547387
Name: obs-prior, Length: 36528, dtype: float64
0        2.610514
1        0.911673
2        2.404009
3        0.477095
4        0.938378
           ...   
36523    2.853717
36524   -0.860066
36525    1.053146
36526    0.527699
36527   -0.547387
Name: obs-prior, Length: 36528, dtype: float64
0        2.610514
1        0.911673
2        2.404009
3        0.477095
4        0.938378
           ...   
36523    2.853717
36524   -0.860066
36525    1.053146
36526    0.527699
36527   -0.547387
Name: obs-prior, Length: 36528, dtype: float64
0        2.610514
1        0.911673
2        2.404009
3        0.477095
4        0.938378
           ...   
36523    2.853717
36524   -0.860066
36525    1.053146
36526    0.527699
36527   -0.547387
Name: obs-prior, Length: 36528, dtype: float64
0        2.610514
1        0.911673
2        2.404009
3        0.477095
4        0.938378
           ...   
36523    2.853717
36524   -0.860066
36525    1.053146
36526    0.527699
36527   -0.547387
Name: obs-prior, Length: 36528, dtype: float64
0        2.610514
1        0.911673
2        2.404009
3        0.477095
4        0.938378
           ...   
36523    2.853717
36524   -0.860066
36525    1.053146
36526    0.527699
36527   -0.547387
Name: obs-prior, Length: 36528, dtype: float64
0        2.610514
1        0.911673
2        2.404009
3        0.477095
4        0.938378
           ...   
36523    2.853717
36524   -0.860066
36525    1.053146
36526    0.527699
36527   -0.547387
Name: obs-prior, Length: 36528, dtype: float64
0        2.610514
1        0.911673
2        2.404009
3        0.477095
4        0.938378
           ...   
36523    2.853717
36524   -0.860066
36525    1.053146
36526    0.527699
36527   -0.547387
Name: obs-prior, Length: 36528, dtype: float64
0        2.610514
1        0.911673
2        2.404009
3        0.477095
4        0.938378
           ...   
36523    2.853717
36524   -0.860066
36525    1.053146
36526    0.527699
36527   -0.547387
Name: obs-prior, Length: 36528, dtype: float64
0        2.610514
1        0.911673
2        2.404009
3        0.477095
4        0.938378
           ...   
36523    2.853717
36524   -0.860066
36525    1.053146
36526    0.527699
36527   -0.547387
Name: obs-prior, Length: 36528, dtype: float64
0        2.610514
1        0.911673
2        2.404009
3        0.477095
4        0.938378
           ...   
36523    2.853717
36524   -0.860066
36525    1.053146
36526    0.527699
36527   -0.547387
Name: obs-prior, Length: 36528, dtype: float64
0        2.610514
1        0.911673
2        2.404009
3        0.477095
4        0.938378
           ...   
36523    2.853717
36524   -0.860066
36525    1.053146
36526    0.527699
36527   -0.547387
Name: obs-prior, Length: 36528, dtype: float64
0        2.610514
1        0.911673
2        2.404009
3        0.477095
4        0.938378
           ...   
36523    2.853717
36524   -0.860066
36525    1.053146
36526    0.527699
36527   -0.547387
Name: obs-prior, Length: 36528, dtype: float64
0        2.610514
1        0.911673
2        2.404009
3        0.477095
4        0.938378
           ...   
36523    2.853717
36524   -0.860066
36525    1.053146
36526    0.527699
36527   -0.547387
Name: obs-prior, Length: 36528, dtype: float64
 region:  NH
0        2.610514
1        0.911673
2        2.404009
3        0.938378
4        1.576648
           ...   
28448   -2.360029
28449   -2.040573
28450   -0.860066
28451    1.053146
28452    0.527699
Name: obs-prior, Length: 28453, dtype: float64
0        2.610514
1        0.911673
2        2.404009
3        0.938378
4        1.576648
           ...   
28448   -2.360029
28449   -2.040573
28450   -0.860066
28451    1.053146
28452    0.527699
Name: obs-prior, Length: 28453, dtype: float64
0        2.610514
1        0.911673
2        2.404009
3        0.938378
4        1.576648
           ...   
28448   -2.360029
28449   -2.040573
28450   -0.860066
28451    1.053146
28452    0.527699
Name: obs-prior, Length: 28453, dtype: float64
0        2.610514
1        0.911673
2        2.404009
3        0.938378
4        1.576648
           ...   
28448   -2.360029
28449   -2.040573
28450   -0.860066
28451    1.053146
28452    0.527699
Name: obs-prior, Length: 28453, dtype: float64
0        2.610514
1        0.911673
2        2.404009
3        0.938378
4        1.576648
           ...   
28448   -2.360029
28449   -2.040573
28450   -0.860066
28451    1.053146
28452    0.527699
Name: obs-prior, Length: 28453, dtype: float64
0        2.610514
1        0.911673
2        2.404009
3        0.938378
4        1.576648
           ...   
28448   -2.360029
28449   -2.040573
28450   -0.860066
28451    1.053146
28452    0.527699
Name: obs-prior, Length: 28453, dtype: float64
0        2.610514
1        0.911673
2        2.404009
3        0.938378
4        1.576648
           ...   
28448   -2.360029
28449   -2.040573
28450   -0.860066
28451    1.053146
28452    0.527699
Name: obs-prior, Length: 28453, dtype: float64
0        2.610514
1        0.911673
2        2.404009
3        0.938378
4        1.576648
           ...   
28448   -2.360029
28449   -2.040573
28450   -0.860066
28451    1.053146
28452    0.527699
Name: obs-prior, Length: 28453, dtype: float64
0        2.610514
1        0.911673
2        2.404009
3        0.938378
4        1.576648
           ...   
28448   -2.360029
28449   -2.040573
28450   -0.860066
28451    1.053146
28452    0.527699
Name: obs-prior, Length: 28453, dtype: float64
0        2.610514
1        0.911673
2        2.404009
3        0.938378
4        1.576648
           ...   
28448   -2.360029
28449   -2.040573
28450   -0.860066
28451    1.053146
28452    0.527699
Name: obs-prior, Length: 28453, dtype: float64
0        2.610514
1        0.911673
2        2.404009
3        0.938378
4        1.576648
           ...   
28448   -2.360029
28449   -2.040573
28450   -0.860066
28451    1.053146
28452    0.527699
Name: obs-prior, Length: 28453, dtype: float64
0        2.610514
1        0.911673
2        2.404009
3        0.938378
4        1.576648
           ...   
28448   -2.360029
28449   -2.040573
28450   -0.860066
28451    1.053146
28452    0.527699
Name: obs-prior, Length: 28453, dtype: float64
0        2.610514
1        0.911673
2        2.404009
3        0.938378
4        1.576648
           ...   
28448   -2.360029
28449   -2.040573
28450   -0.860066
28451    1.053146
28452    0.527699
Name: obs-prior, Length: 28453, dtype: float64
0        2.610514
1        0.911673
2        2.404009
3        0.938378
4        1.576648
           ...   
28448   -2.360029
28449   -2.040573
28450   -0.860066
28451    1.053146
28452    0.527699
Name: obs-prior, Length: 28453, dtype: float64
0        2.610514
1        0.911673
2        2.404009
3        0.938378
4        1.576648
           ...   
28448   -2.360029
28449   -2.040573
28450   -0.860066
28451    1.053146
28452    0.527699
Name: obs-prior, Length: 28453, dtype: float64
0        2.610514
1        0.911673
2        2.404009
3        0.938378
4        1.576648
           ...   
28448   -2.360029
28449   -2.040573
28450   -0.860066
28451    1.053146
28452    0.527699
Name: obs-prior, Length: 28453, dtype: float64
0        2.610514
1        0.911673
2        2.404009
3        0.938378
4        1.576648
           ...   
28448   -2.360029
28449   -2.040573
28450   -0.860066
28451    1.053146
28452    0.527699
Name: obs-prior, Length: 28453, dtype: float64
 region:  SH
0      0.001468
1      2.146805
2     -3.205833
3     -0.759131
4      0.640741
         ...   
308    0.095265
309   -2.537554
310    0.854987
311   -3.111793
312   -1.106358
Name: obs-prior, Length: 313, dtype: float64
0      0.001468
1      2.146805
2     -3.205833
3     -0.759131
4      0.640741
         ...   
308    0.095265
309   -2.537554
310    0.854987
311   -3.111793
312   -1.106358
Name: obs-prior, Length: 313, dtype: float64
0      0.001468
1      2.146805
2     -3.205833
3     -0.759131
4      0.640741
         ...   
308    0.095265
309   -2.537554
310    0.854987
311   -3.111793
312   -1.106358
Name: obs-prior, Length: 313, dtype: float64
0      0.001468
1      2.146805
2     -3.205833
3     -0.759131
4      0.640741
         ...   
308    0.095265
309   -2.537554
310    0.854987
311   -3.111793
312   -1.106358
Name: obs-prior, Length: 313, dtype: float64
0      0.001468
1      2.146805
2     -3.205833
3     -0.759131
4      0.640741
         ...   
308    0.095265
309   -2.537554
310    0.854987
311   -3.111793
312   -1.106358
Name: obs-prior, Length: 313, dtype: float64
0      0.001468
1      2.146805
2     -3.205833
3     -0.759131
4      0.640741
         ...   
308    0.095265
309   -2.537554
310    0.854987
311   -3.111793
312   -1.106358
Name: obs-prior, Length: 313, dtype: float64
0      0.001468
1      2.146805
2     -3.205833
3     -0.759131
4      0.640741
         ...   
308    0.095265
309   -2.537554
310    0.854987
311   -3.111793
312   -1.106358
Name: obs-prior, Length: 313, dtype: float64
0      0.001468
1      2.146805
2     -3.205833
3     -0.759131
4      0.640741
         ...   
308    0.095265
309   -2.537554
310    0.854987
311   -3.111793
312   -1.106358
Name: obs-prior, Length: 313, dtype: float64
0      0.001468
1      2.146805
2     -3.205833
3     -0.759131
4      0.640741
         ...   
308    0.095265
309   -2.537554
310    0.854987
311   -3.111793
312   -1.106358
Name: obs-prior, Length: 313, dtype: float64
0      0.001468
1      2.146805
2     -3.205833
3     -0.759131
4      0.640741
         ...   
308    0.095265
309   -2.537554
310    0.854987
311   -3.111793
312   -1.106358
Name: obs-prior, Length: 313, dtype: float64
0      0.001468
1      2.146805
2     -3.205833
3     -0.759131
4      0.640741
         ...   
308    0.095265
309   -2.537554
310    0.854987
311   -3.111793
312   -1.106358
Name: obs-prior, Length: 313, dtype: float64
0      0.001468
1      2.146805
2     -3.205833
3     -0.759131
4      0.640741
         ...   
308    0.095265
309   -2.537554
310    0.854987
311   -3.111793
312   -1.106358
Name: obs-prior, Length: 313, dtype: float64
0      0.001468
1      2.146805
2     -3.205833
3     -0.759131
4      0.640741
         ...   
308    0.095265
309   -2.537554
310    0.854987
311   -3.111793
312   -1.106358
Name: obs-prior, Length: 313, dtype: float64
0      0.001468
1      2.146805
2     -3.205833
3     -0.759131
4      0.640741
         ...   
308    0.095265
309   -2.537554
310    0.854987
311   -3.111793
312   -1.106358
Name: obs-prior, Length: 313, dtype: float64
0      0.001468
1      2.146805
2     -3.205833
3     -0.759131
4      0.640741
         ...   
308    0.095265
309   -2.537554
310    0.854987
311   -3.111793
312   -1.106358
Name: obs-prior, Length: 313, dtype: float64
0      0.001468
1      2.146805
2     -3.205833
3     -0.759131
4      0.640741
         ...   
308    0.095265
309   -2.537554
310    0.854987
311   -3.111793
312   -1.106358
Name: obs-prior, Length: 313, dtype: float64
0      0.001468
1      2.146805
2     -3.205833
3     -0.759131
4      0.640741
         ...   
308    0.095265
309   -2.537554
310    0.854987
311   -3.111793
312   -1.106358
Name: obs-prior, Length: 313, dtype: float64
 region:  TR
0       0.477095
1      -0.420363
2       1.111153
3      -1.815782
4       1.121763
          ...   
7757   -0.941783
7758    0.065709
7759   -1.634928
7760    2.853717
7761   -0.547387
Name: obs-prior, Length: 7762, dtype: float64
0       0.477095
1      -0.420363
2       1.111153
3      -1.815782
4       1.121763
          ...   
7757   -0.941783
7758    0.065709
7759   -1.634928
7760    2.853717
7761   -0.547387
Name: obs-prior, Length: 7762, dtype: float64
0       0.477095
1      -0.420363
2       1.111153
3      -1.815782
4       1.121763
          ...   
7757   -0.941783
7758    0.065709
7759   -1.634928
7760    2.853717
7761   -0.547387
Name: obs-prior, Length: 7762, dtype: float64
0       0.477095
1      -0.420363
2       1.111153
3      -1.815782
4       1.121763
          ...   
7757   -0.941783
7758    0.065709
7759   -1.634928
7760    2.853717
7761   -0.547387
Name: obs-prior, Length: 7762, dtype: float64
0       0.477095
1      -0.420363
2       1.111153
3      -1.815782
4       1.121763
          ...   
7757   -0.941783
7758    0.065709
7759   -1.634928
7760    2.853717
7761   -0.547387
Name: obs-prior, Length: 7762, dtype: float64
0       0.477095
1      -0.420363
2       1.111153
3      -1.815782
4       1.121763
          ...   
7757   -0.941783
7758    0.065709
7759   -1.634928
7760    2.853717
7761   -0.547387
Name: obs-prior, Length: 7762, dtype: float64
0       0.477095
1      -0.420363
2       1.111153
3      -1.815782
4       1.121763
          ...   
7757   -0.941783
7758    0.065709
7759   -1.634928
7760    2.853717
7761   -0.547387
Name: obs-prior, Length: 7762, dtype: float64
0       0.477095
1      -0.420363
2       1.111153
3      -1.815782
4       1.121763
          ...   
7757   -0.941783
7758    0.065709
7759   -1.634928
7760    2.853717
7761   -0.547387
Name: obs-prior, Length: 7762, dtype: float64
0       0.477095
1      -0.420363
2       1.111153
3      -1.815782
4       1.121763
          ...   
7757   -0.941783
7758    0.065709
7759   -1.634928
7760    2.853717
7761   -0.547387
Name: obs-prior, Length: 7762, dtype: float64
0       0.477095
1      -0.420363
2       1.111153
3      -1.815782
4       1.121763
          ...   
7757   -0.941783
7758    0.065709
7759   -1.634928
7760    2.853717
7761   -0.547387
Name: obs-prior, Length: 7762, dtype: float64
0       0.477095
1      -0.420363
2       1.111153
3      -1.815782
4       1.121763
          ...   
7757   -0.941783
7758    0.065709
7759   -1.634928
7760    2.853717
7761   -0.547387
Name: obs-prior, Length: 7762, dtype: float64
0       0.477095
1      -0.420363
2       1.111153
3      -1.815782
4       1.121763
          ...   
7757   -0.941783
7758    0.065709
7759   -1.634928
7760    2.853717
7761   -0.547387
Name: obs-prior, Length: 7762, dtype: float64
0       0.477095
1      -0.420363
2       1.111153
3      -1.815782
4       1.121763
          ...   
7757   -0.941783
7758    0.065709
7759   -1.634928
7760    2.853717
7761   -0.547387
Name: obs-prior, Length: 7762, dtype: float64
0       0.477095
1      -0.420363
2       1.111153
3      -1.815782
4       1.121763
          ...   
7757   -0.941783
7758    0.065709
7759   -1.634928
7760    2.853717
7761   -0.547387
Name: obs-prior, Length: 7762, dtype: float64
0       0.477095
1      -0.420363
2       1.111153
3      -1.815782
4       1.121763
          ...   
7757   -0.941783
7758    0.065709
7759   -1.634928
7760    2.853717
7761   -0.547387
Name: obs-prior, Length: 7762, dtype: float64
0       0.477095
1      -0.420363
2       1.111153
3      -1.815782
4       1.121763
          ...   
7757   -0.941783
7758    0.065709
7759   -1.634928
7760    2.853717
7761   -0.547387
Name: obs-prior, Length: 7762, dtype: float64
0       0.477095
1      -0.420363
2       1.111153
3      -1.815782
4       1.121763
          ...   
7757   -0.941783
7758    0.065709
7759   -1.634928
7760    2.853717
7761   -0.547387
Name: obs-prior, Length: 7762, dtype: float64

 processing obs:  ACARS_TEMPERATURE
 region:  Global
0        0.799981
1        0.397599
2        1.260418
3        0.763120
4       -0.140228
           ...   
32938   -0.945528
32939   -1.160770
32940    0.434529
32941    0.651948
32942    0.112275
Name: obs-prior, Length: 32943, dtype: float64
0        0.799981
1        0.397599
2        1.260418
3        0.763120
4       -0.140228
           ...   
32938   -0.945528
32939   -1.160770
32940    0.434529
32941    0.651948
32942    0.112275
Name: obs-prior, Length: 32943, dtype: float64
0        0.799981
1        0.397599
2        1.260418
3        0.763120
4       -0.140228
           ...   
32938   -0.945528
32939   -1.160770
32940    0.434529
32941    0.651948
32942    0.112275
Name: obs-prior, Length: 32943, dtype: float64
0        0.799981
1        0.397599
2        1.260418
3        0.763120
4       -0.140228
           ...   
32938   -0.945528
32939   -1.160770
32940    0.434529
32941    0.651948
32942    0.112275
Name: obs-prior, Length: 32943, dtype: float64
0        0.799981
1        0.397599
2        1.260418
3        0.763120
4       -0.140228
           ...   
32938   -0.945528
32939   -1.160770
32940    0.434529
32941    0.651948
32942    0.112275
Name: obs-prior, Length: 32943, dtype: float64
0        0.799981
1        0.397599
2        1.260418
3        0.763120
4       -0.140228
           ...   
32938   -0.945528
32939   -1.160770
32940    0.434529
32941    0.651948
32942    0.112275
Name: obs-prior, Length: 32943, dtype: float64
0        0.799981
1        0.397599
2        1.260418
3        0.763120
4       -0.140228
           ...   
32938   -0.945528
32939   -1.160770
32940    0.434529
32941    0.651948
32942    0.112275
Name: obs-prior, Length: 32943, dtype: float64
0        0.799981
1        0.397599
2        1.260418
3        0.763120
4       -0.140228
           ...   
32938   -0.945528
32939   -1.160770
32940    0.434529
32941    0.651948
32942    0.112275
Name: obs-prior, Length: 32943, dtype: float64
0        0.799981
1        0.397599
2        1.260418
3        0.763120
4       -0.140228
           ...   
32938   -0.945528
32939   -1.160770
32940    0.434529
32941    0.651948
32942    0.112275
Name: obs-prior, Length: 32943, dtype: float64
0        0.799981
1        0.397599
2        1.260418
3        0.763120
4       -0.140228
           ...   
32938   -0.945528
32939   -1.160770
32940    0.434529
32941    0.651948
32942    0.112275
Name: obs-prior, Length: 32943, dtype: float64
0        0.799981
1        0.397599
2        1.260418
3        0.763120
4       -0.140228
           ...   
32938   -0.945528
32939   -1.160770
32940    0.434529
32941    0.651948
32942    0.112275
Name: obs-prior, Length: 32943, dtype: float64
0        0.799981
1        0.397599
2        1.260418
3        0.763120
4       -0.140228
           ...   
32938   -0.945528
32939   -1.160770
32940    0.434529
32941    0.651948
32942    0.112275
Name: obs-prior, Length: 32943, dtype: float64
0        0.799981
1        0.397599
2        1.260418
3        0.763120
4       -0.140228
           ...   
32938   -0.945528
32939   -1.160770
32940    0.434529
32941    0.651948
32942    0.112275
Name: obs-prior, Length: 32943, dtype: float64
0        0.799981
1        0.397599
2        1.260418
3        0.763120
4       -0.140228
           ...   
32938   -0.945528
32939   -1.160770
32940    0.434529
32941    0.651948
32942    0.112275
Name: obs-prior, Length: 32943, dtype: float64
0        0.799981
1        0.397599
2        1.260418
3        0.763120
4       -0.140228
           ...   
32938   -0.945528
32939   -1.160770
32940    0.434529
32941    0.651948
32942    0.112275
Name: obs-prior, Length: 32943, dtype: float64
0        0.799981
1        0.397599
2        1.260418
3        0.763120
4       -0.140228
           ...   
32938   -0.945528
32939   -1.160770
32940    0.434529
32941    0.651948
32942    0.112275
Name: obs-prior, Length: 32943, dtype: float64
0        0.799981
1        0.397599
2        1.260418
3        0.763120
4       -0.140228
           ...   
32938   -0.945528
32939   -1.160770
32940    0.434529
32941    0.651948
32942    0.112275
Name: obs-prior, Length: 32943, dtype: float64
 region:  NH
0        0.799981
1        0.397599
2        1.260418
3        0.763120
4       -0.140228
           ...   
24842   -0.703990
24843   -0.945528
24844   -1.160770
24845    0.434529
24846    0.651948
Name: obs-prior, Length: 24847, dtype: float64
0        0.799981
1        0.397599
2        1.260418
3        0.763120
4       -0.140228
           ...   
24842   -0.703990
24843   -0.945528
24844   -1.160770
24845    0.434529
24846    0.651948
Name: obs-prior, Length: 24847, dtype: float64
0        0.799981
1        0.397599
2        1.260418
3        0.763120
4       -0.140228
           ...   
24842   -0.703990
24843   -0.945528
24844   -1.160770
24845    0.434529
24846    0.651948
Name: obs-prior, Length: 24847, dtype: float64
0        0.799981
1        0.397599
2        1.260418
3        0.763120
4       -0.140228
           ...   
24842   -0.703990
24843   -0.945528
24844   -1.160770
24845    0.434529
24846    0.651948
Name: obs-prior, Length: 24847, dtype: float64
0        0.799981
1        0.397599
2        1.260418
3        0.763120
4       -0.140228
           ...   
24842   -0.703990
24843   -0.945528
24844   -1.160770
24845    0.434529
24846    0.651948
Name: obs-prior, Length: 24847, dtype: float64
0        0.799981
1        0.397599
2        1.260418
3        0.763120
4       -0.140228
           ...   
24842   -0.703990
24843   -0.945528
24844   -1.160770
24845    0.434529
24846    0.651948
Name: obs-prior, Length: 24847, dtype: float64
0        0.799981
1        0.397599
2        1.260418
3        0.763120
4       -0.140228
           ...   
24842   -0.703990
24843   -0.945528
24844   -1.160770
24845    0.434529
24846    0.651948
Name: obs-prior, Length: 24847, dtype: float64
0        0.799981
1        0.397599
2        1.260418
3        0.763120
4       -0.140228
           ...   
24842   -0.703990
24843   -0.945528
24844   -1.160770
24845    0.434529
24846    0.651948
Name: obs-prior, Length: 24847, dtype: float64
0        0.799981
1        0.397599
2        1.260418
3        0.763120
4       -0.140228
           ...   
24842   -0.703990
24843   -0.945528
24844   -1.160770
24845    0.434529
24846    0.651948
Name: obs-prior, Length: 24847, dtype: float64
0        0.799981
1        0.397599
2        1.260418
3        0.763120
4       -0.140228
           ...   
24842   -0.703990
24843   -0.945528
24844   -1.160770
24845    0.434529
24846    0.651948
Name: obs-prior, Length: 24847, dtype: float64
0        0.799981
1        0.397599
2        1.260418
3        0.763120
4       -0.140228
           ...   
24842   -0.703990
24843   -0.945528
24844   -1.160770
24845    0.434529
24846    0.651948
Name: obs-prior, Length: 24847, dtype: float64
0        0.799981
1        0.397599
2        1.260418
3        0.763120
4       -0.140228
           ...   
24842   -0.703990
24843   -0.945528
24844   -1.160770
24845    0.434529
24846    0.651948
Name: obs-prior, Length: 24847, dtype: float64
0        0.799981
1        0.397599
2        1.260418
3        0.763120
4       -0.140228
           ...   
24842   -0.703990
24843   -0.945528
24844   -1.160770
24845    0.434529
24846    0.651948
Name: obs-prior, Length: 24847, dtype: float64
0        0.799981
1        0.397599
2        1.260418
3        0.763120
4       -0.140228
           ...   
24842   -0.703990
24843   -0.945528
24844   -1.160770
24845    0.434529
24846    0.651948
Name: obs-prior, Length: 24847, dtype: float64
0        0.799981
1        0.397599
2        1.260418
3        0.763120
4       -0.140228
           ...   
24842   -0.703990
24843   -0.945528
24844   -1.160770
24845    0.434529
24846    0.651948
Name: obs-prior, Length: 24847, dtype: float64
0        0.799981
1        0.397599
2        1.260418
3        0.763120
4       -0.140228
           ...   
24842   -0.703990
24843   -0.945528
24844   -1.160770
24845    0.434529
24846    0.651948
Name: obs-prior, Length: 24847, dtype: float64
0        0.799981
1        0.397599
2        1.260418
3        0.763120
4       -0.140228
           ...   
24842   -0.703990
24843   -0.945528
24844   -1.160770
24845    0.434529
24846    0.651948
Name: obs-prior, Length: 24847, dtype: float64
 region:  SH
0     -0.436228
1      1.243318
2      0.194182
3     -0.453507
4      0.358983
         ...   
402    0.397188
403    1.439716
404    0.977554
405   -0.217870
406   -0.392446
Name: obs-prior, Length: 407, dtype: float64
0     -0.436228
1      1.243318
2      0.194182
3     -0.453507
4      0.358983
         ...   
402    0.397188
403    1.439716
404    0.977554
405   -0.217870
406   -0.392446
Name: obs-prior, Length: 407, dtype: float64
0     -0.436228
1      1.243318
2      0.194182
3     -0.453507
4      0.358983
         ...   
402    0.397188
403    1.439716
404    0.977554
405   -0.217870
406   -0.392446
Name: obs-prior, Length: 407, dtype: float64
0     -0.436228
1      1.243318
2      0.194182
3     -0.453507
4      0.358983
         ...   
402    0.397188
403    1.439716
404    0.977554
405   -0.217870
406   -0.392446
Name: obs-prior, Length: 407, dtype: float64
0     -0.436228
1      1.243318
2      0.194182
3     -0.453507
4      0.358983
         ...   
402    0.397188
403    1.439716
404    0.977554
405   -0.217870
406   -0.392446
Name: obs-prior, Length: 407, dtype: float64
0     -0.436228
1      1.243318
2      0.194182
3     -0.453507
4      0.358983
         ...   
402    0.397188
403    1.439716
404    0.977554
405   -0.217870
406   -0.392446
Name: obs-prior, Length: 407, dtype: float64
0     -0.436228
1      1.243318
2      0.194182
3     -0.453507
4      0.358983
         ...   
402    0.397188
403    1.439716
404    0.977554
405   -0.217870
406   -0.392446
Name: obs-prior, Length: 407, dtype: float64
0     -0.436228
1      1.243318
2      0.194182
3     -0.453507
4      0.358983
         ...   
402    0.397188
403    1.439716
404    0.977554
405   -0.217870
406   -0.392446
Name: obs-prior, Length: 407, dtype: float64
0     -0.436228
1      1.243318
2      0.194182
3     -0.453507
4      0.358983
         ...   
402    0.397188
403    1.439716
404    0.977554
405   -0.217870
406   -0.392446
Name: obs-prior, Length: 407, dtype: float64
0     -0.436228
1      1.243318
2      0.194182
3     -0.453507
4      0.358983
         ...   
402    0.397188
403    1.439716
404    0.977554
405   -0.217870
406   -0.392446
Name: obs-prior, Length: 407, dtype: float64
0     -0.436228
1      1.243318
2      0.194182
3     -0.453507
4      0.358983
         ...   
402    0.397188
403    1.439716
404    0.977554
405   -0.217870
406   -0.392446
Name: obs-prior, Length: 407, dtype: float64
0     -0.436228
1      1.243318
2      0.194182
3     -0.453507
4      0.358983
         ...   
402    0.397188
403    1.439716
404    0.977554
405   -0.217870
406   -0.392446
Name: obs-prior, Length: 407, dtype: float64
0     -0.436228
1      1.243318
2      0.194182
3     -0.453507
4      0.358983
         ...   
402    0.397188
403    1.439716
404    0.977554
405   -0.217870
406   -0.392446
Name: obs-prior, Length: 407, dtype: float64
0     -0.436228
1      1.243318
2      0.194182
3     -0.453507
4      0.358983
         ...   
402    0.397188
403    1.439716
404    0.977554
405   -0.217870
406   -0.392446
Name: obs-prior, Length: 407, dtype: float64
0     -0.436228
1      1.243318
2      0.194182
3     -0.453507
4      0.358983
         ...   
402    0.397188
403    1.439716
404    0.977554
405   -0.217870
406   -0.392446
Name: obs-prior, Length: 407, dtype: float64
0     -0.436228
1      1.243318
2      0.194182
3     -0.453507
4      0.358983
         ...   
402    0.397188
403    1.439716
404    0.977554
405   -0.217870
406   -0.392446
Name: obs-prior, Length: 407, dtype: float64
0     -0.436228
1      1.243318
2      0.194182
3     -0.453507
4      0.358983
         ...   
402    0.397188
403    1.439716
404    0.977554
405   -0.217870
406   -0.392446
Name: obs-prior, Length: 407, dtype: float64
 region:  TR
0       0.752992
1       0.553922
2       0.677831
3      -0.629227
4      -0.052416
          ...   
7684    1.069354
7685    0.017805
7686    0.507474
7687    0.718290
7688    0.112275
Name: obs-prior, Length: 7689, dtype: float64
0       0.752992
1       0.553922
2       0.677831
3      -0.629227
4      -0.052416
          ...   
7684    1.069354
7685    0.017805
7686    0.507474
7687    0.718290
7688    0.112275
Name: obs-prior, Length: 7689, dtype: float64
0       0.752992
1       0.553922
2       0.677831
3      -0.629227
4      -0.052416
          ...   
7684    1.069354
7685    0.017805
7686    0.507474
7687    0.718290
7688    0.112275
Name: obs-prior, Length: 7689, dtype: float64
0       0.752992
1       0.553922
2       0.677831
3      -0.629227
4      -0.052416
          ...   
7684    1.069354
7685    0.017805
7686    0.507474
7687    0.718290
7688    0.112275
Name: obs-prior, Length: 7689, dtype: float64
0       0.752992
1       0.553922
2       0.677831
3      -0.629227
4      -0.052416
          ...   
7684    1.069354
7685    0.017805
7686    0.507474
7687    0.718290
7688    0.112275
Name: obs-prior, Length: 7689, dtype: float64
0       0.752992
1       0.553922
2       0.677831
3      -0.629227
4      -0.052416
          ...   
7684    1.069354
7685    0.017805
7686    0.507474
7687    0.718290
7688    0.112275
Name: obs-prior, Length: 7689, dtype: float64
0       0.752992
1       0.553922
2       0.677831
3      -0.629227
4      -0.052416
          ...   
7684    1.069354
7685    0.017805
7686    0.507474
7687    0.718290
7688    0.112275
Name: obs-prior, Length: 7689, dtype: float64
0       0.752992
1       0.553922
2       0.677831
3      -0.629227
4      -0.052416
          ...   
7684    1.069354
7685    0.017805
7686    0.507474
7687    0.718290
7688    0.112275
Name: obs-prior, Length: 7689, dtype: float64
0       0.752992
1       0.553922
2       0.677831
3      -0.629227
4      -0.052416
          ...   
7684    1.069354
7685    0.017805
7686    0.507474
7687    0.718290
7688    0.112275
Name: obs-prior, Length: 7689, dtype: float64
0       0.752992
1       0.553922
2       0.677831
3      -0.629227
4      -0.052416
          ...   
7684    1.069354
7685    0.017805
7686    0.507474
7687    0.718290
7688    0.112275
Name: obs-prior, Length: 7689, dtype: float64
0       0.752992
1       0.553922
2       0.677831
3      -0.629227
4      -0.052416
          ...   
7684    1.069354
7685    0.017805
7686    0.507474
7687    0.718290
7688    0.112275
Name: obs-prior, Length: 7689, dtype: float64
0       0.752992
1       0.553922
2       0.677831
3      -0.629227
4      -0.052416
          ...   
7684    1.069354
7685    0.017805
7686    0.507474
7687    0.718290
7688    0.112275
Name: obs-prior, Length: 7689, dtype: float64
0       0.752992
1       0.553922
2       0.677831
3      -0.629227
4      -0.052416
          ...   
7684    1.069354
7685    0.017805
7686    0.507474
7687    0.718290
7688    0.112275
Name: obs-prior, Length: 7689, dtype: float64
0       0.752992
1       0.553922
2       0.677831
3      -0.629227
4      -0.052416
          ...   
7684    1.069354
7685    0.017805
7686    0.507474
7687    0.718290
7688    0.112275
Name: obs-prior, Length: 7689, dtype: float64
0       0.752992
1       0.553922
2       0.677831
3      -0.629227
4      -0.052416
          ...   
7684    1.069354
7685    0.017805
7686    0.507474
7687    0.718290
7688    0.112275
Name: obs-prior, Length: 7689, dtype: float64
0       0.752992
1       0.553922
2       0.677831
3      -0.629227
4      -0.052416
          ...   
7684    1.069354
7685    0.017805
7686    0.507474
7687    0.718290
7688    0.112275
Name: obs-prior, Length: 7689, dtype: float64
0       0.752992
1       0.553922
2       0.677831
3      -0.629227
4      -0.052416
          ...   
7684    1.069354
7685    0.017805
7686    0.507474
7687    0.718290
7688    0.112275
Name: obs-prior, Length: 7689, dtype: float64

 processing obs:  SAT_U_WIND_COMPONENT
 region:  Global
 No obs:  SAT_U_WIND_COMPONENT  in region:  Global  at this time.
 region:  NH
 No obs:  SAT_U_WIND_COMPONENT  in region:  NH  at this time.
 region:  SH
 No obs:  SAT_U_WIND_COMPONENT  in region:  SH  at this time.
 region:  TR
 No obs:  SAT_U_WIND_COMPONENT  in region:  TR  at this time.

 processing obs:  SAT_V_WIND_COMPONENT
 region:  Global
 No obs:  SAT_V_WIND_COMPONENT  in region:  Global  at this time.
 region:  NH
 No obs:  SAT_V_WIND_COMPONENT  in region:  NH  at this time.
 region:  SH
 No obs:  SAT_V_WIND_COMPONENT  in region:  SH  at this time.
 region:  TR
 No obs:  SAT_V_WIND_COMPONENT  in region:  TR  at this time.

 processing obs:  GPSRO_REFRACTIVITY
 region:  Global
 No obs:  GPSRO_REFRACTIVITY  in region:  Global  at this time.
 region:  NH
 No obs:  GPSRO_REFRACTIVITY  in region:  NH  at this time.
 region:  SH
 No obs:  GPSRO_REFRACTIVITY  in region:  SH  at this time.
 region:  TR
 No obs:  GPSRO_REFRACTIVITY  in region:  TR  at this time.

 processing obs:  EOS_2_AMSUA_TB
 region:  Global
 No obs:  EOS_2_AMSUA_TB  in region:  Global  at this time.
 region:  NH
 No obs:  EOS_2_AMSUA_TB  in region:  NH  at this time.
 region:  SH
 No obs:  EOS_2_AMSUA_TB  in region:  SH  at this time.
 region:  TR
 No obs:  EOS_2_AMSUA_TB  in region:  TR  at this time.

 processing obs:  NOAA_15_AMSUA_TB
 region:  Global
 No obs:  NOAA_15_AMSUA_TB  in region:  Global  at this time.
 region:  NH
 No obs:  NOAA_15_AMSUA_TB  in region:  NH  at this time.
 region:  SH
 No obs:  NOAA_15_AMSUA_TB  in region:  SH  at this time.
 region:  TR
 No obs:  NOAA_15_AMSUA_TB  in region:  TR  at this time.

 processing obs:  NOAA_16_AMSUA_TB
 region:  Global
 No obs:  NOAA_16_AMSUA_TB  in region:  Global  at this time.
 region:  NH
 No obs:  NOAA_16_AMSUA_TB  in region:  NH  at this time.
 region:  SH
 No obs:  NOAA_16_AMSUA_TB  in region:  SH  at this time.
 region:  TR
 No obs:  NOAA_16_AMSUA_TB  in region:  TR  at this time.

 processing obs:  NOAA_17_AMSUA_TB
 region:  Global
 No obs:  NOAA_17_AMSUA_TB  in region:  Global  at this time.
 region:  NH
 No obs:  NOAA_17_AMSUA_TB  in region:  NH  at this time.
 region:  SH
 No obs:  NOAA_17_AMSUA_TB  in region:  SH  at this time.
 region:  TR
 No obs:  NOAA_17_AMSUA_TB  in region:  TR  at this time.

 processing obs:  NOAA_18_AMSUA_TB
 region:  Global
 No obs:  NOAA_18_AMSUA_TB  in region:  Global  at this time.
 region:  NH
 No obs:  NOAA_18_AMSUA_TB  in region:  NH  at this time.
 region:  SH
 No obs:  NOAA_18_AMSUA_TB  in region:  SH  at this time.
 region:  TR
 No obs:  NOAA_18_AMSUA_TB  in region:  TR  at this time.

 processing obs:  NOAA_19_AMSUA_TB
 region:  Global
 No obs:  NOAA_19_AMSUA_TB  in region:  Global  at this time.
 region:  NH
 No obs:  NOAA_19_AMSUA_TB  in region:  NH  at this time.
 region:  SH
 No obs:  NOAA_19_AMSUA_TB  in region:  SH  at this time.
 region:  TR
 No obs:  NOAA_19_AMSUA_TB  in region:  TR  at this time.

 processing obs:  METOP_1_AMSUA_TB
 region:  Global
 No obs:  METOP_1_AMSUA_TB  in region:  Global  at this time.
 region:  NH
 No obs:  METOP_1_AMSUA_TB  in region:  NH  at this time.
 region:  SH
 No obs:  METOP_1_AMSUA_TB  in region:  SH  at this time.
 region:  TR
 No obs:  METOP_1_AMSUA_TB  in region:  TR  at this time.

 processing obs:  METOP_2_AMSUA_TB
 region:  Global
 No obs:  METOP_2_AMSUA_TB  in region:  Global  at this time.
 region:  NH
 No obs:  METOP_2_AMSUA_TB  in region:  NH  at this time.
 region:  SH
 No obs:  METOP_2_AMSUA_TB  in region:  SH  at this time.
 region:  TR
 No obs:  METOP_2_AMSUA_TB  in region:  TR  at this time.

 processing obs:  VADWND_U_WIND_COMPONENT
 region:  Global
 No obs:  VADWND_U_WIND_COMPONENT  in region:  Global  at this time.
 region:  NH
 No obs:  VADWND_U_WIND_COMPONENT  in region:  NH  at this time.
 region:  SH
 No obs:  VADWND_U_WIND_COMPONENT  in region:  SH  at this time.
 region:  TR
 No obs:  VADWND_U_WIND_COMPONENT  in region:  TR  at this time.

 processing obs:  VADWND_V_WIND_COMPONENT
 region:  Global
 No obs:  VADWND_V_WIND_COMPONENT  in region:  Global  at this time.
 region:  NH
 No obs:  VADWND_V_WIND_COMPONENT  in region:  NH  at this time.
 region:  SH
 No obs:  VADWND_V_WIND_COMPONENT  in region:  SH  at this time.
 region:  TR
 No obs:  VADWND_V_WIND_COMPONENT  in region:  TR  at this time.

 processing obs:  LAND_SFC_PRESSURE
 region:  Global
 No obs:  LAND_SFC_PRESSURE  in region:  Global  at this time.
 region:  NH
 No obs:  LAND_SFC_PRESSURE  in region:  NH  at this time.
 region:  SH
 No obs:  LAND_SFC_PRESSURE  in region:  SH  at this time.
 region:  TR
 No obs:  LAND_SFC_PRESSURE  in region:  TR  at this time.

 processing obs:  MARINE_SFC_PRESSURE
 region:  Global
 No obs:  MARINE_SFC_PRESSURE  in region:  Global  at this time.
 region:  NH
 No obs:  MARINE_SFC_PRESSURE  in region:  NH  at this time.
 region:  SH
 No obs:  MARINE_SFC_PRESSURE  in region:  SH  at this time.
 region:  TR
 No obs:  MARINE_SFC_PRESSURE  in region:  TR  at this time.
Save assimilated: Global
Save assimilated: SH
Save assimilated: NH
Save assimilated: TR

 2024-03-25 13:47:15.436861
Execution Time:  0:00:12.144085

 -------------------- END ------------------- 

	Command being timed: "/work/cmcc/mg20022/.conda/envs/guatura/bin/python ./quick_spreads_diag.py"
	User time (seconds): 9.29
	System time (seconds): 3.63
	Percent of CPU this job got: 91%
	Elapsed (wall clock) time (h:mm:ss or m:ss): 0:14.13
	Average shared text size (kbytes): 0
	Average unshared data size (kbytes): 0
	Average stack size (kbytes): 0
	Average total size (kbytes): 0
	Maximum resident set size (kbytes): 573780
	Average resident set size (kbytes): 0
	Major (requiring I/O) page faults: 0
	Minor (reclaiming a frame) page faults: 66366
	Voluntary context switches: 11757
	Involuntary context switches: 868871
	Swaps: 0
	File system inputs: 0
	File system outputs: 0
	Socket messages sent: 0
	Socket messages received: 0
	Signals delivered: 0
	Page size (bytes): 4096
	Exit status: 0
