STARTING

 2024-03-25 13:47:03.292754

 Computation parameters:
 Experiment name:  arc2
 Start date:  2017-10-03-21600
 End date:  2017-10-03-21600
 Path archive:  /work/cmcc/gc02720/CMCC-CM/archive
 Path experiment:  /work/cmcc/gc02720/CMCC-CM/archive/arc2
 Path save:  /work/cmcc/gc02720/CMCC-CM/basic_diag/arc2/2017-10-03-21600
 Observation to process:  ['RADIOSONDE_U_WIND_COMPONENT', 'RADIOSONDE_V_WIND_COMPONENT', 'RADIOSONDE_TEMPERATURE', 'AIRCRAFT_U_WIND_COMPONENT', 'AIRCRAFT_V_WIND_COMPONENT', 'AIRCRAFT_TEMPERATURE', 'ACARS_U_WIND_COMPONENT', 'ACARS_V_WIND_COMPONENT', 'ACARS_TEMPERATURE', 'SAT_U_WIND_COMPONENT', 'SAT_V_WIND_COMPONENT', 'GPSRO_REFRACTIVITY', 'EOS_2_AMSUA_TB', 'NOAA_15_AMSUA_TB', 'NOAA_16_AMSUA_TB', 'NOAA_17_AMSUA_TB', 'NOAA_18_AMSUA_TB', 'NOAA_19_AMSUA_TB', 'METOP_1_AMSUA_TB', 'METOP_2_AMSUA_TB', 'VADWND_U_WIND_COMPONENT', 'VADWND_V_WIND_COMPONENT', 'LAND_SFC_PRESSURE', 'MARINE_SFC_PRESSURE']
 Reference levels:  (1014, 950, 900, 850, 800, 750, 700, 650, 600, 550, 500, 450, 400, 350, 300, 250, 200, 150, 90, 50, 25, 10, 5, 2.5, 1)

 Successfully created the directory /work/cmcc/gc02720/CMCC-CM/basic_diag/arc2/2017-10-03-21600 
 Center layers:  [982.0, 925.0, 875.0, 825.0, 775.0, 725.0, 675.0, 625.0, 575.0, 525.0, 475.0, 425.0, 375.0, 325.0, 275.0, 225.0, 175.0, 120.0, 70.0, 37.5, 17.5, 7.5, 3.75, 1.75]

 Start the computation...

 dir to process:  ['arc2-2017-10-03-21600']

 dir:  /work/cmcc/gc02720/CMCC-CM/archive/arc2/arc2-2017-10-03-21600
 dir number  1  out of  1
 listdb=  ['/work/cmcc/gc02720/CMCC-CM/archive/arc2/arc2-2017-10-03-21600/arc2.spreads.ARC.1.2017-10-03-21600.db', '/work/cmcc/gc02720/CMCC-CM/archive/arc2/arc2-2017-10-03-21600/arc2.spreads.ARC.3.2017-10-03-21600.db']
 listdb len=  2
 maskdb=  [1, 1]
 maskdb len=  2
 loading info from:  /work/cmcc/gc02720/CMCC-CM/archive/arc2/arc2-2017-10-03-21600/arc2.spreads.ARC.1.2017-10-03-21600.db
 loading info from:  /work/cmcc/gc02720/CMCC-CM/archive/arc2/arc2-2017-10-03-21600/arc2.spreads.ARC.3.2017-10-03-21600.db

 processing obs:  RADIOSONDE_U_WIND_COMPONENT
 region:  Global
 No obs:  RADIOSONDE_U_WIND_COMPONENT  in region:  Global  at this time.
 region:  NH
 No obs:  RADIOSONDE_U_WIND_COMPONENT  in region:  NH  at this time.
 region:  SH
 No obs:  RADIOSONDE_U_WIND_COMPONENT  in region:  SH  at this time.
 region:  TR
 No obs:  RADIOSONDE_U_WIND_COMPONENT  in region:  TR  at this time.

 processing obs:  RADIOSONDE_V_WIND_COMPONENT
 region:  Global
 No obs:  RADIOSONDE_V_WIND_COMPONENT  in region:  Global  at this time.
 region:  NH
 No obs:  RADIOSONDE_V_WIND_COMPONENT  in region:  NH  at this time.
 region:  SH
 No obs:  RADIOSONDE_V_WIND_COMPONENT  in region:  SH  at this time.
 region:  TR
 No obs:  RADIOSONDE_V_WIND_COMPONENT  in region:  TR  at this time.

 processing obs:  RADIOSONDE_TEMPERATURE
 region:  Global
 No obs:  RADIOSONDE_TEMPERATURE  in region:  Global  at this time.
 region:  NH
 No obs:  RADIOSONDE_TEMPERATURE  in region:  NH  at this time.
 region:  SH
 No obs:  RADIOSONDE_TEMPERATURE  in region:  SH  at this time.
 region:  TR
 No obs:  RADIOSONDE_TEMPERATURE  in region:  TR  at this time.

 processing obs:  AIRCRAFT_U_WIND_COMPONENT
 region:  Global
0       0.315814
1       1.350113
2       0.151325
3      -2.276802
4       2.205444
          ...   
4047    3.178729
4048    1.487778
4049   -1.644206
4050   -1.308724
4051   -0.455927
Name: obs-prior, Length: 4052, dtype: float64
0       0.315814
1       1.350113
2       0.151325
3      -2.276802
4       2.205444
          ...   
4047    3.178729
4048    1.487778
4049   -1.644206
4050   -1.308724
4051   -0.455927
Name: obs-prior, Length: 4052, dtype: float64
0       0.315814
1       1.350113
2       0.151325
3      -2.276802
4       2.205444
          ...   
4047    3.178729
4048    1.487778
4049   -1.644206
4050   -1.308724
4051   -0.455927
Name: obs-prior, Length: 4052, dtype: float64
0       0.315814
1       1.350113
2       0.151325
3      -2.276802
4       2.205444
          ...   
4047    3.178729
4048    1.487778
4049   -1.644206
4050   -1.308724
4051   -0.455927
Name: obs-prior, Length: 4052, dtype: float64
0       0.315814
1       1.350113
2       0.151325
3      -2.276802
4       2.205444
          ...   
4047    3.178729
4048    1.487778
4049   -1.644206
4050   -1.308724
4051   -0.455927
Name: obs-prior, Length: 4052, dtype: float64
0       0.315814
1       1.350113
2       0.151325
3      -2.276802
4       2.205444
          ...   
4047    3.178729
4048    1.487778
4049   -1.644206
4050   -1.308724
4051   -0.455927
Name: obs-prior, Length: 4052, dtype: float64
0       0.315814
1       1.350113
2       0.151325
3      -2.276802
4       2.205444
          ...   
4047    3.178729
4048    1.487778
4049   -1.644206
4050   -1.308724
4051   -0.455927
Name: obs-prior, Length: 4052, dtype: float64
0       0.315814
1       1.350113
2       0.151325
3      -2.276802
4       2.205444
          ...   
4047    3.178729
4048    1.487778
4049   -1.644206
4050   -1.308724
4051   -0.455927
Name: obs-prior, Length: 4052, dtype: float64
0       0.315814
1       1.350113
2       0.151325
3      -2.276802
4       2.205444
          ...   
4047    3.178729
4048    1.487778
4049   -1.644206
4050   -1.308724
4051   -0.455927
Name: obs-prior, Length: 4052, dtype: float64
0       0.315814
1       1.350113
2       0.151325
3      -2.276802
4       2.205444
          ...   
4047    3.178729
4048    1.487778
4049   -1.644206
4050   -1.308724
4051   -0.455927
Name: obs-prior, Length: 4052, dtype: float64
0       0.315814
1       1.350113
2       0.151325
3      -2.276802
4       2.205444
          ...   
4047    3.178729
4048    1.487778
4049   -1.644206
4050   -1.308724
4051   -0.455927
Name: obs-prior, Length: 4052, dtype: float64
0       0.315814
1       1.350113
2       0.151325
3      -2.276802
4       2.205444
          ...   
4047    3.178729
4048    1.487778
4049   -1.644206
4050   -1.308724
4051   -0.455927
Name: obs-prior, Length: 4052, dtype: float64
0       0.315814
1       1.350113
2       0.151325
3      -2.276802
4       2.205444
          ...   
4047    3.178729
4048    1.487778
4049   -1.644206
4050   -1.308724
4051   -0.455927
Name: obs-prior, Length: 4052, dtype: float64
0       0.315814
1       1.350113
2       0.151325
3      -2.276802
4       2.205444
          ...   
4047    3.178729
4048    1.487778
4049   -1.644206
4050   -1.308724
4051   -0.455927
Name: obs-prior, Length: 4052, dtype: float64
0       0.315814
1       1.350113
2       0.151325
3      -2.276802
4       2.205444
          ...   
4047    3.178729
4048    1.487778
4049   -1.644206
4050   -1.308724
4051   -0.455927
Name: obs-prior, Length: 4052, dtype: float64
0       0.315814
1       1.350113
2       0.151325
3      -2.276802
4       2.205444
          ...   
4047    3.178729
4048    1.487778
4049   -1.644206
4050   -1.308724
4051   -0.455927
Name: obs-prior, Length: 4052, dtype: float64
0       0.315814
1       1.350113
2       0.151325
3      -2.276802
4       2.205444
          ...   
4047    3.178729
4048    1.487778
4049   -1.644206
4050   -1.308724
4051   -0.455927
Name: obs-prior, Length: 4052, dtype: float64
0       0.315814
1       1.350113
2       0.151325
3      -2.276802
4       2.205444
          ...   
4047    3.178729
4048    1.487778
4049   -1.644206
4050   -1.308724
4051   -0.455927
Name: obs-prior, Length: 4052, dtype: float64
 region:  NH
0       2.205444
1       1.741883
2      -0.918150
3      -1.120944
4      -1.261623
          ...   
2159    3.433020
2160   -0.023714
2161    3.178729
2162   -1.644206
2163   -0.455927
Name: obs-prior, Length: 2164, dtype: float64
0       2.205444
1       1.741883
2      -0.918150
3      -1.120944
4      -1.261623
          ...   
2159    3.433020
2160   -0.023714
2161    3.178729
2162   -1.644206
2163   -0.455927
Name: obs-prior, Length: 2164, dtype: float64
0       2.205444
1       1.741883
2      -0.918150
3      -1.120944
4      -1.261623
          ...   
2159    3.433020
2160   -0.023714
2161    3.178729
2162   -1.644206
2163   -0.455927
Name: obs-prior, Length: 2164, dtype: float64
0       2.205444
1       1.741883
2      -0.918150
3      -1.120944
4      -1.261623
          ...   
2159    3.433020
2160   -0.023714
2161    3.178729
2162   -1.644206
2163   -0.455927
Name: obs-prior, Length: 2164, dtype: float64
0       2.205444
1       1.741883
2      -0.918150
3      -1.120944
4      -1.261623
          ...   
2159    3.433020
2160   -0.023714
2161    3.178729
2162   -1.644206
2163   -0.455927
Name: obs-prior, Length: 2164, dtype: float64
0       2.205444
1       1.741883
2      -0.918150
3      -1.120944
4      -1.261623
          ...   
2159    3.433020
2160   -0.023714
2161    3.178729
2162   -1.644206
2163   -0.455927
Name: obs-prior, Length: 2164, dtype: float64
0       2.205444
1       1.741883
2      -0.918150
3      -1.120944
4      -1.261623
          ...   
2159    3.433020
2160   -0.023714
2161    3.178729
2162   -1.644206
2163   -0.455927
Name: obs-prior, Length: 2164, dtype: float64
0       2.205444
1       1.741883
2      -0.918150
3      -1.120944
4      -1.261623
          ...   
2159    3.433020
2160   -0.023714
2161    3.178729
2162   -1.644206
2163   -0.455927
Name: obs-prior, Length: 2164, dtype: float64
0       2.205444
1       1.741883
2      -0.918150
3      -1.120944
4      -1.261623
          ...   
2159    3.433020
2160   -0.023714
2161    3.178729
2162   -1.644206
2163   -0.455927
Name: obs-prior, Length: 2164, dtype: float64
0       2.205444
1       1.741883
2      -0.918150
3      -1.120944
4      -1.261623
          ...   
2159    3.433020
2160   -0.023714
2161    3.178729
2162   -1.644206
2163   -0.455927
Name: obs-prior, Length: 2164, dtype: float64
0       2.205444
1       1.741883
2      -0.918150
3      -1.120944
4      -1.261623
          ...   
2159    3.433020
2160   -0.023714
2161    3.178729
2162   -1.644206
2163   -0.455927
Name: obs-prior, Length: 2164, dtype: float64
0       2.205444
1       1.741883
2      -0.918150
3      -1.120944
4      -1.261623
          ...   
2159    3.433020
2160   -0.023714
2161    3.178729
2162   -1.644206
2163   -0.455927
Name: obs-prior, Length: 2164, dtype: float64
0       2.205444
1       1.741883
2      -0.918150
3      -1.120944
4      -1.261623
          ...   
2159    3.433020
2160   -0.023714
2161    3.178729
2162   -1.644206
2163   -0.455927
Name: obs-prior, Length: 2164, dtype: float64
0       2.205444
1       1.741883
2      -0.918150
3      -1.120944
4      -1.261623
          ...   
2159    3.433020
2160   -0.023714
2161    3.178729
2162   -1.644206
2163   -0.455927
Name: obs-prior, Length: 2164, dtype: float64
0       2.205444
1       1.741883
2      -0.918150
3      -1.120944
4      -1.261623
          ...   
2159    3.433020
2160   -0.023714
2161    3.178729
2162   -1.644206
2163   -0.455927
Name: obs-prior, Length: 2164, dtype: float64
0       2.205444
1       1.741883
2      -0.918150
3      -1.120944
4      -1.261623
          ...   
2159    3.433020
2160   -0.023714
2161    3.178729
2162   -1.644206
2163   -0.455927
Name: obs-prior, Length: 2164, dtype: float64
0       2.205444
1       1.741883
2      -0.918150
3      -1.120944
4      -1.261623
          ...   
2159    3.433020
2160   -0.023714
2161    3.178729
2162   -1.644206
2163   -0.455927
Name: obs-prior, Length: 2164, dtype: float64
0       2.205444
1       1.741883
2      -0.918150
3      -1.120944
4      -1.261623
          ...   
2159    3.433020
2160   -0.023714
2161    3.178729
2162   -1.644206
2163   -0.455927
Name: obs-prior, Length: 2164, dtype: float64
 region:  SH
0     -0.259840
1      2.018024
2      0.255545
3     -1.993988
4      0.681615
         ...   
623   -2.646855
624   -2.156213
625    1.067744
626   -1.089112
627    0.344541
Name: obs-prior, Length: 628, dtype: float64
0     -0.259840
1      2.018024
2      0.255545
3     -1.993988
4      0.681615
         ...   
623   -2.646855
624   -2.156213
625    1.067744
626   -1.089112
627    0.344541
Name: obs-prior, Length: 628, dtype: float64
0     -0.259840
1      2.018024
2      0.255545
3     -1.993988
4      0.681615
         ...   
623   -2.646855
624   -2.156213
625    1.067744
626   -1.089112
627    0.344541
Name: obs-prior, Length: 628, dtype: float64
0     -0.259840
1      2.018024
2      0.255545
3     -1.993988
4      0.681615
         ...   
623   -2.646855
624   -2.156213
625    1.067744
626   -1.089112
627    0.344541
Name: obs-prior, Length: 628, dtype: float64
0     -0.259840
1      2.018024
2      0.255545
3     -1.993988
4      0.681615
         ...   
623   -2.646855
624   -2.156213
625    1.067744
626   -1.089112
627    0.344541
Name: obs-prior, Length: 628, dtype: float64
0     -0.259840
1      2.018024
2      0.255545
3     -1.993988
4      0.681615
         ...   
623   -2.646855
624   -2.156213
625    1.067744
626   -1.089112
627    0.344541
Name: obs-prior, Length: 628, dtype: float64
0     -0.259840
1      2.018024
2      0.255545
3     -1.993988
4      0.681615
         ...   
623   -2.646855
624   -2.156213
625    1.067744
626   -1.089112
627    0.344541
Name: obs-prior, Length: 628, dtype: float64
0     -0.259840
1      2.018024
2      0.255545
3     -1.993988
4      0.681615
         ...   
623   -2.646855
624   -2.156213
625    1.067744
626   -1.089112
627    0.344541
Name: obs-prior, Length: 628, dtype: float64
0     -0.259840
1      2.018024
2      0.255545
3     -1.993988
4      0.681615
         ...   
623   -2.646855
624   -2.156213
625    1.067744
626   -1.089112
627    0.344541
Name: obs-prior, Length: 628, dtype: float64
0     -0.259840
1      2.018024
2      0.255545
3     -1.993988
4      0.681615
         ...   
623   -2.646855
624   -2.156213
625    1.067744
626   -1.089112
627    0.344541
Name: obs-prior, Length: 628, dtype: float64
0     -0.259840
1      2.018024
2      0.255545
3     -1.993988
4      0.681615
         ...   
623   -2.646855
624   -2.156213
625    1.067744
626   -1.089112
627    0.344541
Name: obs-prior, Length: 628, dtype: float64
0     -0.259840
1      2.018024
2      0.255545
3     -1.993988
4      0.681615
         ...   
623   -2.646855
624   -2.156213
625    1.067744
626   -1.089112
627    0.344541
Name: obs-prior, Length: 628, dtype: float64
0     -0.259840
1      2.018024
2      0.255545
3     -1.993988
4      0.681615
         ...   
623   -2.646855
624   -2.156213
625    1.067744
626   -1.089112
627    0.344541
Name: obs-prior, Length: 628, dtype: float64
0     -0.259840
1      2.018024
2      0.255545
3     -1.993988
4      0.681615
         ...   
623   -2.646855
624   -2.156213
625    1.067744
626   -1.089112
627    0.344541
Name: obs-prior, Length: 628, dtype: float64
0     -0.259840
1      2.018024
2      0.255545
3     -1.993988
4      0.681615
         ...   
623   -2.646855
624   -2.156213
625    1.067744
626   -1.089112
627    0.344541
Name: obs-prior, Length: 628, dtype: float64
0     -0.259840
1      2.018024
2      0.255545
3     -1.993988
4      0.681615
         ...   
623   -2.646855
624   -2.156213
625    1.067744
626   -1.089112
627    0.344541
Name: obs-prior, Length: 628, dtype: float64
0     -0.259840
1      2.018024
2      0.255545
3     -1.993988
4      0.681615
         ...   
623   -2.646855
624   -2.156213
625    1.067744
626   -1.089112
627    0.344541
Name: obs-prior, Length: 628, dtype: float64
 region:  TR
0       0.315814
1       1.350113
2       0.151325
3      -2.276802
4       0.385969
          ...   
1255    5.778520
1256    0.413443
1257   -2.581637
1258    1.487778
1259   -1.308724
Name: obs-prior, Length: 1260, dtype: float64
0       0.315814
1       1.350113
2       0.151325
3      -2.276802
4       0.385969
          ...   
1255    5.778520
1256    0.413443
1257   -2.581637
1258    1.487778
1259   -1.308724
Name: obs-prior, Length: 1260, dtype: float64
0       0.315814
1       1.350113
2       0.151325
3      -2.276802
4       0.385969
          ...   
1255    5.778520
1256    0.413443
1257   -2.581637
1258    1.487778
1259   -1.308724
Name: obs-prior, Length: 1260, dtype: float64
0       0.315814
1       1.350113
2       0.151325
3      -2.276802
4       0.385969
          ...   
1255    5.778520
1256    0.413443
1257   -2.581637
1258    1.487778
1259   -1.308724
Name: obs-prior, Length: 1260, dtype: float64
0       0.315814
1       1.350113
2       0.151325
3      -2.276802
4       0.385969
          ...   
1255    5.778520
1256    0.413443
1257   -2.581637
1258    1.487778
1259   -1.308724
Name: obs-prior, Length: 1260, dtype: float64
0       0.315814
1       1.350113
2       0.151325
3      -2.276802
4       0.385969
          ...   
1255    5.778520
1256    0.413443
1257   -2.581637
1258    1.487778
1259   -1.308724
Name: obs-prior, Length: 1260, dtype: float64
0       0.315814
1       1.350113
2       0.151325
3      -2.276802
4       0.385969
          ...   
1255    5.778520
1256    0.413443
1257   -2.581637
1258    1.487778
1259   -1.308724
Name: obs-prior, Length: 1260, dtype: float64
0       0.315814
1       1.350113
2       0.151325
3      -2.276802
4       0.385969
          ...   
1255    5.778520
1256    0.413443
1257   -2.581637
1258    1.487778
1259   -1.308724
Name: obs-prior, Length: 1260, dtype: float64
0       0.315814
1       1.350113
2       0.151325
3      -2.276802
4       0.385969
          ...   
1255    5.778520
1256    0.413443
1257   -2.581637
1258    1.487778
1259   -1.308724
Name: obs-prior, Length: 1260, dtype: float64
0       0.315814
1       1.350113
2       0.151325
3      -2.276802
4       0.385969
          ...   
1255    5.778520
1256    0.413443
1257   -2.581637
1258    1.487778
1259   -1.308724
Name: obs-prior, Length: 1260, dtype: float64
0       0.315814
1       1.350113
2       0.151325
3      -2.276802
4       0.385969
          ...   
1255    5.778520
1256    0.413443
1257   -2.581637
1258    1.487778
1259   -1.308724
Name: obs-prior, Length: 1260, dtype: float64
0       0.315814
1       1.350113
2       0.151325
3      -2.276802
4       0.385969
          ...   
1255    5.778520
1256    0.413443
1257   -2.581637
1258    1.487778
1259   -1.308724
Name: obs-prior, Length: 1260, dtype: float64
0       0.315814
1       1.350113
2       0.151325
3      -2.276802
4       0.385969
          ...   
1255    5.778520
1256    0.413443
1257   -2.581637
1258    1.487778
1259   -1.308724
Name: obs-prior, Length: 1260, dtype: float64
0       0.315814
1       1.350113
2       0.151325
3      -2.276802
4       0.385969
          ...   
1255    5.778520
1256    0.413443
1257   -2.581637
1258    1.487778
1259   -1.308724
Name: obs-prior, Length: 1260, dtype: float64
0       0.315814
1       1.350113
2       0.151325
3      -2.276802
4       0.385969
          ...   
1255    5.778520
1256    0.413443
1257   -2.581637
1258    1.487778
1259   -1.308724
Name: obs-prior, Length: 1260, dtype: float64
0       0.315814
1       1.350113
2       0.151325
3      -2.276802
4       0.385969
          ...   
1255    5.778520
1256    0.413443
1257   -2.581637
1258    1.487778
1259   -1.308724
Name: obs-prior, Length: 1260, dtype: float64
0       0.315814
1       1.350113
2       0.151325
3      -2.276802
4       0.385969
          ...   
1255    5.778520
1256    0.413443
1257   -2.581637
1258    1.487778
1259   -1.308724
Name: obs-prior, Length: 1260, dtype: float64

 processing obs:  AIRCRAFT_V_WIND_COMPONENT
 region:  Global
0      -0.847198
1       2.316761
2       0.266145
3      -1.084839
4      -0.390451
          ...   
3529    1.106200
3530    1.647102
3531    1.762293
3532   -2.732552
3533   -0.802994
Name: obs-prior, Length: 3534, dtype: float64
0      -0.847198
1       2.316761
2       0.266145
3      -1.084839
4      -0.390451
          ...   
3529    1.106200
3530    1.647102
3531    1.762293
3532   -2.732552
3533   -0.802994
Name: obs-prior, Length: 3534, dtype: float64
0      -0.847198
1       2.316761
2       0.266145
3      -1.084839
4      -0.390451
          ...   
3529    1.106200
3530    1.647102
3531    1.762293
3532   -2.732552
3533   -0.802994
Name: obs-prior, Length: 3534, dtype: float64
0      -0.847198
1       2.316761
2       0.266145
3      -1.084839
4      -0.390451
          ...   
3529    1.106200
3530    1.647102
3531    1.762293
3532   -2.732552
3533   -0.802994
Name: obs-prior, Length: 3534, dtype: float64
0      -0.847198
1       2.316761
2       0.266145
3      -1.084839
4      -0.390451
          ...   
3529    1.106200
3530    1.647102
3531    1.762293
3532   -2.732552
3533   -0.802994
Name: obs-prior, Length: 3534, dtype: float64
0      -0.847198
1       2.316761
2       0.266145
3      -1.084839
4      -0.390451
          ...   
3529    1.106200
3530    1.647102
3531    1.762293
3532   -2.732552
3533   -0.802994
Name: obs-prior, Length: 3534, dtype: float64
0      -0.847198
1       2.316761
2       0.266145
3      -1.084839
4      -0.390451
          ...   
3529    1.106200
3530    1.647102
3531    1.762293
3532   -2.732552
3533   -0.802994
Name: obs-prior, Length: 3534, dtype: float64
0      -0.847198
1       2.316761
2       0.266145
3      -1.084839
4      -0.390451
          ...   
3529    1.106200
3530    1.647102
3531    1.762293
3532   -2.732552
3533   -0.802994
Name: obs-prior, Length: 3534, dtype: float64
0      -0.847198
1       2.316761
2       0.266145
3      -1.084839
4      -0.390451
          ...   
3529    1.106200
3530    1.647102
3531    1.762293
3532   -2.732552
3533   -0.802994
Name: obs-prior, Length: 3534, dtype: float64
0      -0.847198
1       2.316761
2       0.266145
3      -1.084839
4      -0.390451
          ...   
3529    1.106200
3530    1.647102
3531    1.762293
3532   -2.732552
3533   -0.802994
Name: obs-prior, Length: 3534, dtype: float64
0      -0.847198
1       2.316761
2       0.266145
3      -1.084839
4      -0.390451
          ...   
3529    1.106200
3530    1.647102
3531    1.762293
3532   -2.732552
3533   -0.802994
Name: obs-prior, Length: 3534, dtype: float64
0      -0.847198
1       2.316761
2       0.266145
3      -1.084839
4      -0.390451
          ...   
3529    1.106200
3530    1.647102
3531    1.762293
3532   -2.732552
3533   -0.802994
Name: obs-prior, Length: 3534, dtype: float64
0      -0.847198
1       2.316761
2       0.266145
3      -1.084839
4      -0.390451
          ...   
3529    1.106200
3530    1.647102
3531    1.762293
3532   -2.732552
3533   -0.802994
Name: obs-prior, Length: 3534, dtype: float64
0      -0.847198
1       2.316761
2       0.266145
3      -1.084839
4      -0.390451
          ...   
3529    1.106200
3530    1.647102
3531    1.762293
3532   -2.732552
3533   -0.802994
Name: obs-prior, Length: 3534, dtype: float64
0      -0.847198
1       2.316761
2       0.266145
3      -1.084839
4      -0.390451
          ...   
3529    1.106200
3530    1.647102
3531    1.762293
3532   -2.732552
3533   -0.802994
Name: obs-prior, Length: 3534, dtype: float64
0      -0.847198
1       2.316761
2       0.266145
3      -1.084839
4      -0.390451
          ...   
3529    1.106200
3530    1.647102
3531    1.762293
3532   -2.732552
3533   -0.802994
Name: obs-prior, Length: 3534, dtype: float64
0      -0.847198
1       2.316761
2       0.266145
3      -1.084839
4      -0.390451
          ...   
3529    1.106200
3530    1.647102
3531    1.762293
3532   -2.732552
3533   -0.802994
Name: obs-prior, Length: 3534, dtype: float64
0      -0.847198
1       2.316761
2       0.266145
3      -1.084839
4      -0.390451
          ...   
3529    1.106200
3530    1.647102
3531    1.762293
3532   -2.732552
3533   -0.802994
Name: obs-prior, Length: 3534, dtype: float64
 region:  NH
0       2.316761
1      -0.390451
2      -0.131995
3       1.987815
4      -1.880468
          ...   
1681   -2.033655
1682    1.396571
1683    1.106200
1684    1.647102
1685   -0.802994
Name: obs-prior, Length: 1686, dtype: float64
0       2.316761
1      -0.390451
2      -0.131995
3       1.987815
4      -1.880468
          ...   
1681   -2.033655
1682    1.396571
1683    1.106200
1684    1.647102
1685   -0.802994
Name: obs-prior, Length: 1686, dtype: float64
0       2.316761
1      -0.390451
2      -0.131995
3       1.987815
4      -1.880468
          ...   
1681   -2.033655
1682    1.396571
1683    1.106200
1684    1.647102
1685   -0.802994
Name: obs-prior, Length: 1686, dtype: float64
0       2.316761
1      -0.390451
2      -0.131995
3       1.987815
4      -1.880468
          ...   
1681   -2.033655
1682    1.396571
1683    1.106200
1684    1.647102
1685   -0.802994
Name: obs-prior, Length: 1686, dtype: float64
0       2.316761
1      -0.390451
2      -0.131995
3       1.987815
4      -1.880468
          ...   
1681   -2.033655
1682    1.396571
1683    1.106200
1684    1.647102
1685   -0.802994
Name: obs-prior, Length: 1686, dtype: float64
0       2.316761
1      -0.390451
2      -0.131995
3       1.987815
4      -1.880468
          ...   
1681   -2.033655
1682    1.396571
1683    1.106200
1684    1.647102
1685   -0.802994
Name: obs-prior, Length: 1686, dtype: float64
0       2.316761
1      -0.390451
2      -0.131995
3       1.987815
4      -1.880468
          ...   
1681   -2.033655
1682    1.396571
1683    1.106200
1684    1.647102
1685   -0.802994
Name: obs-prior, Length: 1686, dtype: float64
0       2.316761
1      -0.390451
2      -0.131995
3       1.987815
4      -1.880468
          ...   
1681   -2.033655
1682    1.396571
1683    1.106200
1684    1.647102
1685   -0.802994
Name: obs-prior, Length: 1686, dtype: float64
0       2.316761
1      -0.390451
2      -0.131995
3       1.987815
4      -1.880468
          ...   
1681   -2.033655
1682    1.396571
1683    1.106200
1684    1.647102
1685   -0.802994
Name: obs-prior, Length: 1686, dtype: float64
0       2.316761
1      -0.390451
2      -0.131995
3       1.987815
4      -1.880468
          ...   
1681   -2.033655
1682    1.396571
1683    1.106200
1684    1.647102
1685   -0.802994
Name: obs-prior, Length: 1686, dtype: float64
0       2.316761
1      -0.390451
2      -0.131995
3       1.987815
4      -1.880468
          ...   
1681   -2.033655
1682    1.396571
1683    1.106200
1684    1.647102
1685   -0.802994
Name: obs-prior, Length: 1686, dtype: float64
0       2.316761
1      -0.390451
2      -0.131995
3       1.987815
4      -1.880468
          ...   
1681   -2.033655
1682    1.396571
1683    1.106200
1684    1.647102
1685   -0.802994
Name: obs-prior, Length: 1686, dtype: float64
0       2.316761
1      -0.390451
2      -0.131995
3       1.987815
4      -1.880468
          ...   
1681   -2.033655
1682    1.396571
1683    1.106200
1684    1.647102
1685   -0.802994
Name: obs-prior, Length: 1686, dtype: float64
0       2.316761
1      -0.390451
2      -0.131995
3       1.987815
4      -1.880468
          ...   
1681   -2.033655
1682    1.396571
1683    1.106200
1684    1.647102
1685   -0.802994
Name: obs-prior, Length: 1686, dtype: float64
0       2.316761
1      -0.390451
2      -0.131995
3       1.987815
4      -1.880468
          ...   
1681   -2.033655
1682    1.396571
1683    1.106200
1684    1.647102
1685   -0.802994
Name: obs-prior, Length: 1686, dtype: float64
0       2.316761
1      -0.390451
2      -0.131995
3       1.987815
4      -1.880468
          ...   
1681   -2.033655
1682    1.396571
1683    1.106200
1684    1.647102
1685   -0.802994
Name: obs-prior, Length: 1686, dtype: float64
0       2.316761
1      -0.390451
2      -0.131995
3       1.987815
4      -1.880468
          ...   
1681   -2.033655
1682    1.396571
1683    1.106200
1684    1.647102
1685   -0.802994
Name: obs-prior, Length: 1686, dtype: float64
0       2.316761
1      -0.390451
2      -0.131995
3       1.987815
4      -1.880468
          ...   
1681   -2.033655
1682    1.396571
1683    1.106200
1684    1.647102
1685   -0.802994
Name: obs-prior, Length: 1686, dtype: float64
 region:  SH
0      1.393004
1     -2.192618
2     -2.108344
3     -1.370491
4      2.472293
         ...   
619   -0.471820
620   -1.585024
621   -1.016084
622   -1.584107
623   -2.732552
Name: obs-prior, Length: 624, dtype: float64
0      1.393004
1     -2.192618
2     -2.108344
3     -1.370491
4      2.472293
         ...   
619   -0.471820
620   -1.585024
621   -1.016084
622   -1.584107
623   -2.732552
Name: obs-prior, Length: 624, dtype: float64
0      1.393004
1     -2.192618
2     -2.108344
3     -1.370491
4      2.472293
         ...   
619   -0.471820
620   -1.585024
621   -1.016084
622   -1.584107
623   -2.732552
Name: obs-prior, Length: 624, dtype: float64
0      1.393004
1     -2.192618
2     -2.108344
3     -1.370491
4      2.472293
         ...   
619   -0.471820
620   -1.585024
621   -1.016084
622   -1.584107
623   -2.732552
Name: obs-prior, Length: 624, dtype: float64
0      1.393004
1     -2.192618
2     -2.108344
3     -1.370491
4      2.472293
         ...   
619   -0.471820
620   -1.585024
621   -1.016084
622   -1.584107
623   -2.732552
Name: obs-prior, Length: 624, dtype: float64
0      1.393004
1     -2.192618
2     -2.108344
3     -1.370491
4      2.472293
         ...   
619   -0.471820
620   -1.585024
621   -1.016084
622   -1.584107
623   -2.732552
Name: obs-prior, Length: 624, dtype: float64
0      1.393004
1     -2.192618
2     -2.108344
3     -1.370491
4      2.472293
         ...   
619   -0.471820
620   -1.585024
621   -1.016084
622   -1.584107
623   -2.732552
Name: obs-prior, Length: 624, dtype: float64
0      1.393004
1     -2.192618
2     -2.108344
3     -1.370491
4      2.472293
         ...   
619   -0.471820
620   -1.585024
621   -1.016084
622   -1.584107
623   -2.732552
Name: obs-prior, Length: 624, dtype: float64
0      1.393004
1     -2.192618
2     -2.108344
3     -1.370491
4      2.472293
         ...   
619   -0.471820
620   -1.585024
621   -1.016084
622   -1.584107
623   -2.732552
Name: obs-prior, Length: 624, dtype: float64
0      1.393004
1     -2.192618
2     -2.108344
3     -1.370491
4      2.472293
         ...   
619   -0.471820
620   -1.585024
621   -1.016084
622   -1.584107
623   -2.732552
Name: obs-prior, Length: 624, dtype: float64
0      1.393004
1     -2.192618
2     -2.108344
3     -1.370491
4      2.472293
         ...   
619   -0.471820
620   -1.585024
621   -1.016084
622   -1.584107
623   -2.732552
Name: obs-prior, Length: 624, dtype: float64
0      1.393004
1     -2.192618
2     -2.108344
3     -1.370491
4      2.472293
         ...   
619   -0.471820
620   -1.585024
621   -1.016084
622   -1.584107
623   -2.732552
Name: obs-prior, Length: 624, dtype: float64
0      1.393004
1     -2.192618
2     -2.108344
3     -1.370491
4      2.472293
         ...   
619   -0.471820
620   -1.585024
621   -1.016084
622   -1.584107
623   -2.732552
Name: obs-prior, Length: 624, dtype: float64
0      1.393004
1     -2.192618
2     -2.108344
3     -1.370491
4      2.472293
         ...   
619   -0.471820
620   -1.585024
621   -1.016084
622   -1.584107
623   -2.732552
Name: obs-prior, Length: 624, dtype: float64
0      1.393004
1     -2.192618
2     -2.108344
3     -1.370491
4      2.472293
         ...   
619   -0.471820
620   -1.585024
621   -1.016084
622   -1.584107
623   -2.732552
Name: obs-prior, Length: 624, dtype: float64
0      1.393004
1     -2.192618
2     -2.108344
3     -1.370491
4      2.472293
         ...   
619   -0.471820
620   -1.585024
621   -1.016084
622   -1.584107
623   -2.732552
Name: obs-prior, Length: 624, dtype: float64
0      1.393004
1     -2.192618
2     -2.108344
3     -1.370491
4      2.472293
         ...   
619   -0.471820
620   -1.585024
621   -1.016084
622   -1.584107
623   -2.732552
Name: obs-prior, Length: 624, dtype: float64
 region:  TR
0      -0.847198
1       0.266145
2      -1.084839
3      -0.622307
4       0.609401
          ...   
1219   -2.936414
1220    0.514079
1221   -1.675759
1222    0.968193
1223    1.762293
Name: obs-prior, Length: 1224, dtype: float64
0      -0.847198
1       0.266145
2      -1.084839
3      -0.622307
4       0.609401
          ...   
1219   -2.936414
1220    0.514079
1221   -1.675759
1222    0.968193
1223    1.762293
Name: obs-prior, Length: 1224, dtype: float64
0      -0.847198
1       0.266145
2      -1.084839
3      -0.622307
4       0.609401
          ...   
1219   -2.936414
1220    0.514079
1221   -1.675759
1222    0.968193
1223    1.762293
Name: obs-prior, Length: 1224, dtype: float64
0      -0.847198
1       0.266145
2      -1.084839
3      -0.622307
4       0.609401
          ...   
1219   -2.936414
1220    0.514079
1221   -1.675759
1222    0.968193
1223    1.762293
Name: obs-prior, Length: 1224, dtype: float64
0      -0.847198
1       0.266145
2      -1.084839
3      -0.622307
4       0.609401
          ...   
1219   -2.936414
1220    0.514079
1221   -1.675759
1222    0.968193
1223    1.762293
Name: obs-prior, Length: 1224, dtype: float64
0      -0.847198
1       0.266145
2      -1.084839
3      -0.622307
4       0.609401
          ...   
1219   -2.936414
1220    0.514079
1221   -1.675759
1222    0.968193
1223    1.762293
Name: obs-prior, Length: 1224, dtype: float64
0      -0.847198
1       0.266145
2      -1.084839
3      -0.622307
4       0.609401
          ...   
1219   -2.936414
1220    0.514079
1221   -1.675759
1222    0.968193
1223    1.762293
Name: obs-prior, Length: 1224, dtype: float64
0      -0.847198
1       0.266145
2      -1.084839
3      -0.622307
4       0.609401
          ...   
1219   -2.936414
1220    0.514079
1221   -1.675759
1222    0.968193
1223    1.762293
Name: obs-prior, Length: 1224, dtype: float64
0      -0.847198
1       0.266145
2      -1.084839
3      -0.622307
4       0.609401
          ...   
1219   -2.936414
1220    0.514079
1221   -1.675759
1222    0.968193
1223    1.762293
Name: obs-prior, Length: 1224, dtype: float64
0      -0.847198
1       0.266145
2      -1.084839
3      -0.622307
4       0.609401
          ...   
1219   -2.936414
1220    0.514079
1221   -1.675759
1222    0.968193
1223    1.762293
Name: obs-prior, Length: 1224, dtype: float64
0      -0.847198
1       0.266145
2      -1.084839
3      -0.622307
4       0.609401
          ...   
1219   -2.936414
1220    0.514079
1221   -1.675759
1222    0.968193
1223    1.762293
Name: obs-prior, Length: 1224, dtype: float64
0      -0.847198
1       0.266145
2      -1.084839
3      -0.622307
4       0.609401
          ...   
1219   -2.936414
1220    0.514079
1221   -1.675759
1222    0.968193
1223    1.762293
Name: obs-prior, Length: 1224, dtype: float64
0      -0.847198
1       0.266145
2      -1.084839
3      -0.622307
4       0.609401
          ...   
1219   -2.936414
1220    0.514079
1221   -1.675759
1222    0.968193
1223    1.762293
Name: obs-prior, Length: 1224, dtype: float64
0      -0.847198
1       0.266145
2      -1.084839
3      -0.622307
4       0.609401
          ...   
1219   -2.936414
1220    0.514079
1221   -1.675759
1222    0.968193
1223    1.762293
Name: obs-prior, Length: 1224, dtype: float64
0      -0.847198
1       0.266145
2      -1.084839
3      -0.622307
4       0.609401
          ...   
1219   -2.936414
1220    0.514079
1221   -1.675759
1222    0.968193
1223    1.762293
Name: obs-prior, Length: 1224, dtype: float64
0      -0.847198
1       0.266145
2      -1.084839
3      -0.622307
4       0.609401
          ...   
1219   -2.936414
1220    0.514079
1221   -1.675759
1222    0.968193
1223    1.762293
Name: obs-prior, Length: 1224, dtype: float64
0      -0.847198
1       0.266145
2      -1.084839
3      -0.622307
4       0.609401
          ...   
1219   -2.936414
1220    0.514079
1221   -1.675759
1222    0.968193
1223    1.762293
Name: obs-prior, Length: 1224, dtype: float64

 processing obs:  AIRCRAFT_TEMPERATURE
 region:  Global
0       0.879689
1       0.882185
2       0.029451
3       0.585225
4      -0.916201
          ...   
4286   -0.570918
4287   -0.339487
4288    0.505931
4289   -0.575677
4290   -0.179138
Name: obs-prior, Length: 4291, dtype: float64
0       0.879689
1       0.882185
2       0.029451
3       0.585225
4      -0.916201
          ...   
4286   -0.570918
4287   -0.339487
4288    0.505931
4289   -0.575677
4290   -0.179138
Name: obs-prior, Length: 4291, dtype: float64
0       0.879689
1       0.882185
2       0.029451
3       0.585225
4      -0.916201
          ...   
4286   -0.570918
4287   -0.339487
4288    0.505931
4289   -0.575677
4290   -0.179138
Name: obs-prior, Length: 4291, dtype: float64
0       0.879689
1       0.882185
2       0.029451
3       0.585225
4      -0.916201
          ...   
4286   -0.570918
4287   -0.339487
4288    0.505931
4289   -0.575677
4290   -0.179138
Name: obs-prior, Length: 4291, dtype: float64
0       0.879689
1       0.882185
2       0.029451
3       0.585225
4      -0.916201
          ...   
4286   -0.570918
4287   -0.339487
4288    0.505931
4289   -0.575677
4290   -0.179138
Name: obs-prior, Length: 4291, dtype: float64
0       0.879689
1       0.882185
2       0.029451
3       0.585225
4      -0.916201
          ...   
4286   -0.570918
4287   -0.339487
4288    0.505931
4289   -0.575677
4290   -0.179138
Name: obs-prior, Length: 4291, dtype: float64
0       0.879689
1       0.882185
2       0.029451
3       0.585225
4      -0.916201
          ...   
4286   -0.570918
4287   -0.339487
4288    0.505931
4289   -0.575677
4290   -0.179138
Name: obs-prior, Length: 4291, dtype: float64
0       0.879689
1       0.882185
2       0.029451
3       0.585225
4      -0.916201
          ...   
4286   -0.570918
4287   -0.339487
4288    0.505931
4289   -0.575677
4290   -0.179138
Name: obs-prior, Length: 4291, dtype: float64
0       0.879689
1       0.882185
2       0.029451
3       0.585225
4      -0.916201
          ...   
4286   -0.570918
4287   -0.339487
4288    0.505931
4289   -0.575677
4290   -0.179138
Name: obs-prior, Length: 4291, dtype: float64
0       0.879689
1       0.882185
2       0.029451
3       0.585225
4      -0.916201
          ...   
4286   -0.570918
4287   -0.339487
4288    0.505931
4289   -0.575677
4290   -0.179138
Name: obs-prior, Length: 4291, dtype: float64
0       0.879689
1       0.882185
2       0.029451
3       0.585225
4      -0.916201
          ...   
4286   -0.570918
4287   -0.339487
4288    0.505931
4289   -0.575677
4290   -0.179138
Name: obs-prior, Length: 4291, dtype: float64
0       0.879689
1       0.882185
2       0.029451
3       0.585225
4      -0.916201
          ...   
4286   -0.570918
4287   -0.339487
4288    0.505931
4289   -0.575677
4290   -0.179138
Name: obs-prior, Length: 4291, dtype: float64
0       0.879689
1       0.882185
2       0.029451
3       0.585225
4      -0.916201
          ...   
4286   -0.570918
4287   -0.339487
4288    0.505931
4289   -0.575677
4290   -0.179138
Name: obs-prior, Length: 4291, dtype: float64
0       0.879689
1       0.882185
2       0.029451
3       0.585225
4      -0.916201
          ...   
4286   -0.570918
4287   -0.339487
4288    0.505931
4289   -0.575677
4290   -0.179138
Name: obs-prior, Length: 4291, dtype: float64
0       0.879689
1       0.882185
2       0.029451
3       0.585225
4      -0.916201
          ...   
4286   -0.570918
4287   -0.339487
4288    0.505931
4289   -0.575677
4290   -0.179138
Name: obs-prior, Length: 4291, dtype: float64
0       0.879689
1       0.882185
2       0.029451
3       0.585225
4      -0.916201
          ...   
4286   -0.570918
4287   -0.339487
4288    0.505931
4289   -0.575677
4290   -0.179138
Name: obs-prior, Length: 4291, dtype: float64
0       0.879689
1       0.882185
2       0.029451
3       0.585225
4      -0.916201
          ...   
4286   -0.570918
4287   -0.339487
4288    0.505931
4289   -0.575677
4290   -0.179138
Name: obs-prior, Length: 4291, dtype: float64
0       0.879689
1       0.882185
2       0.029451
3       0.585225
4      -0.916201
          ...   
4286   -0.570918
4287   -0.339487
4288    0.505931
4289   -0.575677
4290   -0.179138
Name: obs-prior, Length: 4291, dtype: float64
 region:  NH
0       0.968568
1       0.100663
2      -0.305601
3       0.636168
4      -0.415901
          ...   
2461   -0.200223
2462   -1.023431
2463   -0.339487
2464   -0.575677
2465   -0.179138
Name: obs-prior, Length: 2466, dtype: float64
0       0.968568
1       0.100663
2      -0.305601
3       0.636168
4      -0.415901
          ...   
2461   -0.200223
2462   -1.023431
2463   -0.339487
2464   -0.575677
2465   -0.179138
Name: obs-prior, Length: 2466, dtype: float64
0       0.968568
1       0.100663
2      -0.305601
3       0.636168
4      -0.415901
          ...   
2461   -0.200223
2462   -1.023431
2463   -0.339487
2464   -0.575677
2465   -0.179138
Name: obs-prior, Length: 2466, dtype: float64
0       0.968568
1       0.100663
2      -0.305601
3       0.636168
4      -0.415901
          ...   
2461   -0.200223
2462   -1.023431
2463   -0.339487
2464   -0.575677
2465   -0.179138
Name: obs-prior, Length: 2466, dtype: float64
0       0.968568
1       0.100663
2      -0.305601
3       0.636168
4      -0.415901
          ...   
2461   -0.200223
2462   -1.023431
2463   -0.339487
2464   -0.575677
2465   -0.179138
Name: obs-prior, Length: 2466, dtype: float64
0       0.968568
1       0.100663
2      -0.305601
3       0.636168
4      -0.415901
          ...   
2461   -0.200223
2462   -1.023431
2463   -0.339487
2464   -0.575677
2465   -0.179138
Name: obs-prior, Length: 2466, dtype: float64
0       0.968568
1       0.100663
2      -0.305601
3       0.636168
4      -0.415901
          ...   
2461   -0.200223
2462   -1.023431
2463   -0.339487
2464   -0.575677
2465   -0.179138
Name: obs-prior, Length: 2466, dtype: float64
0       0.968568
1       0.100663
2      -0.305601
3       0.636168
4      -0.415901
          ...   
2461   -0.200223
2462   -1.023431
2463   -0.339487
2464   -0.575677
2465   -0.179138
Name: obs-prior, Length: 2466, dtype: float64
0       0.968568
1       0.100663
2      -0.305601
3       0.636168
4      -0.415901
          ...   
2461   -0.200223
2462   -1.023431
2463   -0.339487
2464   -0.575677
2465   -0.179138
Name: obs-prior, Length: 2466, dtype: float64
0       0.968568
1       0.100663
2      -0.305601
3       0.636168
4      -0.415901
          ...   
2461   -0.200223
2462   -1.023431
2463   -0.339487
2464   -0.575677
2465   -0.179138
Name: obs-prior, Length: 2466, dtype: float64
0       0.968568
1       0.100663
2      -0.305601
3       0.636168
4      -0.415901
          ...   
2461   -0.200223
2462   -1.023431
2463   -0.339487
2464   -0.575677
2465   -0.179138
Name: obs-prior, Length: 2466, dtype: float64
0       0.968568
1       0.100663
2      -0.305601
3       0.636168
4      -0.415901
          ...   
2461   -0.200223
2462   -1.023431
2463   -0.339487
2464   -0.575677
2465   -0.179138
Name: obs-prior, Length: 2466, dtype: float64
0       0.968568
1       0.100663
2      -0.305601
3       0.636168
4      -0.415901
          ...   
2461   -0.200223
2462   -1.023431
2463   -0.339487
2464   -0.575677
2465   -0.179138
Name: obs-prior, Length: 2466, dtype: float64
0       0.968568
1       0.100663
2      -0.305601
3       0.636168
4      -0.415901
          ...   
2461   -0.200223
2462   -1.023431
2463   -0.339487
2464   -0.575677
2465   -0.179138
Name: obs-prior, Length: 2466, dtype: float64
0       0.968568
1       0.100663
2      -0.305601
3       0.636168
4      -0.415901
          ...   
2461   -0.200223
2462   -1.023431
2463   -0.339487
2464   -0.575677
2465   -0.179138
Name: obs-prior, Length: 2466, dtype: float64
0       0.968568
1       0.100663
2      -0.305601
3       0.636168
4      -0.415901
          ...   
2461   -0.200223
2462   -1.023431
2463   -0.339487
2464   -0.575677
2465   -0.179138
Name: obs-prior, Length: 2466, dtype: float64
0       0.968568
1       0.100663
2      -0.305601
3       0.636168
4      -0.415901
          ...   
2461   -0.200223
2462   -1.023431
2463   -0.339487
2464   -0.575677
2465   -0.179138
Name: obs-prior, Length: 2466, dtype: float64
0       0.968568
1       0.100663
2      -0.305601
3       0.636168
4      -0.415901
          ...   
2461   -0.200223
2462   -1.023431
2463   -0.339487
2464   -0.575677
2465   -0.179138
Name: obs-prior, Length: 2466, dtype: float64
 region:  SH
0     -1.074931
1      1.189697
2      0.116775
3      0.160030
4     -0.196891
         ...   
624    1.105610
625   -0.841627
626    0.960213
627    0.848517
628    0.568877
Name: obs-prior, Length: 629, dtype: float64
0     -1.074931
1      1.189697
2      0.116775
3      0.160030
4     -0.196891
         ...   
624    1.105610
625   -0.841627
626    0.960213
627    0.848517
628    0.568877
Name: obs-prior, Length: 629, dtype: float64
0     -1.074931
1      1.189697
2      0.116775
3      0.160030
4     -0.196891
         ...   
624    1.105610
625   -0.841627
626    0.960213
627    0.848517
628    0.568877
Name: obs-prior, Length: 629, dtype: float64
0     -1.074931
1      1.189697
2      0.116775
3      0.160030
4     -0.196891
         ...   
624    1.105610
625   -0.841627
626    0.960213
627    0.848517
628    0.568877
Name: obs-prior, Length: 629, dtype: float64
0     -1.074931
1      1.189697
2      0.116775
3      0.160030
4     -0.196891
         ...   
624    1.105610
625   -0.841627
626    0.960213
627    0.848517
628    0.568877
Name: obs-prior, Length: 629, dtype: float64
0     -1.074931
1      1.189697
2      0.116775
3      0.160030
4     -0.196891
         ...   
624    1.105610
625   -0.841627
626    0.960213
627    0.848517
628    0.568877
Name: obs-prior, Length: 629, dtype: float64
0     -1.074931
1      1.189697
2      0.116775
3      0.160030
4     -0.196891
         ...   
624    1.105610
625   -0.841627
626    0.960213
627    0.848517
628    0.568877
Name: obs-prior, Length: 629, dtype: float64
0     -1.074931
1      1.189697
2      0.116775
3      0.160030
4     -0.196891
         ...   
624    1.105610
625   -0.841627
626    0.960213
627    0.848517
628    0.568877
Name: obs-prior, Length: 629, dtype: float64
0     -1.074931
1      1.189697
2      0.116775
3      0.160030
4     -0.196891
         ...   
624    1.105610
625   -0.841627
626    0.960213
627    0.848517
628    0.568877
Name: obs-prior, Length: 629, dtype: float64
0     -1.074931
1      1.189697
2      0.116775
3      0.160030
4     -0.196891
         ...   
624    1.105610
625   -0.841627
626    0.960213
627    0.848517
628    0.568877
Name: obs-prior, Length: 629, dtype: float64
0     -1.074931
1      1.189697
2      0.116775
3      0.160030
4     -0.196891
         ...   
624    1.105610
625   -0.841627
626    0.960213
627    0.848517
628    0.568877
Name: obs-prior, Length: 629, dtype: float64
0     -1.074931
1      1.189697
2      0.116775
3      0.160030
4     -0.196891
         ...   
624    1.105610
625   -0.841627
626    0.960213
627    0.848517
628    0.568877
Name: obs-prior, Length: 629, dtype: float64
0     -1.074931
1      1.189697
2      0.116775
3      0.160030
4     -0.196891
         ...   
624    1.105610
625   -0.841627
626    0.960213
627    0.848517
628    0.568877
Name: obs-prior, Length: 629, dtype: float64
0     -1.074931
1      1.189697
2      0.116775
3      0.160030
4     -0.196891
         ...   
624    1.105610
625   -0.841627
626    0.960213
627    0.848517
628    0.568877
Name: obs-prior, Length: 629, dtype: float64
0     -1.074931
1      1.189697
2      0.116775
3      0.160030
4     -0.196891
         ...   
624    1.105610
625   -0.841627
626    0.960213
627    0.848517
628    0.568877
Name: obs-prior, Length: 629, dtype: float64
0     -1.074931
1      1.189697
2      0.116775
3      0.160030
4     -0.196891
         ...   
624    1.105610
625   -0.841627
626    0.960213
627    0.848517
628    0.568877
Name: obs-prior, Length: 629, dtype: float64
0     -1.074931
1      1.189697
2      0.116775
3      0.160030
4     -0.196891
         ...   
624    1.105610
625   -0.841627
626    0.960213
627    0.848517
628    0.568877
Name: obs-prior, Length: 629, dtype: float64
 region:  TR
0       0.879689
1       0.882185
2       0.029451
3       0.585225
4      -0.916201
          ...   
1191    0.176245
1192    0.874147
1193   -0.539207
1194   -0.570918
1195    0.505931
Name: obs-prior, Length: 1196, dtype: float64
0       0.879689
1       0.882185
2       0.029451
3       0.585225
4      -0.916201
          ...   
1191    0.176245
1192    0.874147
1193   -0.539207
1194   -0.570918
1195    0.505931
Name: obs-prior, Length: 1196, dtype: float64
0       0.879689
1       0.882185
2       0.029451
3       0.585225
4      -0.916201
          ...   
1191    0.176245
1192    0.874147
1193   -0.539207
1194   -0.570918
1195    0.505931
Name: obs-prior, Length: 1196, dtype: float64
0       0.879689
1       0.882185
2       0.029451
3       0.585225
4      -0.916201
          ...   
1191    0.176245
1192    0.874147
1193   -0.539207
1194   -0.570918
1195    0.505931
Name: obs-prior, Length: 1196, dtype: float64
0       0.879689
1       0.882185
2       0.029451
3       0.585225
4      -0.916201
          ...   
1191    0.176245
1192    0.874147
1193   -0.539207
1194   -0.570918
1195    0.505931
Name: obs-prior, Length: 1196, dtype: float64
0       0.879689
1       0.882185
2       0.029451
3       0.585225
4      -0.916201
          ...   
1191    0.176245
1192    0.874147
1193   -0.539207
1194   -0.570918
1195    0.505931
Name: obs-prior, Length: 1196, dtype: float64
0       0.879689
1       0.882185
2       0.029451
3       0.585225
4      -0.916201
          ...   
1191    0.176245
1192    0.874147
1193   -0.539207
1194   -0.570918
1195    0.505931
Name: obs-prior, Length: 1196, dtype: float64
0       0.879689
1       0.882185
2       0.029451
3       0.585225
4      -0.916201
          ...   
1191    0.176245
1192    0.874147
1193   -0.539207
1194   -0.570918
1195    0.505931
Name: obs-prior, Length: 1196, dtype: float64
0       0.879689
1       0.882185
2       0.029451
3       0.585225
4      -0.916201
          ...   
1191    0.176245
1192    0.874147
1193   -0.539207
1194   -0.570918
1195    0.505931
Name: obs-prior, Length: 1196, dtype: float64
0       0.879689
1       0.882185
2       0.029451
3       0.585225
4      -0.916201
          ...   
1191    0.176245
1192    0.874147
1193   -0.539207
1194   -0.570918
1195    0.505931
Name: obs-prior, Length: 1196, dtype: float64
0       0.879689
1       0.882185
2       0.029451
3       0.585225
4      -0.916201
          ...   
1191    0.176245
1192    0.874147
1193   -0.539207
1194   -0.570918
1195    0.505931
Name: obs-prior, Length: 1196, dtype: float64
0       0.879689
1       0.882185
2       0.029451
3       0.585225
4      -0.916201
          ...   
1191    0.176245
1192    0.874147
1193   -0.539207
1194   -0.570918
1195    0.505931
Name: obs-prior, Length: 1196, dtype: float64
0       0.879689
1       0.882185
2       0.029451
3       0.585225
4      -0.916201
          ...   
1191    0.176245
1192    0.874147
1193   -0.539207
1194   -0.570918
1195    0.505931
Name: obs-prior, Length: 1196, dtype: float64
0       0.879689
1       0.882185
2       0.029451
3       0.585225
4      -0.916201
          ...   
1191    0.176245
1192    0.874147
1193   -0.539207
1194   -0.570918
1195    0.505931
Name: obs-prior, Length: 1196, dtype: float64
0       0.879689
1       0.882185
2       0.029451
3       0.585225
4      -0.916201
          ...   
1191    0.176245
1192    0.874147
1193   -0.539207
1194   -0.570918
1195    0.505931
Name: obs-prior, Length: 1196, dtype: float64
0       0.879689
1       0.882185
2       0.029451
3       0.585225
4      -0.916201
          ...   
1191    0.176245
1192    0.874147
1193   -0.539207
1194   -0.570918
1195    0.505931
Name: obs-prior, Length: 1196, dtype: float64
0       0.879689
1       0.882185
2       0.029451
3       0.585225
4      -0.916201
          ...   
1191    0.176245
1192    0.874147
1193   -0.539207
1194   -0.570918
1195    0.505931
Name: obs-prior, Length: 1196, dtype: float64

 processing obs:  ACARS_U_WIND_COMPONENT
 region:  Global
0       -1.641426
1        0.720735
2       -0.250600
3       -0.247272
4       -0.377371
           ...   
13194    0.874927
13195   -1.229001
13196   -1.643549
13197   -0.429660
13198   -0.079180
Name: obs-prior, Length: 13199, dtype: float64
0       -1.641426
1        0.720735
2       -0.250600
3       -0.247272
4       -0.377371
           ...   
13194    0.874927
13195   -1.229001
13196   -1.643549
13197   -0.429660
13198   -0.079180
Name: obs-prior, Length: 13199, dtype: float64
0       -1.641426
1        0.720735
2       -0.250600
3       -0.247272
4       -0.377371
           ...   
13194    0.874927
13195   -1.229001
13196   -1.643549
13197   -0.429660
13198   -0.079180
Name: obs-prior, Length: 13199, dtype: float64
0       -1.641426
1        0.720735
2       -0.250600
3       -0.247272
4       -0.377371
           ...   
13194    0.874927
13195   -1.229001
13196   -1.643549
13197   -0.429660
13198   -0.079180
Name: obs-prior, Length: 13199, dtype: float64
0       -1.641426
1        0.720735
2       -0.250600
3       -0.247272
4       -0.377371
           ...   
13194    0.874927
13195   -1.229001
13196   -1.643549
13197   -0.429660
13198   -0.079180
Name: obs-prior, Length: 13199, dtype: float64
0       -1.641426
1        0.720735
2       -0.250600
3       -0.247272
4       -0.377371
           ...   
13194    0.874927
13195   -1.229001
13196   -1.643549
13197   -0.429660
13198   -0.079180
Name: obs-prior, Length: 13199, dtype: float64
0       -1.641426
1        0.720735
2       -0.250600
3       -0.247272
4       -0.377371
           ...   
13194    0.874927
13195   -1.229001
13196   -1.643549
13197   -0.429660
13198   -0.079180
Name: obs-prior, Length: 13199, dtype: float64
0       -1.641426
1        0.720735
2       -0.250600
3       -0.247272
4       -0.377371
           ...   
13194    0.874927
13195   -1.229001
13196   -1.643549
13197   -0.429660
13198   -0.079180
Name: obs-prior, Length: 13199, dtype: float64
0       -1.641426
1        0.720735
2       -0.250600
3       -0.247272
4       -0.377371
           ...   
13194    0.874927
13195   -1.229001
13196   -1.643549
13197   -0.429660
13198   -0.079180
Name: obs-prior, Length: 13199, dtype: float64
0       -1.641426
1        0.720735
2       -0.250600
3       -0.247272
4       -0.377371
           ...   
13194    0.874927
13195   -1.229001
13196   -1.643549
13197   -0.429660
13198   -0.079180
Name: obs-prior, Length: 13199, dtype: float64
0       -1.641426
1        0.720735
2       -0.250600
3       -0.247272
4       -0.377371
           ...   
13194    0.874927
13195   -1.229001
13196   -1.643549
13197   -0.429660
13198   -0.079180
Name: obs-prior, Length: 13199, dtype: float64
0       -1.641426
1        0.720735
2       -0.250600
3       -0.247272
4       -0.377371
           ...   
13194    0.874927
13195   -1.229001
13196   -1.643549
13197   -0.429660
13198   -0.079180
Name: obs-prior, Length: 13199, dtype: float64
0       -1.641426
1        0.720735
2       -0.250600
3       -0.247272
4       -0.377371
           ...   
13194    0.874927
13195   -1.229001
13196   -1.643549
13197   -0.429660
13198   -0.079180
Name: obs-prior, Length: 13199, dtype: float64
0       -1.641426
1        0.720735
2       -0.250600
3       -0.247272
4       -0.377371
           ...   
13194    0.874927
13195   -1.229001
13196   -1.643549
13197   -0.429660
13198   -0.079180
Name: obs-prior, Length: 13199, dtype: float64
0       -1.641426
1        0.720735
2       -0.250600
3       -0.247272
4       -0.377371
           ...   
13194    0.874927
13195   -1.229001
13196   -1.643549
13197   -0.429660
13198   -0.079180
Name: obs-prior, Length: 13199, dtype: float64
0       -1.641426
1        0.720735
2       -0.250600
3       -0.247272
4       -0.377371
           ...   
13194    0.874927
13195   -1.229001
13196   -1.643549
13197   -0.429660
13198   -0.079180
Name: obs-prior, Length: 13199, dtype: float64
0       -1.641426
1        0.720735
2       -0.250600
3       -0.247272
4       -0.377371
           ...   
13194    0.874927
13195   -1.229001
13196   -1.643549
13197   -0.429660
13198   -0.079180
Name: obs-prior, Length: 13199, dtype: float64
 region:  NH
0       -1.641426
1        0.720735
2       -0.250600
3       -0.247272
4       -0.377371
           ...   
11366    0.874927
11367   -1.229001
11368   -1.643549
11369   -0.429660
11370   -0.079180
Name: obs-prior, Length: 11371, dtype: float64
0       -1.641426
1        0.720735
2       -0.250600
3       -0.247272
4       -0.377371
           ...   
11366    0.874927
11367   -1.229001
11368   -1.643549
11369   -0.429660
11370   -0.079180
Name: obs-prior, Length: 11371, dtype: float64
0       -1.641426
1        0.720735
2       -0.250600
3       -0.247272
4       -0.377371
           ...   
11366    0.874927
11367   -1.229001
11368   -1.643549
11369   -0.429660
11370   -0.079180
Name: obs-prior, Length: 11371, dtype: float64
0       -1.641426
1        0.720735
2       -0.250600
3       -0.247272
4       -0.377371
           ...   
11366    0.874927
11367   -1.229001
11368   -1.643549
11369   -0.429660
11370   -0.079180
Name: obs-prior, Length: 11371, dtype: float64
0       -1.641426
1        0.720735
2       -0.250600
3       -0.247272
4       -0.377371
           ...   
11366    0.874927
11367   -1.229001
11368   -1.643549
11369   -0.429660
11370   -0.079180
Name: obs-prior, Length: 11371, dtype: float64
0       -1.641426
1        0.720735
2       -0.250600
3       -0.247272
4       -0.377371
           ...   
11366    0.874927
11367   -1.229001
11368   -1.643549
11369   -0.429660
11370   -0.079180
Name: obs-prior, Length: 11371, dtype: float64
0       -1.641426
1        0.720735
2       -0.250600
3       -0.247272
4       -0.377371
           ...   
11366    0.874927
11367   -1.229001
11368   -1.643549
11369   -0.429660
11370   -0.079180
Name: obs-prior, Length: 11371, dtype: float64
0       -1.641426
1        0.720735
2       -0.250600
3       -0.247272
4       -0.377371
           ...   
11366    0.874927
11367   -1.229001
11368   -1.643549
11369   -0.429660
11370   -0.079180
Name: obs-prior, Length: 11371, dtype: float64
0       -1.641426
1        0.720735
2       -0.250600
3       -0.247272
4       -0.377371
           ...   
11366    0.874927
11367   -1.229001
11368   -1.643549
11369   -0.429660
11370   -0.079180
Name: obs-prior, Length: 11371, dtype: float64
0       -1.641426
1        0.720735
2       -0.250600
3       -0.247272
4       -0.377371
           ...   
11366    0.874927
11367   -1.229001
11368   -1.643549
11369   -0.429660
11370   -0.079180
Name: obs-prior, Length: 11371, dtype: float64
0       -1.641426
1        0.720735
2       -0.250600
3       -0.247272
4       -0.377371
           ...   
11366    0.874927
11367   -1.229001
11368   -1.643549
11369   -0.429660
11370   -0.079180
Name: obs-prior, Length: 11371, dtype: float64
0       -1.641426
1        0.720735
2       -0.250600
3       -0.247272
4       -0.377371
           ...   
11366    0.874927
11367   -1.229001
11368   -1.643549
11369   -0.429660
11370   -0.079180
Name: obs-prior, Length: 11371, dtype: float64
0       -1.641426
1        0.720735
2       -0.250600
3       -0.247272
4       -0.377371
           ...   
11366    0.874927
11367   -1.229001
11368   -1.643549
11369   -0.429660
11370   -0.079180
Name: obs-prior, Length: 11371, dtype: float64
0       -1.641426
1        0.720735
2       -0.250600
3       -0.247272
4       -0.377371
           ...   
11366    0.874927
11367   -1.229001
11368   -1.643549
11369   -0.429660
11370   -0.079180
Name: obs-prior, Length: 11371, dtype: float64
0       -1.641426
1        0.720735
2       -0.250600
3       -0.247272
4       -0.377371
           ...   
11366    0.874927
11367   -1.229001
11368   -1.643549
11369   -0.429660
11370   -0.079180
Name: obs-prior, Length: 11371, dtype: float64
0       -1.641426
1        0.720735
2       -0.250600
3       -0.247272
4       -0.377371
           ...   
11366    0.874927
11367   -1.229001
11368   -1.643549
11369   -0.429660
11370   -0.079180
Name: obs-prior, Length: 11371, dtype: float64
0       -1.641426
1        0.720735
2       -0.250600
3       -0.247272
4       -0.377371
           ...   
11366    0.874927
11367   -1.229001
11368   -1.643549
11369   -0.429660
11370   -0.079180
Name: obs-prior, Length: 11371, dtype: float64
 region:  SH
0     -0.081001
1     -0.025599
2      0.094962
3     -0.967539
4     -0.243586
         ...   
121    3.041069
122   -1.692773
123   -2.748907
124   -2.189682
125    0.949390
Name: obs-prior, Length: 126, dtype: float64
0     -0.081001
1     -0.025599
2      0.094962
3     -0.967539
4     -0.243586
         ...   
121    3.041069
122   -1.692773
123   -2.748907
124   -2.189682
125    0.949390
Name: obs-prior, Length: 126, dtype: float64
0     -0.081001
1     -0.025599
2      0.094962
3     -0.967539
4     -0.243586
         ...   
121    3.041069
122   -1.692773
123   -2.748907
124   -2.189682
125    0.949390
Name: obs-prior, Length: 126, dtype: float64
0     -0.081001
1     -0.025599
2      0.094962
3     -0.967539
4     -0.243586
         ...   
121    3.041069
122   -1.692773
123   -2.748907
124   -2.189682
125    0.949390
Name: obs-prior, Length: 126, dtype: float64
0     -0.081001
1     -0.025599
2      0.094962
3     -0.967539
4     -0.243586
         ...   
121    3.041069
122   -1.692773
123   -2.748907
124   -2.189682
125    0.949390
Name: obs-prior, Length: 126, dtype: float64
0     -0.081001
1     -0.025599
2      0.094962
3     -0.967539
4     -0.243586
         ...   
121    3.041069
122   -1.692773
123   -2.748907
124   -2.189682
125    0.949390
Name: obs-prior, Length: 126, dtype: float64
0     -0.081001
1     -0.025599
2      0.094962
3     -0.967539
4     -0.243586
         ...   
121    3.041069
122   -1.692773
123   -2.748907
124   -2.189682
125    0.949390
Name: obs-prior, Length: 126, dtype: float64
0     -0.081001
1     -0.025599
2      0.094962
3     -0.967539
4     -0.243586
         ...   
121    3.041069
122   -1.692773
123   -2.748907
124   -2.189682
125    0.949390
Name: obs-prior, Length: 126, dtype: float64
0     -0.081001
1     -0.025599
2      0.094962
3     -0.967539
4     -0.243586
         ...   
121    3.041069
122   -1.692773
123   -2.748907
124   -2.189682
125    0.949390
Name: obs-prior, Length: 126, dtype: float64
0     -0.081001
1     -0.025599
2      0.094962
3     -0.967539
4     -0.243586
         ...   
121    3.041069
122   -1.692773
123   -2.748907
124   -2.189682
125    0.949390
Name: obs-prior, Length: 126, dtype: float64
0     -0.081001
1     -0.025599
2      0.094962
3     -0.967539
4     -0.243586
         ...   
121    3.041069
122   -1.692773
123   -2.748907
124   -2.189682
125    0.949390
Name: obs-prior, Length: 126, dtype: float64
0     -0.081001
1     -0.025599
2      0.094962
3     -0.967539
4     -0.243586
         ...   
121    3.041069
122   -1.692773
123   -2.748907
124   -2.189682
125    0.949390
Name: obs-prior, Length: 126, dtype: float64
0     -0.081001
1     -0.025599
2      0.094962
3     -0.967539
4     -0.243586
         ...   
121    3.041069
122   -1.692773
123   -2.748907
124   -2.189682
125    0.949390
Name: obs-prior, Length: 126, dtype: float64
0     -0.081001
1     -0.025599
2      0.094962
3     -0.967539
4     -0.243586
         ...   
121    3.041069
122   -1.692773
123   -2.748907
124   -2.189682
125    0.949390
Name: obs-prior, Length: 126, dtype: float64
0     -0.081001
1     -0.025599
2      0.094962
3     -0.967539
4     -0.243586
         ...   
121    3.041069
122   -1.692773
123   -2.748907
124   -2.189682
125    0.949390
Name: obs-prior, Length: 126, dtype: float64
0     -0.081001
1     -0.025599
2      0.094962
3     -0.967539
4     -0.243586
         ...   
121    3.041069
122   -1.692773
123   -2.748907
124   -2.189682
125    0.949390
Name: obs-prior, Length: 126, dtype: float64
 region:  TR
0      -0.126232
1       1.004174
2       2.324257
3       0.604932
4      -0.224875
          ...   
1697   -3.050347
1698    1.136569
1699    0.352732
1700   -2.603780
1701    1.399693
Name: obs-prior, Length: 1702, dtype: float64
0      -0.126232
1       1.004174
2       2.324257
3       0.604932
4      -0.224875
          ...   
1697   -3.050347
1698    1.136569
1699    0.352732
1700   -2.603780
1701    1.399693
Name: obs-prior, Length: 1702, dtype: float64
0      -0.126232
1       1.004174
2       2.324257
3       0.604932
4      -0.224875
          ...   
1697   -3.050347
1698    1.136569
1699    0.352732
1700   -2.603780
1701    1.399693
Name: obs-prior, Length: 1702, dtype: float64
0      -0.126232
1       1.004174
2       2.324257
3       0.604932
4      -0.224875
          ...   
1697   -3.050347
1698    1.136569
1699    0.352732
1700   -2.603780
1701    1.399693
Name: obs-prior, Length: 1702, dtype: float64
0      -0.126232
1       1.004174
2       2.324257
3       0.604932
4      -0.224875
          ...   
1697   -3.050347
1698    1.136569
1699    0.352732
1700   -2.603780
1701    1.399693
Name: obs-prior, Length: 1702, dtype: float64
0      -0.126232
1       1.004174
2       2.324257
3       0.604932
4      -0.224875
          ...   
1697   -3.050347
1698    1.136569
1699    0.352732
1700   -2.603780
1701    1.399693
Name: obs-prior, Length: 1702, dtype: float64
0      -0.126232
1       1.004174
2       2.324257
3       0.604932
4      -0.224875
          ...   
1697   -3.050347
1698    1.136569
1699    0.352732
1700   -2.603780
1701    1.399693
Name: obs-prior, Length: 1702, dtype: float64
0      -0.126232
1       1.004174
2       2.324257
3       0.604932
4      -0.224875
          ...   
1697   -3.050347
1698    1.136569
1699    0.352732
1700   -2.603780
1701    1.399693
Name: obs-prior, Length: 1702, dtype: float64
0      -0.126232
1       1.004174
2       2.324257
3       0.604932
4      -0.224875
          ...   
1697   -3.050347
1698    1.136569
1699    0.352732
1700   -2.603780
1701    1.399693
Name: obs-prior, Length: 1702, dtype: float64
0      -0.126232
1       1.004174
2       2.324257
3       0.604932
4      -0.224875
          ...   
1697   -3.050347
1698    1.136569
1699    0.352732
1700   -2.603780
1701    1.399693
Name: obs-prior, Length: 1702, dtype: float64
0      -0.126232
1       1.004174
2       2.324257
3       0.604932
4      -0.224875
          ...   
1697   -3.050347
1698    1.136569
1699    0.352732
1700   -2.603780
1701    1.399693
Name: obs-prior, Length: 1702, dtype: float64
0      -0.126232
1       1.004174
2       2.324257
3       0.604932
4      -0.224875
          ...   
1697   -3.050347
1698    1.136569
1699    0.352732
1700   -2.603780
1701    1.399693
Name: obs-prior, Length: 1702, dtype: float64
0      -0.126232
1       1.004174
2       2.324257
3       0.604932
4      -0.224875
          ...   
1697   -3.050347
1698    1.136569
1699    0.352732
1700   -2.603780
1701    1.399693
Name: obs-prior, Length: 1702, dtype: float64
0      -0.126232
1       1.004174
2       2.324257
3       0.604932
4      -0.224875
          ...   
1697   -3.050347
1698    1.136569
1699    0.352732
1700   -2.603780
1701    1.399693
Name: obs-prior, Length: 1702, dtype: float64
0      -0.126232
1       1.004174
2       2.324257
3       0.604932
4      -0.224875
          ...   
1697   -3.050347
1698    1.136569
1699    0.352732
1700   -2.603780
1701    1.399693
Name: obs-prior, Length: 1702, dtype: float64
0      -0.126232
1       1.004174
2       2.324257
3       0.604932
4      -0.224875
          ...   
1697   -3.050347
1698    1.136569
1699    0.352732
1700   -2.603780
1701    1.399693
Name: obs-prior, Length: 1702, dtype: float64
0      -0.126232
1       1.004174
2       2.324257
3       0.604932
4      -0.224875
          ...   
1697   -3.050347
1698    1.136569
1699    0.352732
1700   -2.603780
1701    1.399693
Name: obs-prior, Length: 1702, dtype: float64

 processing obs:  ACARS_V_WIND_COMPONENT
 region:  Global
0       -0.236798
1        0.332473
2       -1.255910
3        2.111733
4       -0.707308
           ...   
11210   -0.199878
11211    0.647568
11212   -2.048190
11213   -2.423330
11214   -1.763554
Name: obs-prior, Length: 11215, dtype: float64
0       -0.236798
1        0.332473
2       -1.255910
3        2.111733
4       -0.707308
           ...   
11210   -0.199878
11211    0.647568
11212   -2.048190
11213   -2.423330
11214   -1.763554
Name: obs-prior, Length: 11215, dtype: float64
0       -0.236798
1        0.332473
2       -1.255910
3        2.111733
4       -0.707308
           ...   
11210   -0.199878
11211    0.647568
11212   -2.048190
11213   -2.423330
11214   -1.763554
Name: obs-prior, Length: 11215, dtype: float64
0       -0.236798
1        0.332473
2       -1.255910
3        2.111733
4       -0.707308
           ...   
11210   -0.199878
11211    0.647568
11212   -2.048190
11213   -2.423330
11214   -1.763554
Name: obs-prior, Length: 11215, dtype: float64
0       -0.236798
1        0.332473
2       -1.255910
3        2.111733
4       -0.707308
           ...   
11210   -0.199878
11211    0.647568
11212   -2.048190
11213   -2.423330
11214   -1.763554
Name: obs-prior, Length: 11215, dtype: float64
0       -0.236798
1        0.332473
2       -1.255910
3        2.111733
4       -0.707308
           ...   
11210   -0.199878
11211    0.647568
11212   -2.048190
11213   -2.423330
11214   -1.763554
Name: obs-prior, Length: 11215, dtype: float64
0       -0.236798
1        0.332473
2       -1.255910
3        2.111733
4       -0.707308
           ...   
11210   -0.199878
11211    0.647568
11212   -2.048190
11213   -2.423330
11214   -1.763554
Name: obs-prior, Length: 11215, dtype: float64
0       -0.236798
1        0.332473
2       -1.255910
3        2.111733
4       -0.707308
           ...   
11210   -0.199878
11211    0.647568
11212   -2.048190
11213   -2.423330
11214   -1.763554
Name: obs-prior, Length: 11215, dtype: float64
0       -0.236798
1        0.332473
2       -1.255910
3        2.111733
4       -0.707308
           ...   
11210   -0.199878
11211    0.647568
11212   -2.048190
11213   -2.423330
11214   -1.763554
Name: obs-prior, Length: 11215, dtype: float64
0       -0.236798
1        0.332473
2       -1.255910
3        2.111733
4       -0.707308
           ...   
11210   -0.199878
11211    0.647568
11212   -2.048190
11213   -2.423330
11214   -1.763554
Name: obs-prior, Length: 11215, dtype: float64
0       -0.236798
1        0.332473
2       -1.255910
3        2.111733
4       -0.707308
           ...   
11210   -0.199878
11211    0.647568
11212   -2.048190
11213   -2.423330
11214   -1.763554
Name: obs-prior, Length: 11215, dtype: float64
0       -0.236798
1        0.332473
2       -1.255910
3        2.111733
4       -0.707308
           ...   
11210   -0.199878
11211    0.647568
11212   -2.048190
11213   -2.423330
11214   -1.763554
Name: obs-prior, Length: 11215, dtype: float64
0       -0.236798
1        0.332473
2       -1.255910
3        2.111733
4       -0.707308
           ...   
11210   -0.199878
11211    0.647568
11212   -2.048190
11213   -2.423330
11214   -1.763554
Name: obs-prior, Length: 11215, dtype: float64
0       -0.236798
1        0.332473
2       -1.255910
3        2.111733
4       -0.707308
           ...   
11210   -0.199878
11211    0.647568
11212   -2.048190
11213   -2.423330
11214   -1.763554
Name: obs-prior, Length: 11215, dtype: float64
0       -0.236798
1        0.332473
2       -1.255910
3        2.111733
4       -0.707308
           ...   
11210   -0.199878
11211    0.647568
11212   -2.048190
11213   -2.423330
11214   -1.763554
Name: obs-prior, Length: 11215, dtype: float64
0       -0.236798
1        0.332473
2       -1.255910
3        2.111733
4       -0.707308
           ...   
11210   -0.199878
11211    0.647568
11212   -2.048190
11213   -2.423330
11214   -1.763554
Name: obs-prior, Length: 11215, dtype: float64
0       -0.236798
1        0.332473
2       -1.255910
3        2.111733
4       -0.707308
           ...   
11210   -0.199878
11211    0.647568
11212   -2.048190
11213   -2.423330
11214   -1.763554
Name: obs-prior, Length: 11215, dtype: float64
 region:  NH
0      -0.236798
1       0.332473
2      -1.255910
3       2.111733
4      -0.707308
          ...   
9251   -0.199878
9252    0.647568
9253   -2.048190
9254   -2.423330
9255   -1.763554
Name: obs-prior, Length: 9256, dtype: float64
0      -0.236798
1       0.332473
2      -1.255910
3       2.111733
4      -0.707308
          ...   
9251   -0.199878
9252    0.647568
9253   -2.048190
9254   -2.423330
9255   -1.763554
Name: obs-prior, Length: 9256, dtype: float64
0      -0.236798
1       0.332473
2      -1.255910
3       2.111733
4      -0.707308
          ...   
9251   -0.199878
9252    0.647568
9253   -2.048190
9254   -2.423330
9255   -1.763554
Name: obs-prior, Length: 9256, dtype: float64
0      -0.236798
1       0.332473
2      -1.255910
3       2.111733
4      -0.707308
          ...   
9251   -0.199878
9252    0.647568
9253   -2.048190
9254   -2.423330
9255   -1.763554
Name: obs-prior, Length: 9256, dtype: float64
0      -0.236798
1       0.332473
2      -1.255910
3       2.111733
4      -0.707308
          ...   
9251   -0.199878
9252    0.647568
9253   -2.048190
9254   -2.423330
9255   -1.763554
Name: obs-prior, Length: 9256, dtype: float64
0      -0.236798
1       0.332473
2      -1.255910
3       2.111733
4      -0.707308
          ...   
9251   -0.199878
9252    0.647568
9253   -2.048190
9254   -2.423330
9255   -1.763554
Name: obs-prior, Length: 9256, dtype: float64
0      -0.236798
1       0.332473
2      -1.255910
3       2.111733
4      -0.707308
          ...   
9251   -0.199878
9252    0.647568
9253   -2.048190
9254   -2.423330
9255   -1.763554
Name: obs-prior, Length: 9256, dtype: float64
0      -0.236798
1       0.332473
2      -1.255910
3       2.111733
4      -0.707308
          ...   
9251   -0.199878
9252    0.647568
9253   -2.048190
9254   -2.423330
9255   -1.763554
Name: obs-prior, Length: 9256, dtype: float64
0      -0.236798
1       0.332473
2      -1.255910
3       2.111733
4      -0.707308
          ...   
9251   -0.199878
9252    0.647568
9253   -2.048190
9254   -2.423330
9255   -1.763554
Name: obs-prior, Length: 9256, dtype: float64
0      -0.236798
1       0.332473
2      -1.255910
3       2.111733
4      -0.707308
          ...   
9251   -0.199878
9252    0.647568
9253   -2.048190
9254   -2.423330
9255   -1.763554
Name: obs-prior, Length: 9256, dtype: float64
0      -0.236798
1       0.332473
2      -1.255910
3       2.111733
4      -0.707308
          ...   
9251   -0.199878
9252    0.647568
9253   -2.048190
9254   -2.423330
9255   -1.763554
Name: obs-prior, Length: 9256, dtype: float64
0      -0.236798
1       0.332473
2      -1.255910
3       2.111733
4      -0.707308
          ...   
9251   -0.199878
9252    0.647568
9253   -2.048190
9254   -2.423330
9255   -1.763554
Name: obs-prior, Length: 9256, dtype: float64
0      -0.236798
1       0.332473
2      -1.255910
3       2.111733
4      -0.707308
          ...   
9251   -0.199878
9252    0.647568
9253   -2.048190
9254   -2.423330
9255   -1.763554
Name: obs-prior, Length: 9256, dtype: float64
0      -0.236798
1       0.332473
2      -1.255910
3       2.111733
4      -0.707308
          ...   
9251   -0.199878
9252    0.647568
9253   -2.048190
9254   -2.423330
9255   -1.763554
Name: obs-prior, Length: 9256, dtype: float64
0      -0.236798
1       0.332473
2      -1.255910
3       2.111733
4      -0.707308
          ...   
9251   -0.199878
9252    0.647568
9253   -2.048190
9254   -2.423330
9255   -1.763554
Name: obs-prior, Length: 9256, dtype: float64
0      -0.236798
1       0.332473
2      -1.255910
3       2.111733
4      -0.707308
          ...   
9251   -0.199878
9252    0.647568
9253   -2.048190
9254   -2.423330
9255   -1.763554
Name: obs-prior, Length: 9256, dtype: float64
0      -0.236798
1       0.332473
2      -1.255910
3       2.111733
4      -0.707308
          ...   
9251   -0.199878
9252    0.647568
9253   -2.048190
9254   -2.423330
9255   -1.763554
Name: obs-prior, Length: 9256, dtype: float64
 region:  SH
0      1.087746
1     -1.370555
2     -1.829316
3     -3.028470
4     -1.124173
         ...   
137    2.110364
138    0.434823
139    2.019685
140   -0.792621
141    2.145147
Name: obs-prior, Length: 142, dtype: float64
0      1.087746
1     -1.370555
2     -1.829316
3     -3.028470
4     -1.124173
         ...   
137    2.110364
138    0.434823
139    2.019685
140   -0.792621
141    2.145147
Name: obs-prior, Length: 142, dtype: float64
0      1.087746
1     -1.370555
2     -1.829316
3     -3.028470
4     -1.124173
         ...   
137    2.110364
138    0.434823
139    2.019685
140   -0.792621
141    2.145147
Name: obs-prior, Length: 142, dtype: float64
0      1.087746
1     -1.370555
2     -1.829316
3     -3.028470
4     -1.124173
         ...   
137    2.110364
138    0.434823
139    2.019685
140   -0.792621
141    2.145147
Name: obs-prior, Length: 142, dtype: float64
0      1.087746
1     -1.370555
2     -1.829316
3     -3.028470
4     -1.124173
         ...   
137    2.110364
138    0.434823
139    2.019685
140   -0.792621
141    2.145147
Name: obs-prior, Length: 142, dtype: float64
0      1.087746
1     -1.370555
2     -1.829316
3     -3.028470
4     -1.124173
         ...   
137    2.110364
138    0.434823
139    2.019685
140   -0.792621
141    2.145147
Name: obs-prior, Length: 142, dtype: float64
0      1.087746
1     -1.370555
2     -1.829316
3     -3.028470
4     -1.124173
         ...   
137    2.110364
138    0.434823
139    2.019685
140   -0.792621
141    2.145147
Name: obs-prior, Length: 142, dtype: float64
0      1.087746
1     -1.370555
2     -1.829316
3     -3.028470
4     -1.124173
         ...   
137    2.110364
138    0.434823
139    2.019685
140   -0.792621
141    2.145147
Name: obs-prior, Length: 142, dtype: float64
0      1.087746
1     -1.370555
2     -1.829316
3     -3.028470
4     -1.124173
         ...   
137    2.110364
138    0.434823
139    2.019685
140   -0.792621
141    2.145147
Name: obs-prior, Length: 142, dtype: float64
0      1.087746
1     -1.370555
2     -1.829316
3     -3.028470
4     -1.124173
         ...   
137    2.110364
138    0.434823
139    2.019685
140   -0.792621
141    2.145147
Name: obs-prior, Length: 142, dtype: float64
0      1.087746
1     -1.370555
2     -1.829316
3     -3.028470
4     -1.124173
         ...   
137    2.110364
138    0.434823
139    2.019685
140   -0.792621
141    2.145147
Name: obs-prior, Length: 142, dtype: float64
0      1.087746
1     -1.370555
2     -1.829316
3     -3.028470
4     -1.124173
         ...   
137    2.110364
138    0.434823
139    2.019685
140   -0.792621
141    2.145147
Name: obs-prior, Length: 142, dtype: float64
0      1.087746
1     -1.370555
2     -1.829316
3     -3.028470
4     -1.124173
         ...   
137    2.110364
138    0.434823
139    2.019685
140   -0.792621
141    2.145147
Name: obs-prior, Length: 142, dtype: float64
0      1.087746
1     -1.370555
2     -1.829316
3     -3.028470
4     -1.124173
         ...   
137    2.110364
138    0.434823
139    2.019685
140   -0.792621
141    2.145147
Name: obs-prior, Length: 142, dtype: float64
0      1.087746
1     -1.370555
2     -1.829316
3     -3.028470
4     -1.124173
         ...   
137    2.110364
138    0.434823
139    2.019685
140   -0.792621
141    2.145147
Name: obs-prior, Length: 142, dtype: float64
0      1.087746
1     -1.370555
2     -1.829316
3     -3.028470
4     -1.124173
         ...   
137    2.110364
138    0.434823
139    2.019685
140   -0.792621
141    2.145147
Name: obs-prior, Length: 142, dtype: float64
 region:  TR
0      -1.884279
1       1.093575
2       2.756276
3      -2.033402
4      -0.387566
          ...   
1812   -2.302723
1813   -1.417672
1814   -1.959386
1815   -0.819586
1816    0.106577
Name: obs-prior, Length: 1817, dtype: float64
0      -1.884279
1       1.093575
2       2.756276
3      -2.033402
4      -0.387566
          ...   
1812   -2.302723
1813   -1.417672
1814   -1.959386
1815   -0.819586
1816    0.106577
Name: obs-prior, Length: 1817, dtype: float64
0      -1.884279
1       1.093575
2       2.756276
3      -2.033402
4      -0.387566
          ...   
1812   -2.302723
1813   -1.417672
1814   -1.959386
1815   -0.819586
1816    0.106577
Name: obs-prior, Length: 1817, dtype: float64
0      -1.884279
1       1.093575
2       2.756276
3      -2.033402
4      -0.387566
          ...   
1812   -2.302723
1813   -1.417672
1814   -1.959386
1815   -0.819586
1816    0.106577
Name: obs-prior, Length: 1817, dtype: float64
0      -1.884279
1       1.093575
2       2.756276
3      -2.033402
4      -0.387566
          ...   
1812   -2.302723
1813   -1.417672
1814   -1.959386
1815   -0.819586
1816    0.106577
Name: obs-prior, Length: 1817, dtype: float64
0      -1.884279
1       1.093575
2       2.756276
3      -2.033402
4      -0.387566
          ...   
1812   -2.302723
1813   -1.417672
1814   -1.959386
1815   -0.819586
1816    0.106577
Name: obs-prior, Length: 1817, dtype: float64
0      -1.884279
1       1.093575
2       2.756276
3      -2.033402
4      -0.387566
          ...   
1812   -2.302723
1813   -1.417672
1814   -1.959386
1815   -0.819586
1816    0.106577
Name: obs-prior, Length: 1817, dtype: float64
0      -1.884279
1       1.093575
2       2.756276
3      -2.033402
4      -0.387566
          ...   
1812   -2.302723
1813   -1.417672
1814   -1.959386
1815   -0.819586
1816    0.106577
Name: obs-prior, Length: 1817, dtype: float64
0      -1.884279
1       1.093575
2       2.756276
3      -2.033402
4      -0.387566
          ...   
1812   -2.302723
1813   -1.417672
1814   -1.959386
1815   -0.819586
1816    0.106577
Name: obs-prior, Length: 1817, dtype: float64
0      -1.884279
1       1.093575
2       2.756276
3      -2.033402
4      -0.387566
          ...   
1812   -2.302723
1813   -1.417672
1814   -1.959386
1815   -0.819586
1816    0.106577
Name: obs-prior, Length: 1817, dtype: float64
0      -1.884279
1       1.093575
2       2.756276
3      -2.033402
4      -0.387566
          ...   
1812   -2.302723
1813   -1.417672
1814   -1.959386
1815   -0.819586
1816    0.106577
Name: obs-prior, Length: 1817, dtype: float64
0      -1.884279
1       1.093575
2       2.756276
3      -2.033402
4      -0.387566
          ...   
1812   -2.302723
1813   -1.417672
1814   -1.959386
1815   -0.819586
1816    0.106577
Name: obs-prior, Length: 1817, dtype: float64
0      -1.884279
1       1.093575
2       2.756276
3      -2.033402
4      -0.387566
          ...   
1812   -2.302723
1813   -1.417672
1814   -1.959386
1815   -0.819586
1816    0.106577
Name: obs-prior, Length: 1817, dtype: float64
0      -1.884279
1       1.093575
2       2.756276
3      -2.033402
4      -0.387566
          ...   
1812   -2.302723
1813   -1.417672
1814   -1.959386
1815   -0.819586
1816    0.106577
Name: obs-prior, Length: 1817, dtype: float64
0      -1.884279
1       1.093575
2       2.756276
3      -2.033402
4      -0.387566
          ...   
1812   -2.302723
1813   -1.417672
1814   -1.959386
1815   -0.819586
1816    0.106577
Name: obs-prior, Length: 1817, dtype: float64
0      -1.884279
1       1.093575
2       2.756276
3      -2.033402
4      -0.387566
          ...   
1812   -2.302723
1813   -1.417672
1814   -1.959386
1815   -0.819586
1816    0.106577
Name: obs-prior, Length: 1817, dtype: float64
0      -1.884279
1       1.093575
2       2.756276
3      -2.033402
4      -0.387566
          ...   
1812   -2.302723
1813   -1.417672
1814   -1.959386
1815   -0.819586
1816    0.106577
Name: obs-prior, Length: 1817, dtype: float64

 processing obs:  ACARS_TEMPERATURE
 region:  Global
0        0.428116
1        0.610458
2       -0.122722
3       -0.876906
4       -0.165004
           ...   
12110   -0.658633
12111   -0.070677
12112    0.274648
12113    0.769937
12114   -0.271882
Name: obs-prior, Length: 12115, dtype: float64
0        0.428116
1        0.610458
2       -0.122722
3       -0.876906
4       -0.165004
           ...   
12110   -0.658633
12111   -0.070677
12112    0.274648
12113    0.769937
12114   -0.271882
Name: obs-prior, Length: 12115, dtype: float64
0        0.428116
1        0.610458
2       -0.122722
3       -0.876906
4       -0.165004
           ...   
12110   -0.658633
12111   -0.070677
12112    0.274648
12113    0.769937
12114   -0.271882
Name: obs-prior, Length: 12115, dtype: float64
0        0.428116
1        0.610458
2       -0.122722
3       -0.876906
4       -0.165004
           ...   
12110   -0.658633
12111   -0.070677
12112    0.274648
12113    0.769937
12114   -0.271882
Name: obs-prior, Length: 12115, dtype: float64
0        0.428116
1        0.610458
2       -0.122722
3       -0.876906
4       -0.165004
           ...   
12110   -0.658633
12111   -0.070677
12112    0.274648
12113    0.769937
12114   -0.271882
Name: obs-prior, Length: 12115, dtype: float64
0        0.428116
1        0.610458
2       -0.122722
3       -0.876906
4       -0.165004
           ...   
12110   -0.658633
12111   -0.070677
12112    0.274648
12113    0.769937
12114   -0.271882
Name: obs-prior, Length: 12115, dtype: float64
0        0.428116
1        0.610458
2       -0.122722
3       -0.876906
4       -0.165004
           ...   
12110   -0.658633
12111   -0.070677
12112    0.274648
12113    0.769937
12114   -0.271882
Name: obs-prior, Length: 12115, dtype: float64
0        0.428116
1        0.610458
2       -0.122722
3       -0.876906
4       -0.165004
           ...   
12110   -0.658633
12111   -0.070677
12112    0.274648
12113    0.769937
12114   -0.271882
Name: obs-prior, Length: 12115, dtype: float64
0        0.428116
1        0.610458
2       -0.122722
3       -0.876906
4       -0.165004
           ...   
12110   -0.658633
12111   -0.070677
12112    0.274648
12113    0.769937
12114   -0.271882
Name: obs-prior, Length: 12115, dtype: float64
0        0.428116
1        0.610458
2       -0.122722
3       -0.876906
4       -0.165004
           ...   
12110   -0.658633
12111   -0.070677
12112    0.274648
12113    0.769937
12114   -0.271882
Name: obs-prior, Length: 12115, dtype: float64
0        0.428116
1        0.610458
2       -0.122722
3       -0.876906
4       -0.165004
           ...   
12110   -0.658633
12111   -0.070677
12112    0.274648
12113    0.769937
12114   -0.271882
Name: obs-prior, Length: 12115, dtype: float64
0        0.428116
1        0.610458
2       -0.122722
3       -0.876906
4       -0.165004
           ...   
12110   -0.658633
12111   -0.070677
12112    0.274648
12113    0.769937
12114   -0.271882
Name: obs-prior, Length: 12115, dtype: float64
0        0.428116
1        0.610458
2       -0.122722
3       -0.876906
4       -0.165004
           ...   
12110   -0.658633
12111   -0.070677
12112    0.274648
12113    0.769937
12114   -0.271882
Name: obs-prior, Length: 12115, dtype: float64
0        0.428116
1        0.610458
2       -0.122722
3       -0.876906
4       -0.165004
           ...   
12110   -0.658633
12111   -0.070677
12112    0.274648
12113    0.769937
12114   -0.271882
Name: obs-prior, Length: 12115, dtype: float64
0        0.428116
1        0.610458
2       -0.122722
3       -0.876906
4       -0.165004
           ...   
12110   -0.658633
12111   -0.070677
12112    0.274648
12113    0.769937
12114   -0.271882
Name: obs-prior, Length: 12115, dtype: float64
0        0.428116
1        0.610458
2       -0.122722
3       -0.876906
4       -0.165004
           ...   
12110   -0.658633
12111   -0.070677
12112    0.274648
12113    0.769937
12114   -0.271882
Name: obs-prior, Length: 12115, dtype: float64
0        0.428116
1        0.610458
2       -0.122722
3       -0.876906
4       -0.165004
           ...   
12110   -0.658633
12111   -0.070677
12112    0.274648
12113    0.769937
12114   -0.271882
Name: obs-prior, Length: 12115, dtype: float64
 region:  NH
0        0.428116
1        0.610458
2       -0.122722
3       -0.876906
4       -0.165004
           ...   
10217   -0.658633
10218   -0.070677
10219    0.274648
10220    0.769937
10221   -0.271882
Name: obs-prior, Length: 10222, dtype: float64
0        0.428116
1        0.610458
2       -0.122722
3       -0.876906
4       -0.165004
           ...   
10217   -0.658633
10218   -0.070677
10219    0.274648
10220    0.769937
10221   -0.271882
Name: obs-prior, Length: 10222, dtype: float64
0        0.428116
1        0.610458
2       -0.122722
3       -0.876906
4       -0.165004
           ...   
10217   -0.658633
10218   -0.070677
10219    0.274648
10220    0.769937
10221   -0.271882
Name: obs-prior, Length: 10222, dtype: float64
0        0.428116
1        0.610458
2       -0.122722
3       -0.876906
4       -0.165004
           ...   
10217   -0.658633
10218   -0.070677
10219    0.274648
10220    0.769937
10221   -0.271882
Name: obs-prior, Length: 10222, dtype: float64
0        0.428116
1        0.610458
2       -0.122722
3       -0.876906
4       -0.165004
           ...   
10217   -0.658633
10218   -0.070677
10219    0.274648
10220    0.769937
10221   -0.271882
Name: obs-prior, Length: 10222, dtype: float64
0        0.428116
1        0.610458
2       -0.122722
3       -0.876906
4       -0.165004
           ...   
10217   -0.658633
10218   -0.070677
10219    0.274648
10220    0.769937
10221   -0.271882
Name: obs-prior, Length: 10222, dtype: float64
0        0.428116
1        0.610458
2       -0.122722
3       -0.876906
4       -0.165004
           ...   
10217   -0.658633
10218   -0.070677
10219    0.274648
10220    0.769937
10221   -0.271882
Name: obs-prior, Length: 10222, dtype: float64
0        0.428116
1        0.610458
2       -0.122722
3       -0.876906
4       -0.165004
           ...   
10217   -0.658633
10218   -0.070677
10219    0.274648
10220    0.769937
10221   -0.271882
Name: obs-prior, Length: 10222, dtype: float64
0        0.428116
1        0.610458
2       -0.122722
3       -0.876906
4       -0.165004
           ...   
10217   -0.658633
10218   -0.070677
10219    0.274648
10220    0.769937
10221   -0.271882
Name: obs-prior, Length: 10222, dtype: float64
0        0.428116
1        0.610458
2       -0.122722
3       -0.876906
4       -0.165004
           ...   
10217   -0.658633
10218   -0.070677
10219    0.274648
10220    0.769937
10221   -0.271882
Name: obs-prior, Length: 10222, dtype: float64
0        0.428116
1        0.610458
2       -0.122722
3       -0.876906
4       -0.165004
           ...   
10217   -0.658633
10218   -0.070677
10219    0.274648
10220    0.769937
10221   -0.271882
Name: obs-prior, Length: 10222, dtype: float64
0        0.428116
1        0.610458
2       -0.122722
3       -0.876906
4       -0.165004
           ...   
10217   -0.658633
10218   -0.070677
10219    0.274648
10220    0.769937
10221   -0.271882
Name: obs-prior, Length: 10222, dtype: float64
0        0.428116
1        0.610458
2       -0.122722
3       -0.876906
4       -0.165004
           ...   
10217   -0.658633
10218   -0.070677
10219    0.274648
10220    0.769937
10221   -0.271882
Name: obs-prior, Length: 10222, dtype: float64
0        0.428116
1        0.610458
2       -0.122722
3       -0.876906
4       -0.165004
           ...   
10217   -0.658633
10218   -0.070677
10219    0.274648
10220    0.769937
10221   -0.271882
Name: obs-prior, Length: 10222, dtype: float64
0        0.428116
1        0.610458
2       -0.122722
3       -0.876906
4       -0.165004
           ...   
10217   -0.658633
10218   -0.070677
10219    0.274648
10220    0.769937
10221   -0.271882
Name: obs-prior, Length: 10222, dtype: float64
0        0.428116
1        0.610458
2       -0.122722
3       -0.876906
4       -0.165004
           ...   
10217   -0.658633
10218   -0.070677
10219    0.274648
10220    0.769937
10221   -0.271882
Name: obs-prior, Length: 10222, dtype: float64
0        0.428116
1        0.610458
2       -0.122722
3       -0.876906
4       -0.165004
           ...   
10217   -0.658633
10218   -0.070677
10219    0.274648
10220    0.769937
10221   -0.271882
Name: obs-prior, Length: 10222, dtype: float64
 region:  SH
0      0.073590
1      1.319427
2      1.087156
3      1.032286
4     -1.068170
         ...   
159   -0.599306
160   -0.827407
161    0.964136
162    0.393209
163   -0.360124
Name: obs-prior, Length: 164, dtype: float64
0      0.073590
1      1.319427
2      1.087156
3      1.032286
4     -1.068170
         ...   
159   -0.599306
160   -0.827407
161    0.964136
162    0.393209
163   -0.360124
Name: obs-prior, Length: 164, dtype: float64
0      0.073590
1      1.319427
2      1.087156
3      1.032286
4     -1.068170
         ...   
159   -0.599306
160   -0.827407
161    0.964136
162    0.393209
163   -0.360124
Name: obs-prior, Length: 164, dtype: float64
0      0.073590
1      1.319427
2      1.087156
3      1.032286
4     -1.068170
         ...   
159   -0.599306
160   -0.827407
161    0.964136
162    0.393209
163   -0.360124
Name: obs-prior, Length: 164, dtype: float64
0      0.073590
1      1.319427
2      1.087156
3      1.032286
4     -1.068170
         ...   
159   -0.599306
160   -0.827407
161    0.964136
162    0.393209
163   -0.360124
Name: obs-prior, Length: 164, dtype: float64
0      0.073590
1      1.319427
2      1.087156
3      1.032286
4     -1.068170
         ...   
159   -0.599306
160   -0.827407
161    0.964136
162    0.393209
163   -0.360124
Name: obs-prior, Length: 164, dtype: float64
0      0.073590
1      1.319427
2      1.087156
3      1.032286
4     -1.068170
         ...   
159   -0.599306
160   -0.827407
161    0.964136
162    0.393209
163   -0.360124
Name: obs-prior, Length: 164, dtype: float64
0      0.073590
1      1.319427
2      1.087156
3      1.032286
4     -1.068170
         ...   
159   -0.599306
160   -0.827407
161    0.964136
162    0.393209
163   -0.360124
Name: obs-prior, Length: 164, dtype: float64
0      0.073590
1      1.319427
2      1.087156
3      1.032286
4     -1.068170
         ...   
159   -0.599306
160   -0.827407
161    0.964136
162    0.393209
163   -0.360124
Name: obs-prior, Length: 164, dtype: float64
0      0.073590
1      1.319427
2      1.087156
3      1.032286
4     -1.068170
         ...   
159   -0.599306
160   -0.827407
161    0.964136
162    0.393209
163   -0.360124
Name: obs-prior, Length: 164, dtype: float64
0      0.073590
1      1.319427
2      1.087156
3      1.032286
4     -1.068170
         ...   
159   -0.599306
160   -0.827407
161    0.964136
162    0.393209
163   -0.360124
Name: obs-prior, Length: 164, dtype: float64
0      0.073590
1      1.319427
2      1.087156
3      1.032286
4     -1.068170
         ...   
159   -0.599306
160   -0.827407
161    0.964136
162    0.393209
163   -0.360124
Name: obs-prior, Length: 164, dtype: float64
0      0.073590
1      1.319427
2      1.087156
3      1.032286
4     -1.068170
         ...   
159   -0.599306
160   -0.827407
161    0.964136
162    0.393209
163   -0.360124
Name: obs-prior, Length: 164, dtype: float64
0      0.073590
1      1.319427
2      1.087156
3      1.032286
4     -1.068170
         ...   
159   -0.599306
160   -0.827407
161    0.964136
162    0.393209
163   -0.360124
Name: obs-prior, Length: 164, dtype: float64
0      0.073590
1      1.319427
2      1.087156
3      1.032286
4     -1.068170
         ...   
159   -0.599306
160   -0.827407
161    0.964136
162    0.393209
163   -0.360124
Name: obs-prior, Length: 164, dtype: float64
0      0.073590
1      1.319427
2      1.087156
3      1.032286
4     -1.068170
         ...   
159   -0.599306
160   -0.827407
161    0.964136
162    0.393209
163   -0.360124
Name: obs-prior, Length: 164, dtype: float64
 region:  TR
0      -0.514875
1      -0.346126
2       0.240857
3       0.764958
4       0.127071
          ...   
1724   -0.018740
1725    0.068603
1726   -0.745939
1727   -0.307424
1728   -0.934421
Name: obs-prior, Length: 1729, dtype: float64
0      -0.514875
1      -0.346126
2       0.240857
3       0.764958
4       0.127071
          ...   
1724   -0.018740
1725    0.068603
1726   -0.745939
1727   -0.307424
1728   -0.934421
Name: obs-prior, Length: 1729, dtype: float64
0      -0.514875
1      -0.346126
2       0.240857
3       0.764958
4       0.127071
          ...   
1724   -0.018740
1725    0.068603
1726   -0.745939
1727   -0.307424
1728   -0.934421
Name: obs-prior, Length: 1729, dtype: float64
0      -0.514875
1      -0.346126
2       0.240857
3       0.764958
4       0.127071
          ...   
1724   -0.018740
1725    0.068603
1726   -0.745939
1727   -0.307424
1728   -0.934421
Name: obs-prior, Length: 1729, dtype: float64
0      -0.514875
1      -0.346126
2       0.240857
3       0.764958
4       0.127071
          ...   
1724   -0.018740
1725    0.068603
1726   -0.745939
1727   -0.307424
1728   -0.934421
Name: obs-prior, Length: 1729, dtype: float64
0      -0.514875
1      -0.346126
2       0.240857
3       0.764958
4       0.127071
          ...   
1724   -0.018740
1725    0.068603
1726   -0.745939
1727   -0.307424
1728   -0.934421
Name: obs-prior, Length: 1729, dtype: float64
0      -0.514875
1      -0.346126
2       0.240857
3       0.764958
4       0.127071
          ...   
1724   -0.018740
1725    0.068603
1726   -0.745939
1727   -0.307424
1728   -0.934421
Name: obs-prior, Length: 1729, dtype: float64
0      -0.514875
1      -0.346126
2       0.240857
3       0.764958
4       0.127071
          ...   
1724   -0.018740
1725    0.068603
1726   -0.745939
1727   -0.307424
1728   -0.934421
Name: obs-prior, Length: 1729, dtype: float64
0      -0.514875
1      -0.346126
2       0.240857
3       0.764958
4       0.127071
          ...   
1724   -0.018740
1725    0.068603
1726   -0.745939
1727   -0.307424
1728   -0.934421
Name: obs-prior, Length: 1729, dtype: float64
0      -0.514875
1      -0.346126
2       0.240857
3       0.764958
4       0.127071
          ...   
1724   -0.018740
1725    0.068603
1726   -0.745939
1727   -0.307424
1728   -0.934421
Name: obs-prior, Length: 1729, dtype: float64
0      -0.514875
1      -0.346126
2       0.240857
3       0.764958
4       0.127071
          ...   
1724   -0.018740
1725    0.068603
1726   -0.745939
1727   -0.307424
1728   -0.934421
Name: obs-prior, Length: 1729, dtype: float64
0      -0.514875
1      -0.346126
2       0.240857
3       0.764958
4       0.127071
          ...   
1724   -0.018740
1725    0.068603
1726   -0.745939
1727   -0.307424
1728   -0.934421
Name: obs-prior, Length: 1729, dtype: float64
0      -0.514875
1      -0.346126
2       0.240857
3       0.764958
4       0.127071
          ...   
1724   -0.018740
1725    0.068603
1726   -0.745939
1727   -0.307424
1728   -0.934421
Name: obs-prior, Length: 1729, dtype: float64
0      -0.514875
1      -0.346126
2       0.240857
3       0.764958
4       0.127071
          ...   
1724   -0.018740
1725    0.068603
1726   -0.745939
1727   -0.307424
1728   -0.934421
Name: obs-prior, Length: 1729, dtype: float64
0      -0.514875
1      -0.346126
2       0.240857
3       0.764958
4       0.127071
          ...   
1724   -0.018740
1725    0.068603
1726   -0.745939
1727   -0.307424
1728   -0.934421
Name: obs-prior, Length: 1729, dtype: float64
0      -0.514875
1      -0.346126
2       0.240857
3       0.764958
4       0.127071
          ...   
1724   -0.018740
1725    0.068603
1726   -0.745939
1727   -0.307424
1728   -0.934421
Name: obs-prior, Length: 1729, dtype: float64
0      -0.514875
1      -0.346126
2       0.240857
3       0.764958
4       0.127071
          ...   
1724   -0.018740
1725    0.068603
1726   -0.745939
1727   -0.307424
1728   -0.934421
Name: obs-prior, Length: 1729, dtype: float64

 processing obs:  SAT_U_WIND_COMPONENT
 region:  Global
 No obs:  SAT_U_WIND_COMPONENT  in region:  Global  at this time.
 region:  NH
 No obs:  SAT_U_WIND_COMPONENT  in region:  NH  at this time.
 region:  SH
 No obs:  SAT_U_WIND_COMPONENT  in region:  SH  at this time.
 region:  TR
 No obs:  SAT_U_WIND_COMPONENT  in region:  TR  at this time.

 processing obs:  SAT_V_WIND_COMPONENT
 region:  Global
 No obs:  SAT_V_WIND_COMPONENT  in region:  Global  at this time.
 region:  NH
 No obs:  SAT_V_WIND_COMPONENT  in region:  NH  at this time.
 region:  SH
 No obs:  SAT_V_WIND_COMPONENT  in region:  SH  at this time.
 region:  TR
 No obs:  SAT_V_WIND_COMPONENT  in region:  TR  at this time.

 processing obs:  GPSRO_REFRACTIVITY
 region:  Global
 No obs:  GPSRO_REFRACTIVITY  in region:  Global  at this time.
 region:  NH
 No obs:  GPSRO_REFRACTIVITY  in region:  NH  at this time.
 region:  SH
 No obs:  GPSRO_REFRACTIVITY  in region:  SH  at this time.
 region:  TR
 No obs:  GPSRO_REFRACTIVITY  in region:  TR  at this time.

 processing obs:  EOS_2_AMSUA_TB
 region:  Global
 No obs:  EOS_2_AMSUA_TB  in region:  Global  at this time.
 region:  NH
 No obs:  EOS_2_AMSUA_TB  in region:  NH  at this time.
 region:  SH
 No obs:  EOS_2_AMSUA_TB  in region:  SH  at this time.
 region:  TR
 No obs:  EOS_2_AMSUA_TB  in region:  TR  at this time.

 processing obs:  NOAA_15_AMSUA_TB
 region:  Global
 No obs:  NOAA_15_AMSUA_TB  in region:  Global  at this time.
 region:  NH
 No obs:  NOAA_15_AMSUA_TB  in region:  NH  at this time.
 region:  SH
 No obs:  NOAA_15_AMSUA_TB  in region:  SH  at this time.
 region:  TR
 No obs:  NOAA_15_AMSUA_TB  in region:  TR  at this time.

 processing obs:  NOAA_16_AMSUA_TB
 region:  Global
 No obs:  NOAA_16_AMSUA_TB  in region:  Global  at this time.
 region:  NH
 No obs:  NOAA_16_AMSUA_TB  in region:  NH  at this time.
 region:  SH
 No obs:  NOAA_16_AMSUA_TB  in region:  SH  at this time.
 region:  TR
 No obs:  NOAA_16_AMSUA_TB  in region:  TR  at this time.

 processing obs:  NOAA_17_AMSUA_TB
 region:  Global
 No obs:  NOAA_17_AMSUA_TB  in region:  Global  at this time.
 region:  NH
 No obs:  NOAA_17_AMSUA_TB  in region:  NH  at this time.
 region:  SH
 No obs:  NOAA_17_AMSUA_TB  in region:  SH  at this time.
 region:  TR
 No obs:  NOAA_17_AMSUA_TB  in region:  TR  at this time.

 processing obs:  NOAA_18_AMSUA_TB
 region:  Global
 No obs:  NOAA_18_AMSUA_TB  in region:  Global  at this time.
 region:  NH
 No obs:  NOAA_18_AMSUA_TB  in region:  NH  at this time.
 region:  SH
 No obs:  NOAA_18_AMSUA_TB  in region:  SH  at this time.
 region:  TR
 No obs:  NOAA_18_AMSUA_TB  in region:  TR  at this time.

 processing obs:  NOAA_19_AMSUA_TB
 region:  Global
 No obs:  NOAA_19_AMSUA_TB  in region:  Global  at this time.
 region:  NH
 No obs:  NOAA_19_AMSUA_TB  in region:  NH  at this time.
 region:  SH
 No obs:  NOAA_19_AMSUA_TB  in region:  SH  at this time.
 region:  TR
 No obs:  NOAA_19_AMSUA_TB  in region:  TR  at this time.

 processing obs:  METOP_1_AMSUA_TB
 region:  Global
 No obs:  METOP_1_AMSUA_TB  in region:  Global  at this time.
 region:  NH
 No obs:  METOP_1_AMSUA_TB  in region:  NH  at this time.
 region:  SH
 No obs:  METOP_1_AMSUA_TB  in region:  SH  at this time.
 region:  TR
 No obs:  METOP_1_AMSUA_TB  in region:  TR  at this time.

 processing obs:  METOP_2_AMSUA_TB
 region:  Global
 No obs:  METOP_2_AMSUA_TB  in region:  Global  at this time.
 region:  NH
 No obs:  METOP_2_AMSUA_TB  in region:  NH  at this time.
 region:  SH
 No obs:  METOP_2_AMSUA_TB  in region:  SH  at this time.
 region:  TR
 No obs:  METOP_2_AMSUA_TB  in region:  TR  at this time.

 processing obs:  VADWND_U_WIND_COMPONENT
 region:  Global
 No obs:  VADWND_U_WIND_COMPONENT  in region:  Global  at this time.
 region:  NH
 No obs:  VADWND_U_WIND_COMPONENT  in region:  NH  at this time.
 region:  SH
 No obs:  VADWND_U_WIND_COMPONENT  in region:  SH  at this time.
 region:  TR
 No obs:  VADWND_U_WIND_COMPONENT  in region:  TR  at this time.

 processing obs:  VADWND_V_WIND_COMPONENT
 region:  Global
 No obs:  VADWND_V_WIND_COMPONENT  in region:  Global  at this time.
 region:  NH
 No obs:  VADWND_V_WIND_COMPONENT  in region:  NH  at this time.
 region:  SH
 No obs:  VADWND_V_WIND_COMPONENT  in region:  SH  at this time.
 region:  TR
 No obs:  VADWND_V_WIND_COMPONENT  in region:  TR  at this time.

 processing obs:  LAND_SFC_PRESSURE
 region:  Global
 No obs:  LAND_SFC_PRESSURE  in region:  Global  at this time.
 region:  NH
 No obs:  LAND_SFC_PRESSURE  in region:  NH  at this time.
 region:  SH
 No obs:  LAND_SFC_PRESSURE  in region:  SH  at this time.
 region:  TR
 No obs:  LAND_SFC_PRESSURE  in region:  TR  at this time.

 processing obs:  MARINE_SFC_PRESSURE
 region:  Global
 No obs:  MARINE_SFC_PRESSURE  in region:  Global  at this time.
 region:  NH
 No obs:  MARINE_SFC_PRESSURE  in region:  NH  at this time.
 region:  SH
 No obs:  MARINE_SFC_PRESSURE  in region:  SH  at this time.
 region:  TR
 No obs:  MARINE_SFC_PRESSURE  in region:  TR  at this time.
Save assimilated: Global
Save assimilated: SH
Save assimilated: NH
Save assimilated: TR

 2024-03-25 13:47:11.844206
Execution Time:  0:00:08.551452

 -------------------- END ------------------- 

	Command being timed: "/work/cmcc/mg20022/.conda/envs/guatura/bin/python ./quick_spreads_diag.py"
	User time (seconds): 6.49
	System time (seconds): 2.20
	Percent of CPU this job got: 82%
	Elapsed (wall clock) time (h:mm:ss or m:ss): 0:10.51
	Average shared text size (kbytes): 0
	Average unshared data size (kbytes): 0
	Average stack size (kbytes): 0
	Average total size (kbytes): 0
	Maximum resident set size (kbytes): 384692
	Average resident set size (kbytes): 0
	Major (requiring I/O) page faults: 0
	Minor (reclaiming a frame) page faults: 45293
	Voluntary context switches: 11024
	Involuntary context switches: 617157
	Swaps: 0
	File system inputs: 0
	File system outputs: 0
	Socket messages sent: 0
	Socket messages received: 0
	Signals delivered: 0
	Page size (bytes): 4096
	Exit status: 0
