STARTING

 2024-03-25 13:47:02.533653

 Computation parameters:
 Experiment name:  arc2
 Start date:  2017-10-04-21600
 End date:  2017-10-04-21600
 Path archive:  /work/cmcc/gc02720/CMCC-CM/archive
 Path experiment:  /work/cmcc/gc02720/CMCC-CM/archive/arc2
 Path save:  /work/cmcc/gc02720/CMCC-CM/basic_diag/arc2/2017-10-04-21600
 Observation to process:  ['RADIOSONDE_U_WIND_COMPONENT', 'RADIOSONDE_V_WIND_COMPONENT', 'RADIOSONDE_TEMPERATURE', 'AIRCRAFT_U_WIND_COMPONENT', 'AIRCRAFT_V_WIND_COMPONENT', 'AIRCRAFT_TEMPERATURE', 'ACARS_U_WIND_COMPONENT', 'ACARS_V_WIND_COMPONENT', 'ACARS_TEMPERATURE', 'SAT_U_WIND_COMPONENT', 'SAT_V_WIND_COMPONENT', 'GPSRO_REFRACTIVITY', 'EOS_2_AMSUA_TB', 'NOAA_15_AMSUA_TB', 'NOAA_16_AMSUA_TB', 'NOAA_17_AMSUA_TB', 'NOAA_18_AMSUA_TB', 'NOAA_19_AMSUA_TB', 'METOP_1_AMSUA_TB', 'METOP_2_AMSUA_TB', 'VADWND_U_WIND_COMPONENT', 'VADWND_V_WIND_COMPONENT', 'LAND_SFC_PRESSURE', 'MARINE_SFC_PRESSURE']
 Reference levels:  (1014, 950, 900, 850, 800, 750, 700, 650, 600, 550, 500, 450, 400, 350, 300, 250, 200, 150, 90, 50, 25, 10, 5, 2.5, 1)

 Successfully created the directory /work/cmcc/gc02720/CMCC-CM/basic_diag/arc2/2017-10-04-21600 
 Center layers:  [982.0, 925.0, 875.0, 825.0, 775.0, 725.0, 675.0, 625.0, 575.0, 525.0, 475.0, 425.0, 375.0, 325.0, 275.0, 225.0, 175.0, 120.0, 70.0, 37.5, 17.5, 7.5, 3.75, 1.75]

 Start the computation...

 dir to process:  ['arc2-2017-10-04-21600']

 dir:  /work/cmcc/gc02720/CMCC-CM/archive/arc2/arc2-2017-10-04-21600
 dir number  1  out of  1
 listdb=  ['/work/cmcc/gc02720/CMCC-CM/archive/arc2/arc2-2017-10-04-21600/arc2.spreads.ARC.1.2017-10-04-21600.db', '/work/cmcc/gc02720/CMCC-CM/archive/arc2/arc2-2017-10-04-21600/arc2.spreads.ARC.2.2017-10-04-21600.db', '/work/cmcc/gc02720/CMCC-CM/archive/arc2/arc2-2017-10-04-21600/arc2.spreads.ARC.3.2017-10-04-21600.db']
 listdb len=  3
 maskdb=  [1, 1, 1]
 maskdb len=  3
 loading info from:  /work/cmcc/gc02720/CMCC-CM/archive/arc2/arc2-2017-10-04-21600/arc2.spreads.ARC.1.2017-10-04-21600.db
 loading info from:  /work/cmcc/gc02720/CMCC-CM/archive/arc2/arc2-2017-10-04-21600/arc2.spreads.ARC.2.2017-10-04-21600.db
 loading info from:  /work/cmcc/gc02720/CMCC-CM/archive/arc2/arc2-2017-10-04-21600/arc2.spreads.ARC.3.2017-10-04-21600.db

 processing obs:  RADIOSONDE_U_WIND_COMPONENT
 region:  Global
 No obs:  RADIOSONDE_U_WIND_COMPONENT  in region:  Global  at this time.
 region:  NH
 No obs:  RADIOSONDE_U_WIND_COMPONENT  in region:  NH  at this time.
 region:  SH
 No obs:  RADIOSONDE_U_WIND_COMPONENT  in region:  SH  at this time.
 region:  TR
 No obs:  RADIOSONDE_U_WIND_COMPONENT  in region:  TR  at this time.

 processing obs:  RADIOSONDE_V_WIND_COMPONENT
 region:  Global
 No obs:  RADIOSONDE_V_WIND_COMPONENT  in region:  Global  at this time.
 region:  NH
 No obs:  RADIOSONDE_V_WIND_COMPONENT  in region:  NH  at this time.
 region:  SH
 No obs:  RADIOSONDE_V_WIND_COMPONENT  in region:  SH  at this time.
 region:  TR
 No obs:  RADIOSONDE_V_WIND_COMPONENT  in region:  TR  at this time.

 processing obs:  RADIOSONDE_TEMPERATURE
 region:  Global
 No obs:  RADIOSONDE_TEMPERATURE  in region:  Global  at this time.
 region:  NH
 No obs:  RADIOSONDE_TEMPERATURE  in region:  NH  at this time.
 region:  SH
 No obs:  RADIOSONDE_TEMPERATURE  in region:  SH  at this time.
 region:  TR
 No obs:  RADIOSONDE_TEMPERATURE  in region:  TR  at this time.

 processing obs:  AIRCRAFT_U_WIND_COMPONENT
 region:  Global
0       0.564573
1      -0.417135
2      -0.201209
3       1.241779
4       2.569798
          ...   
3748    2.466725
3749   -2.579285
3750    1.694211
3751    2.366508
3752   -1.907716
Name: obs-prior, Length: 3753, dtype: float64
0       0.564573
1      -0.417135
2      -0.201209
3       1.241779
4       2.569798
          ...   
3748    2.466725
3749   -2.579285
3750    1.694211
3751    2.366508
3752   -1.907716
Name: obs-prior, Length: 3753, dtype: float64
0       0.564573
1      -0.417135
2      -0.201209
3       1.241779
4       2.569798
          ...   
3748    2.466725
3749   -2.579285
3750    1.694211
3751    2.366508
3752   -1.907716
Name: obs-prior, Length: 3753, dtype: float64
0       0.564573
1      -0.417135
2      -0.201209
3       1.241779
4       2.569798
          ...   
3748    2.466725
3749   -2.579285
3750    1.694211
3751    2.366508
3752   -1.907716
Name: obs-prior, Length: 3753, dtype: float64
0       0.564573
1      -0.417135
2      -0.201209
3       1.241779
4       2.569798
          ...   
3748    2.466725
3749   -2.579285
3750    1.694211
3751    2.366508
3752   -1.907716
Name: obs-prior, Length: 3753, dtype: float64
0       0.564573
1      -0.417135
2      -0.201209
3       1.241779
4       2.569798
          ...   
3748    2.466725
3749   -2.579285
3750    1.694211
3751    2.366508
3752   -1.907716
Name: obs-prior, Length: 3753, dtype: float64
0       0.564573
1      -0.417135
2      -0.201209
3       1.241779
4       2.569798
          ...   
3748    2.466725
3749   -2.579285
3750    1.694211
3751    2.366508
3752   -1.907716
Name: obs-prior, Length: 3753, dtype: float64
0       0.564573
1      -0.417135
2      -0.201209
3       1.241779
4       2.569798
          ...   
3748    2.466725
3749   -2.579285
3750    1.694211
3751    2.366508
3752   -1.907716
Name: obs-prior, Length: 3753, dtype: float64
0       0.564573
1      -0.417135
2      -0.201209
3       1.241779
4       2.569798
          ...   
3748    2.466725
3749   -2.579285
3750    1.694211
3751    2.366508
3752   -1.907716
Name: obs-prior, Length: 3753, dtype: float64
0       0.564573
1      -0.417135
2      -0.201209
3       1.241779
4       2.569798
          ...   
3748    2.466725
3749   -2.579285
3750    1.694211
3751    2.366508
3752   -1.907716
Name: obs-prior, Length: 3753, dtype: float64
0       0.564573
1      -0.417135
2      -0.201209
3       1.241779
4       2.569798
          ...   
3748    2.466725
3749   -2.579285
3750    1.694211
3751    2.366508
3752   -1.907716
Name: obs-prior, Length: 3753, dtype: float64
0       0.564573
1      -0.417135
2      -0.201209
3       1.241779
4       2.569798
          ...   
3748    2.466725
3749   -2.579285
3750    1.694211
3751    2.366508
3752   -1.907716
Name: obs-prior, Length: 3753, dtype: float64
0       0.564573
1      -0.417135
2      -0.201209
3       1.241779
4       2.569798
          ...   
3748    2.466725
3749   -2.579285
3750    1.694211
3751    2.366508
3752   -1.907716
Name: obs-prior, Length: 3753, dtype: float64
0       0.564573
1      -0.417135
2      -0.201209
3       1.241779
4       2.569798
          ...   
3748    2.466725
3749   -2.579285
3750    1.694211
3751    2.366508
3752   -1.907716
Name: obs-prior, Length: 3753, dtype: float64
0       0.564573
1      -0.417135
2      -0.201209
3       1.241779
4       2.569798
          ...   
3748    2.466725
3749   -2.579285
3750    1.694211
3751    2.366508
3752   -1.907716
Name: obs-prior, Length: 3753, dtype: float64
0       0.564573
1      -0.417135
2      -0.201209
3       1.241779
4       2.569798
          ...   
3748    2.466725
3749   -2.579285
3750    1.694211
3751    2.366508
3752   -1.907716
Name: obs-prior, Length: 3753, dtype: float64
0       0.564573
1      -0.417135
2      -0.201209
3       1.241779
4       2.569798
          ...   
3748    2.466725
3749   -2.579285
3750    1.694211
3751    2.366508
3752   -1.907716
Name: obs-prior, Length: 3753, dtype: float64
0       0.564573
1      -0.417135
2      -0.201209
3       1.241779
4       2.569798
          ...   
3748    2.466725
3749   -2.579285
3750    1.694211
3751    2.366508
3752   -1.907716
Name: obs-prior, Length: 3753, dtype: float64
 region:  NH
0       1.712838
1      -2.475858
2      -0.633077
3      -0.012724
4       0.526292
          ...   
2085    2.664596
2086    2.466725
2087    1.694211
2088    2.366508
2089   -1.907716
Name: obs-prior, Length: 2090, dtype: float64
0       1.712838
1      -2.475858
2      -0.633077
3      -0.012724
4       0.526292
          ...   
2085    2.664596
2086    2.466725
2087    1.694211
2088    2.366508
2089   -1.907716
Name: obs-prior, Length: 2090, dtype: float64
0       1.712838
1      -2.475858
2      -0.633077
3      -0.012724
4       0.526292
          ...   
2085    2.664596
2086    2.466725
2087    1.694211
2088    2.366508
2089   -1.907716
Name: obs-prior, Length: 2090, dtype: float64
0       1.712838
1      -2.475858
2      -0.633077
3      -0.012724
4       0.526292
          ...   
2085    2.664596
2086    2.466725
2087    1.694211
2088    2.366508
2089   -1.907716
Name: obs-prior, Length: 2090, dtype: float64
0       1.712838
1      -2.475858
2      -0.633077
3      -0.012724
4       0.526292
          ...   
2085    2.664596
2086    2.466725
2087    1.694211
2088    2.366508
2089   -1.907716
Name: obs-prior, Length: 2090, dtype: float64
0       1.712838
1      -2.475858
2      -0.633077
3      -0.012724
4       0.526292
          ...   
2085    2.664596
2086    2.466725
2087    1.694211
2088    2.366508
2089   -1.907716
Name: obs-prior, Length: 2090, dtype: float64
0       1.712838
1      -2.475858
2      -0.633077
3      -0.012724
4       0.526292
          ...   
2085    2.664596
2086    2.466725
2087    1.694211
2088    2.366508
2089   -1.907716
Name: obs-prior, Length: 2090, dtype: float64
0       1.712838
1      -2.475858
2      -0.633077
3      -0.012724
4       0.526292
          ...   
2085    2.664596
2086    2.466725
2087    1.694211
2088    2.366508
2089   -1.907716
Name: obs-prior, Length: 2090, dtype: float64
0       1.712838
1      -2.475858
2      -0.633077
3      -0.012724
4       0.526292
          ...   
2085    2.664596
2086    2.466725
2087    1.694211
2088    2.366508
2089   -1.907716
Name: obs-prior, Length: 2090, dtype: float64
0       1.712838
1      -2.475858
2      -0.633077
3      -0.012724
4       0.526292
          ...   
2085    2.664596
2086    2.466725
2087    1.694211
2088    2.366508
2089   -1.907716
Name: obs-prior, Length: 2090, dtype: float64
0       1.712838
1      -2.475858
2      -0.633077
3      -0.012724
4       0.526292
          ...   
2085    2.664596
2086    2.466725
2087    1.694211
2088    2.366508
2089   -1.907716
Name: obs-prior, Length: 2090, dtype: float64
0       1.712838
1      -2.475858
2      -0.633077
3      -0.012724
4       0.526292
          ...   
2085    2.664596
2086    2.466725
2087    1.694211
2088    2.366508
2089   -1.907716
Name: obs-prior, Length: 2090, dtype: float64
0       1.712838
1      -2.475858
2      -0.633077
3      -0.012724
4       0.526292
          ...   
2085    2.664596
2086    2.466725
2087    1.694211
2088    2.366508
2089   -1.907716
Name: obs-prior, Length: 2090, dtype: float64
0       1.712838
1      -2.475858
2      -0.633077
3      -0.012724
4       0.526292
          ...   
2085    2.664596
2086    2.466725
2087    1.694211
2088    2.366508
2089   -1.907716
Name: obs-prior, Length: 2090, dtype: float64
0       1.712838
1      -2.475858
2      -0.633077
3      -0.012724
4       0.526292
          ...   
2085    2.664596
2086    2.466725
2087    1.694211
2088    2.366508
2089   -1.907716
Name: obs-prior, Length: 2090, dtype: float64
0       1.712838
1      -2.475858
2      -0.633077
3      -0.012724
4       0.526292
          ...   
2085    2.664596
2086    2.466725
2087    1.694211
2088    2.366508
2089   -1.907716
Name: obs-prior, Length: 2090, dtype: float64
0       1.712838
1      -2.475858
2      -0.633077
3      -0.012724
4       0.526292
          ...   
2085    2.664596
2086    2.466725
2087    1.694211
2088    2.366508
2089   -1.907716
Name: obs-prior, Length: 2090, dtype: float64
0       1.712838
1      -2.475858
2      -0.633077
3      -0.012724
4       0.526292
          ...   
2085    2.664596
2086    2.466725
2087    1.694211
2088    2.366508
2089   -1.907716
Name: obs-prior, Length: 2090, dtype: float64
 region:  SH
0      3.163746
1     -1.503996
2      0.929275
3      0.280567
4      1.194937
         ...   
663    0.003592
664   -0.112097
665   -2.656985
666    1.391189
667    2.584614
Name: obs-prior, Length: 668, dtype: float64
0      3.163746
1     -1.503996
2      0.929275
3      0.280567
4      1.194937
         ...   
663    0.003592
664   -0.112097
665   -2.656985
666    1.391189
667    2.584614
Name: obs-prior, Length: 668, dtype: float64
0      3.163746
1     -1.503996
2      0.929275
3      0.280567
4      1.194937
         ...   
663    0.003592
664   -0.112097
665   -2.656985
666    1.391189
667    2.584614
Name: obs-prior, Length: 668, dtype: float64
0      3.163746
1     -1.503996
2      0.929275
3      0.280567
4      1.194937
         ...   
663    0.003592
664   -0.112097
665   -2.656985
666    1.391189
667    2.584614
Name: obs-prior, Length: 668, dtype: float64
0      3.163746
1     -1.503996
2      0.929275
3      0.280567
4      1.194937
         ...   
663    0.003592
664   -0.112097
665   -2.656985
666    1.391189
667    2.584614
Name: obs-prior, Length: 668, dtype: float64
0      3.163746
1     -1.503996
2      0.929275
3      0.280567
4      1.194937
         ...   
663    0.003592
664   -0.112097
665   -2.656985
666    1.391189
667    2.584614
Name: obs-prior, Length: 668, dtype: float64
0      3.163746
1     -1.503996
2      0.929275
3      0.280567
4      1.194937
         ...   
663    0.003592
664   -0.112097
665   -2.656985
666    1.391189
667    2.584614
Name: obs-prior, Length: 668, dtype: float64
0      3.163746
1     -1.503996
2      0.929275
3      0.280567
4      1.194937
         ...   
663    0.003592
664   -0.112097
665   -2.656985
666    1.391189
667    2.584614
Name: obs-prior, Length: 668, dtype: float64
0      3.163746
1     -1.503996
2      0.929275
3      0.280567
4      1.194937
         ...   
663    0.003592
664   -0.112097
665   -2.656985
666    1.391189
667    2.584614
Name: obs-prior, Length: 668, dtype: float64
0      3.163746
1     -1.503996
2      0.929275
3      0.280567
4      1.194937
         ...   
663    0.003592
664   -0.112097
665   -2.656985
666    1.391189
667    2.584614
Name: obs-prior, Length: 668, dtype: float64
0      3.163746
1     -1.503996
2      0.929275
3      0.280567
4      1.194937
         ...   
663    0.003592
664   -0.112097
665   -2.656985
666    1.391189
667    2.584614
Name: obs-prior, Length: 668, dtype: float64
0      3.163746
1     -1.503996
2      0.929275
3      0.280567
4      1.194937
         ...   
663    0.003592
664   -0.112097
665   -2.656985
666    1.391189
667    2.584614
Name: obs-prior, Length: 668, dtype: float64
0      3.163746
1     -1.503996
2      0.929275
3      0.280567
4      1.194937
         ...   
663    0.003592
664   -0.112097
665   -2.656985
666    1.391189
667    2.584614
Name: obs-prior, Length: 668, dtype: float64
0      3.163746
1     -1.503996
2      0.929275
3      0.280567
4      1.194937
         ...   
663    0.003592
664   -0.112097
665   -2.656985
666    1.391189
667    2.584614
Name: obs-prior, Length: 668, dtype: float64
0      3.163746
1     -1.503996
2      0.929275
3      0.280567
4      1.194937
         ...   
663    0.003592
664   -0.112097
665   -2.656985
666    1.391189
667    2.584614
Name: obs-prior, Length: 668, dtype: float64
0      3.163746
1     -1.503996
2      0.929275
3      0.280567
4      1.194937
         ...   
663    0.003592
664   -0.112097
665   -2.656985
666    1.391189
667    2.584614
Name: obs-prior, Length: 668, dtype: float64
0      3.163746
1     -1.503996
2      0.929275
3      0.280567
4      1.194937
         ...   
663    0.003592
664   -0.112097
665   -2.656985
666    1.391189
667    2.584614
Name: obs-prior, Length: 668, dtype: float64
 region:  TR
0      0.564573
1     -0.417135
2     -0.201209
3      1.241779
4      2.569798
         ...   
990    0.197304
991    1.483189
992   -0.581412
993    0.444905
994   -2.579285
Name: obs-prior, Length: 995, dtype: float64
0      0.564573
1     -0.417135
2     -0.201209
3      1.241779
4      2.569798
         ...   
990    0.197304
991    1.483189
992   -0.581412
993    0.444905
994   -2.579285
Name: obs-prior, Length: 995, dtype: float64
0      0.564573
1     -0.417135
2     -0.201209
3      1.241779
4      2.569798
         ...   
990    0.197304
991    1.483189
992   -0.581412
993    0.444905
994   -2.579285
Name: obs-prior, Length: 995, dtype: float64
0      0.564573
1     -0.417135
2     -0.201209
3      1.241779
4      2.569798
         ...   
990    0.197304
991    1.483189
992   -0.581412
993    0.444905
994   -2.579285
Name: obs-prior, Length: 995, dtype: float64
0      0.564573
1     -0.417135
2     -0.201209
3      1.241779
4      2.569798
         ...   
990    0.197304
991    1.483189
992   -0.581412
993    0.444905
994   -2.579285
Name: obs-prior, Length: 995, dtype: float64
0      0.564573
1     -0.417135
2     -0.201209
3      1.241779
4      2.569798
         ...   
990    0.197304
991    1.483189
992   -0.581412
993    0.444905
994   -2.579285
Name: obs-prior, Length: 995, dtype: float64
0      0.564573
1     -0.417135
2     -0.201209
3      1.241779
4      2.569798
         ...   
990    0.197304
991    1.483189
992   -0.581412
993    0.444905
994   -2.579285
Name: obs-prior, Length: 995, dtype: float64
0      0.564573
1     -0.417135
2     -0.201209
3      1.241779
4      2.569798
         ...   
990    0.197304
991    1.483189
992   -0.581412
993    0.444905
994   -2.579285
Name: obs-prior, Length: 995, dtype: float64
0      0.564573
1     -0.417135
2     -0.201209
3      1.241779
4      2.569798
         ...   
990    0.197304
991    1.483189
992   -0.581412
993    0.444905
994   -2.579285
Name: obs-prior, Length: 995, dtype: float64
0      0.564573
1     -0.417135
2     -0.201209
3      1.241779
4      2.569798
         ...   
990    0.197304
991    1.483189
992   -0.581412
993    0.444905
994   -2.579285
Name: obs-prior, Length: 995, dtype: float64
0      0.564573
1     -0.417135
2     -0.201209
3      1.241779
4      2.569798
         ...   
990    0.197304
991    1.483189
992   -0.581412
993    0.444905
994   -2.579285
Name: obs-prior, Length: 995, dtype: float64
0      0.564573
1     -0.417135
2     -0.201209
3      1.241779
4      2.569798
         ...   
990    0.197304
991    1.483189
992   -0.581412
993    0.444905
994   -2.579285
Name: obs-prior, Length: 995, dtype: float64
0      0.564573
1     -0.417135
2     -0.201209
3      1.241779
4      2.569798
         ...   
990    0.197304
991    1.483189
992   -0.581412
993    0.444905
994   -2.579285
Name: obs-prior, Length: 995, dtype: float64
0      0.564573
1     -0.417135
2     -0.201209
3      1.241779
4      2.569798
         ...   
990    0.197304
991    1.483189
992   -0.581412
993    0.444905
994   -2.579285
Name: obs-prior, Length: 995, dtype: float64
0      0.564573
1     -0.417135
2     -0.201209
3      1.241779
4      2.569798
         ...   
990    0.197304
991    1.483189
992   -0.581412
993    0.444905
994   -2.579285
Name: obs-prior, Length: 995, dtype: float64
0      0.564573
1     -0.417135
2     -0.201209
3      1.241779
4      2.569798
         ...   
990    0.197304
991    1.483189
992   -0.581412
993    0.444905
994   -2.579285
Name: obs-prior, Length: 995, dtype: float64
0      0.564573
1     -0.417135
2     -0.201209
3      1.241779
4      2.569798
         ...   
990    0.197304
991    1.483189
992   -0.581412
993    0.444905
994   -2.579285
Name: obs-prior, Length: 995, dtype: float64
0      0.564573
1     -0.417135
2     -0.201209
3      1.241779
4      2.569798
         ...   
990    0.197304
991    1.483189
992   -0.581412
993    0.444905
994   -2.579285
Name: obs-prior, Length: 995, dtype: float64

 processing obs:  AIRCRAFT_V_WIND_COMPONENT
 region:  Global
0      -2.359688
1      -1.502166
2      -2.296256
3       2.220085
4      -2.044958
          ...   
3644    2.068892
3645   -0.168979
3646    1.721928
3647    0.250442
3648    1.385142
Name: obs-prior, Length: 3649, dtype: float64
0      -2.359688
1      -1.502166
2      -2.296256
3       2.220085
4      -2.044958
          ...   
3644    2.068892
3645   -0.168979
3646    1.721928
3647    0.250442
3648    1.385142
Name: obs-prior, Length: 3649, dtype: float64
0      -2.359688
1      -1.502166
2      -2.296256
3       2.220085
4      -2.044958
          ...   
3644    2.068892
3645   -0.168979
3646    1.721928
3647    0.250442
3648    1.385142
Name: obs-prior, Length: 3649, dtype: float64
0      -2.359688
1      -1.502166
2      -2.296256
3       2.220085
4      -2.044958
          ...   
3644    2.068892
3645   -0.168979
3646    1.721928
3647    0.250442
3648    1.385142
Name: obs-prior, Length: 3649, dtype: float64
0      -2.359688
1      -1.502166
2      -2.296256
3       2.220085
4      -2.044958
          ...   
3644    2.068892
3645   -0.168979
3646    1.721928
3647    0.250442
3648    1.385142
Name: obs-prior, Length: 3649, dtype: float64
0      -2.359688
1      -1.502166
2      -2.296256
3       2.220085
4      -2.044958
          ...   
3644    2.068892
3645   -0.168979
3646    1.721928
3647    0.250442
3648    1.385142
Name: obs-prior, Length: 3649, dtype: float64
0      -2.359688
1      -1.502166
2      -2.296256
3       2.220085
4      -2.044958
          ...   
3644    2.068892
3645   -0.168979
3646    1.721928
3647    0.250442
3648    1.385142
Name: obs-prior, Length: 3649, dtype: float64
0      -2.359688
1      -1.502166
2      -2.296256
3       2.220085
4      -2.044958
          ...   
3644    2.068892
3645   -0.168979
3646    1.721928
3647    0.250442
3648    1.385142
Name: obs-prior, Length: 3649, dtype: float64
0      -2.359688
1      -1.502166
2      -2.296256
3       2.220085
4      -2.044958
          ...   
3644    2.068892
3645   -0.168979
3646    1.721928
3647    0.250442
3648    1.385142
Name: obs-prior, Length: 3649, dtype: float64
0      -2.359688
1      -1.502166
2      -2.296256
3       2.220085
4      -2.044958
          ...   
3644    2.068892
3645   -0.168979
3646    1.721928
3647    0.250442
3648    1.385142
Name: obs-prior, Length: 3649, dtype: float64
0      -2.359688
1      -1.502166
2      -2.296256
3       2.220085
4      -2.044958
          ...   
3644    2.068892
3645   -0.168979
3646    1.721928
3647    0.250442
3648    1.385142
Name: obs-prior, Length: 3649, dtype: float64
0      -2.359688
1      -1.502166
2      -2.296256
3       2.220085
4      -2.044958
          ...   
3644    2.068892
3645   -0.168979
3646    1.721928
3647    0.250442
3648    1.385142
Name: obs-prior, Length: 3649, dtype: float64
0      -2.359688
1      -1.502166
2      -2.296256
3       2.220085
4      -2.044958
          ...   
3644    2.068892
3645   -0.168979
3646    1.721928
3647    0.250442
3648    1.385142
Name: obs-prior, Length: 3649, dtype: float64
0      -2.359688
1      -1.502166
2      -2.296256
3       2.220085
4      -2.044958
          ...   
3644    2.068892
3645   -0.168979
3646    1.721928
3647    0.250442
3648    1.385142
Name: obs-prior, Length: 3649, dtype: float64
0      -2.359688
1      -1.502166
2      -2.296256
3       2.220085
4      -2.044958
          ...   
3644    2.068892
3645   -0.168979
3646    1.721928
3647    0.250442
3648    1.385142
Name: obs-prior, Length: 3649, dtype: float64
0      -2.359688
1      -1.502166
2      -2.296256
3       2.220085
4      -2.044958
          ...   
3644    2.068892
3645   -0.168979
3646    1.721928
3647    0.250442
3648    1.385142
Name: obs-prior, Length: 3649, dtype: float64
0      -2.359688
1      -1.502166
2      -2.296256
3       2.220085
4      -2.044958
          ...   
3644    2.068892
3645   -0.168979
3646    1.721928
3647    0.250442
3648    1.385142
Name: obs-prior, Length: 3649, dtype: float64
0      -2.359688
1      -1.502166
2      -2.296256
3       2.220085
4      -2.044958
          ...   
3644    2.068892
3645   -0.168979
3646    1.721928
3647    0.250442
3648    1.385142
Name: obs-prior, Length: 3649, dtype: float64
 region:  NH
0       2.220085
1      -2.205720
2      -0.209768
3       0.388707
4       0.110290
          ...   
2063   -3.187591
2064    2.068892
2065    1.721928
2066    0.250442
2067    1.385142
Name: obs-prior, Length: 2068, dtype: float64
0       2.220085
1      -2.205720
2      -0.209768
3       0.388707
4       0.110290
          ...   
2063   -3.187591
2064    2.068892
2065    1.721928
2066    0.250442
2067    1.385142
Name: obs-prior, Length: 2068, dtype: float64
0       2.220085
1      -2.205720
2      -0.209768
3       0.388707
4       0.110290
          ...   
2063   -3.187591
2064    2.068892
2065    1.721928
2066    0.250442
2067    1.385142
Name: obs-prior, Length: 2068, dtype: float64
0       2.220085
1      -2.205720
2      -0.209768
3       0.388707
4       0.110290
          ...   
2063   -3.187591
2064    2.068892
2065    1.721928
2066    0.250442
2067    1.385142
Name: obs-prior, Length: 2068, dtype: float64
0       2.220085
1      -2.205720
2      -0.209768
3       0.388707
4       0.110290
          ...   
2063   -3.187591
2064    2.068892
2065    1.721928
2066    0.250442
2067    1.385142
Name: obs-prior, Length: 2068, dtype: float64
0       2.220085
1      -2.205720
2      -0.209768
3       0.388707
4       0.110290
          ...   
2063   -3.187591
2064    2.068892
2065    1.721928
2066    0.250442
2067    1.385142
Name: obs-prior, Length: 2068, dtype: float64
0       2.220085
1      -2.205720
2      -0.209768
3       0.388707
4       0.110290
          ...   
2063   -3.187591
2064    2.068892
2065    1.721928
2066    0.250442
2067    1.385142
Name: obs-prior, Length: 2068, dtype: float64
0       2.220085
1      -2.205720
2      -0.209768
3       0.388707
4       0.110290
          ...   
2063   -3.187591
2064    2.068892
2065    1.721928
2066    0.250442
2067    1.385142
Name: obs-prior, Length: 2068, dtype: float64
0       2.220085
1      -2.205720
2      -0.209768
3       0.388707
4       0.110290
          ...   
2063   -3.187591
2064    2.068892
2065    1.721928
2066    0.250442
2067    1.385142
Name: obs-prior, Length: 2068, dtype: float64
0       2.220085
1      -2.205720
2      -0.209768
3       0.388707
4       0.110290
          ...   
2063   -3.187591
2064    2.068892
2065    1.721928
2066    0.250442
2067    1.385142
Name: obs-prior, Length: 2068, dtype: float64
0       2.220085
1      -2.205720
2      -0.209768
3       0.388707
4       0.110290
          ...   
2063   -3.187591
2064    2.068892
2065    1.721928
2066    0.250442
2067    1.385142
Name: obs-prior, Length: 2068, dtype: float64
0       2.220085
1      -2.205720
2      -0.209768
3       0.388707
4       0.110290
          ...   
2063   -3.187591
2064    2.068892
2065    1.721928
2066    0.250442
2067    1.385142
Name: obs-prior, Length: 2068, dtype: float64
0       2.220085
1      -2.205720
2      -0.209768
3       0.388707
4       0.110290
          ...   
2063   -3.187591
2064    2.068892
2065    1.721928
2066    0.250442
2067    1.385142
Name: obs-prior, Length: 2068, dtype: float64
0       2.220085
1      -2.205720
2      -0.209768
3       0.388707
4       0.110290
          ...   
2063   -3.187591
2064    2.068892
2065    1.721928
2066    0.250442
2067    1.385142
Name: obs-prior, Length: 2068, dtype: float64
0       2.220085
1      -2.205720
2      -0.209768
3       0.388707
4       0.110290
          ...   
2063   -3.187591
2064    2.068892
2065    1.721928
2066    0.250442
2067    1.385142
Name: obs-prior, Length: 2068, dtype: float64
0       2.220085
1      -2.205720
2      -0.209768
3       0.388707
4       0.110290
          ...   
2063   -3.187591
2064    2.068892
2065    1.721928
2066    0.250442
2067    1.385142
Name: obs-prior, Length: 2068, dtype: float64
0       2.220085
1      -2.205720
2      -0.209768
3       0.388707
4       0.110290
          ...   
2063   -3.187591
2064    2.068892
2065    1.721928
2066    0.250442
2067    1.385142
Name: obs-prior, Length: 2068, dtype: float64
0       2.220085
1      -2.205720
2      -0.209768
3       0.388707
4       0.110290
          ...   
2063   -3.187591
2064    2.068892
2065    1.721928
2066    0.250442
2067    1.385142
Name: obs-prior, Length: 2068, dtype: float64
 region:  SH
0      0.376015
1      0.596329
2     -0.115060
3      0.347781
4      1.705634
         ...   
569   -2.333050
570   -1.849853
571   -1.057763
572   -2.296625
573    1.770939
Name: obs-prior, Length: 574, dtype: float64
0      0.376015
1      0.596329
2     -0.115060
3      0.347781
4      1.705634
         ...   
569   -2.333050
570   -1.849853
571   -1.057763
572   -2.296625
573    1.770939
Name: obs-prior, Length: 574, dtype: float64
0      0.376015
1      0.596329
2     -0.115060
3      0.347781
4      1.705634
         ...   
569   -2.333050
570   -1.849853
571   -1.057763
572   -2.296625
573    1.770939
Name: obs-prior, Length: 574, dtype: float64
0      0.376015
1      0.596329
2     -0.115060
3      0.347781
4      1.705634
         ...   
569   -2.333050
570   -1.849853
571   -1.057763
572   -2.296625
573    1.770939
Name: obs-prior, Length: 574, dtype: float64
0      0.376015
1      0.596329
2     -0.115060
3      0.347781
4      1.705634
         ...   
569   -2.333050
570   -1.849853
571   -1.057763
572   -2.296625
573    1.770939
Name: obs-prior, Length: 574, dtype: float64
0      0.376015
1      0.596329
2     -0.115060
3      0.347781
4      1.705634
         ...   
569   -2.333050
570   -1.849853
571   -1.057763
572   -2.296625
573    1.770939
Name: obs-prior, Length: 574, dtype: float64
0      0.376015
1      0.596329
2     -0.115060
3      0.347781
4      1.705634
         ...   
569   -2.333050
570   -1.849853
571   -1.057763
572   -2.296625
573    1.770939
Name: obs-prior, Length: 574, dtype: float64
0      0.376015
1      0.596329
2     -0.115060
3      0.347781
4      1.705634
         ...   
569   -2.333050
570   -1.849853
571   -1.057763
572   -2.296625
573    1.770939
Name: obs-prior, Length: 574, dtype: float64
0      0.376015
1      0.596329
2     -0.115060
3      0.347781
4      1.705634
         ...   
569   -2.333050
570   -1.849853
571   -1.057763
572   -2.296625
573    1.770939
Name: obs-prior, Length: 574, dtype: float64
0      0.376015
1      0.596329
2     -0.115060
3      0.347781
4      1.705634
         ...   
569   -2.333050
570   -1.849853
571   -1.057763
572   -2.296625
573    1.770939
Name: obs-prior, Length: 574, dtype: float64
0      0.376015
1      0.596329
2     -0.115060
3      0.347781
4      1.705634
         ...   
569   -2.333050
570   -1.849853
571   -1.057763
572   -2.296625
573    1.770939
Name: obs-prior, Length: 574, dtype: float64
0      0.376015
1      0.596329
2     -0.115060
3      0.347781
4      1.705634
         ...   
569   -2.333050
570   -1.849853
571   -1.057763
572   -2.296625
573    1.770939
Name: obs-prior, Length: 574, dtype: float64
0      0.376015
1      0.596329
2     -0.115060
3      0.347781
4      1.705634
         ...   
569   -2.333050
570   -1.849853
571   -1.057763
572   -2.296625
573    1.770939
Name: obs-prior, Length: 574, dtype: float64
0      0.376015
1      0.596329
2     -0.115060
3      0.347781
4      1.705634
         ...   
569   -2.333050
570   -1.849853
571   -1.057763
572   -2.296625
573    1.770939
Name: obs-prior, Length: 574, dtype: float64
0      0.376015
1      0.596329
2     -0.115060
3      0.347781
4      1.705634
         ...   
569   -2.333050
570   -1.849853
571   -1.057763
572   -2.296625
573    1.770939
Name: obs-prior, Length: 574, dtype: float64
0      0.376015
1      0.596329
2     -0.115060
3      0.347781
4      1.705634
         ...   
569   -2.333050
570   -1.849853
571   -1.057763
572   -2.296625
573    1.770939
Name: obs-prior, Length: 574, dtype: float64
0      0.376015
1      0.596329
2     -0.115060
3      0.347781
4      1.705634
         ...   
569   -2.333050
570   -1.849853
571   -1.057763
572   -2.296625
573    1.770939
Name: obs-prior, Length: 574, dtype: float64
 region:  TR
0      -2.359688
1      -1.502166
2      -2.296256
3      -2.044958
4      -1.674263
          ...   
1002   -2.556929
1003   -3.069150
1004   -2.748522
1005   -1.090549
1006   -0.168979
Name: obs-prior, Length: 1007, dtype: float64
0      -2.359688
1      -1.502166
2      -2.296256
3      -2.044958
4      -1.674263
          ...   
1002   -2.556929
1003   -3.069150
1004   -2.748522
1005   -1.090549
1006   -0.168979
Name: obs-prior, Length: 1007, dtype: float64
0      -2.359688
1      -1.502166
2      -2.296256
3      -2.044958
4      -1.674263
          ...   
1002   -2.556929
1003   -3.069150
1004   -2.748522
1005   -1.090549
1006   -0.168979
Name: obs-prior, Length: 1007, dtype: float64
0      -2.359688
1      -1.502166
2      -2.296256
3      -2.044958
4      -1.674263
          ...   
1002   -2.556929
1003   -3.069150
1004   -2.748522
1005   -1.090549
1006   -0.168979
Name: obs-prior, Length: 1007, dtype: float64
0      -2.359688
1      -1.502166
2      -2.296256
3      -2.044958
4      -1.674263
          ...   
1002   -2.556929
1003   -3.069150
1004   -2.748522
1005   -1.090549
1006   -0.168979
Name: obs-prior, Length: 1007, dtype: float64
0      -2.359688
1      -1.502166
2      -2.296256
3      -2.044958
4      -1.674263
          ...   
1002   -2.556929
1003   -3.069150
1004   -2.748522
1005   -1.090549
1006   -0.168979
Name: obs-prior, Length: 1007, dtype: float64
0      -2.359688
1      -1.502166
2      -2.296256
3      -2.044958
4      -1.674263
          ...   
1002   -2.556929
1003   -3.069150
1004   -2.748522
1005   -1.090549
1006   -0.168979
Name: obs-prior, Length: 1007, dtype: float64
0      -2.359688
1      -1.502166
2      -2.296256
3      -2.044958
4      -1.674263
          ...   
1002   -2.556929
1003   -3.069150
1004   -2.748522
1005   -1.090549
1006   -0.168979
Name: obs-prior, Length: 1007, dtype: float64
0      -2.359688
1      -1.502166
2      -2.296256
3      -2.044958
4      -1.674263
          ...   
1002   -2.556929
1003   -3.069150
1004   -2.748522
1005   -1.090549
1006   -0.168979
Name: obs-prior, Length: 1007, dtype: float64
0      -2.359688
1      -1.502166
2      -2.296256
3      -2.044958
4      -1.674263
          ...   
1002   -2.556929
1003   -3.069150
1004   -2.748522
1005   -1.090549
1006   -0.168979
Name: obs-prior, Length: 1007, dtype: float64
0      -2.359688
1      -1.502166
2      -2.296256
3      -2.044958
4      -1.674263
          ...   
1002   -2.556929
1003   -3.069150
1004   -2.748522
1005   -1.090549
1006   -0.168979
Name: obs-prior, Length: 1007, dtype: float64
0      -2.359688
1      -1.502166
2      -2.296256
3      -2.044958
4      -1.674263
          ...   
1002   -2.556929
1003   -3.069150
1004   -2.748522
1005   -1.090549
1006   -0.168979
Name: obs-prior, Length: 1007, dtype: float64
0      -2.359688
1      -1.502166
2      -2.296256
3      -2.044958
4      -1.674263
          ...   
1002   -2.556929
1003   -3.069150
1004   -2.748522
1005   -1.090549
1006   -0.168979
Name: obs-prior, Length: 1007, dtype: float64
0      -2.359688
1      -1.502166
2      -2.296256
3      -2.044958
4      -1.674263
          ...   
1002   -2.556929
1003   -3.069150
1004   -2.748522
1005   -1.090549
1006   -0.168979
Name: obs-prior, Length: 1007, dtype: float64
0      -2.359688
1      -1.502166
2      -2.296256
3      -2.044958
4      -1.674263
          ...   
1002   -2.556929
1003   -3.069150
1004   -2.748522
1005   -1.090549
1006   -0.168979
Name: obs-prior, Length: 1007, dtype: float64
0      -2.359688
1      -1.502166
2      -2.296256
3      -2.044958
4      -1.674263
          ...   
1002   -2.556929
1003   -3.069150
1004   -2.748522
1005   -1.090549
1006   -0.168979
Name: obs-prior, Length: 1007, dtype: float64
0      -2.359688
1      -1.502166
2      -2.296256
3      -2.044958
4      -1.674263
          ...   
1002   -2.556929
1003   -3.069150
1004   -2.748522
1005   -1.090549
1006   -0.168979
Name: obs-prior, Length: 1007, dtype: float64
0      -2.359688
1      -1.502166
2      -2.296256
3      -2.044958
4      -1.674263
          ...   
1002   -2.556929
1003   -3.069150
1004   -2.748522
1005   -1.090549
1006   -0.168979
Name: obs-prior, Length: 1007, dtype: float64

 processing obs:  AIRCRAFT_TEMPERATURE
 region:  Global
0      -0.264704
1      -0.394693
2      -0.035819
3      -0.639675
4       0.141578
          ...   
3723    0.947676
3724   -0.641276
3725    0.224596
3726    0.682028
3727   -0.333615
Name: obs-prior, Length: 3728, dtype: float64
0      -0.264704
1      -0.394693
2      -0.035819
3      -0.639675
4       0.141578
          ...   
3723    0.947676
3724   -0.641276
3725    0.224596
3726    0.682028
3727   -0.333615
Name: obs-prior, Length: 3728, dtype: float64
0      -0.264704
1      -0.394693
2      -0.035819
3      -0.639675
4       0.141578
          ...   
3723    0.947676
3724   -0.641276
3725    0.224596
3726    0.682028
3727   -0.333615
Name: obs-prior, Length: 3728, dtype: float64
0      -0.264704
1      -0.394693
2      -0.035819
3      -0.639675
4       0.141578
          ...   
3723    0.947676
3724   -0.641276
3725    0.224596
3726    0.682028
3727   -0.333615
Name: obs-prior, Length: 3728, dtype: float64
0      -0.264704
1      -0.394693
2      -0.035819
3      -0.639675
4       0.141578
          ...   
3723    0.947676
3724   -0.641276
3725    0.224596
3726    0.682028
3727   -0.333615
Name: obs-prior, Length: 3728, dtype: float64
0      -0.264704
1      -0.394693
2      -0.035819
3      -0.639675
4       0.141578
          ...   
3723    0.947676
3724   -0.641276
3725    0.224596
3726    0.682028
3727   -0.333615
Name: obs-prior, Length: 3728, dtype: float64
0      -0.264704
1      -0.394693
2      -0.035819
3      -0.639675
4       0.141578
          ...   
3723    0.947676
3724   -0.641276
3725    0.224596
3726    0.682028
3727   -0.333615
Name: obs-prior, Length: 3728, dtype: float64
0      -0.264704
1      -0.394693
2      -0.035819
3      -0.639675
4       0.141578
          ...   
3723    0.947676
3724   -0.641276
3725    0.224596
3726    0.682028
3727   -0.333615
Name: obs-prior, Length: 3728, dtype: float64
0      -0.264704
1      -0.394693
2      -0.035819
3      -0.639675
4       0.141578
          ...   
3723    0.947676
3724   -0.641276
3725    0.224596
3726    0.682028
3727   -0.333615
Name: obs-prior, Length: 3728, dtype: float64
0      -0.264704
1      -0.394693
2      -0.035819
3      -0.639675
4       0.141578
          ...   
3723    0.947676
3724   -0.641276
3725    0.224596
3726    0.682028
3727   -0.333615
Name: obs-prior, Length: 3728, dtype: float64
0      -0.264704
1      -0.394693
2      -0.035819
3      -0.639675
4       0.141578
          ...   
3723    0.947676
3724   -0.641276
3725    0.224596
3726    0.682028
3727   -0.333615
Name: obs-prior, Length: 3728, dtype: float64
0      -0.264704
1      -0.394693
2      -0.035819
3      -0.639675
4       0.141578
          ...   
3723    0.947676
3724   -0.641276
3725    0.224596
3726    0.682028
3727   -0.333615
Name: obs-prior, Length: 3728, dtype: float64
0      -0.264704
1      -0.394693
2      -0.035819
3      -0.639675
4       0.141578
          ...   
3723    0.947676
3724   -0.641276
3725    0.224596
3726    0.682028
3727   -0.333615
Name: obs-prior, Length: 3728, dtype: float64
0      -0.264704
1      -0.394693
2      -0.035819
3      -0.639675
4       0.141578
          ...   
3723    0.947676
3724   -0.641276
3725    0.224596
3726    0.682028
3727   -0.333615
Name: obs-prior, Length: 3728, dtype: float64
0      -0.264704
1      -0.394693
2      -0.035819
3      -0.639675
4       0.141578
          ...   
3723    0.947676
3724   -0.641276
3725    0.224596
3726    0.682028
3727   -0.333615
Name: obs-prior, Length: 3728, dtype: float64
0      -0.264704
1      -0.394693
2      -0.035819
3      -0.639675
4       0.141578
          ...   
3723    0.947676
3724   -0.641276
3725    0.224596
3726    0.682028
3727   -0.333615
Name: obs-prior, Length: 3728, dtype: float64
0      -0.264704
1      -0.394693
2      -0.035819
3      -0.639675
4       0.141578
          ...   
3723    0.947676
3724   -0.641276
3725    0.224596
3726    0.682028
3727   -0.333615
Name: obs-prior, Length: 3728, dtype: float64
0      -0.264704
1      -0.394693
2      -0.035819
3      -0.639675
4       0.141578
          ...   
3723    0.947676
3724   -0.641276
3725    0.224596
3726    0.682028
3727   -0.333615
Name: obs-prior, Length: 3728, dtype: float64
 region:  NH
0       0.854130
1      -0.336151
2       0.618380
3       0.109100
4       0.442957
          ...   
2160   -0.725532
2161   -0.641276
2162    0.224596
2163    0.682028
2164   -0.333615
Name: obs-prior, Length: 2165, dtype: float64
0       0.854130
1      -0.336151
2       0.618380
3       0.109100
4       0.442957
          ...   
2160   -0.725532
2161   -0.641276
2162    0.224596
2163    0.682028
2164   -0.333615
Name: obs-prior, Length: 2165, dtype: float64
0       0.854130
1      -0.336151
2       0.618380
3       0.109100
4       0.442957
          ...   
2160   -0.725532
2161   -0.641276
2162    0.224596
2163    0.682028
2164   -0.333615
Name: obs-prior, Length: 2165, dtype: float64
0       0.854130
1      -0.336151
2       0.618380
3       0.109100
4       0.442957
          ...   
2160   -0.725532
2161   -0.641276
2162    0.224596
2163    0.682028
2164   -0.333615
Name: obs-prior, Length: 2165, dtype: float64
0       0.854130
1      -0.336151
2       0.618380
3       0.109100
4       0.442957
          ...   
2160   -0.725532
2161   -0.641276
2162    0.224596
2163    0.682028
2164   -0.333615
Name: obs-prior, Length: 2165, dtype: float64
0       0.854130
1      -0.336151
2       0.618380
3       0.109100
4       0.442957
          ...   
2160   -0.725532
2161   -0.641276
2162    0.224596
2163    0.682028
2164   -0.333615
Name: obs-prior, Length: 2165, dtype: float64
0       0.854130
1      -0.336151
2       0.618380
3       0.109100
4       0.442957
          ...   
2160   -0.725532
2161   -0.641276
2162    0.224596
2163    0.682028
2164   -0.333615
Name: obs-prior, Length: 2165, dtype: float64
0       0.854130
1      -0.336151
2       0.618380
3       0.109100
4       0.442957
          ...   
2160   -0.725532
2161   -0.641276
2162    0.224596
2163    0.682028
2164   -0.333615
Name: obs-prior, Length: 2165, dtype: float64
0       0.854130
1      -0.336151
2       0.618380
3       0.109100
4       0.442957
          ...   
2160   -0.725532
2161   -0.641276
2162    0.224596
2163    0.682028
2164   -0.333615
Name: obs-prior, Length: 2165, dtype: float64
0       0.854130
1      -0.336151
2       0.618380
3       0.109100
4       0.442957
          ...   
2160   -0.725532
2161   -0.641276
2162    0.224596
2163    0.682028
2164   -0.333615
Name: obs-prior, Length: 2165, dtype: float64
0       0.854130
1      -0.336151
2       0.618380
3       0.109100
4       0.442957
          ...   
2160   -0.725532
2161   -0.641276
2162    0.224596
2163    0.682028
2164   -0.333615
Name: obs-prior, Length: 2165, dtype: float64
0       0.854130
1      -0.336151
2       0.618380
3       0.109100
4       0.442957
          ...   
2160   -0.725532
2161   -0.641276
2162    0.224596
2163    0.682028
2164   -0.333615
Name: obs-prior, Length: 2165, dtype: float64
0       0.854130
1      -0.336151
2       0.618380
3       0.109100
4       0.442957
          ...   
2160   -0.725532
2161   -0.641276
2162    0.224596
2163    0.682028
2164   -0.333615
Name: obs-prior, Length: 2165, dtype: float64
0       0.854130
1      -0.336151
2       0.618380
3       0.109100
4       0.442957
          ...   
2160   -0.725532
2161   -0.641276
2162    0.224596
2163    0.682028
2164   -0.333615
Name: obs-prior, Length: 2165, dtype: float64
0       0.854130
1      -0.336151
2       0.618380
3       0.109100
4       0.442957
          ...   
2160   -0.725532
2161   -0.641276
2162    0.224596
2163    0.682028
2164   -0.333615
Name: obs-prior, Length: 2165, dtype: float64
0       0.854130
1      -0.336151
2       0.618380
3       0.109100
4       0.442957
          ...   
2160   -0.725532
2161   -0.641276
2162    0.224596
2163    0.682028
2164   -0.333615
Name: obs-prior, Length: 2165, dtype: float64
0       0.854130
1      -0.336151
2       0.618380
3       0.109100
4       0.442957
          ...   
2160   -0.725532
2161   -0.641276
2162    0.224596
2163    0.682028
2164   -0.333615
Name: obs-prior, Length: 2165, dtype: float64
0       0.854130
1      -0.336151
2       0.618380
3       0.109100
4       0.442957
          ...   
2160   -0.725532
2161   -0.641276
2162    0.224596
2163    0.682028
2164   -0.333615
Name: obs-prior, Length: 2165, dtype: float64
 region:  SH
0      0.946945
1      0.840410
2      0.391828
3      0.567885
4     -0.759846
         ...   
595    0.819365
596    0.506525
597   -1.267564
598   -1.072253
599    0.857459
Name: obs-prior, Length: 600, dtype: float64
0      0.946945
1      0.840410
2      0.391828
3      0.567885
4     -0.759846
         ...   
595    0.819365
596    0.506525
597   -1.267564
598   -1.072253
599    0.857459
Name: obs-prior, Length: 600, dtype: float64
0      0.946945
1      0.840410
2      0.391828
3      0.567885
4     -0.759846
         ...   
595    0.819365
596    0.506525
597   -1.267564
598   -1.072253
599    0.857459
Name: obs-prior, Length: 600, dtype: float64
0      0.946945
1      0.840410
2      0.391828
3      0.567885
4     -0.759846
         ...   
595    0.819365
596    0.506525
597   -1.267564
598   -1.072253
599    0.857459
Name: obs-prior, Length: 600, dtype: float64
0      0.946945
1      0.840410
2      0.391828
3      0.567885
4     -0.759846
         ...   
595    0.819365
596    0.506525
597   -1.267564
598   -1.072253
599    0.857459
Name: obs-prior, Length: 600, dtype: float64
0      0.946945
1      0.840410
2      0.391828
3      0.567885
4     -0.759846
         ...   
595    0.819365
596    0.506525
597   -1.267564
598   -1.072253
599    0.857459
Name: obs-prior, Length: 600, dtype: float64
0      0.946945
1      0.840410
2      0.391828
3      0.567885
4     -0.759846
         ...   
595    0.819365
596    0.506525
597   -1.267564
598   -1.072253
599    0.857459
Name: obs-prior, Length: 600, dtype: float64
0      0.946945
1      0.840410
2      0.391828
3      0.567885
4     -0.759846
         ...   
595    0.819365
596    0.506525
597   -1.267564
598   -1.072253
599    0.857459
Name: obs-prior, Length: 600, dtype: float64
0      0.946945
1      0.840410
2      0.391828
3      0.567885
4     -0.759846
         ...   
595    0.819365
596    0.506525
597   -1.267564
598   -1.072253
599    0.857459
Name: obs-prior, Length: 600, dtype: float64
0      0.946945
1      0.840410
2      0.391828
3      0.567885
4     -0.759846
         ...   
595    0.819365
596    0.506525
597   -1.267564
598   -1.072253
599    0.857459
Name: obs-prior, Length: 600, dtype: float64
0      0.946945
1      0.840410
2      0.391828
3      0.567885
4     -0.759846
         ...   
595    0.819365
596    0.506525
597   -1.267564
598   -1.072253
599    0.857459
Name: obs-prior, Length: 600, dtype: float64
0      0.946945
1      0.840410
2      0.391828
3      0.567885
4     -0.759846
         ...   
595    0.819365
596    0.506525
597   -1.267564
598   -1.072253
599    0.857459
Name: obs-prior, Length: 600, dtype: float64
0      0.946945
1      0.840410
2      0.391828
3      0.567885
4     -0.759846
         ...   
595    0.819365
596    0.506525
597   -1.267564
598   -1.072253
599    0.857459
Name: obs-prior, Length: 600, dtype: float64
0      0.946945
1      0.840410
2      0.391828
3      0.567885
4     -0.759846
         ...   
595    0.819365
596    0.506525
597   -1.267564
598   -1.072253
599    0.857459
Name: obs-prior, Length: 600, dtype: float64
0      0.946945
1      0.840410
2      0.391828
3      0.567885
4     -0.759846
         ...   
595    0.819365
596    0.506525
597   -1.267564
598   -1.072253
599    0.857459
Name: obs-prior, Length: 600, dtype: float64
0      0.946945
1      0.840410
2      0.391828
3      0.567885
4     -0.759846
         ...   
595    0.819365
596    0.506525
597   -1.267564
598   -1.072253
599    0.857459
Name: obs-prior, Length: 600, dtype: float64
0      0.946945
1      0.840410
2      0.391828
3      0.567885
4     -0.759846
         ...   
595    0.819365
596    0.506525
597   -1.267564
598   -1.072253
599    0.857459
Name: obs-prior, Length: 600, dtype: float64
 region:  TR
0     -0.264704
1     -0.394693
2     -0.035819
3     -0.639675
4      0.141578
         ...   
958    0.896677
959   -0.702747
960    0.015100
961    0.822016
962    0.947676
Name: obs-prior, Length: 963, dtype: float64
0     -0.264704
1     -0.394693
2     -0.035819
3     -0.639675
4      0.141578
         ...   
958    0.896677
959   -0.702747
960    0.015100
961    0.822016
962    0.947676
Name: obs-prior, Length: 963, dtype: float64
0     -0.264704
1     -0.394693
2     -0.035819
3     -0.639675
4      0.141578
         ...   
958    0.896677
959   -0.702747
960    0.015100
961    0.822016
962    0.947676
Name: obs-prior, Length: 963, dtype: float64
0     -0.264704
1     -0.394693
2     -0.035819
3     -0.639675
4      0.141578
         ...   
958    0.896677
959   -0.702747
960    0.015100
961    0.822016
962    0.947676
Name: obs-prior, Length: 963, dtype: float64
0     -0.264704
1     -0.394693
2     -0.035819
3     -0.639675
4      0.141578
         ...   
958    0.896677
959   -0.702747
960    0.015100
961    0.822016
962    0.947676
Name: obs-prior, Length: 963, dtype: float64
0     -0.264704
1     -0.394693
2     -0.035819
3     -0.639675
4      0.141578
         ...   
958    0.896677
959   -0.702747
960    0.015100
961    0.822016
962    0.947676
Name: obs-prior, Length: 963, dtype: float64
0     -0.264704
1     -0.394693
2     -0.035819
3     -0.639675
4      0.141578
         ...   
958    0.896677
959   -0.702747
960    0.015100
961    0.822016
962    0.947676
Name: obs-prior, Length: 963, dtype: float64
0     -0.264704
1     -0.394693
2     -0.035819
3     -0.639675
4      0.141578
         ...   
958    0.896677
959   -0.702747
960    0.015100
961    0.822016
962    0.947676
Name: obs-prior, Length: 963, dtype: float64
0     -0.264704
1     -0.394693
2     -0.035819
3     -0.639675
4      0.141578
         ...   
958    0.896677
959   -0.702747
960    0.015100
961    0.822016
962    0.947676
Name: obs-prior, Length: 963, dtype: float64
0     -0.264704
1     -0.394693
2     -0.035819
3     -0.639675
4      0.141578
         ...   
958    0.896677
959   -0.702747
960    0.015100
961    0.822016
962    0.947676
Name: obs-prior, Length: 963, dtype: float64
0     -0.264704
1     -0.394693
2     -0.035819
3     -0.639675
4      0.141578
         ...   
958    0.896677
959   -0.702747
960    0.015100
961    0.822016
962    0.947676
Name: obs-prior, Length: 963, dtype: float64
0     -0.264704
1     -0.394693
2     -0.035819
3     -0.639675
4      0.141578
         ...   
958    0.896677
959   -0.702747
960    0.015100
961    0.822016
962    0.947676
Name: obs-prior, Length: 963, dtype: float64
0     -0.264704
1     -0.394693
2     -0.035819
3     -0.639675
4      0.141578
         ...   
958    0.896677
959   -0.702747
960    0.015100
961    0.822016
962    0.947676
Name: obs-prior, Length: 963, dtype: float64
0     -0.264704
1     -0.394693
2     -0.035819
3     -0.639675
4      0.141578
         ...   
958    0.896677
959   -0.702747
960    0.015100
961    0.822016
962    0.947676
Name: obs-prior, Length: 963, dtype: float64
0     -0.264704
1     -0.394693
2     -0.035819
3     -0.639675
4      0.141578
         ...   
958    0.896677
959   -0.702747
960    0.015100
961    0.822016
962    0.947676
Name: obs-prior, Length: 963, dtype: float64
0     -0.264704
1     -0.394693
2     -0.035819
3     -0.639675
4      0.141578
         ...   
958    0.896677
959   -0.702747
960    0.015100
961    0.822016
962    0.947676
Name: obs-prior, Length: 963, dtype: float64
0     -0.264704
1     -0.394693
2     -0.035819
3     -0.639675
4      0.141578
         ...   
958    0.896677
959   -0.702747
960    0.015100
961    0.822016
962    0.947676
Name: obs-prior, Length: 963, dtype: float64
0     -0.264704
1     -0.394693
2     -0.035819
3     -0.639675
4      0.141578
         ...   
958    0.896677
959   -0.702747
960    0.015100
961    0.822016
962    0.947676
Name: obs-prior, Length: 963, dtype: float64

 processing obs:  ACARS_U_WIND_COMPONENT
 region:  Global
0      -1.150171
1       0.742633
2       2.467067
3       0.896295
4      -0.624857
          ...   
9713    1.698330
9714   -2.110435
9715    0.104147
9716    2.881653
9717    0.881350
Name: obs-prior, Length: 9718, dtype: float64
0      -1.150171
1       0.742633
2       2.467067
3       0.896295
4      -0.624857
          ...   
9713    1.698330
9714   -2.110435
9715    0.104147
9716    2.881653
9717    0.881350
Name: obs-prior, Length: 9718, dtype: float64
0      -1.150171
1       0.742633
2       2.467067
3       0.896295
4      -0.624857
          ...   
9713    1.698330
9714   -2.110435
9715    0.104147
9716    2.881653
9717    0.881350
Name: obs-prior, Length: 9718, dtype: float64
0      -1.150171
1       0.742633
2       2.467067
3       0.896295
4      -0.624857
          ...   
9713    1.698330
9714   -2.110435
9715    0.104147
9716    2.881653
9717    0.881350
Name: obs-prior, Length: 9718, dtype: float64
0      -1.150171
1       0.742633
2       2.467067
3       0.896295
4      -0.624857
          ...   
9713    1.698330
9714   -2.110435
9715    0.104147
9716    2.881653
9717    0.881350
Name: obs-prior, Length: 9718, dtype: float64
0      -1.150171
1       0.742633
2       2.467067
3       0.896295
4      -0.624857
          ...   
9713    1.698330
9714   -2.110435
9715    0.104147
9716    2.881653
9717    0.881350
Name: obs-prior, Length: 9718, dtype: float64
0      -1.150171
1       0.742633
2       2.467067
3       0.896295
4      -0.624857
          ...   
9713    1.698330
9714   -2.110435
9715    0.104147
9716    2.881653
9717    0.881350
Name: obs-prior, Length: 9718, dtype: float64
0      -1.150171
1       0.742633
2       2.467067
3       0.896295
4      -0.624857
          ...   
9713    1.698330
9714   -2.110435
9715    0.104147
9716    2.881653
9717    0.881350
Name: obs-prior, Length: 9718, dtype: float64
0      -1.150171
1       0.742633
2       2.467067
3       0.896295
4      -0.624857
          ...   
9713    1.698330
9714   -2.110435
9715    0.104147
9716    2.881653
9717    0.881350
Name: obs-prior, Length: 9718, dtype: float64
0      -1.150171
1       0.742633
2       2.467067
3       0.896295
4      -0.624857
          ...   
9713    1.698330
9714   -2.110435
9715    0.104147
9716    2.881653
9717    0.881350
Name: obs-prior, Length: 9718, dtype: float64
0      -1.150171
1       0.742633
2       2.467067
3       0.896295
4      -0.624857
          ...   
9713    1.698330
9714   -2.110435
9715    0.104147
9716    2.881653
9717    0.881350
Name: obs-prior, Length: 9718, dtype: float64
0      -1.150171
1       0.742633
2       2.467067
3       0.896295
4      -0.624857
          ...   
9713    1.698330
9714   -2.110435
9715    0.104147
9716    2.881653
9717    0.881350
Name: obs-prior, Length: 9718, dtype: float64
0      -1.150171
1       0.742633
2       2.467067
3       0.896295
4      -0.624857
          ...   
9713    1.698330
9714   -2.110435
9715    0.104147
9716    2.881653
9717    0.881350
Name: obs-prior, Length: 9718, dtype: float64
0      -1.150171
1       0.742633
2       2.467067
3       0.896295
4      -0.624857
          ...   
9713    1.698330
9714   -2.110435
9715    0.104147
9716    2.881653
9717    0.881350
Name: obs-prior, Length: 9718, dtype: float64
0      -1.150171
1       0.742633
2       2.467067
3       0.896295
4      -0.624857
          ...   
9713    1.698330
9714   -2.110435
9715    0.104147
9716    2.881653
9717    0.881350
Name: obs-prior, Length: 9718, dtype: float64
0      -1.150171
1       0.742633
2       2.467067
3       0.896295
4      -0.624857
          ...   
9713    1.698330
9714   -2.110435
9715    0.104147
9716    2.881653
9717    0.881350
Name: obs-prior, Length: 9718, dtype: float64
0      -1.150171
1       0.742633
2       2.467067
3       0.896295
4      -0.624857
          ...   
9713    1.698330
9714   -2.110435
9715    0.104147
9716    2.881653
9717    0.881350
Name: obs-prior, Length: 9718, dtype: float64
 region:  NH
0      -1.150171
1       0.742633
2       2.467067
3       0.896295
4      -0.624857
          ...   
8190    1.406223
8191   -2.110435
8192    0.104147
8193    2.881653
8194    0.881350
Name: obs-prior, Length: 8195, dtype: float64
0      -1.150171
1       0.742633
2       2.467067
3       0.896295
4      -0.624857
          ...   
8190    1.406223
8191   -2.110435
8192    0.104147
8193    2.881653
8194    0.881350
Name: obs-prior, Length: 8195, dtype: float64
0      -1.150171
1       0.742633
2       2.467067
3       0.896295
4      -0.624857
          ...   
8190    1.406223
8191   -2.110435
8192    0.104147
8193    2.881653
8194    0.881350
Name: obs-prior, Length: 8195, dtype: float64
0      -1.150171
1       0.742633
2       2.467067
3       0.896295
4      -0.624857
          ...   
8190    1.406223
8191   -2.110435
8192    0.104147
8193    2.881653
8194    0.881350
Name: obs-prior, Length: 8195, dtype: float64
0      -1.150171
1       0.742633
2       2.467067
3       0.896295
4      -0.624857
          ...   
8190    1.406223
8191   -2.110435
8192    0.104147
8193    2.881653
8194    0.881350
Name: obs-prior, Length: 8195, dtype: float64
0      -1.150171
1       0.742633
2       2.467067
3       0.896295
4      -0.624857
          ...   
8190    1.406223
8191   -2.110435
8192    0.104147
8193    2.881653
8194    0.881350
Name: obs-prior, Length: 8195, dtype: float64
0      -1.150171
1       0.742633
2       2.467067
3       0.896295
4      -0.624857
          ...   
8190    1.406223
8191   -2.110435
8192    0.104147
8193    2.881653
8194    0.881350
Name: obs-prior, Length: 8195, dtype: float64
0      -1.150171
1       0.742633
2       2.467067
3       0.896295
4      -0.624857
          ...   
8190    1.406223
8191   -2.110435
8192    0.104147
8193    2.881653
8194    0.881350
Name: obs-prior, Length: 8195, dtype: float64
0      -1.150171
1       0.742633
2       2.467067
3       0.896295
4      -0.624857
          ...   
8190    1.406223
8191   -2.110435
8192    0.104147
8193    2.881653
8194    0.881350
Name: obs-prior, Length: 8195, dtype: float64
0      -1.150171
1       0.742633
2       2.467067
3       0.896295
4      -0.624857
          ...   
8190    1.406223
8191   -2.110435
8192    0.104147
8193    2.881653
8194    0.881350
Name: obs-prior, Length: 8195, dtype: float64
0      -1.150171
1       0.742633
2       2.467067
3       0.896295
4      -0.624857
          ...   
8190    1.406223
8191   -2.110435
8192    0.104147
8193    2.881653
8194    0.881350
Name: obs-prior, Length: 8195, dtype: float64
0      -1.150171
1       0.742633
2       2.467067
3       0.896295
4      -0.624857
          ...   
8190    1.406223
8191   -2.110435
8192    0.104147
8193    2.881653
8194    0.881350
Name: obs-prior, Length: 8195, dtype: float64
0      -1.150171
1       0.742633
2       2.467067
3       0.896295
4      -0.624857
          ...   
8190    1.406223
8191   -2.110435
8192    0.104147
8193    2.881653
8194    0.881350
Name: obs-prior, Length: 8195, dtype: float64
0      -1.150171
1       0.742633
2       2.467067
3       0.896295
4      -0.624857
          ...   
8190    1.406223
8191   -2.110435
8192    0.104147
8193    2.881653
8194    0.881350
Name: obs-prior, Length: 8195, dtype: float64
0      -1.150171
1       0.742633
2       2.467067
3       0.896295
4      -0.624857
          ...   
8190    1.406223
8191   -2.110435
8192    0.104147
8193    2.881653
8194    0.881350
Name: obs-prior, Length: 8195, dtype: float64
0      -1.150171
1       0.742633
2       2.467067
3       0.896295
4      -0.624857
          ...   
8190    1.406223
8191   -2.110435
8192    0.104147
8193    2.881653
8194    0.881350
Name: obs-prior, Length: 8195, dtype: float64
0      -1.150171
1       0.742633
2       2.467067
3       0.896295
4      -0.624857
          ...   
8190    1.406223
8191   -2.110435
8192    0.104147
8193    2.881653
8194    0.881350
Name: obs-prior, Length: 8195, dtype: float64
 region:  SH
0    -1.152047
1    -1.024322
2     1.414263
3     2.401727
4    -2.079812
        ...   
69   -3.544961
70   -2.294791
71   -0.738126
72   -2.263091
73   -1.165729
Name: obs-prior, Length: 74, dtype: float64
0    -1.152047
1    -1.024322
2     1.414263
3     2.401727
4    -2.079812
        ...   
69   -3.544961
70   -2.294791
71   -0.738126
72   -2.263091
73   -1.165729
Name: obs-prior, Length: 74, dtype: float64
0    -1.152047
1    -1.024322
2     1.414263
3     2.401727
4    -2.079812
        ...   
69   -3.544961
70   -2.294791
71   -0.738126
72   -2.263091
73   -1.165729
Name: obs-prior, Length: 74, dtype: float64
0    -1.152047
1    -1.024322
2     1.414263
3     2.401727
4    -2.079812
        ...   
69   -3.544961
70   -2.294791
71   -0.738126
72   -2.263091
73   -1.165729
Name: obs-prior, Length: 74, dtype: float64
0    -1.152047
1    -1.024322
2     1.414263
3     2.401727
4    -2.079812
        ...   
69   -3.544961
70   -2.294791
71   -0.738126
72   -2.263091
73   -1.165729
Name: obs-prior, Length: 74, dtype: float64
0    -1.152047
1    -1.024322
2     1.414263
3     2.401727
4    -2.079812
        ...   
69   -3.544961
70   -2.294791
71   -0.738126
72   -2.263091
73   -1.165729
Name: obs-prior, Length: 74, dtype: float64
0    -1.152047
1    -1.024322
2     1.414263
3     2.401727
4    -2.079812
        ...   
69   -3.544961
70   -2.294791
71   -0.738126
72   -2.263091
73   -1.165729
Name: obs-prior, Length: 74, dtype: float64
0    -1.152047
1    -1.024322
2     1.414263
3     2.401727
4    -2.079812
        ...   
69   -3.544961
70   -2.294791
71   -0.738126
72   -2.263091
73   -1.165729
Name: obs-prior, Length: 74, dtype: float64
0    -1.152047
1    -1.024322
2     1.414263
3     2.401727
4    -2.079812
        ...   
69   -3.544961
70   -2.294791
71   -0.738126
72   -2.263091
73   -1.165729
Name: obs-prior, Length: 74, dtype: float64
0    -1.152047
1    -1.024322
2     1.414263
3     2.401727
4    -2.079812
        ...   
69   -3.544961
70   -2.294791
71   -0.738126
72   -2.263091
73   -1.165729
Name: obs-prior, Length: 74, dtype: float64
0    -1.152047
1    -1.024322
2     1.414263
3     2.401727
4    -2.079812
        ...   
69   -3.544961
70   -2.294791
71   -0.738126
72   -2.263091
73   -1.165729
Name: obs-prior, Length: 74, dtype: float64
0    -1.152047
1    -1.024322
2     1.414263
3     2.401727
4    -2.079812
        ...   
69   -3.544961
70   -2.294791
71   -0.738126
72   -2.263091
73   -1.165729
Name: obs-prior, Length: 74, dtype: float64
0    -1.152047
1    -1.024322
2     1.414263
3     2.401727
4    -2.079812
        ...   
69   -3.544961
70   -2.294791
71   -0.738126
72   -2.263091
73   -1.165729
Name: obs-prior, Length: 74, dtype: float64
0    -1.152047
1    -1.024322
2     1.414263
3     2.401727
4    -2.079812
        ...   
69   -3.544961
70   -2.294791
71   -0.738126
72   -2.263091
73   -1.165729
Name: obs-prior, Length: 74, dtype: float64
0    -1.152047
1    -1.024322
2     1.414263
3     2.401727
4    -2.079812
        ...   
69   -3.544961
70   -2.294791
71   -0.738126
72   -2.263091
73   -1.165729
Name: obs-prior, Length: 74, dtype: float64
0    -1.152047
1    -1.024322
2     1.414263
3     2.401727
4    -2.079812
        ...   
69   -3.544961
70   -2.294791
71   -0.738126
72   -2.263091
73   -1.165729
Name: obs-prior, Length: 74, dtype: float64
0    -1.152047
1    -1.024322
2     1.414263
3     2.401727
4    -2.079812
        ...   
69   -3.544961
70   -2.294791
71   -0.738126
72   -2.263091
73   -1.165729
Name: obs-prior, Length: 74, dtype: float64
 region:  TR
0      -2.449992
1      -0.947300
2      -1.935604
3       0.406337
4      -0.282532
          ...   
1444   -0.114663
1445   -2.229232
1446   -0.536785
1447   -2.129171
1448    1.698330
Name: obs-prior, Length: 1449, dtype: float64
0      -2.449992
1      -0.947300
2      -1.935604
3       0.406337
4      -0.282532
          ...   
1444   -0.114663
1445   -2.229232
1446   -0.536785
1447   -2.129171
1448    1.698330
Name: obs-prior, Length: 1449, dtype: float64
0      -2.449992
1      -0.947300
2      -1.935604
3       0.406337
4      -0.282532
          ...   
1444   -0.114663
1445   -2.229232
1446   -0.536785
1447   -2.129171
1448    1.698330
Name: obs-prior, Length: 1449, dtype: float64
0      -2.449992
1      -0.947300
2      -1.935604
3       0.406337
4      -0.282532
          ...   
1444   -0.114663
1445   -2.229232
1446   -0.536785
1447   -2.129171
1448    1.698330
Name: obs-prior, Length: 1449, dtype: float64
0      -2.449992
1      -0.947300
2      -1.935604
3       0.406337
4      -0.282532
          ...   
1444   -0.114663
1445   -2.229232
1446   -0.536785
1447   -2.129171
1448    1.698330
Name: obs-prior, Length: 1449, dtype: float64
0      -2.449992
1      -0.947300
2      -1.935604
3       0.406337
4      -0.282532
          ...   
1444   -0.114663
1445   -2.229232
1446   -0.536785
1447   -2.129171
1448    1.698330
Name: obs-prior, Length: 1449, dtype: float64
0      -2.449992
1      -0.947300
2      -1.935604
3       0.406337
4      -0.282532
          ...   
1444   -0.114663
1445   -2.229232
1446   -0.536785
1447   -2.129171
1448    1.698330
Name: obs-prior, Length: 1449, dtype: float64
0      -2.449992
1      -0.947300
2      -1.935604
3       0.406337
4      -0.282532
          ...   
1444   -0.114663
1445   -2.229232
1446   -0.536785
1447   -2.129171
1448    1.698330
Name: obs-prior, Length: 1449, dtype: float64
0      -2.449992
1      -0.947300
2      -1.935604
3       0.406337
4      -0.282532
          ...   
1444   -0.114663
1445   -2.229232
1446   -0.536785
1447   -2.129171
1448    1.698330
Name: obs-prior, Length: 1449, dtype: float64
0      -2.449992
1      -0.947300
2      -1.935604
3       0.406337
4      -0.282532
          ...   
1444   -0.114663
1445   -2.229232
1446   -0.536785
1447   -2.129171
1448    1.698330
Name: obs-prior, Length: 1449, dtype: float64
0      -2.449992
1      -0.947300
2      -1.935604
3       0.406337
4      -0.282532
          ...   
1444   -0.114663
1445   -2.229232
1446   -0.536785
1447   -2.129171
1448    1.698330
Name: obs-prior, Length: 1449, dtype: float64
0      -2.449992
1      -0.947300
2      -1.935604
3       0.406337
4      -0.282532
          ...   
1444   -0.114663
1445   -2.229232
1446   -0.536785
1447   -2.129171
1448    1.698330
Name: obs-prior, Length: 1449, dtype: float64
0      -2.449992
1      -0.947300
2      -1.935604
3       0.406337
4      -0.282532
          ...   
1444   -0.114663
1445   -2.229232
1446   -0.536785
1447   -2.129171
1448    1.698330
Name: obs-prior, Length: 1449, dtype: float64
0      -2.449992
1      -0.947300
2      -1.935604
3       0.406337
4      -0.282532
          ...   
1444   -0.114663
1445   -2.229232
1446   -0.536785
1447   -2.129171
1448    1.698330
Name: obs-prior, Length: 1449, dtype: float64
0      -2.449992
1      -0.947300
2      -1.935604
3       0.406337
4      -0.282532
          ...   
1444   -0.114663
1445   -2.229232
1446   -0.536785
1447   -2.129171
1448    1.698330
Name: obs-prior, Length: 1449, dtype: float64
0      -2.449992
1      -0.947300
2      -1.935604
3       0.406337
4      -0.282532
          ...   
1444   -0.114663
1445   -2.229232
1446   -0.536785
1447   -2.129171
1448    1.698330
Name: obs-prior, Length: 1449, dtype: float64
0      -2.449992
1      -0.947300
2      -1.935604
3       0.406337
4      -0.282532
          ...   
1444   -0.114663
1445   -2.229232
1446   -0.536785
1447   -2.129171
1448    1.698330
Name: obs-prior, Length: 1449, dtype: float64

 processing obs:  ACARS_V_WIND_COMPONENT
 region:  Global
0        0.947256
1        0.996190
2        0.311681
3       -2.289886
4        0.732315
           ...   
10572    0.355005
10573   -1.539779
10574    1.226359
10575    0.753272
10576   -1.080502
Name: obs-prior, Length: 10577, dtype: float64
0        0.947256
1        0.996190
2        0.311681
3       -2.289886
4        0.732315
           ...   
10572    0.355005
10573   -1.539779
10574    1.226359
10575    0.753272
10576   -1.080502
Name: obs-prior, Length: 10577, dtype: float64
0        0.947256
1        0.996190
2        0.311681
3       -2.289886
4        0.732315
           ...   
10572    0.355005
10573   -1.539779
10574    1.226359
10575    0.753272
10576   -1.080502
Name: obs-prior, Length: 10577, dtype: float64
0        0.947256
1        0.996190
2        0.311681
3       -2.289886
4        0.732315
           ...   
10572    0.355005
10573   -1.539779
10574    1.226359
10575    0.753272
10576   -1.080502
Name: obs-prior, Length: 10577, dtype: float64
0        0.947256
1        0.996190
2        0.311681
3       -2.289886
4        0.732315
           ...   
10572    0.355005
10573   -1.539779
10574    1.226359
10575    0.753272
10576   -1.080502
Name: obs-prior, Length: 10577, dtype: float64
0        0.947256
1        0.996190
2        0.311681
3       -2.289886
4        0.732315
           ...   
10572    0.355005
10573   -1.539779
10574    1.226359
10575    0.753272
10576   -1.080502
Name: obs-prior, Length: 10577, dtype: float64
0        0.947256
1        0.996190
2        0.311681
3       -2.289886
4        0.732315
           ...   
10572    0.355005
10573   -1.539779
10574    1.226359
10575    0.753272
10576   -1.080502
Name: obs-prior, Length: 10577, dtype: float64
0        0.947256
1        0.996190
2        0.311681
3       -2.289886
4        0.732315
           ...   
10572    0.355005
10573   -1.539779
10574    1.226359
10575    0.753272
10576   -1.080502
Name: obs-prior, Length: 10577, dtype: float64
0        0.947256
1        0.996190
2        0.311681
3       -2.289886
4        0.732315
           ...   
10572    0.355005
10573   -1.539779
10574    1.226359
10575    0.753272
10576   -1.080502
Name: obs-prior, Length: 10577, dtype: float64
0        0.947256
1        0.996190
2        0.311681
3       -2.289886
4        0.732315
           ...   
10572    0.355005
10573   -1.539779
10574    1.226359
10575    0.753272
10576   -1.080502
Name: obs-prior, Length: 10577, dtype: float64
0        0.947256
1        0.996190
2        0.311681
3       -2.289886
4        0.732315
           ...   
10572    0.355005
10573   -1.539779
10574    1.226359
10575    0.753272
10576   -1.080502
Name: obs-prior, Length: 10577, dtype: float64
0        0.947256
1        0.996190
2        0.311681
3       -2.289886
4        0.732315
           ...   
10572    0.355005
10573   -1.539779
10574    1.226359
10575    0.753272
10576   -1.080502
Name: obs-prior, Length: 10577, dtype: float64
0        0.947256
1        0.996190
2        0.311681
3       -2.289886
4        0.732315
           ...   
10572    0.355005
10573   -1.539779
10574    1.226359
10575    0.753272
10576   -1.080502
Name: obs-prior, Length: 10577, dtype: float64
0        0.947256
1        0.996190
2        0.311681
3       -2.289886
4        0.732315
           ...   
10572    0.355005
10573   -1.539779
10574    1.226359
10575    0.753272
10576   -1.080502
Name: obs-prior, Length: 10577, dtype: float64
0        0.947256
1        0.996190
2        0.311681
3       -2.289886
4        0.732315
           ...   
10572    0.355005
10573   -1.539779
10574    1.226359
10575    0.753272
10576   -1.080502
Name: obs-prior, Length: 10577, dtype: float64
0        0.947256
1        0.996190
2        0.311681
3       -2.289886
4        0.732315
           ...   
10572    0.355005
10573   -1.539779
10574    1.226359
10575    0.753272
10576   -1.080502
Name: obs-prior, Length: 10577, dtype: float64
0        0.947256
1        0.996190
2        0.311681
3       -2.289886
4        0.732315
           ...   
10572    0.355005
10573   -1.539779
10574    1.226359
10575    0.753272
10576   -1.080502
Name: obs-prior, Length: 10577, dtype: float64
 region:  NH
0       0.947256
1       0.996190
2       0.311681
3      -2.289886
4       0.732315
          ...   
8961   -2.278708
8962   -1.134251
8963    1.226359
8964    0.753272
8965   -1.080502
Name: obs-prior, Length: 8966, dtype: float64
0       0.947256
1       0.996190
2       0.311681
3      -2.289886
4       0.732315
          ...   
8961   -2.278708
8962   -1.134251
8963    1.226359
8964    0.753272
8965   -1.080502
Name: obs-prior, Length: 8966, dtype: float64
0       0.947256
1       0.996190
2       0.311681
3      -2.289886
4       0.732315
          ...   
8961   -2.278708
8962   -1.134251
8963    1.226359
8964    0.753272
8965   -1.080502
Name: obs-prior, Length: 8966, dtype: float64
0       0.947256
1       0.996190
2       0.311681
3      -2.289886
4       0.732315
          ...   
8961   -2.278708
8962   -1.134251
8963    1.226359
8964    0.753272
8965   -1.080502
Name: obs-prior, Length: 8966, dtype: float64
0       0.947256
1       0.996190
2       0.311681
3      -2.289886
4       0.732315
          ...   
8961   -2.278708
8962   -1.134251
8963    1.226359
8964    0.753272
8965   -1.080502
Name: obs-prior, Length: 8966, dtype: float64
0       0.947256
1       0.996190
2       0.311681
3      -2.289886
4       0.732315
          ...   
8961   -2.278708
8962   -1.134251
8963    1.226359
8964    0.753272
8965   -1.080502
Name: obs-prior, Length: 8966, dtype: float64
0       0.947256
1       0.996190
2       0.311681
3      -2.289886
4       0.732315
          ...   
8961   -2.278708
8962   -1.134251
8963    1.226359
8964    0.753272
8965   -1.080502
Name: obs-prior, Length: 8966, dtype: float64
0       0.947256
1       0.996190
2       0.311681
3      -2.289886
4       0.732315
          ...   
8961   -2.278708
8962   -1.134251
8963    1.226359
8964    0.753272
8965   -1.080502
Name: obs-prior, Length: 8966, dtype: float64
0       0.947256
1       0.996190
2       0.311681
3      -2.289886
4       0.732315
          ...   
8961   -2.278708
8962   -1.134251
8963    1.226359
8964    0.753272
8965   -1.080502
Name: obs-prior, Length: 8966, dtype: float64
0       0.947256
1       0.996190
2       0.311681
3      -2.289886
4       0.732315
          ...   
8961   -2.278708
8962   -1.134251
8963    1.226359
8964    0.753272
8965   -1.080502
Name: obs-prior, Length: 8966, dtype: float64
0       0.947256
1       0.996190
2       0.311681
3      -2.289886
4       0.732315
          ...   
8961   -2.278708
8962   -1.134251
8963    1.226359
8964    0.753272
8965   -1.080502
Name: obs-prior, Length: 8966, dtype: float64
0       0.947256
1       0.996190
2       0.311681
3      -2.289886
4       0.732315
          ...   
8961   -2.278708
8962   -1.134251
8963    1.226359
8964    0.753272
8965   -1.080502
Name: obs-prior, Length: 8966, dtype: float64
0       0.947256
1       0.996190
2       0.311681
3      -2.289886
4       0.732315
          ...   
8961   -2.278708
8962   -1.134251
8963    1.226359
8964    0.753272
8965   -1.080502
Name: obs-prior, Length: 8966, dtype: float64
0       0.947256
1       0.996190
2       0.311681
3      -2.289886
4       0.732315
          ...   
8961   -2.278708
8962   -1.134251
8963    1.226359
8964    0.753272
8965   -1.080502
Name: obs-prior, Length: 8966, dtype: float64
0       0.947256
1       0.996190
2       0.311681
3      -2.289886
4       0.732315
          ...   
8961   -2.278708
8962   -1.134251
8963    1.226359
8964    0.753272
8965   -1.080502
Name: obs-prior, Length: 8966, dtype: float64
0       0.947256
1       0.996190
2       0.311681
3      -2.289886
4       0.732315
          ...   
8961   -2.278708
8962   -1.134251
8963    1.226359
8964    0.753272
8965   -1.080502
Name: obs-prior, Length: 8966, dtype: float64
0       0.947256
1       0.996190
2       0.311681
3      -2.289886
4       0.732315
          ...   
8961   -2.278708
8962   -1.134251
8963    1.226359
8964    0.753272
8965   -1.080502
Name: obs-prior, Length: 8966, dtype: float64
 region:  SH
0     -0.796552
1      1.385980
2      0.039806
3      2.320301
4      0.667057
         ...   
103    3.536873
104   -1.906592
105    4.038052
106    2.128195
107    0.024823
Name: obs-prior, Length: 108, dtype: float64
0     -0.796552
1      1.385980
2      0.039806
3      2.320301
4      0.667057
         ...   
103    3.536873
104   -1.906592
105    4.038052
106    2.128195
107    0.024823
Name: obs-prior, Length: 108, dtype: float64
0     -0.796552
1      1.385980
2      0.039806
3      2.320301
4      0.667057
         ...   
103    3.536873
104   -1.906592
105    4.038052
106    2.128195
107    0.024823
Name: obs-prior, Length: 108, dtype: float64
0     -0.796552
1      1.385980
2      0.039806
3      2.320301
4      0.667057
         ...   
103    3.536873
104   -1.906592
105    4.038052
106    2.128195
107    0.024823
Name: obs-prior, Length: 108, dtype: float64
0     -0.796552
1      1.385980
2      0.039806
3      2.320301
4      0.667057
         ...   
103    3.536873
104   -1.906592
105    4.038052
106    2.128195
107    0.024823
Name: obs-prior, Length: 108, dtype: float64
0     -0.796552
1      1.385980
2      0.039806
3      2.320301
4      0.667057
         ...   
103    3.536873
104   -1.906592
105    4.038052
106    2.128195
107    0.024823
Name: obs-prior, Length: 108, dtype: float64
0     -0.796552
1      1.385980
2      0.039806
3      2.320301
4      0.667057
         ...   
103    3.536873
104   -1.906592
105    4.038052
106    2.128195
107    0.024823
Name: obs-prior, Length: 108, dtype: float64
0     -0.796552
1      1.385980
2      0.039806
3      2.320301
4      0.667057
         ...   
103    3.536873
104   -1.906592
105    4.038052
106    2.128195
107    0.024823
Name: obs-prior, Length: 108, dtype: float64
0     -0.796552
1      1.385980
2      0.039806
3      2.320301
4      0.667057
         ...   
103    3.536873
104   -1.906592
105    4.038052
106    2.128195
107    0.024823
Name: obs-prior, Length: 108, dtype: float64
0     -0.796552
1      1.385980
2      0.039806
3      2.320301
4      0.667057
         ...   
103    3.536873
104   -1.906592
105    4.038052
106    2.128195
107    0.024823
Name: obs-prior, Length: 108, dtype: float64
0     -0.796552
1      1.385980
2      0.039806
3      2.320301
4      0.667057
         ...   
103    3.536873
104   -1.906592
105    4.038052
106    2.128195
107    0.024823
Name: obs-prior, Length: 108, dtype: float64
0     -0.796552
1      1.385980
2      0.039806
3      2.320301
4      0.667057
         ...   
103    3.536873
104   -1.906592
105    4.038052
106    2.128195
107    0.024823
Name: obs-prior, Length: 108, dtype: float64
0     -0.796552
1      1.385980
2      0.039806
3      2.320301
4      0.667057
         ...   
103    3.536873
104   -1.906592
105    4.038052
106    2.128195
107    0.024823
Name: obs-prior, Length: 108, dtype: float64
0     -0.796552
1      1.385980
2      0.039806
3      2.320301
4      0.667057
         ...   
103    3.536873
104   -1.906592
105    4.038052
106    2.128195
107    0.024823
Name: obs-prior, Length: 108, dtype: float64
0     -0.796552
1      1.385980
2      0.039806
3      2.320301
4      0.667057
         ...   
103    3.536873
104   -1.906592
105    4.038052
106    2.128195
107    0.024823
Name: obs-prior, Length: 108, dtype: float64
0     -0.796552
1      1.385980
2      0.039806
3      2.320301
4      0.667057
         ...   
103    3.536873
104   -1.906592
105    4.038052
106    2.128195
107    0.024823
Name: obs-prior, Length: 108, dtype: float64
0     -0.796552
1      1.385980
2      0.039806
3      2.320301
4      0.667057
         ...   
103    3.536873
104   -1.906592
105    4.038052
106    2.128195
107    0.024823
Name: obs-prior, Length: 108, dtype: float64
 region:  TR
0      -1.120001
1      -1.350838
2       1.923714
3      -1.693815
4      -0.452366
          ...   
1498    0.043116
1499    2.909180
1500    0.288453
1501    0.355005
1502   -1.539779
Name: obs-prior, Length: 1503, dtype: float64
0      -1.120001
1      -1.350838
2       1.923714
3      -1.693815
4      -0.452366
          ...   
1498    0.043116
1499    2.909180
1500    0.288453
1501    0.355005
1502   -1.539779
Name: obs-prior, Length: 1503, dtype: float64
0      -1.120001
1      -1.350838
2       1.923714
3      -1.693815
4      -0.452366
          ...   
1498    0.043116
1499    2.909180
1500    0.288453
1501    0.355005
1502   -1.539779
Name: obs-prior, Length: 1503, dtype: float64
0      -1.120001
1      -1.350838
2       1.923714
3      -1.693815
4      -0.452366
          ...   
1498    0.043116
1499    2.909180
1500    0.288453
1501    0.355005
1502   -1.539779
Name: obs-prior, Length: 1503, dtype: float64
0      -1.120001
1      -1.350838
2       1.923714
3      -1.693815
4      -0.452366
          ...   
1498    0.043116
1499    2.909180
1500    0.288453
1501    0.355005
1502   -1.539779
Name: obs-prior, Length: 1503, dtype: float64
0      -1.120001
1      -1.350838
2       1.923714
3      -1.693815
4      -0.452366
          ...   
1498    0.043116
1499    2.909180
1500    0.288453
1501    0.355005
1502   -1.539779
Name: obs-prior, Length: 1503, dtype: float64
0      -1.120001
1      -1.350838
2       1.923714
3      -1.693815
4      -0.452366
          ...   
1498    0.043116
1499    2.909180
1500    0.288453
1501    0.355005
1502   -1.539779
Name: obs-prior, Length: 1503, dtype: float64
0      -1.120001
1      -1.350838
2       1.923714
3      -1.693815
4      -0.452366
          ...   
1498    0.043116
1499    2.909180
1500    0.288453
1501    0.355005
1502   -1.539779
Name: obs-prior, Length: 1503, dtype: float64
0      -1.120001
1      -1.350838
2       1.923714
3      -1.693815
4      -0.452366
          ...   
1498    0.043116
1499    2.909180
1500    0.288453
1501    0.355005
1502   -1.539779
Name: obs-prior, Length: 1503, dtype: float64
0      -1.120001
1      -1.350838
2       1.923714
3      -1.693815
4      -0.452366
          ...   
1498    0.043116
1499    2.909180
1500    0.288453
1501    0.355005
1502   -1.539779
Name: obs-prior, Length: 1503, dtype: float64
0      -1.120001
1      -1.350838
2       1.923714
3      -1.693815
4      -0.452366
          ...   
1498    0.043116
1499    2.909180
1500    0.288453
1501    0.355005
1502   -1.539779
Name: obs-prior, Length: 1503, dtype: float64
0      -1.120001
1      -1.350838
2       1.923714
3      -1.693815
4      -0.452366
          ...   
1498    0.043116
1499    2.909180
1500    0.288453
1501    0.355005
1502   -1.539779
Name: obs-prior, Length: 1503, dtype: float64
0      -1.120001
1      -1.350838
2       1.923714
3      -1.693815
4      -0.452366
          ...   
1498    0.043116
1499    2.909180
1500    0.288453
1501    0.355005
1502   -1.539779
Name: obs-prior, Length: 1503, dtype: float64
0      -1.120001
1      -1.350838
2       1.923714
3      -1.693815
4      -0.452366
          ...   
1498    0.043116
1499    2.909180
1500    0.288453
1501    0.355005
1502   -1.539779
Name: obs-prior, Length: 1503, dtype: float64
0      -1.120001
1      -1.350838
2       1.923714
3      -1.693815
4      -0.452366
          ...   
1498    0.043116
1499    2.909180
1500    0.288453
1501    0.355005
1502   -1.539779
Name: obs-prior, Length: 1503, dtype: float64
0      -1.120001
1      -1.350838
2       1.923714
3      -1.693815
4      -0.452366
          ...   
1498    0.043116
1499    2.909180
1500    0.288453
1501    0.355005
1502   -1.539779
Name: obs-prior, Length: 1503, dtype: float64
0      -1.120001
1      -1.350838
2       1.923714
3      -1.693815
4      -0.452366
          ...   
1498    0.043116
1499    2.909180
1500    0.288453
1501    0.355005
1502   -1.539779
Name: obs-prior, Length: 1503, dtype: float64

 processing obs:  ACARS_TEMPERATURE
 region:  Global
0       -1.168592
1        0.784536
2       -0.481967
3        1.029654
4        0.618794
           ...   
11269    0.077003
11270    0.641617
11271    0.147882
11272   -0.266345
11273   -0.201211
Name: obs-prior, Length: 11274, dtype: float64
0       -1.168592
1        0.784536
2       -0.481967
3        1.029654
4        0.618794
           ...   
11269    0.077003
11270    0.641617
11271    0.147882
11272   -0.266345
11273   -0.201211
Name: obs-prior, Length: 11274, dtype: float64
0       -1.168592
1        0.784536
2       -0.481967
3        1.029654
4        0.618794
           ...   
11269    0.077003
11270    0.641617
11271    0.147882
11272   -0.266345
11273   -0.201211
Name: obs-prior, Length: 11274, dtype: float64
0       -1.168592
1        0.784536
2       -0.481967
3        1.029654
4        0.618794
           ...   
11269    0.077003
11270    0.641617
11271    0.147882
11272   -0.266345
11273   -0.201211
Name: obs-prior, Length: 11274, dtype: float64
0       -1.168592
1        0.784536
2       -0.481967
3        1.029654
4        0.618794
           ...   
11269    0.077003
11270    0.641617
11271    0.147882
11272   -0.266345
11273   -0.201211
Name: obs-prior, Length: 11274, dtype: float64
0       -1.168592
1        0.784536
2       -0.481967
3        1.029654
4        0.618794
           ...   
11269    0.077003
11270    0.641617
11271    0.147882
11272   -0.266345
11273   -0.201211
Name: obs-prior, Length: 11274, dtype: float64
0       -1.168592
1        0.784536
2       -0.481967
3        1.029654
4        0.618794
           ...   
11269    0.077003
11270    0.641617
11271    0.147882
11272   -0.266345
11273   -0.201211
Name: obs-prior, Length: 11274, dtype: float64
0       -1.168592
1        0.784536
2       -0.481967
3        1.029654
4        0.618794
           ...   
11269    0.077003
11270    0.641617
11271    0.147882
11272   -0.266345
11273   -0.201211
Name: obs-prior, Length: 11274, dtype: float64
0       -1.168592
1        0.784536
2       -0.481967
3        1.029654
4        0.618794
           ...   
11269    0.077003
11270    0.641617
11271    0.147882
11272   -0.266345
11273   -0.201211
Name: obs-prior, Length: 11274, dtype: float64
0       -1.168592
1        0.784536
2       -0.481967
3        1.029654
4        0.618794
           ...   
11269    0.077003
11270    0.641617
11271    0.147882
11272   -0.266345
11273   -0.201211
Name: obs-prior, Length: 11274, dtype: float64
0       -1.168592
1        0.784536
2       -0.481967
3        1.029654
4        0.618794
           ...   
11269    0.077003
11270    0.641617
11271    0.147882
11272   -0.266345
11273   -0.201211
Name: obs-prior, Length: 11274, dtype: float64
0       -1.168592
1        0.784536
2       -0.481967
3        1.029654
4        0.618794
           ...   
11269    0.077003
11270    0.641617
11271    0.147882
11272   -0.266345
11273   -0.201211
Name: obs-prior, Length: 11274, dtype: float64
0       -1.168592
1        0.784536
2       -0.481967
3        1.029654
4        0.618794
           ...   
11269    0.077003
11270    0.641617
11271    0.147882
11272   -0.266345
11273   -0.201211
Name: obs-prior, Length: 11274, dtype: float64
0       -1.168592
1        0.784536
2       -0.481967
3        1.029654
4        0.618794
           ...   
11269    0.077003
11270    0.641617
11271    0.147882
11272   -0.266345
11273   -0.201211
Name: obs-prior, Length: 11274, dtype: float64
0       -1.168592
1        0.784536
2       -0.481967
3        1.029654
4        0.618794
           ...   
11269    0.077003
11270    0.641617
11271    0.147882
11272   -0.266345
11273   -0.201211
Name: obs-prior, Length: 11274, dtype: float64
0       -1.168592
1        0.784536
2       -0.481967
3        1.029654
4        0.618794
           ...   
11269    0.077003
11270    0.641617
11271    0.147882
11272   -0.266345
11273   -0.201211
Name: obs-prior, Length: 11274, dtype: float64
0       -1.168592
1        0.784536
2       -0.481967
3        1.029654
4        0.618794
           ...   
11269    0.077003
11270    0.641617
11271    0.147882
11272   -0.266345
11273   -0.201211
Name: obs-prior, Length: 11274, dtype: float64
 region:  NH
0      -1.168592
1       0.784536
2      -0.481967
3       1.029654
4       0.618794
          ...   
9574    0.927621
9575    0.077003
9576    0.641617
9577    0.147882
9578   -0.201211
Name: obs-prior, Length: 9579, dtype: float64
0      -1.168592
1       0.784536
2      -0.481967
3       1.029654
4       0.618794
          ...   
9574    0.927621
9575    0.077003
9576    0.641617
9577    0.147882
9578   -0.201211
Name: obs-prior, Length: 9579, dtype: float64
0      -1.168592
1       0.784536
2      -0.481967
3       1.029654
4       0.618794
          ...   
9574    0.927621
9575    0.077003
9576    0.641617
9577    0.147882
9578   -0.201211
Name: obs-prior, Length: 9579, dtype: float64
0      -1.168592
1       0.784536
2      -0.481967
3       1.029654
4       0.618794
          ...   
9574    0.927621
9575    0.077003
9576    0.641617
9577    0.147882
9578   -0.201211
Name: obs-prior, Length: 9579, dtype: float64
0      -1.168592
1       0.784536
2      -0.481967
3       1.029654
4       0.618794
          ...   
9574    0.927621
9575    0.077003
9576    0.641617
9577    0.147882
9578   -0.201211
Name: obs-prior, Length: 9579, dtype: float64
0      -1.168592
1       0.784536
2      -0.481967
3       1.029654
4       0.618794
          ...   
9574    0.927621
9575    0.077003
9576    0.641617
9577    0.147882
9578   -0.201211
Name: obs-prior, Length: 9579, dtype: float64
0      -1.168592
1       0.784536
2      -0.481967
3       1.029654
4       0.618794
          ...   
9574    0.927621
9575    0.077003
9576    0.641617
9577    0.147882
9578   -0.201211
Name: obs-prior, Length: 9579, dtype: float64
0      -1.168592
1       0.784536
2      -0.481967
3       1.029654
4       0.618794
          ...   
9574    0.927621
9575    0.077003
9576    0.641617
9577    0.147882
9578   -0.201211
Name: obs-prior, Length: 9579, dtype: float64
0      -1.168592
1       0.784536
2      -0.481967
3       1.029654
4       0.618794
          ...   
9574    0.927621
9575    0.077003
9576    0.641617
9577    0.147882
9578   -0.201211
Name: obs-prior, Length: 9579, dtype: float64
0      -1.168592
1       0.784536
2      -0.481967
3       1.029654
4       0.618794
          ...   
9574    0.927621
9575    0.077003
9576    0.641617
9577    0.147882
9578   -0.201211
Name: obs-prior, Length: 9579, dtype: float64
0      -1.168592
1       0.784536
2      -0.481967
3       1.029654
4       0.618794
          ...   
9574    0.927621
9575    0.077003
9576    0.641617
9577    0.147882
9578   -0.201211
Name: obs-prior, Length: 9579, dtype: float64
0      -1.168592
1       0.784536
2      -0.481967
3       1.029654
4       0.618794
          ...   
9574    0.927621
9575    0.077003
9576    0.641617
9577    0.147882
9578   -0.201211
Name: obs-prior, Length: 9579, dtype: float64
0      -1.168592
1       0.784536
2      -0.481967
3       1.029654
4       0.618794
          ...   
9574    0.927621
9575    0.077003
9576    0.641617
9577    0.147882
9578   -0.201211
Name: obs-prior, Length: 9579, dtype: float64
0      -1.168592
1       0.784536
2      -0.481967
3       1.029654
4       0.618794
          ...   
9574    0.927621
9575    0.077003
9576    0.641617
9577    0.147882
9578   -0.201211
Name: obs-prior, Length: 9579, dtype: float64
0      -1.168592
1       0.784536
2      -0.481967
3       1.029654
4       0.618794
          ...   
9574    0.927621
9575    0.077003
9576    0.641617
9577    0.147882
9578   -0.201211
Name: obs-prior, Length: 9579, dtype: float64
0      -1.168592
1       0.784536
2      -0.481967
3       1.029654
4       0.618794
          ...   
9574    0.927621
9575    0.077003
9576    0.641617
9577    0.147882
9578   -0.201211
Name: obs-prior, Length: 9579, dtype: float64
0      -1.168592
1       0.784536
2      -0.481967
3       1.029654
4       0.618794
          ...   
9574    0.927621
9575    0.077003
9576    0.641617
9577    0.147882
9578   -0.201211
Name: obs-prior, Length: 9579, dtype: float64
 region:  SH
0     0.426446
1    -0.679450
2    -0.370091
3    -0.933318
4    -0.205263
        ...   
88    0.377863
89    0.560428
90    0.674357
91    0.673474
92   -1.229034
Name: obs-prior, Length: 93, dtype: float64
0     0.426446
1    -0.679450
2    -0.370091
3    -0.933318
4    -0.205263
        ...   
88    0.377863
89    0.560428
90    0.674357
91    0.673474
92   -1.229034
Name: obs-prior, Length: 93, dtype: float64
0     0.426446
1    -0.679450
2    -0.370091
3    -0.933318
4    -0.205263
        ...   
88    0.377863
89    0.560428
90    0.674357
91    0.673474
92   -1.229034
Name: obs-prior, Length: 93, dtype: float64
0     0.426446
1    -0.679450
2    -0.370091
3    -0.933318
4    -0.205263
        ...   
88    0.377863
89    0.560428
90    0.674357
91    0.673474
92   -1.229034
Name: obs-prior, Length: 93, dtype: float64
0     0.426446
1    -0.679450
2    -0.370091
3    -0.933318
4    -0.205263
        ...   
88    0.377863
89    0.560428
90    0.674357
91    0.673474
92   -1.229034
Name: obs-prior, Length: 93, dtype: float64
0     0.426446
1    -0.679450
2    -0.370091
3    -0.933318
4    -0.205263
        ...   
88    0.377863
89    0.560428
90    0.674357
91    0.673474
92   -1.229034
Name: obs-prior, Length: 93, dtype: float64
0     0.426446
1    -0.679450
2    -0.370091
3    -0.933318
4    -0.205263
        ...   
88    0.377863
89    0.560428
90    0.674357
91    0.673474
92   -1.229034
Name: obs-prior, Length: 93, dtype: float64
0     0.426446
1    -0.679450
2    -0.370091
3    -0.933318
4    -0.205263
        ...   
88    0.377863
89    0.560428
90    0.674357
91    0.673474
92   -1.229034
Name: obs-prior, Length: 93, dtype: float64
0     0.426446
1    -0.679450
2    -0.370091
3    -0.933318
4    -0.205263
        ...   
88    0.377863
89    0.560428
90    0.674357
91    0.673474
92   -1.229034
Name: obs-prior, Length: 93, dtype: float64
0     0.426446
1    -0.679450
2    -0.370091
3    -0.933318
4    -0.205263
        ...   
88    0.377863
89    0.560428
90    0.674357
91    0.673474
92   -1.229034
Name: obs-prior, Length: 93, dtype: float64
0     0.426446
1    -0.679450
2    -0.370091
3    -0.933318
4    -0.205263
        ...   
88    0.377863
89    0.560428
90    0.674357
91    0.673474
92   -1.229034
Name: obs-prior, Length: 93, dtype: float64
0     0.426446
1    -0.679450
2    -0.370091
3    -0.933318
4    -0.205263
        ...   
88    0.377863
89    0.560428
90    0.674357
91    0.673474
92   -1.229034
Name: obs-prior, Length: 93, dtype: float64
0     0.426446
1    -0.679450
2    -0.370091
3    -0.933318
4    -0.205263
        ...   
88    0.377863
89    0.560428
90    0.674357
91    0.673474
92   -1.229034
Name: obs-prior, Length: 93, dtype: float64
0     0.426446
1    -0.679450
2    -0.370091
3    -0.933318
4    -0.205263
        ...   
88    0.377863
89    0.560428
90    0.674357
91    0.673474
92   -1.229034
Name: obs-prior, Length: 93, dtype: float64
0     0.426446
1    -0.679450
2    -0.370091
3    -0.933318
4    -0.205263
        ...   
88    0.377863
89    0.560428
90    0.674357
91    0.673474
92   -1.229034
Name: obs-prior, Length: 93, dtype: float64
0     0.426446
1    -0.679450
2    -0.370091
3    -0.933318
4    -0.205263
        ...   
88    0.377863
89    0.560428
90    0.674357
91    0.673474
92   -1.229034
Name: obs-prior, Length: 93, dtype: float64
0     0.426446
1    -0.679450
2    -0.370091
3    -0.933318
4    -0.205263
        ...   
88    0.377863
89    0.560428
90    0.674357
91    0.673474
92   -1.229034
Name: obs-prior, Length: 93, dtype: float64
 region:  TR
0      -0.571309
1       0.699925
2       0.774277
3       0.345932
4       0.534858
          ...   
1597   -0.301495
1598   -1.169794
1599   -1.173176
1600    0.867512
1601   -0.266345
Name: obs-prior, Length: 1602, dtype: float64
0      -0.571309
1       0.699925
2       0.774277
3       0.345932
4       0.534858
          ...   
1597   -0.301495
1598   -1.169794
1599   -1.173176
1600    0.867512
1601   -0.266345
Name: obs-prior, Length: 1602, dtype: float64
0      -0.571309
1       0.699925
2       0.774277
3       0.345932
4       0.534858
          ...   
1597   -0.301495
1598   -1.169794
1599   -1.173176
1600    0.867512
1601   -0.266345
Name: obs-prior, Length: 1602, dtype: float64
0      -0.571309
1       0.699925
2       0.774277
3       0.345932
4       0.534858
          ...   
1597   -0.301495
1598   -1.169794
1599   -1.173176
1600    0.867512
1601   -0.266345
Name: obs-prior, Length: 1602, dtype: float64
0      -0.571309
1       0.699925
2       0.774277
3       0.345932
4       0.534858
          ...   
1597   -0.301495
1598   -1.169794
1599   -1.173176
1600    0.867512
1601   -0.266345
Name: obs-prior, Length: 1602, dtype: float64
0      -0.571309
1       0.699925
2       0.774277
3       0.345932
4       0.534858
          ...   
1597   -0.301495
1598   -1.169794
1599   -1.173176
1600    0.867512
1601   -0.266345
Name: obs-prior, Length: 1602, dtype: float64
0      -0.571309
1       0.699925
2       0.774277
3       0.345932
4       0.534858
          ...   
1597   -0.301495
1598   -1.169794
1599   -1.173176
1600    0.867512
1601   -0.266345
Name: obs-prior, Length: 1602, dtype: float64
0      -0.571309
1       0.699925
2       0.774277
3       0.345932
4       0.534858
          ...   
1597   -0.301495
1598   -1.169794
1599   -1.173176
1600    0.867512
1601   -0.266345
Name: obs-prior, Length: 1602, dtype: float64
0      -0.571309
1       0.699925
2       0.774277
3       0.345932
4       0.534858
          ...   
1597   -0.301495
1598   -1.169794
1599   -1.173176
1600    0.867512
1601   -0.266345
Name: obs-prior, Length: 1602, dtype: float64
0      -0.571309
1       0.699925
2       0.774277
3       0.345932
4       0.534858
          ...   
1597   -0.301495
1598   -1.169794
1599   -1.173176
1600    0.867512
1601   -0.266345
Name: obs-prior, Length: 1602, dtype: float64
0      -0.571309
1       0.699925
2       0.774277
3       0.345932
4       0.534858
          ...   
1597   -0.301495
1598   -1.169794
1599   -1.173176
1600    0.867512
1601   -0.266345
Name: obs-prior, Length: 1602, dtype: float64
0      -0.571309
1       0.699925
2       0.774277
3       0.345932
4       0.534858
          ...   
1597   -0.301495
1598   -1.169794
1599   -1.173176
1600    0.867512
1601   -0.266345
Name: obs-prior, Length: 1602, dtype: float64
0      -0.571309
1       0.699925
2       0.774277
3       0.345932
4       0.534858
          ...   
1597   -0.301495
1598   -1.169794
1599   -1.173176
1600    0.867512
1601   -0.266345
Name: obs-prior, Length: 1602, dtype: float64
0      -0.571309
1       0.699925
2       0.774277
3       0.345932
4       0.534858
          ...   
1597   -0.301495
1598   -1.169794
1599   -1.173176
1600    0.867512
1601   -0.266345
Name: obs-prior, Length: 1602, dtype: float64
0      -0.571309
1       0.699925
2       0.774277
3       0.345932
4       0.534858
          ...   
1597   -0.301495
1598   -1.169794
1599   -1.173176
1600    0.867512
1601   -0.266345
Name: obs-prior, Length: 1602, dtype: float64
0      -0.571309
1       0.699925
2       0.774277
3       0.345932
4       0.534858
          ...   
1597   -0.301495
1598   -1.169794
1599   -1.173176
1600    0.867512
1601   -0.266345
Name: obs-prior, Length: 1602, dtype: float64
0      -0.571309
1       0.699925
2       0.774277
3       0.345932
4       0.534858
          ...   
1597   -0.301495
1598   -1.169794
1599   -1.173176
1600    0.867512
1601   -0.266345
Name: obs-prior, Length: 1602, dtype: float64

 processing obs:  SAT_U_WIND_COMPONENT
 region:  Global
 No obs:  SAT_U_WIND_COMPONENT  in region:  Global  at this time.
 region:  NH
 No obs:  SAT_U_WIND_COMPONENT  in region:  NH  at this time.
 region:  SH
 No obs:  SAT_U_WIND_COMPONENT  in region:  SH  at this time.
 region:  TR
 No obs:  SAT_U_WIND_COMPONENT  in region:  TR  at this time.

 processing obs:  SAT_V_WIND_COMPONENT
 region:  Global
 No obs:  SAT_V_WIND_COMPONENT  in region:  Global  at this time.
 region:  NH
 No obs:  SAT_V_WIND_COMPONENT  in region:  NH  at this time.
 region:  SH
 No obs:  SAT_V_WIND_COMPONENT  in region:  SH  at this time.
 region:  TR
 No obs:  SAT_V_WIND_COMPONENT  in region:  TR  at this time.

 processing obs:  GPSRO_REFRACTIVITY
 region:  Global
 No obs:  GPSRO_REFRACTIVITY  in region:  Global  at this time.
 region:  NH
 No obs:  GPSRO_REFRACTIVITY  in region:  NH  at this time.
 region:  SH
 No obs:  GPSRO_REFRACTIVITY  in region:  SH  at this time.
 region:  TR
 No obs:  GPSRO_REFRACTIVITY  in region:  TR  at this time.

 processing obs:  EOS_2_AMSUA_TB
 region:  Global
 No obs:  EOS_2_AMSUA_TB  in region:  Global  at this time.
 region:  NH
 No obs:  EOS_2_AMSUA_TB  in region:  NH  at this time.
 region:  SH
 No obs:  EOS_2_AMSUA_TB  in region:  SH  at this time.
 region:  TR
 No obs:  EOS_2_AMSUA_TB  in region:  TR  at this time.

 processing obs:  NOAA_15_AMSUA_TB
 region:  Global
 No obs:  NOAA_15_AMSUA_TB  in region:  Global  at this time.
 region:  NH
 No obs:  NOAA_15_AMSUA_TB  in region:  NH  at this time.
 region:  SH
 No obs:  NOAA_15_AMSUA_TB  in region:  SH  at this time.
 region:  TR
 No obs:  NOAA_15_AMSUA_TB  in region:  TR  at this time.

 processing obs:  NOAA_16_AMSUA_TB
 region:  Global
 No obs:  NOAA_16_AMSUA_TB  in region:  Global  at this time.
 region:  NH
 No obs:  NOAA_16_AMSUA_TB  in region:  NH  at this time.
 region:  SH
 No obs:  NOAA_16_AMSUA_TB  in region:  SH  at this time.
 region:  TR
 No obs:  NOAA_16_AMSUA_TB  in region:  TR  at this time.

 processing obs:  NOAA_17_AMSUA_TB
 region:  Global
 No obs:  NOAA_17_AMSUA_TB  in region:  Global  at this time.
 region:  NH
 No obs:  NOAA_17_AMSUA_TB  in region:  NH  at this time.
 region:  SH
 No obs:  NOAA_17_AMSUA_TB  in region:  SH  at this time.
 region:  TR
 No obs:  NOAA_17_AMSUA_TB  in region:  TR  at this time.

 processing obs:  NOAA_18_AMSUA_TB
 region:  Global
 No obs:  NOAA_18_AMSUA_TB  in region:  Global  at this time.
 region:  NH
 No obs:  NOAA_18_AMSUA_TB  in region:  NH  at this time.
 region:  SH
 No obs:  NOAA_18_AMSUA_TB  in region:  SH  at this time.
 region:  TR
 No obs:  NOAA_18_AMSUA_TB  in region:  TR  at this time.

 processing obs:  NOAA_19_AMSUA_TB
 region:  Global
 No obs:  NOAA_19_AMSUA_TB  in region:  Global  at this time.
 region:  NH
 No obs:  NOAA_19_AMSUA_TB  in region:  NH  at this time.
 region:  SH
 No obs:  NOAA_19_AMSUA_TB  in region:  SH  at this time.
 region:  TR
 No obs:  NOAA_19_AMSUA_TB  in region:  TR  at this time.

 processing obs:  METOP_1_AMSUA_TB
 region:  Global
 No obs:  METOP_1_AMSUA_TB  in region:  Global  at this time.
 region:  NH
 No obs:  METOP_1_AMSUA_TB  in region:  NH  at this time.
 region:  SH
 No obs:  METOP_1_AMSUA_TB  in region:  SH  at this time.
 region:  TR
 No obs:  METOP_1_AMSUA_TB  in region:  TR  at this time.

 processing obs:  METOP_2_AMSUA_TB
 region:  Global
 No obs:  METOP_2_AMSUA_TB  in region:  Global  at this time.
 region:  NH
 No obs:  METOP_2_AMSUA_TB  in region:  NH  at this time.
 region:  SH
 No obs:  METOP_2_AMSUA_TB  in region:  SH  at this time.
 region:  TR
 No obs:  METOP_2_AMSUA_TB  in region:  TR  at this time.

 processing obs:  VADWND_U_WIND_COMPONENT
 region:  Global
 No obs:  VADWND_U_WIND_COMPONENT  in region:  Global  at this time.
 region:  NH
 No obs:  VADWND_U_WIND_COMPONENT  in region:  NH  at this time.
 region:  SH
 No obs:  VADWND_U_WIND_COMPONENT  in region:  SH  at this time.
 region:  TR
 No obs:  VADWND_U_WIND_COMPONENT  in region:  TR  at this time.

 processing obs:  VADWND_V_WIND_COMPONENT
 region:  Global
 No obs:  VADWND_V_WIND_COMPONENT  in region:  Global  at this time.
 region:  NH
 No obs:  VADWND_V_WIND_COMPONENT  in region:  NH  at this time.
 region:  SH
 No obs:  VADWND_V_WIND_COMPONENT  in region:  SH  at this time.
 region:  TR
 No obs:  VADWND_V_WIND_COMPONENT  in region:  TR  at this time.

 processing obs:  LAND_SFC_PRESSURE
 region:  Global
 No obs:  LAND_SFC_PRESSURE  in region:  Global  at this time.
 region:  NH
 No obs:  LAND_SFC_PRESSURE  in region:  NH  at this time.
 region:  SH
 No obs:  LAND_SFC_PRESSURE  in region:  SH  at this time.
 region:  TR
 No obs:  LAND_SFC_PRESSURE  in region:  TR  at this time.

 processing obs:  MARINE_SFC_PRESSURE
 region:  Global
 No obs:  MARINE_SFC_PRESSURE  in region:  Global  at this time.
 region:  NH
 No obs:  MARINE_SFC_PRESSURE  in region:  NH  at this time.
 region:  SH
 No obs:  MARINE_SFC_PRESSURE  in region:  SH  at this time.
 region:  TR
 No obs:  MARINE_SFC_PRESSURE  in region:  TR  at this time.
Save assimilated: Global
Save assimilated: SH
Save assimilated: NH
Save assimilated: TR

 2024-03-25 13:47:11.808106
Execution Time:  0:00:09.274453

 -------------------- END ------------------- 

	Command being timed: "/work/cmcc/mg20022/.conda/envs/guatura/bin/python ./quick_spreads_diag.py"
	User time (seconds): 7.27
	System time (seconds): 3.11
	Percent of CPU this job got: 91%
	Elapsed (wall clock) time (h:mm:ss or m:ss): 0:11.35
	Average shared text size (kbytes): 0
	Average unshared data size (kbytes): 0
	Average stack size (kbytes): 0
	Average total size (kbytes): 0
	Maximum resident set size (kbytes): 363032
	Average resident set size (kbytes): 0
	Major (requiring I/O) page faults: 0
	Minor (reclaiming a frame) page faults: 50646
	Voluntary context switches: 12686
	Involuntary context switches: 682788
	Swaps: 0
	File system inputs: 0
	File system outputs: 0
	Socket messages sent: 0
	Socket messages received: 0
	Signals delivered: 0
	Page size (bytes): 4096
	Exit status: 0
