STARTING

 2024-03-25 13:47:02.533682

 Computation parameters:
 Experiment name:  arc2
 Start date:  2017-10-04-43200
 End date:  2017-10-04-43200
 Path archive:  /work/cmcc/gc02720/CMCC-CM/archive
 Path experiment:  /work/cmcc/gc02720/CMCC-CM/archive/arc2
 Path save:  /work/cmcc/gc02720/CMCC-CM/basic_diag/arc2/2017-10-04-43200
 Observation to process:  ['RADIOSONDE_U_WIND_COMPONENT', 'RADIOSONDE_V_WIND_COMPONENT', 'RADIOSONDE_TEMPERATURE', 'AIRCRAFT_U_WIND_COMPONENT', 'AIRCRAFT_V_WIND_COMPONENT', 'AIRCRAFT_TEMPERATURE', 'ACARS_U_WIND_COMPONENT', 'ACARS_V_WIND_COMPONENT', 'ACARS_TEMPERATURE', 'SAT_U_WIND_COMPONENT', 'SAT_V_WIND_COMPONENT', 'GPSRO_REFRACTIVITY', 'EOS_2_AMSUA_TB', 'NOAA_15_AMSUA_TB', 'NOAA_16_AMSUA_TB', 'NOAA_17_AMSUA_TB', 'NOAA_18_AMSUA_TB', 'NOAA_19_AMSUA_TB', 'METOP_1_AMSUA_TB', 'METOP_2_AMSUA_TB', 'VADWND_U_WIND_COMPONENT', 'VADWND_V_WIND_COMPONENT', 'LAND_SFC_PRESSURE', 'MARINE_SFC_PRESSURE']
 Reference levels:  (1014, 950, 900, 850, 800, 750, 700, 650, 600, 550, 500, 450, 400, 350, 300, 250, 200, 150, 90, 50, 25, 10, 5, 2.5, 1)

 Successfully created the directory /work/cmcc/gc02720/CMCC-CM/basic_diag/arc2/2017-10-04-43200 
 Center layers:  [982.0, 925.0, 875.0, 825.0, 775.0, 725.0, 675.0, 625.0, 575.0, 525.0, 475.0, 425.0, 375.0, 325.0, 275.0, 225.0, 175.0, 120.0, 70.0, 37.5, 17.5, 7.5, 3.75, 1.75]

 Start the computation...

 dir to process:  ['arc2-2017-10-04-43200']

 dir:  /work/cmcc/gc02720/CMCC-CM/archive/arc2/arc2-2017-10-04-43200
 dir number  1  out of  1
 listdb=  ['/work/cmcc/gc02720/CMCC-CM/archive/arc2/arc2-2017-10-04-43200/arc2.spreads.ARC.1.2017-10-04-43200.db', '/work/cmcc/gc02720/CMCC-CM/archive/arc2/arc2-2017-10-04-43200/arc2.spreads.ARC.3.2017-10-04-43200.db']
 listdb len=  2
 maskdb=  [1, 1]
 maskdb len=  2
 loading info from:  /work/cmcc/gc02720/CMCC-CM/archive/arc2/arc2-2017-10-04-43200/arc2.spreads.ARC.1.2017-10-04-43200.db
 loading info from:  /work/cmcc/gc02720/CMCC-CM/archive/arc2/arc2-2017-10-04-43200/arc2.spreads.ARC.3.2017-10-04-43200.db

 processing obs:  RADIOSONDE_U_WIND_COMPONENT
 region:  Global
 No obs:  RADIOSONDE_U_WIND_COMPONENT  in region:  Global  at this time.
 region:  NH
 No obs:  RADIOSONDE_U_WIND_COMPONENT  in region:  NH  at this time.
 region:  SH
 No obs:  RADIOSONDE_U_WIND_COMPONENT  in region:  SH  at this time.
 region:  TR
 No obs:  RADIOSONDE_U_WIND_COMPONENT  in region:  TR  at this time.

 processing obs:  RADIOSONDE_V_WIND_COMPONENT
 region:  Global
 No obs:  RADIOSONDE_V_WIND_COMPONENT  in region:  Global  at this time.
 region:  NH
 No obs:  RADIOSONDE_V_WIND_COMPONENT  in region:  NH  at this time.
 region:  SH
 No obs:  RADIOSONDE_V_WIND_COMPONENT  in region:  SH  at this time.
 region:  TR
 No obs:  RADIOSONDE_V_WIND_COMPONENT  in region:  TR  at this time.

 processing obs:  RADIOSONDE_TEMPERATURE
 region:  Global
 No obs:  RADIOSONDE_TEMPERATURE  in region:  Global  at this time.
 region:  NH
 No obs:  RADIOSONDE_TEMPERATURE  in region:  NH  at this time.
 region:  SH
 No obs:  RADIOSONDE_TEMPERATURE  in region:  SH  at this time.
 region:  TR
 No obs:  RADIOSONDE_TEMPERATURE  in region:  TR  at this time.

 processing obs:  AIRCRAFT_U_WIND_COMPONENT
 region:  Global
0       2.086964
1      -2.262966
2       2.110772
3      -2.216750
4      -2.036398
          ...   
2950   -0.146200
2951   -2.961996
2952   -1.782282
2953   -0.519430
2954   -1.073839
Name: obs-prior, Length: 2955, dtype: float64
0       2.086964
1      -2.262966
2       2.110772
3      -2.216750
4      -2.036398
          ...   
2950   -0.146200
2951   -2.961996
2952   -1.782282
2953   -0.519430
2954   -1.073839
Name: obs-prior, Length: 2955, dtype: float64
0       2.086964
1      -2.262966
2       2.110772
3      -2.216750
4      -2.036398
          ...   
2950   -0.146200
2951   -2.961996
2952   -1.782282
2953   -0.519430
2954   -1.073839
Name: obs-prior, Length: 2955, dtype: float64
0       2.086964
1      -2.262966
2       2.110772
3      -2.216750
4      -2.036398
          ...   
2950   -0.146200
2951   -2.961996
2952   -1.782282
2953   -0.519430
2954   -1.073839
Name: obs-prior, Length: 2955, dtype: float64
0       2.086964
1      -2.262966
2       2.110772
3      -2.216750
4      -2.036398
          ...   
2950   -0.146200
2951   -2.961996
2952   -1.782282
2953   -0.519430
2954   -1.073839
Name: obs-prior, Length: 2955, dtype: float64
0       2.086964
1      -2.262966
2       2.110772
3      -2.216750
4      -2.036398
          ...   
2950   -0.146200
2951   -2.961996
2952   -1.782282
2953   -0.519430
2954   -1.073839
Name: obs-prior, Length: 2955, dtype: float64
0       2.086964
1      -2.262966
2       2.110772
3      -2.216750
4      -2.036398
          ...   
2950   -0.146200
2951   -2.961996
2952   -1.782282
2953   -0.519430
2954   -1.073839
Name: obs-prior, Length: 2955, dtype: float64
0       2.086964
1      -2.262966
2       2.110772
3      -2.216750
4      -2.036398
          ...   
2950   -0.146200
2951   -2.961996
2952   -1.782282
2953   -0.519430
2954   -1.073839
Name: obs-prior, Length: 2955, dtype: float64
0       2.086964
1      -2.262966
2       2.110772
3      -2.216750
4      -2.036398
          ...   
2950   -0.146200
2951   -2.961996
2952   -1.782282
2953   -0.519430
2954   -1.073839
Name: obs-prior, Length: 2955, dtype: float64
0       2.086964
1      -2.262966
2       2.110772
3      -2.216750
4      -2.036398
          ...   
2950   -0.146200
2951   -2.961996
2952   -1.782282
2953   -0.519430
2954   -1.073839
Name: obs-prior, Length: 2955, dtype: float64
0       2.086964
1      -2.262966
2       2.110772
3      -2.216750
4      -2.036398
          ...   
2950   -0.146200
2951   -2.961996
2952   -1.782282
2953   -0.519430
2954   -1.073839
Name: obs-prior, Length: 2955, dtype: float64
0       2.086964
1      -2.262966
2       2.110772
3      -2.216750
4      -2.036398
          ...   
2950   -0.146200
2951   -2.961996
2952   -1.782282
2953   -0.519430
2954   -1.073839
Name: obs-prior, Length: 2955, dtype: float64
0       2.086964
1      -2.262966
2       2.110772
3      -2.216750
4      -2.036398
          ...   
2950   -0.146200
2951   -2.961996
2952   -1.782282
2953   -0.519430
2954   -1.073839
Name: obs-prior, Length: 2955, dtype: float64
0       2.086964
1      -2.262966
2       2.110772
3      -2.216750
4      -2.036398
          ...   
2950   -0.146200
2951   -2.961996
2952   -1.782282
2953   -0.519430
2954   -1.073839
Name: obs-prior, Length: 2955, dtype: float64
0       2.086964
1      -2.262966
2       2.110772
3      -2.216750
4      -2.036398
          ...   
2950   -0.146200
2951   -2.961996
2952   -1.782282
2953   -0.519430
2954   -1.073839
Name: obs-prior, Length: 2955, dtype: float64
0       2.086964
1      -2.262966
2       2.110772
3      -2.216750
4      -2.036398
          ...   
2950   -0.146200
2951   -2.961996
2952   -1.782282
2953   -0.519430
2954   -1.073839
Name: obs-prior, Length: 2955, dtype: float64
0       2.086964
1      -2.262966
2       2.110772
3      -2.216750
4      -2.036398
          ...   
2950   -0.146200
2951   -2.961996
2952   -1.782282
2953   -0.519430
2954   -1.073839
Name: obs-prior, Length: 2955, dtype: float64
0       2.086964
1      -2.262966
2       2.110772
3      -2.216750
4      -2.036398
          ...   
2950   -0.146200
2951   -2.961996
2952   -1.782282
2953   -0.519430
2954   -1.073839
Name: obs-prior, Length: 2955, dtype: float64
 region:  NH
0       2.086964
1      -0.151837
2       1.020471
3       2.667484
4      -1.673054
          ...   
1835    1.154466
1836   -0.146200
1837   -2.961996
1838   -0.519430
1839   -1.073839
Name: obs-prior, Length: 1840, dtype: float64
0       2.086964
1      -0.151837
2       1.020471
3       2.667484
4      -1.673054
          ...   
1835    1.154466
1836   -0.146200
1837   -2.961996
1838   -0.519430
1839   -1.073839
Name: obs-prior, Length: 1840, dtype: float64
0       2.086964
1      -0.151837
2       1.020471
3       2.667484
4      -1.673054
          ...   
1835    1.154466
1836   -0.146200
1837   -2.961996
1838   -0.519430
1839   -1.073839
Name: obs-prior, Length: 1840, dtype: float64
0       2.086964
1      -0.151837
2       1.020471
3       2.667484
4      -1.673054
          ...   
1835    1.154466
1836   -0.146200
1837   -2.961996
1838   -0.519430
1839   -1.073839
Name: obs-prior, Length: 1840, dtype: float64
0       2.086964
1      -0.151837
2       1.020471
3       2.667484
4      -1.673054
          ...   
1835    1.154466
1836   -0.146200
1837   -2.961996
1838   -0.519430
1839   -1.073839
Name: obs-prior, Length: 1840, dtype: float64
0       2.086964
1      -0.151837
2       1.020471
3       2.667484
4      -1.673054
          ...   
1835    1.154466
1836   -0.146200
1837   -2.961996
1838   -0.519430
1839   -1.073839
Name: obs-prior, Length: 1840, dtype: float64
0       2.086964
1      -0.151837
2       1.020471
3       2.667484
4      -1.673054
          ...   
1835    1.154466
1836   -0.146200
1837   -2.961996
1838   -0.519430
1839   -1.073839
Name: obs-prior, Length: 1840, dtype: float64
0       2.086964
1      -0.151837
2       1.020471
3       2.667484
4      -1.673054
          ...   
1835    1.154466
1836   -0.146200
1837   -2.961996
1838   -0.519430
1839   -1.073839
Name: obs-prior, Length: 1840, dtype: float64
0       2.086964
1      -0.151837
2       1.020471
3       2.667484
4      -1.673054
          ...   
1835    1.154466
1836   -0.146200
1837   -2.961996
1838   -0.519430
1839   -1.073839
Name: obs-prior, Length: 1840, dtype: float64
0       2.086964
1      -0.151837
2       1.020471
3       2.667484
4      -1.673054
          ...   
1835    1.154466
1836   -0.146200
1837   -2.961996
1838   -0.519430
1839   -1.073839
Name: obs-prior, Length: 1840, dtype: float64
0       2.086964
1      -0.151837
2       1.020471
3       2.667484
4      -1.673054
          ...   
1835    1.154466
1836   -0.146200
1837   -2.961996
1838   -0.519430
1839   -1.073839
Name: obs-prior, Length: 1840, dtype: float64
0       2.086964
1      -0.151837
2       1.020471
3       2.667484
4      -1.673054
          ...   
1835    1.154466
1836   -0.146200
1837   -2.961996
1838   -0.519430
1839   -1.073839
Name: obs-prior, Length: 1840, dtype: float64
0       2.086964
1      -0.151837
2       1.020471
3       2.667484
4      -1.673054
          ...   
1835    1.154466
1836   -0.146200
1837   -2.961996
1838   -0.519430
1839   -1.073839
Name: obs-prior, Length: 1840, dtype: float64
0       2.086964
1      -0.151837
2       1.020471
3       2.667484
4      -1.673054
          ...   
1835    1.154466
1836   -0.146200
1837   -2.961996
1838   -0.519430
1839   -1.073839
Name: obs-prior, Length: 1840, dtype: float64
0       2.086964
1      -0.151837
2       1.020471
3       2.667484
4      -1.673054
          ...   
1835    1.154466
1836   -0.146200
1837   -2.961996
1838   -0.519430
1839   -1.073839
Name: obs-prior, Length: 1840, dtype: float64
0       2.086964
1      -0.151837
2       1.020471
3       2.667484
4      -1.673054
          ...   
1835    1.154466
1836   -0.146200
1837   -2.961996
1838   -0.519430
1839   -1.073839
Name: obs-prior, Length: 1840, dtype: float64
0       2.086964
1      -0.151837
2       1.020471
3       2.667484
4      -1.673054
          ...   
1835    1.154466
1836   -0.146200
1837   -2.961996
1838   -0.519430
1839   -1.073839
Name: obs-prior, Length: 1840, dtype: float64
0       2.086964
1      -0.151837
2       1.020471
3       2.667484
4      -1.673054
          ...   
1835    1.154466
1836   -0.146200
1837   -2.961996
1838   -0.519430
1839   -1.073839
Name: obs-prior, Length: 1840, dtype: float64
 region:  SH
0     -1.867800
1     -1.559823
2      0.830213
3      1.985473
4      2.770914
         ...   
264    7.228816
265    2.314938
266   -3.066988
267    0.039337
268   -3.303143
Name: obs-prior, Length: 269, dtype: float64
0     -1.867800
1     -1.559823
2      0.830213
3      1.985473
4      2.770914
         ...   
264    7.228816
265    2.314938
266   -3.066988
267    0.039337
268   -3.303143
Name: obs-prior, Length: 269, dtype: float64
0     -1.867800
1     -1.559823
2      0.830213
3      1.985473
4      2.770914
         ...   
264    7.228816
265    2.314938
266   -3.066988
267    0.039337
268   -3.303143
Name: obs-prior, Length: 269, dtype: float64
0     -1.867800
1     -1.559823
2      0.830213
3      1.985473
4      2.770914
         ...   
264    7.228816
265    2.314938
266   -3.066988
267    0.039337
268   -3.303143
Name: obs-prior, Length: 269, dtype: float64
0     -1.867800
1     -1.559823
2      0.830213
3      1.985473
4      2.770914
         ...   
264    7.228816
265    2.314938
266   -3.066988
267    0.039337
268   -3.303143
Name: obs-prior, Length: 269, dtype: float64
0     -1.867800
1     -1.559823
2      0.830213
3      1.985473
4      2.770914
         ...   
264    7.228816
265    2.314938
266   -3.066988
267    0.039337
268   -3.303143
Name: obs-prior, Length: 269, dtype: float64
0     -1.867800
1     -1.559823
2      0.830213
3      1.985473
4      2.770914
         ...   
264    7.228816
265    2.314938
266   -3.066988
267    0.039337
268   -3.303143
Name: obs-prior, Length: 269, dtype: float64
0     -1.867800
1     -1.559823
2      0.830213
3      1.985473
4      2.770914
         ...   
264    7.228816
265    2.314938
266   -3.066988
267    0.039337
268   -3.303143
Name: obs-prior, Length: 269, dtype: float64
0     -1.867800
1     -1.559823
2      0.830213
3      1.985473
4      2.770914
         ...   
264    7.228816
265    2.314938
266   -3.066988
267    0.039337
268   -3.303143
Name: obs-prior, Length: 269, dtype: float64
0     -1.867800
1     -1.559823
2      0.830213
3      1.985473
4      2.770914
         ...   
264    7.228816
265    2.314938
266   -3.066988
267    0.039337
268   -3.303143
Name: obs-prior, Length: 269, dtype: float64
0     -1.867800
1     -1.559823
2      0.830213
3      1.985473
4      2.770914
         ...   
264    7.228816
265    2.314938
266   -3.066988
267    0.039337
268   -3.303143
Name: obs-prior, Length: 269, dtype: float64
0     -1.867800
1     -1.559823
2      0.830213
3      1.985473
4      2.770914
         ...   
264    7.228816
265    2.314938
266   -3.066988
267    0.039337
268   -3.303143
Name: obs-prior, Length: 269, dtype: float64
0     -1.867800
1     -1.559823
2      0.830213
3      1.985473
4      2.770914
         ...   
264    7.228816
265    2.314938
266   -3.066988
267    0.039337
268   -3.303143
Name: obs-prior, Length: 269, dtype: float64
0     -1.867800
1     -1.559823
2      0.830213
3      1.985473
4      2.770914
         ...   
264    7.228816
265    2.314938
266   -3.066988
267    0.039337
268   -3.303143
Name: obs-prior, Length: 269, dtype: float64
0     -1.867800
1     -1.559823
2      0.830213
3      1.985473
4      2.770914
         ...   
264    7.228816
265    2.314938
266   -3.066988
267    0.039337
268   -3.303143
Name: obs-prior, Length: 269, dtype: float64
0     -1.867800
1     -1.559823
2      0.830213
3      1.985473
4      2.770914
         ...   
264    7.228816
265    2.314938
266   -3.066988
267    0.039337
268   -3.303143
Name: obs-prior, Length: 269, dtype: float64
0     -1.867800
1     -1.559823
2      0.830213
3      1.985473
4      2.770914
         ...   
264    7.228816
265    2.314938
266   -3.066988
267    0.039337
268   -3.303143
Name: obs-prior, Length: 269, dtype: float64
 region:  TR
0     -2.262966
1      2.110772
2     -2.216750
3     -2.036398
4     -1.065685
         ...   
841   -1.145964
842    0.574643
843    0.352250
844    0.477105
845   -1.782282
Name: obs-prior, Length: 846, dtype: float64
0     -2.262966
1      2.110772
2     -2.216750
3     -2.036398
4     -1.065685
         ...   
841   -1.145964
842    0.574643
843    0.352250
844    0.477105
845   -1.782282
Name: obs-prior, Length: 846, dtype: float64
0     -2.262966
1      2.110772
2     -2.216750
3     -2.036398
4     -1.065685
         ...   
841   -1.145964
842    0.574643
843    0.352250
844    0.477105
845   -1.782282
Name: obs-prior, Length: 846, dtype: float64
0     -2.262966
1      2.110772
2     -2.216750
3     -2.036398
4     -1.065685
         ...   
841   -1.145964
842    0.574643
843    0.352250
844    0.477105
845   -1.782282
Name: obs-prior, Length: 846, dtype: float64
0     -2.262966
1      2.110772
2     -2.216750
3     -2.036398
4     -1.065685
         ...   
841   -1.145964
842    0.574643
843    0.352250
844    0.477105
845   -1.782282
Name: obs-prior, Length: 846, dtype: float64
0     -2.262966
1      2.110772
2     -2.216750
3     -2.036398
4     -1.065685
         ...   
841   -1.145964
842    0.574643
843    0.352250
844    0.477105
845   -1.782282
Name: obs-prior, Length: 846, dtype: float64
0     -2.262966
1      2.110772
2     -2.216750
3     -2.036398
4     -1.065685
         ...   
841   -1.145964
842    0.574643
843    0.352250
844    0.477105
845   -1.782282
Name: obs-prior, Length: 846, dtype: float64
0     -2.262966
1      2.110772
2     -2.216750
3     -2.036398
4     -1.065685
         ...   
841   -1.145964
842    0.574643
843    0.352250
844    0.477105
845   -1.782282
Name: obs-prior, Length: 846, dtype: float64
0     -2.262966
1      2.110772
2     -2.216750
3     -2.036398
4     -1.065685
         ...   
841   -1.145964
842    0.574643
843    0.352250
844    0.477105
845   -1.782282
Name: obs-prior, Length: 846, dtype: float64
0     -2.262966
1      2.110772
2     -2.216750
3     -2.036398
4     -1.065685
         ...   
841   -1.145964
842    0.574643
843    0.352250
844    0.477105
845   -1.782282
Name: obs-prior, Length: 846, dtype: float64
0     -2.262966
1      2.110772
2     -2.216750
3     -2.036398
4     -1.065685
         ...   
841   -1.145964
842    0.574643
843    0.352250
844    0.477105
845   -1.782282
Name: obs-prior, Length: 846, dtype: float64
0     -2.262966
1      2.110772
2     -2.216750
3     -2.036398
4     -1.065685
         ...   
841   -1.145964
842    0.574643
843    0.352250
844    0.477105
845   -1.782282
Name: obs-prior, Length: 846, dtype: float64
0     -2.262966
1      2.110772
2     -2.216750
3     -2.036398
4     -1.065685
         ...   
841   -1.145964
842    0.574643
843    0.352250
844    0.477105
845   -1.782282
Name: obs-prior, Length: 846, dtype: float64
0     -2.262966
1      2.110772
2     -2.216750
3     -2.036398
4     -1.065685
         ...   
841   -1.145964
842    0.574643
843    0.352250
844    0.477105
845   -1.782282
Name: obs-prior, Length: 846, dtype: float64
0     -2.262966
1      2.110772
2     -2.216750
3     -2.036398
4     -1.065685
         ...   
841   -1.145964
842    0.574643
843    0.352250
844    0.477105
845   -1.782282
Name: obs-prior, Length: 846, dtype: float64
0     -2.262966
1      2.110772
2     -2.216750
3     -2.036398
4     -1.065685
         ...   
841   -1.145964
842    0.574643
843    0.352250
844    0.477105
845   -1.782282
Name: obs-prior, Length: 846, dtype: float64
0     -2.262966
1      2.110772
2     -2.216750
3     -2.036398
4     -1.065685
         ...   
841   -1.145964
842    0.574643
843    0.352250
844    0.477105
845   -1.782282
Name: obs-prior, Length: 846, dtype: float64

 processing obs:  AIRCRAFT_V_WIND_COMPONENT
 region:  Global
0       0.854761
1       2.184853
2       2.540041
3      -0.465927
4       0.927612
          ...   
3353    2.003515
3354   -2.512445
3355   -1.313951
3356    1.191350
3357    1.401687
Name: obs-prior, Length: 3358, dtype: float64
0       0.854761
1       2.184853
2       2.540041
3      -0.465927
4       0.927612
          ...   
3353    2.003515
3354   -2.512445
3355   -1.313951
3356    1.191350
3357    1.401687
Name: obs-prior, Length: 3358, dtype: float64
0       0.854761
1       2.184853
2       2.540041
3      -0.465927
4       0.927612
          ...   
3353    2.003515
3354   -2.512445
3355   -1.313951
3356    1.191350
3357    1.401687
Name: obs-prior, Length: 3358, dtype: float64
0       0.854761
1       2.184853
2       2.540041
3      -0.465927
4       0.927612
          ...   
3353    2.003515
3354   -2.512445
3355   -1.313951
3356    1.191350
3357    1.401687
Name: obs-prior, Length: 3358, dtype: float64
0       0.854761
1       2.184853
2       2.540041
3      -0.465927
4       0.927612
          ...   
3353    2.003515
3354   -2.512445
3355   -1.313951
3356    1.191350
3357    1.401687
Name: obs-prior, Length: 3358, dtype: float64
0       0.854761
1       2.184853
2       2.540041
3      -0.465927
4       0.927612
          ...   
3353    2.003515
3354   -2.512445
3355   -1.313951
3356    1.191350
3357    1.401687
Name: obs-prior, Length: 3358, dtype: float64
0       0.854761
1       2.184853
2       2.540041
3      -0.465927
4       0.927612
          ...   
3353    2.003515
3354   -2.512445
3355   -1.313951
3356    1.191350
3357    1.401687
Name: obs-prior, Length: 3358, dtype: float64
0       0.854761
1       2.184853
2       2.540041
3      -0.465927
4       0.927612
          ...   
3353    2.003515
3354   -2.512445
3355   -1.313951
3356    1.191350
3357    1.401687
Name: obs-prior, Length: 3358, dtype: float64
0       0.854761
1       2.184853
2       2.540041
3      -0.465927
4       0.927612
          ...   
3353    2.003515
3354   -2.512445
3355   -1.313951
3356    1.191350
3357    1.401687
Name: obs-prior, Length: 3358, dtype: float64
0       0.854761
1       2.184853
2       2.540041
3      -0.465927
4       0.927612
          ...   
3353    2.003515
3354   -2.512445
3355   -1.313951
3356    1.191350
3357    1.401687
Name: obs-prior, Length: 3358, dtype: float64
0       0.854761
1       2.184853
2       2.540041
3      -0.465927
4       0.927612
          ...   
3353    2.003515
3354   -2.512445
3355   -1.313951
3356    1.191350
3357    1.401687
Name: obs-prior, Length: 3358, dtype: float64
0       0.854761
1       2.184853
2       2.540041
3      -0.465927
4       0.927612
          ...   
3353    2.003515
3354   -2.512445
3355   -1.313951
3356    1.191350
3357    1.401687
Name: obs-prior, Length: 3358, dtype: float64
0       0.854761
1       2.184853
2       2.540041
3      -0.465927
4       0.927612
          ...   
3353    2.003515
3354   -2.512445
3355   -1.313951
3356    1.191350
3357    1.401687
Name: obs-prior, Length: 3358, dtype: float64
0       0.854761
1       2.184853
2       2.540041
3      -0.465927
4       0.927612
          ...   
3353    2.003515
3354   -2.512445
3355   -1.313951
3356    1.191350
3357    1.401687
Name: obs-prior, Length: 3358, dtype: float64
0       0.854761
1       2.184853
2       2.540041
3      -0.465927
4       0.927612
          ...   
3353    2.003515
3354   -2.512445
3355   -1.313951
3356    1.191350
3357    1.401687
Name: obs-prior, Length: 3358, dtype: float64
0       0.854761
1       2.184853
2       2.540041
3      -0.465927
4       0.927612
          ...   
3353    2.003515
3354   -2.512445
3355   -1.313951
3356    1.191350
3357    1.401687
Name: obs-prior, Length: 3358, dtype: float64
0       0.854761
1       2.184853
2       2.540041
3      -0.465927
4       0.927612
          ...   
3353    2.003515
3354   -2.512445
3355   -1.313951
3356    1.191350
3357    1.401687
Name: obs-prior, Length: 3358, dtype: float64
0       0.854761
1       2.184853
2       2.540041
3      -0.465927
4       0.927612
          ...   
3353    2.003515
3354   -2.512445
3355   -1.313951
3356    1.191350
3357    1.401687
Name: obs-prior, Length: 3358, dtype: float64
 region:  NH
0       0.854761
1       2.184853
2       2.255192
3       0.904160
4       1.395774
          ...   
2114   -0.789675
2115    2.003515
2116   -2.512445
2117    1.191350
2118    1.401687
Name: obs-prior, Length: 2119, dtype: float64
0       0.854761
1       2.184853
2       2.255192
3       0.904160
4       1.395774
          ...   
2114   -0.789675
2115    2.003515
2116   -2.512445
2117    1.191350
2118    1.401687
Name: obs-prior, Length: 2119, dtype: float64
0       0.854761
1       2.184853
2       2.255192
3       0.904160
4       1.395774
          ...   
2114   -0.789675
2115    2.003515
2116   -2.512445
2117    1.191350
2118    1.401687
Name: obs-prior, Length: 2119, dtype: float64
0       0.854761
1       2.184853
2       2.255192
3       0.904160
4       1.395774
          ...   
2114   -0.789675
2115    2.003515
2116   -2.512445
2117    1.191350
2118    1.401687
Name: obs-prior, Length: 2119, dtype: float64
0       0.854761
1       2.184853
2       2.255192
3       0.904160
4       1.395774
          ...   
2114   -0.789675
2115    2.003515
2116   -2.512445
2117    1.191350
2118    1.401687
Name: obs-prior, Length: 2119, dtype: float64
0       0.854761
1       2.184853
2       2.255192
3       0.904160
4       1.395774
          ...   
2114   -0.789675
2115    2.003515
2116   -2.512445
2117    1.191350
2118    1.401687
Name: obs-prior, Length: 2119, dtype: float64
0       0.854761
1       2.184853
2       2.255192
3       0.904160
4       1.395774
          ...   
2114   -0.789675
2115    2.003515
2116   -2.512445
2117    1.191350
2118    1.401687
Name: obs-prior, Length: 2119, dtype: float64
0       0.854761
1       2.184853
2       2.255192
3       0.904160
4       1.395774
          ...   
2114   -0.789675
2115    2.003515
2116   -2.512445
2117    1.191350
2118    1.401687
Name: obs-prior, Length: 2119, dtype: float64
0       0.854761
1       2.184853
2       2.255192
3       0.904160
4       1.395774
          ...   
2114   -0.789675
2115    2.003515
2116   -2.512445
2117    1.191350
2118    1.401687
Name: obs-prior, Length: 2119, dtype: float64
0       0.854761
1       2.184853
2       2.255192
3       0.904160
4       1.395774
          ...   
2114   -0.789675
2115    2.003515
2116   -2.512445
2117    1.191350
2118    1.401687
Name: obs-prior, Length: 2119, dtype: float64
0       0.854761
1       2.184853
2       2.255192
3       0.904160
4       1.395774
          ...   
2114   -0.789675
2115    2.003515
2116   -2.512445
2117    1.191350
2118    1.401687
Name: obs-prior, Length: 2119, dtype: float64
0       0.854761
1       2.184853
2       2.255192
3       0.904160
4       1.395774
          ...   
2114   -0.789675
2115    2.003515
2116   -2.512445
2117    1.191350
2118    1.401687
Name: obs-prior, Length: 2119, dtype: float64
0       0.854761
1       2.184853
2       2.255192
3       0.904160
4       1.395774
          ...   
2114   -0.789675
2115    2.003515
2116   -2.512445
2117    1.191350
2118    1.401687
Name: obs-prior, Length: 2119, dtype: float64
0       0.854761
1       2.184853
2       2.255192
3       0.904160
4       1.395774
          ...   
2114   -0.789675
2115    2.003515
2116   -2.512445
2117    1.191350
2118    1.401687
Name: obs-prior, Length: 2119, dtype: float64
0       0.854761
1       2.184853
2       2.255192
3       0.904160
4       1.395774
          ...   
2114   -0.789675
2115    2.003515
2116   -2.512445
2117    1.191350
2118    1.401687
Name: obs-prior, Length: 2119, dtype: float64
0       0.854761
1       2.184853
2       2.255192
3       0.904160
4       1.395774
          ...   
2114   -0.789675
2115    2.003515
2116   -2.512445
2117    1.191350
2118    1.401687
Name: obs-prior, Length: 2119, dtype: float64
0       0.854761
1       2.184853
2       2.255192
3       0.904160
4       1.395774
          ...   
2114   -0.789675
2115    2.003515
2116   -2.512445
2117    1.191350
2118    1.401687
Name: obs-prior, Length: 2119, dtype: float64
0       0.854761
1       2.184853
2       2.255192
3       0.904160
4       1.395774
          ...   
2114   -0.789675
2115    2.003515
2116   -2.512445
2117    1.191350
2118    1.401687
Name: obs-prior, Length: 2119, dtype: float64
 region:  SH
0      0.927612
1      3.200894
2      2.006333
3      1.305309
4      0.237828
         ...   
231   -3.209451
232   -2.903683
233   -4.272227
234    9.276203
235    2.407721
Name: obs-prior, Length: 236, dtype: float64
0      0.927612
1      3.200894
2      2.006333
3      1.305309
4      0.237828
         ...   
231   -3.209451
232   -2.903683
233   -4.272227
234    9.276203
235    2.407721
Name: obs-prior, Length: 236, dtype: float64
0      0.927612
1      3.200894
2      2.006333
3      1.305309
4      0.237828
         ...   
231   -3.209451
232   -2.903683
233   -4.272227
234    9.276203
235    2.407721
Name: obs-prior, Length: 236, dtype: float64
0      0.927612
1      3.200894
2      2.006333
3      1.305309
4      0.237828
         ...   
231   -3.209451
232   -2.903683
233   -4.272227
234    9.276203
235    2.407721
Name: obs-prior, Length: 236, dtype: float64
0      0.927612
1      3.200894
2      2.006333
3      1.305309
4      0.237828
         ...   
231   -3.209451
232   -2.903683
233   -4.272227
234    9.276203
235    2.407721
Name: obs-prior, Length: 236, dtype: float64
0      0.927612
1      3.200894
2      2.006333
3      1.305309
4      0.237828
         ...   
231   -3.209451
232   -2.903683
233   -4.272227
234    9.276203
235    2.407721
Name: obs-prior, Length: 236, dtype: float64
0      0.927612
1      3.200894
2      2.006333
3      1.305309
4      0.237828
         ...   
231   -3.209451
232   -2.903683
233   -4.272227
234    9.276203
235    2.407721
Name: obs-prior, Length: 236, dtype: float64
0      0.927612
1      3.200894
2      2.006333
3      1.305309
4      0.237828
         ...   
231   -3.209451
232   -2.903683
233   -4.272227
234    9.276203
235    2.407721
Name: obs-prior, Length: 236, dtype: float64
0      0.927612
1      3.200894
2      2.006333
3      1.305309
4      0.237828
         ...   
231   -3.209451
232   -2.903683
233   -4.272227
234    9.276203
235    2.407721
Name: obs-prior, Length: 236, dtype: float64
0      0.927612
1      3.200894
2      2.006333
3      1.305309
4      0.237828
         ...   
231   -3.209451
232   -2.903683
233   -4.272227
234    9.276203
235    2.407721
Name: obs-prior, Length: 236, dtype: float64
0      0.927612
1      3.200894
2      2.006333
3      1.305309
4      0.237828
         ...   
231   -3.209451
232   -2.903683
233   -4.272227
234    9.276203
235    2.407721
Name: obs-prior, Length: 236, dtype: float64
0      0.927612
1      3.200894
2      2.006333
3      1.305309
4      0.237828
         ...   
231   -3.209451
232   -2.903683
233   -4.272227
234    9.276203
235    2.407721
Name: obs-prior, Length: 236, dtype: float64
0      0.927612
1      3.200894
2      2.006333
3      1.305309
4      0.237828
         ...   
231   -3.209451
232   -2.903683
233   -4.272227
234    9.276203
235    2.407721
Name: obs-prior, Length: 236, dtype: float64
0      0.927612
1      3.200894
2      2.006333
3      1.305309
4      0.237828
         ...   
231   -3.209451
232   -2.903683
233   -4.272227
234    9.276203
235    2.407721
Name: obs-prior, Length: 236, dtype: float64
0      0.927612
1      3.200894
2      2.006333
3      1.305309
4      0.237828
         ...   
231   -3.209451
232   -2.903683
233   -4.272227
234    9.276203
235    2.407721
Name: obs-prior, Length: 236, dtype: float64
0      0.927612
1      3.200894
2      2.006333
3      1.305309
4      0.237828
         ...   
231   -3.209451
232   -2.903683
233   -4.272227
234    9.276203
235    2.407721
Name: obs-prior, Length: 236, dtype: float64
0      0.927612
1      3.200894
2      2.006333
3      1.305309
4      0.237828
         ...   
231   -3.209451
232   -2.903683
233   -4.272227
234    9.276203
235    2.407721
Name: obs-prior, Length: 236, dtype: float64
 region:  TR
0       2.540041
1      -0.465927
2       0.501213
3       2.001563
4      -0.371598
          ...   
998    -1.121208
999     1.392955
1000    1.254327
1001   -0.327935
1002   -1.313951
Name: obs-prior, Length: 1003, dtype: float64
0       2.540041
1      -0.465927
2       0.501213
3       2.001563
4      -0.371598
          ...   
998    -1.121208
999     1.392955
1000    1.254327
1001   -0.327935
1002   -1.313951
Name: obs-prior, Length: 1003, dtype: float64
0       2.540041
1      -0.465927
2       0.501213
3       2.001563
4      -0.371598
          ...   
998    -1.121208
999     1.392955
1000    1.254327
1001   -0.327935
1002   -1.313951
Name: obs-prior, Length: 1003, dtype: float64
0       2.540041
1      -0.465927
2       0.501213
3       2.001563
4      -0.371598
          ...   
998    -1.121208
999     1.392955
1000    1.254327
1001   -0.327935
1002   -1.313951
Name: obs-prior, Length: 1003, dtype: float64
0       2.540041
1      -0.465927
2       0.501213
3       2.001563
4      -0.371598
          ...   
998    -1.121208
999     1.392955
1000    1.254327
1001   -0.327935
1002   -1.313951
Name: obs-prior, Length: 1003, dtype: float64
0       2.540041
1      -0.465927
2       0.501213
3       2.001563
4      -0.371598
          ...   
998    -1.121208
999     1.392955
1000    1.254327
1001   -0.327935
1002   -1.313951
Name: obs-prior, Length: 1003, dtype: float64
0       2.540041
1      -0.465927
2       0.501213
3       2.001563
4      -0.371598
          ...   
998    -1.121208
999     1.392955
1000    1.254327
1001   -0.327935
1002   -1.313951
Name: obs-prior, Length: 1003, dtype: float64
0       2.540041
1      -0.465927
2       0.501213
3       2.001563
4      -0.371598
          ...   
998    -1.121208
999     1.392955
1000    1.254327
1001   -0.327935
1002   -1.313951
Name: obs-prior, Length: 1003, dtype: float64
0       2.540041
1      -0.465927
2       0.501213
3       2.001563
4      -0.371598
          ...   
998    -1.121208
999     1.392955
1000    1.254327
1001   -0.327935
1002   -1.313951
Name: obs-prior, Length: 1003, dtype: float64
0       2.540041
1      -0.465927
2       0.501213
3       2.001563
4      -0.371598
          ...   
998    -1.121208
999     1.392955
1000    1.254327
1001   -0.327935
1002   -1.313951
Name: obs-prior, Length: 1003, dtype: float64
0       2.540041
1      -0.465927
2       0.501213
3       2.001563
4      -0.371598
          ...   
998    -1.121208
999     1.392955
1000    1.254327
1001   -0.327935
1002   -1.313951
Name: obs-prior, Length: 1003, dtype: float64
0       2.540041
1      -0.465927
2       0.501213
3       2.001563
4      -0.371598
          ...   
998    -1.121208
999     1.392955
1000    1.254327
1001   -0.327935
1002   -1.313951
Name: obs-prior, Length: 1003, dtype: float64
0       2.540041
1      -0.465927
2       0.501213
3       2.001563
4      -0.371598
          ...   
998    -1.121208
999     1.392955
1000    1.254327
1001   -0.327935
1002   -1.313951
Name: obs-prior, Length: 1003, dtype: float64
0       2.540041
1      -0.465927
2       0.501213
3       2.001563
4      -0.371598
          ...   
998    -1.121208
999     1.392955
1000    1.254327
1001   -0.327935
1002   -1.313951
Name: obs-prior, Length: 1003, dtype: float64
0       2.540041
1      -0.465927
2       0.501213
3       2.001563
4      -0.371598
          ...   
998    -1.121208
999     1.392955
1000    1.254327
1001   -0.327935
1002   -1.313951
Name: obs-prior, Length: 1003, dtype: float64
0       2.540041
1      -0.465927
2       0.501213
3       2.001563
4      -0.371598
          ...   
998    -1.121208
999     1.392955
1000    1.254327
1001   -0.327935
1002   -1.313951
Name: obs-prior, Length: 1003, dtype: float64
0       2.540041
1      -0.465927
2       0.501213
3       2.001563
4      -0.371598
          ...   
998    -1.121208
999     1.392955
1000    1.254327
1001   -0.327935
1002   -1.313951
Name: obs-prior, Length: 1003, dtype: float64

 processing obs:  AIRCRAFT_TEMPERATURE
 region:  Global
0      -0.679858
1      -0.561657
2       0.836625
3      -0.914095
4       0.910959
          ...   
3808    0.292694
3809    1.083569
3810    0.073998
3811    0.106037
3812    0.197384
Name: obs-prior, Length: 3813, dtype: float64
0      -0.679858
1      -0.561657
2       0.836625
3      -0.914095
4       0.910959
          ...   
3808    0.292694
3809    1.083569
3810    0.073998
3811    0.106037
3812    0.197384
Name: obs-prior, Length: 3813, dtype: float64
0      -0.679858
1      -0.561657
2       0.836625
3      -0.914095
4       0.910959
          ...   
3808    0.292694
3809    1.083569
3810    0.073998
3811    0.106037
3812    0.197384
Name: obs-prior, Length: 3813, dtype: float64
0      -0.679858
1      -0.561657
2       0.836625
3      -0.914095
4       0.910959
          ...   
3808    0.292694
3809    1.083569
3810    0.073998
3811    0.106037
3812    0.197384
Name: obs-prior, Length: 3813, dtype: float64
0      -0.679858
1      -0.561657
2       0.836625
3      -0.914095
4       0.910959
          ...   
3808    0.292694
3809    1.083569
3810    0.073998
3811    0.106037
3812    0.197384
Name: obs-prior, Length: 3813, dtype: float64
0      -0.679858
1      -0.561657
2       0.836625
3      -0.914095
4       0.910959
          ...   
3808    0.292694
3809    1.083569
3810    0.073998
3811    0.106037
3812    0.197384
Name: obs-prior, Length: 3813, dtype: float64
0      -0.679858
1      -0.561657
2       0.836625
3      -0.914095
4       0.910959
          ...   
3808    0.292694
3809    1.083569
3810    0.073998
3811    0.106037
3812    0.197384
Name: obs-prior, Length: 3813, dtype: float64
0      -0.679858
1      -0.561657
2       0.836625
3      -0.914095
4       0.910959
          ...   
3808    0.292694
3809    1.083569
3810    0.073998
3811    0.106037
3812    0.197384
Name: obs-prior, Length: 3813, dtype: float64
0      -0.679858
1      -0.561657
2       0.836625
3      -0.914095
4       0.910959
          ...   
3808    0.292694
3809    1.083569
3810    0.073998
3811    0.106037
3812    0.197384
Name: obs-prior, Length: 3813, dtype: float64
0      -0.679858
1      -0.561657
2       0.836625
3      -0.914095
4       0.910959
          ...   
3808    0.292694
3809    1.083569
3810    0.073998
3811    0.106037
3812    0.197384
Name: obs-prior, Length: 3813, dtype: float64
0      -0.679858
1      -0.561657
2       0.836625
3      -0.914095
4       0.910959
          ...   
3808    0.292694
3809    1.083569
3810    0.073998
3811    0.106037
3812    0.197384
Name: obs-prior, Length: 3813, dtype: float64
0      -0.679858
1      -0.561657
2       0.836625
3      -0.914095
4       0.910959
          ...   
3808    0.292694
3809    1.083569
3810    0.073998
3811    0.106037
3812    0.197384
Name: obs-prior, Length: 3813, dtype: float64
0      -0.679858
1      -0.561657
2       0.836625
3      -0.914095
4       0.910959
          ...   
3808    0.292694
3809    1.083569
3810    0.073998
3811    0.106037
3812    0.197384
Name: obs-prior, Length: 3813, dtype: float64
0      -0.679858
1      -0.561657
2       0.836625
3      -0.914095
4       0.910959
          ...   
3808    0.292694
3809    1.083569
3810    0.073998
3811    0.106037
3812    0.197384
Name: obs-prior, Length: 3813, dtype: float64
0      -0.679858
1      -0.561657
2       0.836625
3      -0.914095
4       0.910959
          ...   
3808    0.292694
3809    1.083569
3810    0.073998
3811    0.106037
3812    0.197384
Name: obs-prior, Length: 3813, dtype: float64
0      -0.679858
1      -0.561657
2       0.836625
3      -0.914095
4       0.910959
          ...   
3808    0.292694
3809    1.083569
3810    0.073998
3811    0.106037
3812    0.197384
Name: obs-prior, Length: 3813, dtype: float64
0      -0.679858
1      -0.561657
2       0.836625
3      -0.914095
4       0.910959
          ...   
3808    0.292694
3809    1.083569
3810    0.073998
3811    0.106037
3812    0.197384
Name: obs-prior, Length: 3813, dtype: float64
0      -0.679858
1      -0.561657
2       0.836625
3      -0.914095
4       0.910959
          ...   
3808    0.292694
3809    1.083569
3810    0.073998
3811    0.106037
3812    0.197384
Name: obs-prior, Length: 3813, dtype: float64
 region:  NH
0      -0.679858
1      -0.561657
2      -0.914095
3      -0.457526
4      -0.117514
          ...   
2493    0.771681
2494    0.292694
2495    1.083569
2496    0.073998
2497    0.106037
Name: obs-prior, Length: 2498, dtype: float64
0      -0.679858
1      -0.561657
2      -0.914095
3      -0.457526
4      -0.117514
          ...   
2493    0.771681
2494    0.292694
2495    1.083569
2496    0.073998
2497    0.106037
Name: obs-prior, Length: 2498, dtype: float64
0      -0.679858
1      -0.561657
2      -0.914095
3      -0.457526
4      -0.117514
          ...   
2493    0.771681
2494    0.292694
2495    1.083569
2496    0.073998
2497    0.106037
Name: obs-prior, Length: 2498, dtype: float64
0      -0.679858
1      -0.561657
2      -0.914095
3      -0.457526
4      -0.117514
          ...   
2493    0.771681
2494    0.292694
2495    1.083569
2496    0.073998
2497    0.106037
Name: obs-prior, Length: 2498, dtype: float64
0      -0.679858
1      -0.561657
2      -0.914095
3      -0.457526
4      -0.117514
          ...   
2493    0.771681
2494    0.292694
2495    1.083569
2496    0.073998
2497    0.106037
Name: obs-prior, Length: 2498, dtype: float64
0      -0.679858
1      -0.561657
2      -0.914095
3      -0.457526
4      -0.117514
          ...   
2493    0.771681
2494    0.292694
2495    1.083569
2496    0.073998
2497    0.106037
Name: obs-prior, Length: 2498, dtype: float64
0      -0.679858
1      -0.561657
2      -0.914095
3      -0.457526
4      -0.117514
          ...   
2493    0.771681
2494    0.292694
2495    1.083569
2496    0.073998
2497    0.106037
Name: obs-prior, Length: 2498, dtype: float64
0      -0.679858
1      -0.561657
2      -0.914095
3      -0.457526
4      -0.117514
          ...   
2493    0.771681
2494    0.292694
2495    1.083569
2496    0.073998
2497    0.106037
Name: obs-prior, Length: 2498, dtype: float64
0      -0.679858
1      -0.561657
2      -0.914095
3      -0.457526
4      -0.117514
          ...   
2493    0.771681
2494    0.292694
2495    1.083569
2496    0.073998
2497    0.106037
Name: obs-prior, Length: 2498, dtype: float64
0      -0.679858
1      -0.561657
2      -0.914095
3      -0.457526
4      -0.117514
          ...   
2493    0.771681
2494    0.292694
2495    1.083569
2496    0.073998
2497    0.106037
Name: obs-prior, Length: 2498, dtype: float64
0      -0.679858
1      -0.561657
2      -0.914095
3      -0.457526
4      -0.117514
          ...   
2493    0.771681
2494    0.292694
2495    1.083569
2496    0.073998
2497    0.106037
Name: obs-prior, Length: 2498, dtype: float64
0      -0.679858
1      -0.561657
2      -0.914095
3      -0.457526
4      -0.117514
          ...   
2493    0.771681
2494    0.292694
2495    1.083569
2496    0.073998
2497    0.106037
Name: obs-prior, Length: 2498, dtype: float64
0      -0.679858
1      -0.561657
2      -0.914095
3      -0.457526
4      -0.117514
          ...   
2493    0.771681
2494    0.292694
2495    1.083569
2496    0.073998
2497    0.106037
Name: obs-prior, Length: 2498, dtype: float64
0      -0.679858
1      -0.561657
2      -0.914095
3      -0.457526
4      -0.117514
          ...   
2493    0.771681
2494    0.292694
2495    1.083569
2496    0.073998
2497    0.106037
Name: obs-prior, Length: 2498, dtype: float64
0      -0.679858
1      -0.561657
2      -0.914095
3      -0.457526
4      -0.117514
          ...   
2493    0.771681
2494    0.292694
2495    1.083569
2496    0.073998
2497    0.106037
Name: obs-prior, Length: 2498, dtype: float64
0      -0.679858
1      -0.561657
2      -0.914095
3      -0.457526
4      -0.117514
          ...   
2493    0.771681
2494    0.292694
2495    1.083569
2496    0.073998
2497    0.106037
Name: obs-prior, Length: 2498, dtype: float64
0      -0.679858
1      -0.561657
2      -0.914095
3      -0.457526
4      -0.117514
          ...   
2493    0.771681
2494    0.292694
2495    1.083569
2496    0.073998
2497    0.106037
Name: obs-prior, Length: 2498, dtype: float64
0      -0.679858
1      -0.561657
2      -0.914095
3      -0.457526
4      -0.117514
          ...   
2493    0.771681
2494    0.292694
2495    1.083569
2496    0.073998
2497    0.106037
Name: obs-prior, Length: 2498, dtype: float64
 region:  SH
0      0.498452
1      0.171000
2     -0.412599
3     -0.260824
4      0.292393
         ...   
239   -1.161870
240   -0.145196
241   -0.575255
242   -1.155040
243    0.308700
Name: obs-prior, Length: 244, dtype: float64
0      0.498452
1      0.171000
2     -0.412599
3     -0.260824
4      0.292393
         ...   
239   -1.161870
240   -0.145196
241   -0.575255
242   -1.155040
243    0.308700
Name: obs-prior, Length: 244, dtype: float64
0      0.498452
1      0.171000
2     -0.412599
3     -0.260824
4      0.292393
         ...   
239   -1.161870
240   -0.145196
241   -0.575255
242   -1.155040
243    0.308700
Name: obs-prior, Length: 244, dtype: float64
0      0.498452
1      0.171000
2     -0.412599
3     -0.260824
4      0.292393
         ...   
239   -1.161870
240   -0.145196
241   -0.575255
242   -1.155040
243    0.308700
Name: obs-prior, Length: 244, dtype: float64
0      0.498452
1      0.171000
2     -0.412599
3     -0.260824
4      0.292393
         ...   
239   -1.161870
240   -0.145196
241   -0.575255
242   -1.155040
243    0.308700
Name: obs-prior, Length: 244, dtype: float64
0      0.498452
1      0.171000
2     -0.412599
3     -0.260824
4      0.292393
         ...   
239   -1.161870
240   -0.145196
241   -0.575255
242   -1.155040
243    0.308700
Name: obs-prior, Length: 244, dtype: float64
0      0.498452
1      0.171000
2     -0.412599
3     -0.260824
4      0.292393
         ...   
239   -1.161870
240   -0.145196
241   -0.575255
242   -1.155040
243    0.308700
Name: obs-prior, Length: 244, dtype: float64
0      0.498452
1      0.171000
2     -0.412599
3     -0.260824
4      0.292393
         ...   
239   -1.161870
240   -0.145196
241   -0.575255
242   -1.155040
243    0.308700
Name: obs-prior, Length: 244, dtype: float64
0      0.498452
1      0.171000
2     -0.412599
3     -0.260824
4      0.292393
         ...   
239   -1.161870
240   -0.145196
241   -0.575255
242   -1.155040
243    0.308700
Name: obs-prior, Length: 244, dtype: float64
0      0.498452
1      0.171000
2     -0.412599
3     -0.260824
4      0.292393
         ...   
239   -1.161870
240   -0.145196
241   -0.575255
242   -1.155040
243    0.308700
Name: obs-prior, Length: 244, dtype: float64
0      0.498452
1      0.171000
2     -0.412599
3     -0.260824
4      0.292393
         ...   
239   -1.161870
240   -0.145196
241   -0.575255
242   -1.155040
243    0.308700
Name: obs-prior, Length: 244, dtype: float64
0      0.498452
1      0.171000
2     -0.412599
3     -0.260824
4      0.292393
         ...   
239   -1.161870
240   -0.145196
241   -0.575255
242   -1.155040
243    0.308700
Name: obs-prior, Length: 244, dtype: float64
0      0.498452
1      0.171000
2     -0.412599
3     -0.260824
4      0.292393
         ...   
239   -1.161870
240   -0.145196
241   -0.575255
242   -1.155040
243    0.308700
Name: obs-prior, Length: 244, dtype: float64
0      0.498452
1      0.171000
2     -0.412599
3     -0.260824
4      0.292393
         ...   
239   -1.161870
240   -0.145196
241   -0.575255
242   -1.155040
243    0.308700
Name: obs-prior, Length: 244, dtype: float64
0      0.498452
1      0.171000
2     -0.412599
3     -0.260824
4      0.292393
         ...   
239   -1.161870
240   -0.145196
241   -0.575255
242   -1.155040
243    0.308700
Name: obs-prior, Length: 244, dtype: float64
0      0.498452
1      0.171000
2     -0.412599
3     -0.260824
4      0.292393
         ...   
239   -1.161870
240   -0.145196
241   -0.575255
242   -1.155040
243    0.308700
Name: obs-prior, Length: 244, dtype: float64
0      0.498452
1      0.171000
2     -0.412599
3     -0.260824
4      0.292393
         ...   
239   -1.161870
240   -0.145196
241   -0.575255
242   -1.155040
243    0.308700
Name: obs-prior, Length: 244, dtype: float64
 region:  TR
0       0.836625
1       0.910959
2       0.645611
3       0.261150
4       0.541088
          ...   
1066    0.479221
1067    0.529041
1068    0.685317
1069   -0.807028
1070    0.197384
Name: obs-prior, Length: 1071, dtype: float64
0       0.836625
1       0.910959
2       0.645611
3       0.261150
4       0.541088
          ...   
1066    0.479221
1067    0.529041
1068    0.685317
1069   -0.807028
1070    0.197384
Name: obs-prior, Length: 1071, dtype: float64
0       0.836625
1       0.910959
2       0.645611
3       0.261150
4       0.541088
          ...   
1066    0.479221
1067    0.529041
1068    0.685317
1069   -0.807028
1070    0.197384
Name: obs-prior, Length: 1071, dtype: float64
0       0.836625
1       0.910959
2       0.645611
3       0.261150
4       0.541088
          ...   
1066    0.479221
1067    0.529041
1068    0.685317
1069   -0.807028
1070    0.197384
Name: obs-prior, Length: 1071, dtype: float64
0       0.836625
1       0.910959
2       0.645611
3       0.261150
4       0.541088
          ...   
1066    0.479221
1067    0.529041
1068    0.685317
1069   -0.807028
1070    0.197384
Name: obs-prior, Length: 1071, dtype: float64
0       0.836625
1       0.910959
2       0.645611
3       0.261150
4       0.541088
          ...   
1066    0.479221
1067    0.529041
1068    0.685317
1069   -0.807028
1070    0.197384
Name: obs-prior, Length: 1071, dtype: float64
0       0.836625
1       0.910959
2       0.645611
3       0.261150
4       0.541088
          ...   
1066    0.479221
1067    0.529041
1068    0.685317
1069   -0.807028
1070    0.197384
Name: obs-prior, Length: 1071, dtype: float64
0       0.836625
1       0.910959
2       0.645611
3       0.261150
4       0.541088
          ...   
1066    0.479221
1067    0.529041
1068    0.685317
1069   -0.807028
1070    0.197384
Name: obs-prior, Length: 1071, dtype: float64
0       0.836625
1       0.910959
2       0.645611
3       0.261150
4       0.541088
          ...   
1066    0.479221
1067    0.529041
1068    0.685317
1069   -0.807028
1070    0.197384
Name: obs-prior, Length: 1071, dtype: float64
0       0.836625
1       0.910959
2       0.645611
3       0.261150
4       0.541088
          ...   
1066    0.479221
1067    0.529041
1068    0.685317
1069   -0.807028
1070    0.197384
Name: obs-prior, Length: 1071, dtype: float64
0       0.836625
1       0.910959
2       0.645611
3       0.261150
4       0.541088
          ...   
1066    0.479221
1067    0.529041
1068    0.685317
1069   -0.807028
1070    0.197384
Name: obs-prior, Length: 1071, dtype: float64
0       0.836625
1       0.910959
2       0.645611
3       0.261150
4       0.541088
          ...   
1066    0.479221
1067    0.529041
1068    0.685317
1069   -0.807028
1070    0.197384
Name: obs-prior, Length: 1071, dtype: float64
0       0.836625
1       0.910959
2       0.645611
3       0.261150
4       0.541088
          ...   
1066    0.479221
1067    0.529041
1068    0.685317
1069   -0.807028
1070    0.197384
Name: obs-prior, Length: 1071, dtype: float64
0       0.836625
1       0.910959
2       0.645611
3       0.261150
4       0.541088
          ...   
1066    0.479221
1067    0.529041
1068    0.685317
1069   -0.807028
1070    0.197384
Name: obs-prior, Length: 1071, dtype: float64
0       0.836625
1       0.910959
2       0.645611
3       0.261150
4       0.541088
          ...   
1066    0.479221
1067    0.529041
1068    0.685317
1069   -0.807028
1070    0.197384
Name: obs-prior, Length: 1071, dtype: float64
0       0.836625
1       0.910959
2       0.645611
3       0.261150
4       0.541088
          ...   
1066    0.479221
1067    0.529041
1068    0.685317
1069   -0.807028
1070    0.197384
Name: obs-prior, Length: 1071, dtype: float64
0       0.836625
1       0.910959
2       0.645611
3       0.261150
4       0.541088
          ...   
1066    0.479221
1067    0.529041
1068    0.685317
1069   -0.807028
1070    0.197384
Name: obs-prior, Length: 1071, dtype: float64

 processing obs:  ACARS_U_WIND_COMPONENT
 region:  Global
0       -1.610346
1        0.480925
2        2.042750
3        2.296355
4        0.661592
           ...   
22962    1.430620
22963    1.907069
22964    2.634347
22965    0.646368
22966    0.476808
Name: obs-prior, Length: 22967, dtype: float64
0       -1.610346
1        0.480925
2        2.042750
3        2.296355
4        0.661592
           ...   
22962    1.430620
22963    1.907069
22964    2.634347
22965    0.646368
22966    0.476808
Name: obs-prior, Length: 22967, dtype: float64
0       -1.610346
1        0.480925
2        2.042750
3        2.296355
4        0.661592
           ...   
22962    1.430620
22963    1.907069
22964    2.634347
22965    0.646368
22966    0.476808
Name: obs-prior, Length: 22967, dtype: float64
0       -1.610346
1        0.480925
2        2.042750
3        2.296355
4        0.661592
           ...   
22962    1.430620
22963    1.907069
22964    2.634347
22965    0.646368
22966    0.476808
Name: obs-prior, Length: 22967, dtype: float64
0       -1.610346
1        0.480925
2        2.042750
3        2.296355
4        0.661592
           ...   
22962    1.430620
22963    1.907069
22964    2.634347
22965    0.646368
22966    0.476808
Name: obs-prior, Length: 22967, dtype: float64
0       -1.610346
1        0.480925
2        2.042750
3        2.296355
4        0.661592
           ...   
22962    1.430620
22963    1.907069
22964    2.634347
22965    0.646368
22966    0.476808
Name: obs-prior, Length: 22967, dtype: float64
0       -1.610346
1        0.480925
2        2.042750
3        2.296355
4        0.661592
           ...   
22962    1.430620
22963    1.907069
22964    2.634347
22965    0.646368
22966    0.476808
Name: obs-prior, Length: 22967, dtype: float64
0       -1.610346
1        0.480925
2        2.042750
3        2.296355
4        0.661592
           ...   
22962    1.430620
22963    1.907069
22964    2.634347
22965    0.646368
22966    0.476808
Name: obs-prior, Length: 22967, dtype: float64
0       -1.610346
1        0.480925
2        2.042750
3        2.296355
4        0.661592
           ...   
22962    1.430620
22963    1.907069
22964    2.634347
22965    0.646368
22966    0.476808
Name: obs-prior, Length: 22967, dtype: float64
0       -1.610346
1        0.480925
2        2.042750
3        2.296355
4        0.661592
           ...   
22962    1.430620
22963    1.907069
22964    2.634347
22965    0.646368
22966    0.476808
Name: obs-prior, Length: 22967, dtype: float64
0       -1.610346
1        0.480925
2        2.042750
3        2.296355
4        0.661592
           ...   
22962    1.430620
22963    1.907069
22964    2.634347
22965    0.646368
22966    0.476808
Name: obs-prior, Length: 22967, dtype: float64
0       -1.610346
1        0.480925
2        2.042750
3        2.296355
4        0.661592
           ...   
22962    1.430620
22963    1.907069
22964    2.634347
22965    0.646368
22966    0.476808
Name: obs-prior, Length: 22967, dtype: float64
0       -1.610346
1        0.480925
2        2.042750
3        2.296355
4        0.661592
           ...   
22962    1.430620
22963    1.907069
22964    2.634347
22965    0.646368
22966    0.476808
Name: obs-prior, Length: 22967, dtype: float64
0       -1.610346
1        0.480925
2        2.042750
3        2.296355
4        0.661592
           ...   
22962    1.430620
22963    1.907069
22964    2.634347
22965    0.646368
22966    0.476808
Name: obs-prior, Length: 22967, dtype: float64
0       -1.610346
1        0.480925
2        2.042750
3        2.296355
4        0.661592
           ...   
22962    1.430620
22963    1.907069
22964    2.634347
22965    0.646368
22966    0.476808
Name: obs-prior, Length: 22967, dtype: float64
0       -1.610346
1        0.480925
2        2.042750
3        2.296355
4        0.661592
           ...   
22962    1.430620
22963    1.907069
22964    2.634347
22965    0.646368
22966    0.476808
Name: obs-prior, Length: 22967, dtype: float64
0       -1.610346
1        0.480925
2        2.042750
3        2.296355
4        0.661592
           ...   
22962    1.430620
22963    1.907069
22964    2.634347
22965    0.646368
22966    0.476808
Name: obs-prior, Length: 22967, dtype: float64
 region:  NH
0        2.214989
1        2.545995
2        2.337805
3        2.574321
4        2.908686
           ...   
17446    1.430620
17447    1.907069
17448    2.634347
17449    0.646368
17450    0.476808
Name: obs-prior, Length: 17451, dtype: float64
0        2.214989
1        2.545995
2        2.337805
3        2.574321
4        2.908686
           ...   
17446    1.430620
17447    1.907069
17448    2.634347
17449    0.646368
17450    0.476808
Name: obs-prior, Length: 17451, dtype: float64
0        2.214989
1        2.545995
2        2.337805
3        2.574321
4        2.908686
           ...   
17446    1.430620
17447    1.907069
17448    2.634347
17449    0.646368
17450    0.476808
Name: obs-prior, Length: 17451, dtype: float64
0        2.214989
1        2.545995
2        2.337805
3        2.574321
4        2.908686
           ...   
17446    1.430620
17447    1.907069
17448    2.634347
17449    0.646368
17450    0.476808
Name: obs-prior, Length: 17451, dtype: float64
0        2.214989
1        2.545995
2        2.337805
3        2.574321
4        2.908686
           ...   
17446    1.430620
17447    1.907069
17448    2.634347
17449    0.646368
17450    0.476808
Name: obs-prior, Length: 17451, dtype: float64
0        2.214989
1        2.545995
2        2.337805
3        2.574321
4        2.908686
           ...   
17446    1.430620
17447    1.907069
17448    2.634347
17449    0.646368
17450    0.476808
Name: obs-prior, Length: 17451, dtype: float64
0        2.214989
1        2.545995
2        2.337805
3        2.574321
4        2.908686
           ...   
17446    1.430620
17447    1.907069
17448    2.634347
17449    0.646368
17450    0.476808
Name: obs-prior, Length: 17451, dtype: float64
0        2.214989
1        2.545995
2        2.337805
3        2.574321
4        2.908686
           ...   
17446    1.430620
17447    1.907069
17448    2.634347
17449    0.646368
17450    0.476808
Name: obs-prior, Length: 17451, dtype: float64
0        2.214989
1        2.545995
2        2.337805
3        2.574321
4        2.908686
           ...   
17446    1.430620
17447    1.907069
17448    2.634347
17449    0.646368
17450    0.476808
Name: obs-prior, Length: 17451, dtype: float64
0        2.214989
1        2.545995
2        2.337805
3        2.574321
4        2.908686
           ...   
17446    1.430620
17447    1.907069
17448    2.634347
17449    0.646368
17450    0.476808
Name: obs-prior, Length: 17451, dtype: float64
0        2.214989
1        2.545995
2        2.337805
3        2.574321
4        2.908686
           ...   
17446    1.430620
17447    1.907069
17448    2.634347
17449    0.646368
17450    0.476808
Name: obs-prior, Length: 17451, dtype: float64
0        2.214989
1        2.545995
2        2.337805
3        2.574321
4        2.908686
           ...   
17446    1.430620
17447    1.907069
17448    2.634347
17449    0.646368
17450    0.476808
Name: obs-prior, Length: 17451, dtype: float64
0        2.214989
1        2.545995
2        2.337805
3        2.574321
4        2.908686
           ...   
17446    1.430620
17447    1.907069
17448    2.634347
17449    0.646368
17450    0.476808
Name: obs-prior, Length: 17451, dtype: float64
0        2.214989
1        2.545995
2        2.337805
3        2.574321
4        2.908686
           ...   
17446    1.430620
17447    1.907069
17448    2.634347
17449    0.646368
17450    0.476808
Name: obs-prior, Length: 17451, dtype: float64
0        2.214989
1        2.545995
2        2.337805
3        2.574321
4        2.908686
           ...   
17446    1.430620
17447    1.907069
17448    2.634347
17449    0.646368
17450    0.476808
Name: obs-prior, Length: 17451, dtype: float64
0        2.214989
1        2.545995
2        2.337805
3        2.574321
4        2.908686
           ...   
17446    1.430620
17447    1.907069
17448    2.634347
17449    0.646368
17450    0.476808
Name: obs-prior, Length: 17451, dtype: float64
0        2.214989
1        2.545995
2        2.337805
3        2.574321
4        2.908686
           ...   
17446    1.430620
17447    1.907069
17448    2.634347
17449    0.646368
17450    0.476808
Name: obs-prior, Length: 17451, dtype: float64
 region:  SH
0      0.421188
1     -0.133347
2      0.073439
3     -2.369918
4     -0.167932
         ...   
274   -2.267668
275    8.135748
276    5.027791
277   -1.395172
278    6.909006
Name: obs-prior, Length: 279, dtype: float64
0      0.421188
1     -0.133347
2      0.073439
3     -2.369918
4     -0.167932
         ...   
274   -2.267668
275    8.135748
276    5.027791
277   -1.395172
278    6.909006
Name: obs-prior, Length: 279, dtype: float64
0      0.421188
1     -0.133347
2      0.073439
3     -2.369918
4     -0.167932
         ...   
274   -2.267668
275    8.135748
276    5.027791
277   -1.395172
278    6.909006
Name: obs-prior, Length: 279, dtype: float64
0      0.421188
1     -0.133347
2      0.073439
3     -2.369918
4     -0.167932
         ...   
274   -2.267668
275    8.135748
276    5.027791
277   -1.395172
278    6.909006
Name: obs-prior, Length: 279, dtype: float64
0      0.421188
1     -0.133347
2      0.073439
3     -2.369918
4     -0.167932
         ...   
274   -2.267668
275    8.135748
276    5.027791
277   -1.395172
278    6.909006
Name: obs-prior, Length: 279, dtype: float64
0      0.421188
1     -0.133347
2      0.073439
3     -2.369918
4     -0.167932
         ...   
274   -2.267668
275    8.135748
276    5.027791
277   -1.395172
278    6.909006
Name: obs-prior, Length: 279, dtype: float64
0      0.421188
1     -0.133347
2      0.073439
3     -2.369918
4     -0.167932
         ...   
274   -2.267668
275    8.135748
276    5.027791
277   -1.395172
278    6.909006
Name: obs-prior, Length: 279, dtype: float64
0      0.421188
1     -0.133347
2      0.073439
3     -2.369918
4     -0.167932
         ...   
274   -2.267668
275    8.135748
276    5.027791
277   -1.395172
278    6.909006
Name: obs-prior, Length: 279, dtype: float64
0      0.421188
1     -0.133347
2      0.073439
3     -2.369918
4     -0.167932
         ...   
274   -2.267668
275    8.135748
276    5.027791
277   -1.395172
278    6.909006
Name: obs-prior, Length: 279, dtype: float64
0      0.421188
1     -0.133347
2      0.073439
3     -2.369918
4     -0.167932
         ...   
274   -2.267668
275    8.135748
276    5.027791
277   -1.395172
278    6.909006
Name: obs-prior, Length: 279, dtype: float64
0      0.421188
1     -0.133347
2      0.073439
3     -2.369918
4     -0.167932
         ...   
274   -2.267668
275    8.135748
276    5.027791
277   -1.395172
278    6.909006
Name: obs-prior, Length: 279, dtype: float64
0      0.421188
1     -0.133347
2      0.073439
3     -2.369918
4     -0.167932
         ...   
274   -2.267668
275    8.135748
276    5.027791
277   -1.395172
278    6.909006
Name: obs-prior, Length: 279, dtype: float64
0      0.421188
1     -0.133347
2      0.073439
3     -2.369918
4     -0.167932
         ...   
274   -2.267668
275    8.135748
276    5.027791
277   -1.395172
278    6.909006
Name: obs-prior, Length: 279, dtype: float64
0      0.421188
1     -0.133347
2      0.073439
3     -2.369918
4     -0.167932
         ...   
274   -2.267668
275    8.135748
276    5.027791
277   -1.395172
278    6.909006
Name: obs-prior, Length: 279, dtype: float64
0      0.421188
1     -0.133347
2      0.073439
3     -2.369918
4     -0.167932
         ...   
274   -2.267668
275    8.135748
276    5.027791
277   -1.395172
278    6.909006
Name: obs-prior, Length: 279, dtype: float64
0      0.421188
1     -0.133347
2      0.073439
3     -2.369918
4     -0.167932
         ...   
274   -2.267668
275    8.135748
276    5.027791
277   -1.395172
278    6.909006
Name: obs-prior, Length: 279, dtype: float64
0      0.421188
1     -0.133347
2      0.073439
3     -2.369918
4     -0.167932
         ...   
274   -2.267668
275    8.135748
276    5.027791
277   -1.395172
278    6.909006
Name: obs-prior, Length: 279, dtype: float64
 region:  TR
0      -1.610346
1       0.480925
2       2.042750
3       2.296355
4       0.661592
          ...   
5232    1.128911
5233    0.156550
5234    2.146771
5235   -1.040456
5236   -0.013284
Name: obs-prior, Length: 5237, dtype: float64
0      -1.610346
1       0.480925
2       2.042750
3       2.296355
4       0.661592
          ...   
5232    1.128911
5233    0.156550
5234    2.146771
5235   -1.040456
5236   -0.013284
Name: obs-prior, Length: 5237, dtype: float64
0      -1.610346
1       0.480925
2       2.042750
3       2.296355
4       0.661592
          ...   
5232    1.128911
5233    0.156550
5234    2.146771
5235   -1.040456
5236   -0.013284
Name: obs-prior, Length: 5237, dtype: float64
0      -1.610346
1       0.480925
2       2.042750
3       2.296355
4       0.661592
          ...   
5232    1.128911
5233    0.156550
5234    2.146771
5235   -1.040456
5236   -0.013284
Name: obs-prior, Length: 5237, dtype: float64
0      -1.610346
1       0.480925
2       2.042750
3       2.296355
4       0.661592
          ...   
5232    1.128911
5233    0.156550
5234    2.146771
5235   -1.040456
5236   -0.013284
Name: obs-prior, Length: 5237, dtype: float64
0      -1.610346
1       0.480925
2       2.042750
3       2.296355
4       0.661592
          ...   
5232    1.128911
5233    0.156550
5234    2.146771
5235   -1.040456
5236   -0.013284
Name: obs-prior, Length: 5237, dtype: float64
0      -1.610346
1       0.480925
2       2.042750
3       2.296355
4       0.661592
          ...   
5232    1.128911
5233    0.156550
5234    2.146771
5235   -1.040456
5236   -0.013284
Name: obs-prior, Length: 5237, dtype: float64
0      -1.610346
1       0.480925
2       2.042750
3       2.296355
4       0.661592
          ...   
5232    1.128911
5233    0.156550
5234    2.146771
5235   -1.040456
5236   -0.013284
Name: obs-prior, Length: 5237, dtype: float64
0      -1.610346
1       0.480925
2       2.042750
3       2.296355
4       0.661592
          ...   
5232    1.128911
5233    0.156550
5234    2.146771
5235   -1.040456
5236   -0.013284
Name: obs-prior, Length: 5237, dtype: float64
0      -1.610346
1       0.480925
2       2.042750
3       2.296355
4       0.661592
          ...   
5232    1.128911
5233    0.156550
5234    2.146771
5235   -1.040456
5236   -0.013284
Name: obs-prior, Length: 5237, dtype: float64
0      -1.610346
1       0.480925
2       2.042750
3       2.296355
4       0.661592
          ...   
5232    1.128911
5233    0.156550
5234    2.146771
5235   -1.040456
5236   -0.013284
Name: obs-prior, Length: 5237, dtype: float64
0      -1.610346
1       0.480925
2       2.042750
3       2.296355
4       0.661592
          ...   
5232    1.128911
5233    0.156550
5234    2.146771
5235   -1.040456
5236   -0.013284
Name: obs-prior, Length: 5237, dtype: float64
0      -1.610346
1       0.480925
2       2.042750
3       2.296355
4       0.661592
          ...   
5232    1.128911
5233    0.156550
5234    2.146771
5235   -1.040456
5236   -0.013284
Name: obs-prior, Length: 5237, dtype: float64
0      -1.610346
1       0.480925
2       2.042750
3       2.296355
4       0.661592
          ...   
5232    1.128911
5233    0.156550
5234    2.146771
5235   -1.040456
5236   -0.013284
Name: obs-prior, Length: 5237, dtype: float64
0      -1.610346
1       0.480925
2       2.042750
3       2.296355
4       0.661592
          ...   
5232    1.128911
5233    0.156550
5234    2.146771
5235   -1.040456
5236   -0.013284
Name: obs-prior, Length: 5237, dtype: float64
0      -1.610346
1       0.480925
2       2.042750
3       2.296355
4       0.661592
          ...   
5232    1.128911
5233    0.156550
5234    2.146771
5235   -1.040456
5236   -0.013284
Name: obs-prior, Length: 5237, dtype: float64
0      -1.610346
1       0.480925
2       2.042750
3       2.296355
4       0.661592
          ...   
5232    1.128911
5233    0.156550
5234    2.146771
5235   -1.040456
5236   -0.013284
Name: obs-prior, Length: 5237, dtype: float64

 processing obs:  ACARS_V_WIND_COMPONENT
 region:  Global
0       -0.428366
1       -2.007770
2       -0.636842
3        0.602503
4        0.707065
           ...   
23766    1.831703
23767   -2.242851
23768    0.482390
23769   -1.672814
23770    1.391502
Name: obs-prior, Length: 23771, dtype: float64
0       -0.428366
1       -2.007770
2       -0.636842
3        0.602503
4        0.707065
           ...   
23766    1.831703
23767   -2.242851
23768    0.482390
23769   -1.672814
23770    1.391502
Name: obs-prior, Length: 23771, dtype: float64
0       -0.428366
1       -2.007770
2       -0.636842
3        0.602503
4        0.707065
           ...   
23766    1.831703
23767   -2.242851
23768    0.482390
23769   -1.672814
23770    1.391502
Name: obs-prior, Length: 23771, dtype: float64
0       -0.428366
1       -2.007770
2       -0.636842
3        0.602503
4        0.707065
           ...   
23766    1.831703
23767   -2.242851
23768    0.482390
23769   -1.672814
23770    1.391502
Name: obs-prior, Length: 23771, dtype: float64
0       -0.428366
1       -2.007770
2       -0.636842
3        0.602503
4        0.707065
           ...   
23766    1.831703
23767   -2.242851
23768    0.482390
23769   -1.672814
23770    1.391502
Name: obs-prior, Length: 23771, dtype: float64
0       -0.428366
1       -2.007770
2       -0.636842
3        0.602503
4        0.707065
           ...   
23766    1.831703
23767   -2.242851
23768    0.482390
23769   -1.672814
23770    1.391502
Name: obs-prior, Length: 23771, dtype: float64
0       -0.428366
1       -2.007770
2       -0.636842
3        0.602503
4        0.707065
           ...   
23766    1.831703
23767   -2.242851
23768    0.482390
23769   -1.672814
23770    1.391502
Name: obs-prior, Length: 23771, dtype: float64
0       -0.428366
1       -2.007770
2       -0.636842
3        0.602503
4        0.707065
           ...   
23766    1.831703
23767   -2.242851
23768    0.482390
23769   -1.672814
23770    1.391502
Name: obs-prior, Length: 23771, dtype: float64
0       -0.428366
1       -2.007770
2       -0.636842
3        0.602503
4        0.707065
           ...   
23766    1.831703
23767   -2.242851
23768    0.482390
23769   -1.672814
23770    1.391502
Name: obs-prior, Length: 23771, dtype: float64
0       -0.428366
1       -2.007770
2       -0.636842
3        0.602503
4        0.707065
           ...   
23766    1.831703
23767   -2.242851
23768    0.482390
23769   -1.672814
23770    1.391502
Name: obs-prior, Length: 23771, dtype: float64
0       -0.428366
1       -2.007770
2       -0.636842
3        0.602503
4        0.707065
           ...   
23766    1.831703
23767   -2.242851
23768    0.482390
23769   -1.672814
23770    1.391502
Name: obs-prior, Length: 23771, dtype: float64
0       -0.428366
1       -2.007770
2       -0.636842
3        0.602503
4        0.707065
           ...   
23766    1.831703
23767   -2.242851
23768    0.482390
23769   -1.672814
23770    1.391502
Name: obs-prior, Length: 23771, dtype: float64
0       -0.428366
1       -2.007770
2       -0.636842
3        0.602503
4        0.707065
           ...   
23766    1.831703
23767   -2.242851
23768    0.482390
23769   -1.672814
23770    1.391502
Name: obs-prior, Length: 23771, dtype: float64
0       -0.428366
1       -2.007770
2       -0.636842
3        0.602503
4        0.707065
           ...   
23766    1.831703
23767   -2.242851
23768    0.482390
23769   -1.672814
23770    1.391502
Name: obs-prior, Length: 23771, dtype: float64
0       -0.428366
1       -2.007770
2       -0.636842
3        0.602503
4        0.707065
           ...   
23766    1.831703
23767   -2.242851
23768    0.482390
23769   -1.672814
23770    1.391502
Name: obs-prior, Length: 23771, dtype: float64
0       -0.428366
1       -2.007770
2       -0.636842
3        0.602503
4        0.707065
           ...   
23766    1.831703
23767   -2.242851
23768    0.482390
23769   -1.672814
23770    1.391502
Name: obs-prior, Length: 23771, dtype: float64
0       -0.428366
1       -2.007770
2       -0.636842
3        0.602503
4        0.707065
           ...   
23766    1.831703
23767   -2.242851
23768    0.482390
23769   -1.672814
23770    1.391502
Name: obs-prior, Length: 23771, dtype: float64
 region:  NH
0       -0.428366
1       -2.007770
2       -0.636842
3        0.602503
4        0.707065
           ...   
18376    1.831703
18377   -2.242851
18378    0.482390
18379   -1.672814
18380    1.391502
Name: obs-prior, Length: 18381, dtype: float64
0       -0.428366
1       -2.007770
2       -0.636842
3        0.602503
4        0.707065
           ...   
18376    1.831703
18377   -2.242851
18378    0.482390
18379   -1.672814
18380    1.391502
Name: obs-prior, Length: 18381, dtype: float64
0       -0.428366
1       -2.007770
2       -0.636842
3        0.602503
4        0.707065
           ...   
18376    1.831703
18377   -2.242851
18378    0.482390
18379   -1.672814
18380    1.391502
Name: obs-prior, Length: 18381, dtype: float64
0       -0.428366
1       -2.007770
2       -0.636842
3        0.602503
4        0.707065
           ...   
18376    1.831703
18377   -2.242851
18378    0.482390
18379   -1.672814
18380    1.391502
Name: obs-prior, Length: 18381, dtype: float64
0       -0.428366
1       -2.007770
2       -0.636842
3        0.602503
4        0.707065
           ...   
18376    1.831703
18377   -2.242851
18378    0.482390
18379   -1.672814
18380    1.391502
Name: obs-prior, Length: 18381, dtype: float64
0       -0.428366
1       -2.007770
2       -0.636842
3        0.602503
4        0.707065
           ...   
18376    1.831703
18377   -2.242851
18378    0.482390
18379   -1.672814
18380    1.391502
Name: obs-prior, Length: 18381, dtype: float64
0       -0.428366
1       -2.007770
2       -0.636842
3        0.602503
4        0.707065
           ...   
18376    1.831703
18377   -2.242851
18378    0.482390
18379   -1.672814
18380    1.391502
Name: obs-prior, Length: 18381, dtype: float64
0       -0.428366
1       -2.007770
2       -0.636842
3        0.602503
4        0.707065
           ...   
18376    1.831703
18377   -2.242851
18378    0.482390
18379   -1.672814
18380    1.391502
Name: obs-prior, Length: 18381, dtype: float64
0       -0.428366
1       -2.007770
2       -0.636842
3        0.602503
4        0.707065
           ...   
18376    1.831703
18377   -2.242851
18378    0.482390
18379   -1.672814
18380    1.391502
Name: obs-prior, Length: 18381, dtype: float64
0       -0.428366
1       -2.007770
2       -0.636842
3        0.602503
4        0.707065
           ...   
18376    1.831703
18377   -2.242851
18378    0.482390
18379   -1.672814
18380    1.391502
Name: obs-prior, Length: 18381, dtype: float64
0       -0.428366
1       -2.007770
2       -0.636842
3        0.602503
4        0.707065
           ...   
18376    1.831703
18377   -2.242851
18378    0.482390
18379   -1.672814
18380    1.391502
Name: obs-prior, Length: 18381, dtype: float64
0       -0.428366
1       -2.007770
2       -0.636842
3        0.602503
4        0.707065
           ...   
18376    1.831703
18377   -2.242851
18378    0.482390
18379   -1.672814
18380    1.391502
Name: obs-prior, Length: 18381, dtype: float64
0       -0.428366
1       -2.007770
2       -0.636842
3        0.602503
4        0.707065
           ...   
18376    1.831703
18377   -2.242851
18378    0.482390
18379   -1.672814
18380    1.391502
Name: obs-prior, Length: 18381, dtype: float64
0       -0.428366
1       -2.007770
2       -0.636842
3        0.602503
4        0.707065
           ...   
18376    1.831703
18377   -2.242851
18378    0.482390
18379   -1.672814
18380    1.391502
Name: obs-prior, Length: 18381, dtype: float64
0       -0.428366
1       -2.007770
2       -0.636842
3        0.602503
4        0.707065
           ...   
18376    1.831703
18377   -2.242851
18378    0.482390
18379   -1.672814
18380    1.391502
Name: obs-prior, Length: 18381, dtype: float64
0       -0.428366
1       -2.007770
2       -0.636842
3        0.602503
4        0.707065
           ...   
18376    1.831703
18377   -2.242851
18378    0.482390
18379   -1.672814
18380    1.391502
Name: obs-prior, Length: 18381, dtype: float64
0       -0.428366
1       -2.007770
2       -0.636842
3        0.602503
4        0.707065
           ...   
18376    1.831703
18377   -2.242851
18378    0.482390
18379   -1.672814
18380    1.391502
Name: obs-prior, Length: 18381, dtype: float64
 region:  SH
0      1.547527
1      3.842142
2     -1.896226
3      0.426546
4      2.110556
         ...   
326    9.245766
327   -4.271663
328   -0.160847
329    4.937237
330    2.484517
Name: obs-prior, Length: 331, dtype: float64
0      1.547527
1      3.842142
2     -1.896226
3      0.426546
4      2.110556
         ...   
326    9.245766
327   -4.271663
328   -0.160847
329    4.937237
330    2.484517
Name: obs-prior, Length: 331, dtype: float64
0      1.547527
1      3.842142
2     -1.896226
3      0.426546
4      2.110556
         ...   
326    9.245766
327   -4.271663
328   -0.160847
329    4.937237
330    2.484517
Name: obs-prior, Length: 331, dtype: float64
0      1.547527
1      3.842142
2     -1.896226
3      0.426546
4      2.110556
         ...   
326    9.245766
327   -4.271663
328   -0.160847
329    4.937237
330    2.484517
Name: obs-prior, Length: 331, dtype: float64
0      1.547527
1      3.842142
2     -1.896226
3      0.426546
4      2.110556
         ...   
326    9.245766
327   -4.271663
328   -0.160847
329    4.937237
330    2.484517
Name: obs-prior, Length: 331, dtype: float64
0      1.547527
1      3.842142
2     -1.896226
3      0.426546
4      2.110556
         ...   
326    9.245766
327   -4.271663
328   -0.160847
329    4.937237
330    2.484517
Name: obs-prior, Length: 331, dtype: float64
0      1.547527
1      3.842142
2     -1.896226
3      0.426546
4      2.110556
         ...   
326    9.245766
327   -4.271663
328   -0.160847
329    4.937237
330    2.484517
Name: obs-prior, Length: 331, dtype: float64
0      1.547527
1      3.842142
2     -1.896226
3      0.426546
4      2.110556
         ...   
326    9.245766
327   -4.271663
328   -0.160847
329    4.937237
330    2.484517
Name: obs-prior, Length: 331, dtype: float64
0      1.547527
1      3.842142
2     -1.896226
3      0.426546
4      2.110556
         ...   
326    9.245766
327   -4.271663
328   -0.160847
329    4.937237
330    2.484517
Name: obs-prior, Length: 331, dtype: float64
0      1.547527
1      3.842142
2     -1.896226
3      0.426546
4      2.110556
         ...   
326    9.245766
327   -4.271663
328   -0.160847
329    4.937237
330    2.484517
Name: obs-prior, Length: 331, dtype: float64
0      1.547527
1      3.842142
2     -1.896226
3      0.426546
4      2.110556
         ...   
326    9.245766
327   -4.271663
328   -0.160847
329    4.937237
330    2.484517
Name: obs-prior, Length: 331, dtype: float64
0      1.547527
1      3.842142
2     -1.896226
3      0.426546
4      2.110556
         ...   
326    9.245766
327   -4.271663
328   -0.160847
329    4.937237
330    2.484517
Name: obs-prior, Length: 331, dtype: float64
0      1.547527
1      3.842142
2     -1.896226
3      0.426546
4      2.110556
         ...   
326    9.245766
327   -4.271663
328   -0.160847
329    4.937237
330    2.484517
Name: obs-prior, Length: 331, dtype: float64
0      1.547527
1      3.842142
2     -1.896226
3      0.426546
4      2.110556
         ...   
326    9.245766
327   -4.271663
328   -0.160847
329    4.937237
330    2.484517
Name: obs-prior, Length: 331, dtype: float64
0      1.547527
1      3.842142
2     -1.896226
3      0.426546
4      2.110556
         ...   
326    9.245766
327   -4.271663
328   -0.160847
329    4.937237
330    2.484517
Name: obs-prior, Length: 331, dtype: float64
0      1.547527
1      3.842142
2     -1.896226
3      0.426546
4      2.110556
         ...   
326    9.245766
327   -4.271663
328   -0.160847
329    4.937237
330    2.484517
Name: obs-prior, Length: 331, dtype: float64
0      1.547527
1      3.842142
2     -1.896226
3      0.426546
4      2.110556
         ...   
326    9.245766
327   -4.271663
328   -0.160847
329    4.937237
330    2.484517
Name: obs-prior, Length: 331, dtype: float64
 region:  TR
0       1.981305
1       4.229520
2       1.491112
3       2.625908
4      -0.432025
          ...   
5054   -1.868594
5055   -0.268210
5056   -0.579967
5057   -2.374126
5058   -1.367916
Name: obs-prior, Length: 5059, dtype: float64
0       1.981305
1       4.229520
2       1.491112
3       2.625908
4      -0.432025
          ...   
5054   -1.868594
5055   -0.268210
5056   -0.579967
5057   -2.374126
5058   -1.367916
Name: obs-prior, Length: 5059, dtype: float64
0       1.981305
1       4.229520
2       1.491112
3       2.625908
4      -0.432025
          ...   
5054   -1.868594
5055   -0.268210
5056   -0.579967
5057   -2.374126
5058   -1.367916
Name: obs-prior, Length: 5059, dtype: float64
0       1.981305
1       4.229520
2       1.491112
3       2.625908
4      -0.432025
          ...   
5054   -1.868594
5055   -0.268210
5056   -0.579967
5057   -2.374126
5058   -1.367916
Name: obs-prior, Length: 5059, dtype: float64
0       1.981305
1       4.229520
2       1.491112
3       2.625908
4      -0.432025
          ...   
5054   -1.868594
5055   -0.268210
5056   -0.579967
5057   -2.374126
5058   -1.367916
Name: obs-prior, Length: 5059, dtype: float64
0       1.981305
1       4.229520
2       1.491112
3       2.625908
4      -0.432025
          ...   
5054   -1.868594
5055   -0.268210
5056   -0.579967
5057   -2.374126
5058   -1.367916
Name: obs-prior, Length: 5059, dtype: float64
0       1.981305
1       4.229520
2       1.491112
3       2.625908
4      -0.432025
          ...   
5054   -1.868594
5055   -0.268210
5056   -0.579967
5057   -2.374126
5058   -1.367916
Name: obs-prior, Length: 5059, dtype: float64
0       1.981305
1       4.229520
2       1.491112
3       2.625908
4      -0.432025
          ...   
5054   -1.868594
5055   -0.268210
5056   -0.579967
5057   -2.374126
5058   -1.367916
Name: obs-prior, Length: 5059, dtype: float64
0       1.981305
1       4.229520
2       1.491112
3       2.625908
4      -0.432025
          ...   
5054   -1.868594
5055   -0.268210
5056   -0.579967
5057   -2.374126
5058   -1.367916
Name: obs-prior, Length: 5059, dtype: float64
0       1.981305
1       4.229520
2       1.491112
3       2.625908
4      -0.432025
          ...   
5054   -1.868594
5055   -0.268210
5056   -0.579967
5057   -2.374126
5058   -1.367916
Name: obs-prior, Length: 5059, dtype: float64
0       1.981305
1       4.229520
2       1.491112
3       2.625908
4      -0.432025
          ...   
5054   -1.868594
5055   -0.268210
5056   -0.579967
5057   -2.374126
5058   -1.367916
Name: obs-prior, Length: 5059, dtype: float64
0       1.981305
1       4.229520
2       1.491112
3       2.625908
4      -0.432025
          ...   
5054   -1.868594
5055   -0.268210
5056   -0.579967
5057   -2.374126
5058   -1.367916
Name: obs-prior, Length: 5059, dtype: float64
0       1.981305
1       4.229520
2       1.491112
3       2.625908
4      -0.432025
          ...   
5054   -1.868594
5055   -0.268210
5056   -0.579967
5057   -2.374126
5058   -1.367916
Name: obs-prior, Length: 5059, dtype: float64
0       1.981305
1       4.229520
2       1.491112
3       2.625908
4      -0.432025
          ...   
5054   -1.868594
5055   -0.268210
5056   -0.579967
5057   -2.374126
5058   -1.367916
Name: obs-prior, Length: 5059, dtype: float64
0       1.981305
1       4.229520
2       1.491112
3       2.625908
4      -0.432025
          ...   
5054   -1.868594
5055   -0.268210
5056   -0.579967
5057   -2.374126
5058   -1.367916
Name: obs-prior, Length: 5059, dtype: float64
0       1.981305
1       4.229520
2       1.491112
3       2.625908
4      -0.432025
          ...   
5054   -1.868594
5055   -0.268210
5056   -0.579967
5057   -2.374126
5058   -1.367916
Name: obs-prior, Length: 5059, dtype: float64
0       1.981305
1       4.229520
2       1.491112
3       2.625908
4      -0.432025
          ...   
5054   -1.868594
5055   -0.268210
5056   -0.579967
5057   -2.374126
5058   -1.367916
Name: obs-prior, Length: 5059, dtype: float64

 processing obs:  ACARS_TEMPERATURE
 region:  Global
0       -0.722857
1        0.548288
2        0.546789
3        0.140622
4        0.185495
           ...   
28494    0.769267
28495    0.138763
28496    1.071283
28497   -0.015583
28498    0.464447
Name: obs-prior, Length: 28499, dtype: float64
0       -0.722857
1        0.548288
2        0.546789
3        0.140622
4        0.185495
           ...   
28494    0.769267
28495    0.138763
28496    1.071283
28497   -0.015583
28498    0.464447
Name: obs-prior, Length: 28499, dtype: float64
0       -0.722857
1        0.548288
2        0.546789
3        0.140622
4        0.185495
           ...   
28494    0.769267
28495    0.138763
28496    1.071283
28497   -0.015583
28498    0.464447
Name: obs-prior, Length: 28499, dtype: float64
0       -0.722857
1        0.548288
2        0.546789
3        0.140622
4        0.185495
           ...   
28494    0.769267
28495    0.138763
28496    1.071283
28497   -0.015583
28498    0.464447
Name: obs-prior, Length: 28499, dtype: float64
0       -0.722857
1        0.548288
2        0.546789
3        0.140622
4        0.185495
           ...   
28494    0.769267
28495    0.138763
28496    1.071283
28497   -0.015583
28498    0.464447
Name: obs-prior, Length: 28499, dtype: float64
0       -0.722857
1        0.548288
2        0.546789
3        0.140622
4        0.185495
           ...   
28494    0.769267
28495    0.138763
28496    1.071283
28497   -0.015583
28498    0.464447
Name: obs-prior, Length: 28499, dtype: float64
0       -0.722857
1        0.548288
2        0.546789
3        0.140622
4        0.185495
           ...   
28494    0.769267
28495    0.138763
28496    1.071283
28497   -0.015583
28498    0.464447
Name: obs-prior, Length: 28499, dtype: float64
0       -0.722857
1        0.548288
2        0.546789
3        0.140622
4        0.185495
           ...   
28494    0.769267
28495    0.138763
28496    1.071283
28497   -0.015583
28498    0.464447
Name: obs-prior, Length: 28499, dtype: float64
0       -0.722857
1        0.548288
2        0.546789
3        0.140622
4        0.185495
           ...   
28494    0.769267
28495    0.138763
28496    1.071283
28497   -0.015583
28498    0.464447
Name: obs-prior, Length: 28499, dtype: float64
0       -0.722857
1        0.548288
2        0.546789
3        0.140622
4        0.185495
           ...   
28494    0.769267
28495    0.138763
28496    1.071283
28497   -0.015583
28498    0.464447
Name: obs-prior, Length: 28499, dtype: float64
0       -0.722857
1        0.548288
2        0.546789
3        0.140622
4        0.185495
           ...   
28494    0.769267
28495    0.138763
28496    1.071283
28497   -0.015583
28498    0.464447
Name: obs-prior, Length: 28499, dtype: float64
0       -0.722857
1        0.548288
2        0.546789
3        0.140622
4        0.185495
           ...   
28494    0.769267
28495    0.138763
28496    1.071283
28497   -0.015583
28498    0.464447
Name: obs-prior, Length: 28499, dtype: float64
0       -0.722857
1        0.548288
2        0.546789
3        0.140622
4        0.185495
           ...   
28494    0.769267
28495    0.138763
28496    1.071283
28497   -0.015583
28498    0.464447
Name: obs-prior, Length: 28499, dtype: float64
0       -0.722857
1        0.548288
2        0.546789
3        0.140622
4        0.185495
           ...   
28494    0.769267
28495    0.138763
28496    1.071283
28497   -0.015583
28498    0.464447
Name: obs-prior, Length: 28499, dtype: float64
0       -0.722857
1        0.548288
2        0.546789
3        0.140622
4        0.185495
           ...   
28494    0.769267
28495    0.138763
28496    1.071283
28497   -0.015583
28498    0.464447
Name: obs-prior, Length: 28499, dtype: float64
0       -0.722857
1        0.548288
2        0.546789
3        0.140622
4        0.185495
           ...   
28494    0.769267
28495    0.138763
28496    1.071283
28497   -0.015583
28498    0.464447
Name: obs-prior, Length: 28499, dtype: float64
0       -0.722857
1        0.548288
2        0.546789
3        0.140622
4        0.185495
           ...   
28494    0.769267
28495    0.138763
28496    1.071283
28497   -0.015583
28498    0.464447
Name: obs-prior, Length: 28499, dtype: float64
 region:  NH
0        0.140622
1        0.185495
2       -0.383217
3        0.541538
4        0.454682
           ...   
22185   -0.489037
22186   -0.267727
22187    0.769267
22188   -0.015583
22189    0.464447
Name: obs-prior, Length: 22190, dtype: float64
0        0.140622
1        0.185495
2       -0.383217
3        0.541538
4        0.454682
           ...   
22185   -0.489037
22186   -0.267727
22187    0.769267
22188   -0.015583
22189    0.464447
Name: obs-prior, Length: 22190, dtype: float64
0        0.140622
1        0.185495
2       -0.383217
3        0.541538
4        0.454682
           ...   
22185   -0.489037
22186   -0.267727
22187    0.769267
22188   -0.015583
22189    0.464447
Name: obs-prior, Length: 22190, dtype: float64
0        0.140622
1        0.185495
2       -0.383217
3        0.541538
4        0.454682
           ...   
22185   -0.489037
22186   -0.267727
22187    0.769267
22188   -0.015583
22189    0.464447
Name: obs-prior, Length: 22190, dtype: float64
0        0.140622
1        0.185495
2       -0.383217
3        0.541538
4        0.454682
           ...   
22185   -0.489037
22186   -0.267727
22187    0.769267
22188   -0.015583
22189    0.464447
Name: obs-prior, Length: 22190, dtype: float64
0        0.140622
1        0.185495
2       -0.383217
3        0.541538
4        0.454682
           ...   
22185   -0.489037
22186   -0.267727
22187    0.769267
22188   -0.015583
22189    0.464447
Name: obs-prior, Length: 22190, dtype: float64
0        0.140622
1        0.185495
2       -0.383217
3        0.541538
4        0.454682
           ...   
22185   -0.489037
22186   -0.267727
22187    0.769267
22188   -0.015583
22189    0.464447
Name: obs-prior, Length: 22190, dtype: float64
0        0.140622
1        0.185495
2       -0.383217
3        0.541538
4        0.454682
           ...   
22185   -0.489037
22186   -0.267727
22187    0.769267
22188   -0.015583
22189    0.464447
Name: obs-prior, Length: 22190, dtype: float64
0        0.140622
1        0.185495
2       -0.383217
3        0.541538
4        0.454682
           ...   
22185   -0.489037
22186   -0.267727
22187    0.769267
22188   -0.015583
22189    0.464447
Name: obs-prior, Length: 22190, dtype: float64
0        0.140622
1        0.185495
2       -0.383217
3        0.541538
4        0.454682
           ...   
22185   -0.489037
22186   -0.267727
22187    0.769267
22188   -0.015583
22189    0.464447
Name: obs-prior, Length: 22190, dtype: float64
0        0.140622
1        0.185495
2       -0.383217
3        0.541538
4        0.454682
           ...   
22185   -0.489037
22186   -0.267727
22187    0.769267
22188   -0.015583
22189    0.464447
Name: obs-prior, Length: 22190, dtype: float64
0        0.140622
1        0.185495
2       -0.383217
3        0.541538
4        0.454682
           ...   
22185   -0.489037
22186   -0.267727
22187    0.769267
22188   -0.015583
22189    0.464447
Name: obs-prior, Length: 22190, dtype: float64
0        0.140622
1        0.185495
2       -0.383217
3        0.541538
4        0.454682
           ...   
22185   -0.489037
22186   -0.267727
22187    0.769267
22188   -0.015583
22189    0.464447
Name: obs-prior, Length: 22190, dtype: float64
0        0.140622
1        0.185495
2       -0.383217
3        0.541538
4        0.454682
           ...   
22185   -0.489037
22186   -0.267727
22187    0.769267
22188   -0.015583
22189    0.464447
Name: obs-prior, Length: 22190, dtype: float64
0        0.140622
1        0.185495
2       -0.383217
3        0.541538
4        0.454682
           ...   
22185   -0.489037
22186   -0.267727
22187    0.769267
22188   -0.015583
22189    0.464447
Name: obs-prior, Length: 22190, dtype: float64
0        0.140622
1        0.185495
2       -0.383217
3        0.541538
4        0.454682
           ...   
22185   -0.489037
22186   -0.267727
22187    0.769267
22188   -0.015583
22189    0.464447
Name: obs-prior, Length: 22190, dtype: float64
0        0.140622
1        0.185495
2       -0.383217
3        0.541538
4        0.454682
           ...   
22185   -0.489037
22186   -0.267727
22187    0.769267
22188   -0.015583
22189    0.464447
Name: obs-prior, Length: 22190, dtype: float64
 region:  SH
0      0.978908
1      0.844595
2     -0.992357
3      0.598380
4     -0.595134
         ...   
314   -0.078200
315   -1.099376
316   -0.656190
317   -0.185552
318    1.071283
Name: obs-prior, Length: 319, dtype: float64
0      0.978908
1      0.844595
2     -0.992357
3      0.598380
4     -0.595134
         ...   
314   -0.078200
315   -1.099376
316   -0.656190
317   -0.185552
318    1.071283
Name: obs-prior, Length: 319, dtype: float64
0      0.978908
1      0.844595
2     -0.992357
3      0.598380
4     -0.595134
         ...   
314   -0.078200
315   -1.099376
316   -0.656190
317   -0.185552
318    1.071283
Name: obs-prior, Length: 319, dtype: float64
0      0.978908
1      0.844595
2     -0.992357
3      0.598380
4     -0.595134
         ...   
314   -0.078200
315   -1.099376
316   -0.656190
317   -0.185552
318    1.071283
Name: obs-prior, Length: 319, dtype: float64
0      0.978908
1      0.844595
2     -0.992357
3      0.598380
4     -0.595134
         ...   
314   -0.078200
315   -1.099376
316   -0.656190
317   -0.185552
318    1.071283
Name: obs-prior, Length: 319, dtype: float64
0      0.978908
1      0.844595
2     -0.992357
3      0.598380
4     -0.595134
         ...   
314   -0.078200
315   -1.099376
316   -0.656190
317   -0.185552
318    1.071283
Name: obs-prior, Length: 319, dtype: float64
0      0.978908
1      0.844595
2     -0.992357
3      0.598380
4     -0.595134
         ...   
314   -0.078200
315   -1.099376
316   -0.656190
317   -0.185552
318    1.071283
Name: obs-prior, Length: 319, dtype: float64
0      0.978908
1      0.844595
2     -0.992357
3      0.598380
4     -0.595134
         ...   
314   -0.078200
315   -1.099376
316   -0.656190
317   -0.185552
318    1.071283
Name: obs-prior, Length: 319, dtype: float64
0      0.978908
1      0.844595
2     -0.992357
3      0.598380
4     -0.595134
         ...   
314   -0.078200
315   -1.099376
316   -0.656190
317   -0.185552
318    1.071283
Name: obs-prior, Length: 319, dtype: float64
0      0.978908
1      0.844595
2     -0.992357
3      0.598380
4     -0.595134
         ...   
314   -0.078200
315   -1.099376
316   -0.656190
317   -0.185552
318    1.071283
Name: obs-prior, Length: 319, dtype: float64
0      0.978908
1      0.844595
2     -0.992357
3      0.598380
4     -0.595134
         ...   
314   -0.078200
315   -1.099376
316   -0.656190
317   -0.185552
318    1.071283
Name: obs-prior, Length: 319, dtype: float64
0      0.978908
1      0.844595
2     -0.992357
3      0.598380
4     -0.595134
         ...   
314   -0.078200
315   -1.099376
316   -0.656190
317   -0.185552
318    1.071283
Name: obs-prior, Length: 319, dtype: float64
0      0.978908
1      0.844595
2     -0.992357
3      0.598380
4     -0.595134
         ...   
314   -0.078200
315   -1.099376
316   -0.656190
317   -0.185552
318    1.071283
Name: obs-prior, Length: 319, dtype: float64
0      0.978908
1      0.844595
2     -0.992357
3      0.598380
4     -0.595134
         ...   
314   -0.078200
315   -1.099376
316   -0.656190
317   -0.185552
318    1.071283
Name: obs-prior, Length: 319, dtype: float64
0      0.978908
1      0.844595
2     -0.992357
3      0.598380
4     -0.595134
         ...   
314   -0.078200
315   -1.099376
316   -0.656190
317   -0.185552
318    1.071283
Name: obs-prior, Length: 319, dtype: float64
0      0.978908
1      0.844595
2     -0.992357
3      0.598380
4     -0.595134
         ...   
314   -0.078200
315   -1.099376
316   -0.656190
317   -0.185552
318    1.071283
Name: obs-prior, Length: 319, dtype: float64
0      0.978908
1      0.844595
2     -0.992357
3      0.598380
4     -0.595134
         ...   
314   -0.078200
315   -1.099376
316   -0.656190
317   -0.185552
318    1.071283
Name: obs-prior, Length: 319, dtype: float64
 region:  TR
0      -0.722857
1       0.548288
2       0.546789
3      -0.558041
4       0.236935
          ...   
5985   -0.338843
5986   -0.586564
5987   -0.985805
5988   -0.432522
5989    0.138763
Name: obs-prior, Length: 5990, dtype: float64
0      -0.722857
1       0.548288
2       0.546789
3      -0.558041
4       0.236935
          ...   
5985   -0.338843
5986   -0.586564
5987   -0.985805
5988   -0.432522
5989    0.138763
Name: obs-prior, Length: 5990, dtype: float64
0      -0.722857
1       0.548288
2       0.546789
3      -0.558041
4       0.236935
          ...   
5985   -0.338843
5986   -0.586564
5987   -0.985805
5988   -0.432522
5989    0.138763
Name: obs-prior, Length: 5990, dtype: float64
0      -0.722857
1       0.548288
2       0.546789
3      -0.558041
4       0.236935
          ...   
5985   -0.338843
5986   -0.586564
5987   -0.985805
5988   -0.432522
5989    0.138763
Name: obs-prior, Length: 5990, dtype: float64
0      -0.722857
1       0.548288
2       0.546789
3      -0.558041
4       0.236935
          ...   
5985   -0.338843
5986   -0.586564
5987   -0.985805
5988   -0.432522
5989    0.138763
Name: obs-prior, Length: 5990, dtype: float64
0      -0.722857
1       0.548288
2       0.546789
3      -0.558041
4       0.236935
          ...   
5985   -0.338843
5986   -0.586564
5987   -0.985805
5988   -0.432522
5989    0.138763
Name: obs-prior, Length: 5990, dtype: float64
0      -0.722857
1       0.548288
2       0.546789
3      -0.558041
4       0.236935
          ...   
5985   -0.338843
5986   -0.586564
5987   -0.985805
5988   -0.432522
5989    0.138763
Name: obs-prior, Length: 5990, dtype: float64
0      -0.722857
1       0.548288
2       0.546789
3      -0.558041
4       0.236935
          ...   
5985   -0.338843
5986   -0.586564
5987   -0.985805
5988   -0.432522
5989    0.138763
Name: obs-prior, Length: 5990, dtype: float64
0      -0.722857
1       0.548288
2       0.546789
3      -0.558041
4       0.236935
          ...   
5985   -0.338843
5986   -0.586564
5987   -0.985805
5988   -0.432522
5989    0.138763
Name: obs-prior, Length: 5990, dtype: float64
0      -0.722857
1       0.548288
2       0.546789
3      -0.558041
4       0.236935
          ...   
5985   -0.338843
5986   -0.586564
5987   -0.985805
5988   -0.432522
5989    0.138763
Name: obs-prior, Length: 5990, dtype: float64
0      -0.722857
1       0.548288
2       0.546789
3      -0.558041
4       0.236935
          ...   
5985   -0.338843
5986   -0.586564
5987   -0.985805
5988   -0.432522
5989    0.138763
Name: obs-prior, Length: 5990, dtype: float64
0      -0.722857
1       0.548288
2       0.546789
3      -0.558041
4       0.236935
          ...   
5985   -0.338843
5986   -0.586564
5987   -0.985805
5988   -0.432522
5989    0.138763
Name: obs-prior, Length: 5990, dtype: float64
0      -0.722857
1       0.548288
2       0.546789
3      -0.558041
4       0.236935
          ...   
5985   -0.338843
5986   -0.586564
5987   -0.985805
5988   -0.432522
5989    0.138763
Name: obs-prior, Length: 5990, dtype: float64
0      -0.722857
1       0.548288
2       0.546789
3      -0.558041
4       0.236935
          ...   
5985   -0.338843
5986   -0.586564
5987   -0.985805
5988   -0.432522
5989    0.138763
Name: obs-prior, Length: 5990, dtype: float64
0      -0.722857
1       0.548288
2       0.546789
3      -0.558041
4       0.236935
          ...   
5985   -0.338843
5986   -0.586564
5987   -0.985805
5988   -0.432522
5989    0.138763
Name: obs-prior, Length: 5990, dtype: float64
0      -0.722857
1       0.548288
2       0.546789
3      -0.558041
4       0.236935
          ...   
5985   -0.338843
5986   -0.586564
5987   -0.985805
5988   -0.432522
5989    0.138763
Name: obs-prior, Length: 5990, dtype: float64
0      -0.722857
1       0.548288
2       0.546789
3      -0.558041
4       0.236935
          ...   
5985   -0.338843
5986   -0.586564
5987   -0.985805
5988   -0.432522
5989    0.138763
Name: obs-prior, Length: 5990, dtype: float64

 processing obs:  SAT_U_WIND_COMPONENT
 region:  Global
 No obs:  SAT_U_WIND_COMPONENT  in region:  Global  at this time.
 region:  NH
 No obs:  SAT_U_WIND_COMPONENT  in region:  NH  at this time.
 region:  SH
 No obs:  SAT_U_WIND_COMPONENT  in region:  SH  at this time.
 region:  TR
 No obs:  SAT_U_WIND_COMPONENT  in region:  TR  at this time.

 processing obs:  SAT_V_WIND_COMPONENT
 region:  Global
 No obs:  SAT_V_WIND_COMPONENT  in region:  Global  at this time.
 region:  NH
 No obs:  SAT_V_WIND_COMPONENT  in region:  NH  at this time.
 region:  SH
 No obs:  SAT_V_WIND_COMPONENT  in region:  SH  at this time.
 region:  TR
 No obs:  SAT_V_WIND_COMPONENT  in region:  TR  at this time.

 processing obs:  GPSRO_REFRACTIVITY
 region:  Global
 No obs:  GPSRO_REFRACTIVITY  in region:  Global  at this time.
 region:  NH
 No obs:  GPSRO_REFRACTIVITY  in region:  NH  at this time.
 region:  SH
 No obs:  GPSRO_REFRACTIVITY  in region:  SH  at this time.
 region:  TR
 No obs:  GPSRO_REFRACTIVITY  in region:  TR  at this time.

 processing obs:  EOS_2_AMSUA_TB
 region:  Global
 No obs:  EOS_2_AMSUA_TB  in region:  Global  at this time.
 region:  NH
 No obs:  EOS_2_AMSUA_TB  in region:  NH  at this time.
 region:  SH
 No obs:  EOS_2_AMSUA_TB  in region:  SH  at this time.
 region:  TR
 No obs:  EOS_2_AMSUA_TB  in region:  TR  at this time.

 processing obs:  NOAA_15_AMSUA_TB
 region:  Global
 No obs:  NOAA_15_AMSUA_TB  in region:  Global  at this time.
 region:  NH
 No obs:  NOAA_15_AMSUA_TB  in region:  NH  at this time.
 region:  SH
 No obs:  NOAA_15_AMSUA_TB  in region:  SH  at this time.
 region:  TR
 No obs:  NOAA_15_AMSUA_TB  in region:  TR  at this time.

 processing obs:  NOAA_16_AMSUA_TB
 region:  Global
 No obs:  NOAA_16_AMSUA_TB  in region:  Global  at this time.
 region:  NH
 No obs:  NOAA_16_AMSUA_TB  in region:  NH  at this time.
 region:  SH
 No obs:  NOAA_16_AMSUA_TB  in region:  SH  at this time.
 region:  TR
 No obs:  NOAA_16_AMSUA_TB  in region:  TR  at this time.

 processing obs:  NOAA_17_AMSUA_TB
 region:  Global
 No obs:  NOAA_17_AMSUA_TB  in region:  Global  at this time.
 region:  NH
 No obs:  NOAA_17_AMSUA_TB  in region:  NH  at this time.
 region:  SH
 No obs:  NOAA_17_AMSUA_TB  in region:  SH  at this time.
 region:  TR
 No obs:  NOAA_17_AMSUA_TB  in region:  TR  at this time.

 processing obs:  NOAA_18_AMSUA_TB
 region:  Global
 No obs:  NOAA_18_AMSUA_TB  in region:  Global  at this time.
 region:  NH
 No obs:  NOAA_18_AMSUA_TB  in region:  NH  at this time.
 region:  SH
 No obs:  NOAA_18_AMSUA_TB  in region:  SH  at this time.
 region:  TR
 No obs:  NOAA_18_AMSUA_TB  in region:  TR  at this time.

 processing obs:  NOAA_19_AMSUA_TB
 region:  Global
 No obs:  NOAA_19_AMSUA_TB  in region:  Global  at this time.
 region:  NH
 No obs:  NOAA_19_AMSUA_TB  in region:  NH  at this time.
 region:  SH
 No obs:  NOAA_19_AMSUA_TB  in region:  SH  at this time.
 region:  TR
 No obs:  NOAA_19_AMSUA_TB  in region:  TR  at this time.

 processing obs:  METOP_1_AMSUA_TB
 region:  Global
 No obs:  METOP_1_AMSUA_TB  in region:  Global  at this time.
 region:  NH
 No obs:  METOP_1_AMSUA_TB  in region:  NH  at this time.
 region:  SH
 No obs:  METOP_1_AMSUA_TB  in region:  SH  at this time.
 region:  TR
 No obs:  METOP_1_AMSUA_TB  in region:  TR  at this time.

 processing obs:  METOP_2_AMSUA_TB
 region:  Global
 No obs:  METOP_2_AMSUA_TB  in region:  Global  at this time.
 region:  NH
 No obs:  METOP_2_AMSUA_TB  in region:  NH  at this time.
 region:  SH
 No obs:  METOP_2_AMSUA_TB  in region:  SH  at this time.
 region:  TR
 No obs:  METOP_2_AMSUA_TB  in region:  TR  at this time.

 processing obs:  VADWND_U_WIND_COMPONENT
 region:  Global
 No obs:  VADWND_U_WIND_COMPONENT  in region:  Global  at this time.
 region:  NH
 No obs:  VADWND_U_WIND_COMPONENT  in region:  NH  at this time.
 region:  SH
 No obs:  VADWND_U_WIND_COMPONENT  in region:  SH  at this time.
 region:  TR
 No obs:  VADWND_U_WIND_COMPONENT  in region:  TR  at this time.

 processing obs:  VADWND_V_WIND_COMPONENT
 region:  Global
 No obs:  VADWND_V_WIND_COMPONENT  in region:  Global  at this time.
 region:  NH
 No obs:  VADWND_V_WIND_COMPONENT  in region:  NH  at this time.
 region:  SH
 No obs:  VADWND_V_WIND_COMPONENT  in region:  SH  at this time.
 region:  TR
 No obs:  VADWND_V_WIND_COMPONENT  in region:  TR  at this time.

 processing obs:  LAND_SFC_PRESSURE
 region:  Global
 No obs:  LAND_SFC_PRESSURE  in region:  Global  at this time.
 region:  NH
 No obs:  LAND_SFC_PRESSURE  in region:  NH  at this time.
 region:  SH
 No obs:  LAND_SFC_PRESSURE  in region:  SH  at this time.
 region:  TR
 No obs:  LAND_SFC_PRESSURE  in region:  TR  at this time.

 processing obs:  MARINE_SFC_PRESSURE
 region:  Global
 No obs:  MARINE_SFC_PRESSURE  in region:  Global  at this time.
 region:  NH
 No obs:  MARINE_SFC_PRESSURE  in region:  NH  at this time.
 region:  SH
 No obs:  MARINE_SFC_PRESSURE  in region:  SH  at this time.
 region:  TR
 No obs:  MARINE_SFC_PRESSURE  in region:  TR  at this time.
Save assimilated: Global
Save assimilated: SH
Save assimilated: NH
Save assimilated: TR

 2024-03-25 13:47:13.624279
Execution Time:  0:00:11.090597

 -------------------- END ------------------- 

	Command being timed: "/work/cmcc/mg20022/.conda/envs/guatura/bin/python ./quick_spreads_diag.py"
	User time (seconds): 8.64
	System time (seconds): 2.52
	Percent of CPU this job got: 84%
	Elapsed (wall clock) time (h:mm:ss or m:ss): 0:13.22
	Average shared text size (kbytes): 0
	Average unshared data size (kbytes): 0
	Average stack size (kbytes): 0
	Average total size (kbytes): 0
	Maximum resident set size (kbytes): 527564
	Average resident set size (kbytes): 0
	Major (requiring I/O) page faults: 0
	Minor (reclaiming a frame) page faults: 62164
	Voluntary context switches: 13222
	Involuntary context switches: 767192
	Swaps: 0
	File system inputs: 0
	File system outputs: 0
	Socket messages sent: 0
	Socket messages received: 0
	Signals delivered: 0
	Page size (bytes): 4096
	Exit status: 0
