STARTING

 2024-03-25 13:47:03.292805

 Computation parameters:
 Experiment name:  arc2
 Start date:  2017-10-03-00000
 End date:  2017-10-03-00000
 Path archive:  /work/cmcc/gc02720/CMCC-CM/archive
 Path experiment:  /work/cmcc/gc02720/CMCC-CM/archive/arc2
 Path save:  /work/cmcc/gc02720/CMCC-CM/basic_diag/arc2/2017-10-03-00000
 Observation to process:  ['RADIOSONDE_U_WIND_COMPONENT', 'RADIOSONDE_V_WIND_COMPONENT', 'RADIOSONDE_TEMPERATURE', 'AIRCRAFT_U_WIND_COMPONENT', 'AIRCRAFT_V_WIND_COMPONENT', 'AIRCRAFT_TEMPERATURE', 'ACARS_U_WIND_COMPONENT', 'ACARS_V_WIND_COMPONENT', 'ACARS_TEMPERATURE', 'SAT_U_WIND_COMPONENT', 'SAT_V_WIND_COMPONENT', 'GPSRO_REFRACTIVITY', 'EOS_2_AMSUA_TB', 'NOAA_15_AMSUA_TB', 'NOAA_16_AMSUA_TB', 'NOAA_17_AMSUA_TB', 'NOAA_18_AMSUA_TB', 'NOAA_19_AMSUA_TB', 'METOP_1_AMSUA_TB', 'METOP_2_AMSUA_TB', 'VADWND_U_WIND_COMPONENT', 'VADWND_V_WIND_COMPONENT', 'LAND_SFC_PRESSURE', 'MARINE_SFC_PRESSURE']
 Reference levels:  (1014, 950, 900, 850, 800, 750, 700, 650, 600, 550, 500, 450, 400, 350, 300, 250, 200, 150, 90, 50, 25, 10, 5, 2.5, 1)

 Successfully created the directory /work/cmcc/gc02720/CMCC-CM/basic_diag/arc2/2017-10-03-00000 
 Center layers:  [982.0, 925.0, 875.0, 825.0, 775.0, 725.0, 675.0, 625.0, 575.0, 525.0, 475.0, 425.0, 375.0, 325.0, 275.0, 225.0, 175.0, 120.0, 70.0, 37.5, 17.5, 7.5, 3.75, 1.75]

 Start the computation...

 dir to process:  ['arc2-2017-10-03-00000']

 dir:  /work/cmcc/gc02720/CMCC-CM/archive/arc2/arc2-2017-10-03-00000
 dir number  1  out of  1
 listdb=  ['/work/cmcc/gc02720/CMCC-CM/archive/arc2/arc2-2017-10-03-00000/arc2.spreads.ARC.1.2017-10-03-00000.db', '/work/cmcc/gc02720/CMCC-CM/archive/arc2/arc2-2017-10-03-00000/arc2.spreads.ARC.2.2017-10-03-00000.db', '/work/cmcc/gc02720/CMCC-CM/archive/arc2/arc2-2017-10-03-00000/arc2.spreads.ARC.3.2017-10-03-00000.db']
 listdb len=  3
 maskdb=  [1, 1, 1]
 maskdb len=  3
 loading info from:  /work/cmcc/gc02720/CMCC-CM/archive/arc2/arc2-2017-10-03-00000/arc2.spreads.ARC.1.2017-10-03-00000.db
 loading info from:  /work/cmcc/gc02720/CMCC-CM/archive/arc2/arc2-2017-10-03-00000/arc2.spreads.ARC.2.2017-10-03-00000.db
 loading info from:  /work/cmcc/gc02720/CMCC-CM/archive/arc2/arc2-2017-10-03-00000/arc2.spreads.ARC.3.2017-10-03-00000.db

 processing obs:  RADIOSONDE_U_WIND_COMPONENT
 region:  Global
 No obs:  RADIOSONDE_U_WIND_COMPONENT  in region:  Global  at this time.
 region:  NH
 No obs:  RADIOSONDE_U_WIND_COMPONENT  in region:  NH  at this time.
 region:  SH
 No obs:  RADIOSONDE_U_WIND_COMPONENT  in region:  SH  at this time.
 region:  TR
 No obs:  RADIOSONDE_U_WIND_COMPONENT  in region:  TR  at this time.

 processing obs:  RADIOSONDE_V_WIND_COMPONENT
 region:  Global
 No obs:  RADIOSONDE_V_WIND_COMPONENT  in region:  Global  at this time.
 region:  NH
 No obs:  RADIOSONDE_V_WIND_COMPONENT  in region:  NH  at this time.
 region:  SH
 No obs:  RADIOSONDE_V_WIND_COMPONENT  in region:  SH  at this time.
 region:  TR
 No obs:  RADIOSONDE_V_WIND_COMPONENT  in region:  TR  at this time.

 processing obs:  RADIOSONDE_TEMPERATURE
 region:  Global
 No obs:  RADIOSONDE_TEMPERATURE  in region:  Global  at this time.
 region:  NH
 No obs:  RADIOSONDE_TEMPERATURE  in region:  NH  at this time.
 region:  SH
 No obs:  RADIOSONDE_TEMPERATURE  in region:  SH  at this time.
 region:  TR
 No obs:  RADIOSONDE_TEMPERATURE  in region:  TR  at this time.

 processing obs:  AIRCRAFT_U_WIND_COMPONENT
 region:  Global
0      -2.455429
1       0.656690
2      -3.513013
3      -1.274553
4       3.160437
          ...   
3887    0.904407
3888    0.671923
3889    0.658307
3890   -1.118344
3891   -0.981570
Name: obs-prior, Length: 3892, dtype: float64
0      -2.455429
1       0.656690
2      -3.513013
3      -1.274553
4       3.160437
          ...   
3887    0.904407
3888    0.671923
3889    0.658307
3890   -1.118344
3891   -0.981570
Name: obs-prior, Length: 3892, dtype: float64
0      -2.455429
1       0.656690
2      -3.513013
3      -1.274553
4       3.160437
          ...   
3887    0.904407
3888    0.671923
3889    0.658307
3890   -1.118344
3891   -0.981570
Name: obs-prior, Length: 3892, dtype: float64
0      -2.455429
1       0.656690
2      -3.513013
3      -1.274553
4       3.160437
          ...   
3887    0.904407
3888    0.671923
3889    0.658307
3890   -1.118344
3891   -0.981570
Name: obs-prior, Length: 3892, dtype: float64
0      -2.455429
1       0.656690
2      -3.513013
3      -1.274553
4       3.160437
          ...   
3887    0.904407
3888    0.671923
3889    0.658307
3890   -1.118344
3891   -0.981570
Name: obs-prior, Length: 3892, dtype: float64
0      -2.455429
1       0.656690
2      -3.513013
3      -1.274553
4       3.160437
          ...   
3887    0.904407
3888    0.671923
3889    0.658307
3890   -1.118344
3891   -0.981570
Name: obs-prior, Length: 3892, dtype: float64
0      -2.455429
1       0.656690
2      -3.513013
3      -1.274553
4       3.160437
          ...   
3887    0.904407
3888    0.671923
3889    0.658307
3890   -1.118344
3891   -0.981570
Name: obs-prior, Length: 3892, dtype: float64
0      -2.455429
1       0.656690
2      -3.513013
3      -1.274553
4       3.160437
          ...   
3887    0.904407
3888    0.671923
3889    0.658307
3890   -1.118344
3891   -0.981570
Name: obs-prior, Length: 3892, dtype: float64
0      -2.455429
1       0.656690
2      -3.513013
3      -1.274553
4       3.160437
          ...   
3887    0.904407
3888    0.671923
3889    0.658307
3890   -1.118344
3891   -0.981570
Name: obs-prior, Length: 3892, dtype: float64
0      -2.455429
1       0.656690
2      -3.513013
3      -1.274553
4       3.160437
          ...   
3887    0.904407
3888    0.671923
3889    0.658307
3890   -1.118344
3891   -0.981570
Name: obs-prior, Length: 3892, dtype: float64
0      -2.455429
1       0.656690
2      -3.513013
3      -1.274553
4       3.160437
          ...   
3887    0.904407
3888    0.671923
3889    0.658307
3890   -1.118344
3891   -0.981570
Name: obs-prior, Length: 3892, dtype: float64
0      -2.455429
1       0.656690
2      -3.513013
3      -1.274553
4       3.160437
          ...   
3887    0.904407
3888    0.671923
3889    0.658307
3890   -1.118344
3891   -0.981570
Name: obs-prior, Length: 3892, dtype: float64
0      -2.455429
1       0.656690
2      -3.513013
3      -1.274553
4       3.160437
          ...   
3887    0.904407
3888    0.671923
3889    0.658307
3890   -1.118344
3891   -0.981570
Name: obs-prior, Length: 3892, dtype: float64
0      -2.455429
1       0.656690
2      -3.513013
3      -1.274553
4       3.160437
          ...   
3887    0.904407
3888    0.671923
3889    0.658307
3890   -1.118344
3891   -0.981570
Name: obs-prior, Length: 3892, dtype: float64
0      -2.455429
1       0.656690
2      -3.513013
3      -1.274553
4       3.160437
          ...   
3887    0.904407
3888    0.671923
3889    0.658307
3890   -1.118344
3891   -0.981570
Name: obs-prior, Length: 3892, dtype: float64
0      -2.455429
1       0.656690
2      -3.513013
3      -1.274553
4       3.160437
          ...   
3887    0.904407
3888    0.671923
3889    0.658307
3890   -1.118344
3891   -0.981570
Name: obs-prior, Length: 3892, dtype: float64
0      -2.455429
1       0.656690
2      -3.513013
3      -1.274553
4       3.160437
          ...   
3887    0.904407
3888    0.671923
3889    0.658307
3890   -1.118344
3891   -0.981570
Name: obs-prior, Length: 3892, dtype: float64
0      -2.455429
1       0.656690
2      -3.513013
3      -1.274553
4       3.160437
          ...   
3887    0.904407
3888    0.671923
3889    0.658307
3890   -1.118344
3891   -0.981570
Name: obs-prior, Length: 3892, dtype: float64
 region:  NH
0      -2.455429
1      -1.274553
2       0.857759
3      -1.779428
4       0.741889
          ...   
1968    3.313943
1969   -0.700557
1970    0.904407
1971   -1.118344
1972   -0.981570
Name: obs-prior, Length: 1973, dtype: float64
0      -2.455429
1      -1.274553
2       0.857759
3      -1.779428
4       0.741889
          ...   
1968    3.313943
1969   -0.700557
1970    0.904407
1971   -1.118344
1972   -0.981570
Name: obs-prior, Length: 1973, dtype: float64
0      -2.455429
1      -1.274553
2       0.857759
3      -1.779428
4       0.741889
          ...   
1968    3.313943
1969   -0.700557
1970    0.904407
1971   -1.118344
1972   -0.981570
Name: obs-prior, Length: 1973, dtype: float64
0      -2.455429
1      -1.274553
2       0.857759
3      -1.779428
4       0.741889
          ...   
1968    3.313943
1969   -0.700557
1970    0.904407
1971   -1.118344
1972   -0.981570
Name: obs-prior, Length: 1973, dtype: float64
0      -2.455429
1      -1.274553
2       0.857759
3      -1.779428
4       0.741889
          ...   
1968    3.313943
1969   -0.700557
1970    0.904407
1971   -1.118344
1972   -0.981570
Name: obs-prior, Length: 1973, dtype: float64
0      -2.455429
1      -1.274553
2       0.857759
3      -1.779428
4       0.741889
          ...   
1968    3.313943
1969   -0.700557
1970    0.904407
1971   -1.118344
1972   -0.981570
Name: obs-prior, Length: 1973, dtype: float64
0      -2.455429
1      -1.274553
2       0.857759
3      -1.779428
4       0.741889
          ...   
1968    3.313943
1969   -0.700557
1970    0.904407
1971   -1.118344
1972   -0.981570
Name: obs-prior, Length: 1973, dtype: float64
0      -2.455429
1      -1.274553
2       0.857759
3      -1.779428
4       0.741889
          ...   
1968    3.313943
1969   -0.700557
1970    0.904407
1971   -1.118344
1972   -0.981570
Name: obs-prior, Length: 1973, dtype: float64
0      -2.455429
1      -1.274553
2       0.857759
3      -1.779428
4       0.741889
          ...   
1968    3.313943
1969   -0.700557
1970    0.904407
1971   -1.118344
1972   -0.981570
Name: obs-prior, Length: 1973, dtype: float64
0      -2.455429
1      -1.274553
2       0.857759
3      -1.779428
4       0.741889
          ...   
1968    3.313943
1969   -0.700557
1970    0.904407
1971   -1.118344
1972   -0.981570
Name: obs-prior, Length: 1973, dtype: float64
0      -2.455429
1      -1.274553
2       0.857759
3      -1.779428
4       0.741889
          ...   
1968    3.313943
1969   -0.700557
1970    0.904407
1971   -1.118344
1972   -0.981570
Name: obs-prior, Length: 1973, dtype: float64
0      -2.455429
1      -1.274553
2       0.857759
3      -1.779428
4       0.741889
          ...   
1968    3.313943
1969   -0.700557
1970    0.904407
1971   -1.118344
1972   -0.981570
Name: obs-prior, Length: 1973, dtype: float64
0      -2.455429
1      -1.274553
2       0.857759
3      -1.779428
4       0.741889
          ...   
1968    3.313943
1969   -0.700557
1970    0.904407
1971   -1.118344
1972   -0.981570
Name: obs-prior, Length: 1973, dtype: float64
0      -2.455429
1      -1.274553
2       0.857759
3      -1.779428
4       0.741889
          ...   
1968    3.313943
1969   -0.700557
1970    0.904407
1971   -1.118344
1972   -0.981570
Name: obs-prior, Length: 1973, dtype: float64
0      -2.455429
1      -1.274553
2       0.857759
3      -1.779428
4       0.741889
          ...   
1968    3.313943
1969   -0.700557
1970    0.904407
1971   -1.118344
1972   -0.981570
Name: obs-prior, Length: 1973, dtype: float64
0      -2.455429
1      -1.274553
2       0.857759
3      -1.779428
4       0.741889
          ...   
1968    3.313943
1969   -0.700557
1970    0.904407
1971   -1.118344
1972   -0.981570
Name: obs-prior, Length: 1973, dtype: float64
0      -2.455429
1      -1.274553
2       0.857759
3      -1.779428
4       0.741889
          ...   
1968    3.313943
1969   -0.700557
1970    0.904407
1971   -1.118344
1972   -0.981570
Name: obs-prior, Length: 1973, dtype: float64
0      -2.455429
1      -1.274553
2       0.857759
3      -1.779428
4       0.741889
          ...   
1968    3.313943
1969   -0.700557
1970    0.904407
1971   -1.118344
1972   -0.981570
Name: obs-prior, Length: 1973, dtype: float64
 region:  SH
0     -3.896870
1     -1.491483
2     -1.231528
3      1.287311
4     -0.819526
         ...   
721    0.140894
722    0.115946
723    1.786249
724   -1.167177
725    1.583063
Name: obs-prior, Length: 726, dtype: float64
0     -3.896870
1     -1.491483
2     -1.231528
3      1.287311
4     -0.819526
         ...   
721    0.140894
722    0.115946
723    1.786249
724   -1.167177
725    1.583063
Name: obs-prior, Length: 726, dtype: float64
0     -3.896870
1     -1.491483
2     -1.231528
3      1.287311
4     -0.819526
         ...   
721    0.140894
722    0.115946
723    1.786249
724   -1.167177
725    1.583063
Name: obs-prior, Length: 726, dtype: float64
0     -3.896870
1     -1.491483
2     -1.231528
3      1.287311
4     -0.819526
         ...   
721    0.140894
722    0.115946
723    1.786249
724   -1.167177
725    1.583063
Name: obs-prior, Length: 726, dtype: float64
0     -3.896870
1     -1.491483
2     -1.231528
3      1.287311
4     -0.819526
         ...   
721    0.140894
722    0.115946
723    1.786249
724   -1.167177
725    1.583063
Name: obs-prior, Length: 726, dtype: float64
0     -3.896870
1     -1.491483
2     -1.231528
3      1.287311
4     -0.819526
         ...   
721    0.140894
722    0.115946
723    1.786249
724   -1.167177
725    1.583063
Name: obs-prior, Length: 726, dtype: float64
0     -3.896870
1     -1.491483
2     -1.231528
3      1.287311
4     -0.819526
         ...   
721    0.140894
722    0.115946
723    1.786249
724   -1.167177
725    1.583063
Name: obs-prior, Length: 726, dtype: float64
0     -3.896870
1     -1.491483
2     -1.231528
3      1.287311
4     -0.819526
         ...   
721    0.140894
722    0.115946
723    1.786249
724   -1.167177
725    1.583063
Name: obs-prior, Length: 726, dtype: float64
0     -3.896870
1     -1.491483
2     -1.231528
3      1.287311
4     -0.819526
         ...   
721    0.140894
722    0.115946
723    1.786249
724   -1.167177
725    1.583063
Name: obs-prior, Length: 726, dtype: float64
0     -3.896870
1     -1.491483
2     -1.231528
3      1.287311
4     -0.819526
         ...   
721    0.140894
722    0.115946
723    1.786249
724   -1.167177
725    1.583063
Name: obs-prior, Length: 726, dtype: float64
0     -3.896870
1     -1.491483
2     -1.231528
3      1.287311
4     -0.819526
         ...   
721    0.140894
722    0.115946
723    1.786249
724   -1.167177
725    1.583063
Name: obs-prior, Length: 726, dtype: float64
0     -3.896870
1     -1.491483
2     -1.231528
3      1.287311
4     -0.819526
         ...   
721    0.140894
722    0.115946
723    1.786249
724   -1.167177
725    1.583063
Name: obs-prior, Length: 726, dtype: float64
0     -3.896870
1     -1.491483
2     -1.231528
3      1.287311
4     -0.819526
         ...   
721    0.140894
722    0.115946
723    1.786249
724   -1.167177
725    1.583063
Name: obs-prior, Length: 726, dtype: float64
0     -3.896870
1     -1.491483
2     -1.231528
3      1.287311
4     -0.819526
         ...   
721    0.140894
722    0.115946
723    1.786249
724   -1.167177
725    1.583063
Name: obs-prior, Length: 726, dtype: float64
0     -3.896870
1     -1.491483
2     -1.231528
3      1.287311
4     -0.819526
         ...   
721    0.140894
722    0.115946
723    1.786249
724   -1.167177
725    1.583063
Name: obs-prior, Length: 726, dtype: float64
0     -3.896870
1     -1.491483
2     -1.231528
3      1.287311
4     -0.819526
         ...   
721    0.140894
722    0.115946
723    1.786249
724   -1.167177
725    1.583063
Name: obs-prior, Length: 726, dtype: float64
0     -3.896870
1     -1.491483
2     -1.231528
3      1.287311
4     -0.819526
         ...   
721    0.140894
722    0.115946
723    1.786249
724   -1.167177
725    1.583063
Name: obs-prior, Length: 726, dtype: float64
 region:  TR
0       0.656690
1      -3.513013
2       3.160437
3       0.638515
4      -1.844949
          ...   
1188    0.694086
1189    0.714059
1190   -0.281194
1191    0.671923
1192    0.658307
Name: obs-prior, Length: 1193, dtype: float64
0       0.656690
1      -3.513013
2       3.160437
3       0.638515
4      -1.844949
          ...   
1188    0.694086
1189    0.714059
1190   -0.281194
1191    0.671923
1192    0.658307
Name: obs-prior, Length: 1193, dtype: float64
0       0.656690
1      -3.513013
2       3.160437
3       0.638515
4      -1.844949
          ...   
1188    0.694086
1189    0.714059
1190   -0.281194
1191    0.671923
1192    0.658307
Name: obs-prior, Length: 1193, dtype: float64
0       0.656690
1      -3.513013
2       3.160437
3       0.638515
4      -1.844949
          ...   
1188    0.694086
1189    0.714059
1190   -0.281194
1191    0.671923
1192    0.658307
Name: obs-prior, Length: 1193, dtype: float64
0       0.656690
1      -3.513013
2       3.160437
3       0.638515
4      -1.844949
          ...   
1188    0.694086
1189    0.714059
1190   -0.281194
1191    0.671923
1192    0.658307
Name: obs-prior, Length: 1193, dtype: float64
0       0.656690
1      -3.513013
2       3.160437
3       0.638515
4      -1.844949
          ...   
1188    0.694086
1189    0.714059
1190   -0.281194
1191    0.671923
1192    0.658307
Name: obs-prior, Length: 1193, dtype: float64
0       0.656690
1      -3.513013
2       3.160437
3       0.638515
4      -1.844949
          ...   
1188    0.694086
1189    0.714059
1190   -0.281194
1191    0.671923
1192    0.658307
Name: obs-prior, Length: 1193, dtype: float64
0       0.656690
1      -3.513013
2       3.160437
3       0.638515
4      -1.844949
          ...   
1188    0.694086
1189    0.714059
1190   -0.281194
1191    0.671923
1192    0.658307
Name: obs-prior, Length: 1193, dtype: float64
0       0.656690
1      -3.513013
2       3.160437
3       0.638515
4      -1.844949
          ...   
1188    0.694086
1189    0.714059
1190   -0.281194
1191    0.671923
1192    0.658307
Name: obs-prior, Length: 1193, dtype: float64
0       0.656690
1      -3.513013
2       3.160437
3       0.638515
4      -1.844949
          ...   
1188    0.694086
1189    0.714059
1190   -0.281194
1191    0.671923
1192    0.658307
Name: obs-prior, Length: 1193, dtype: float64
0       0.656690
1      -3.513013
2       3.160437
3       0.638515
4      -1.844949
          ...   
1188    0.694086
1189    0.714059
1190   -0.281194
1191    0.671923
1192    0.658307
Name: obs-prior, Length: 1193, dtype: float64
0       0.656690
1      -3.513013
2       3.160437
3       0.638515
4      -1.844949
          ...   
1188    0.694086
1189    0.714059
1190   -0.281194
1191    0.671923
1192    0.658307
Name: obs-prior, Length: 1193, dtype: float64
0       0.656690
1      -3.513013
2       3.160437
3       0.638515
4      -1.844949
          ...   
1188    0.694086
1189    0.714059
1190   -0.281194
1191    0.671923
1192    0.658307
Name: obs-prior, Length: 1193, dtype: float64
0       0.656690
1      -3.513013
2       3.160437
3       0.638515
4      -1.844949
          ...   
1188    0.694086
1189    0.714059
1190   -0.281194
1191    0.671923
1192    0.658307
Name: obs-prior, Length: 1193, dtype: float64
0       0.656690
1      -3.513013
2       3.160437
3       0.638515
4      -1.844949
          ...   
1188    0.694086
1189    0.714059
1190   -0.281194
1191    0.671923
1192    0.658307
Name: obs-prior, Length: 1193, dtype: float64
0       0.656690
1      -3.513013
2       3.160437
3       0.638515
4      -1.844949
          ...   
1188    0.694086
1189    0.714059
1190   -0.281194
1191    0.671923
1192    0.658307
Name: obs-prior, Length: 1193, dtype: float64
0       0.656690
1      -3.513013
2       3.160437
3       0.638515
4      -1.844949
          ...   
1188    0.694086
1189    0.714059
1190   -0.281194
1191    0.671923
1192    0.658307
Name: obs-prior, Length: 1193, dtype: float64

 processing obs:  AIRCRAFT_V_WIND_COMPONENT
 region:  Global
0       1.484622
1      -0.323496
2       2.090195
3       1.791855
4      -1.571158
          ...   
3577    1.200031
3578    0.487689
3579   -0.719199
3580   -0.820787
3581   -2.993962
Name: obs-prior, Length: 3582, dtype: float64
0       1.484622
1      -0.323496
2       2.090195
3       1.791855
4      -1.571158
          ...   
3577    1.200031
3578    0.487689
3579   -0.719199
3580   -0.820787
3581   -2.993962
Name: obs-prior, Length: 3582, dtype: float64
0       1.484622
1      -0.323496
2       2.090195
3       1.791855
4      -1.571158
          ...   
3577    1.200031
3578    0.487689
3579   -0.719199
3580   -0.820787
3581   -2.993962
Name: obs-prior, Length: 3582, dtype: float64
0       1.484622
1      -0.323496
2       2.090195
3       1.791855
4      -1.571158
          ...   
3577    1.200031
3578    0.487689
3579   -0.719199
3580   -0.820787
3581   -2.993962
Name: obs-prior, Length: 3582, dtype: float64
0       1.484622
1      -0.323496
2       2.090195
3       1.791855
4      -1.571158
          ...   
3577    1.200031
3578    0.487689
3579   -0.719199
3580   -0.820787
3581   -2.993962
Name: obs-prior, Length: 3582, dtype: float64
0       1.484622
1      -0.323496
2       2.090195
3       1.791855
4      -1.571158
          ...   
3577    1.200031
3578    0.487689
3579   -0.719199
3580   -0.820787
3581   -2.993962
Name: obs-prior, Length: 3582, dtype: float64
0       1.484622
1      -0.323496
2       2.090195
3       1.791855
4      -1.571158
          ...   
3577    1.200031
3578    0.487689
3579   -0.719199
3580   -0.820787
3581   -2.993962
Name: obs-prior, Length: 3582, dtype: float64
0       1.484622
1      -0.323496
2       2.090195
3       1.791855
4      -1.571158
          ...   
3577    1.200031
3578    0.487689
3579   -0.719199
3580   -0.820787
3581   -2.993962
Name: obs-prior, Length: 3582, dtype: float64
0       1.484622
1      -0.323496
2       2.090195
3       1.791855
4      -1.571158
          ...   
3577    1.200031
3578    0.487689
3579   -0.719199
3580   -0.820787
3581   -2.993962
Name: obs-prior, Length: 3582, dtype: float64
0       1.484622
1      -0.323496
2       2.090195
3       1.791855
4      -1.571158
          ...   
3577    1.200031
3578    0.487689
3579   -0.719199
3580   -0.820787
3581   -2.993962
Name: obs-prior, Length: 3582, dtype: float64
0       1.484622
1      -0.323496
2       2.090195
3       1.791855
4      -1.571158
          ...   
3577    1.200031
3578    0.487689
3579   -0.719199
3580   -0.820787
3581   -2.993962
Name: obs-prior, Length: 3582, dtype: float64
0       1.484622
1      -0.323496
2       2.090195
3       1.791855
4      -1.571158
          ...   
3577    1.200031
3578    0.487689
3579   -0.719199
3580   -0.820787
3581   -2.993962
Name: obs-prior, Length: 3582, dtype: float64
0       1.484622
1      -0.323496
2       2.090195
3       1.791855
4      -1.571158
          ...   
3577    1.200031
3578    0.487689
3579   -0.719199
3580   -0.820787
3581   -2.993962
Name: obs-prior, Length: 3582, dtype: float64
0       1.484622
1      -0.323496
2       2.090195
3       1.791855
4      -1.571158
          ...   
3577    1.200031
3578    0.487689
3579   -0.719199
3580   -0.820787
3581   -2.993962
Name: obs-prior, Length: 3582, dtype: float64
0       1.484622
1      -0.323496
2       2.090195
3       1.791855
4      -1.571158
          ...   
3577    1.200031
3578    0.487689
3579   -0.719199
3580   -0.820787
3581   -2.993962
Name: obs-prior, Length: 3582, dtype: float64
0       1.484622
1      -0.323496
2       2.090195
3       1.791855
4      -1.571158
          ...   
3577    1.200031
3578    0.487689
3579   -0.719199
3580   -0.820787
3581   -2.993962
Name: obs-prior, Length: 3582, dtype: float64
0       1.484622
1      -0.323496
2       2.090195
3       1.791855
4      -1.571158
          ...   
3577    1.200031
3578    0.487689
3579   -0.719199
3580   -0.820787
3581   -2.993962
Name: obs-prior, Length: 3582, dtype: float64
0       1.484622
1      -0.323496
2       2.090195
3       1.791855
4      -1.571158
          ...   
3577    1.200031
3578    0.487689
3579   -0.719199
3580   -0.820787
3581   -2.993962
Name: obs-prior, Length: 3582, dtype: float64
 region:  NH
0      -0.323496
1      -0.573821
2      -2.482957
3       0.600359
4       1.373007
          ...   
1814   -2.214696
1815   -1.383036
1816    1.200031
1817    0.487689
1818   -2.993962
Name: obs-prior, Length: 1819, dtype: float64
0      -0.323496
1      -0.573821
2      -2.482957
3       0.600359
4       1.373007
          ...   
1814   -2.214696
1815   -1.383036
1816    1.200031
1817    0.487689
1818   -2.993962
Name: obs-prior, Length: 1819, dtype: float64
0      -0.323496
1      -0.573821
2      -2.482957
3       0.600359
4       1.373007
          ...   
1814   -2.214696
1815   -1.383036
1816    1.200031
1817    0.487689
1818   -2.993962
Name: obs-prior, Length: 1819, dtype: float64
0      -0.323496
1      -0.573821
2      -2.482957
3       0.600359
4       1.373007
          ...   
1814   -2.214696
1815   -1.383036
1816    1.200031
1817    0.487689
1818   -2.993962
Name: obs-prior, Length: 1819, dtype: float64
0      -0.323496
1      -0.573821
2      -2.482957
3       0.600359
4       1.373007
          ...   
1814   -2.214696
1815   -1.383036
1816    1.200031
1817    0.487689
1818   -2.993962
Name: obs-prior, Length: 1819, dtype: float64
0      -0.323496
1      -0.573821
2      -2.482957
3       0.600359
4       1.373007
          ...   
1814   -2.214696
1815   -1.383036
1816    1.200031
1817    0.487689
1818   -2.993962
Name: obs-prior, Length: 1819, dtype: float64
0      -0.323496
1      -0.573821
2      -2.482957
3       0.600359
4       1.373007
          ...   
1814   -2.214696
1815   -1.383036
1816    1.200031
1817    0.487689
1818   -2.993962
Name: obs-prior, Length: 1819, dtype: float64
0      -0.323496
1      -0.573821
2      -2.482957
3       0.600359
4       1.373007
          ...   
1814   -2.214696
1815   -1.383036
1816    1.200031
1817    0.487689
1818   -2.993962
Name: obs-prior, Length: 1819, dtype: float64
0      -0.323496
1      -0.573821
2      -2.482957
3       0.600359
4       1.373007
          ...   
1814   -2.214696
1815   -1.383036
1816    1.200031
1817    0.487689
1818   -2.993962
Name: obs-prior, Length: 1819, dtype: float64
0      -0.323496
1      -0.573821
2      -2.482957
3       0.600359
4       1.373007
          ...   
1814   -2.214696
1815   -1.383036
1816    1.200031
1817    0.487689
1818   -2.993962
Name: obs-prior, Length: 1819, dtype: float64
0      -0.323496
1      -0.573821
2      -2.482957
3       0.600359
4       1.373007
          ...   
1814   -2.214696
1815   -1.383036
1816    1.200031
1817    0.487689
1818   -2.993962
Name: obs-prior, Length: 1819, dtype: float64
0      -0.323496
1      -0.573821
2      -2.482957
3       0.600359
4       1.373007
          ...   
1814   -2.214696
1815   -1.383036
1816    1.200031
1817    0.487689
1818   -2.993962
Name: obs-prior, Length: 1819, dtype: float64
0      -0.323496
1      -0.573821
2      -2.482957
3       0.600359
4       1.373007
          ...   
1814   -2.214696
1815   -1.383036
1816    1.200031
1817    0.487689
1818   -2.993962
Name: obs-prior, Length: 1819, dtype: float64
0      -0.323496
1      -0.573821
2      -2.482957
3       0.600359
4       1.373007
          ...   
1814   -2.214696
1815   -1.383036
1816    1.200031
1817    0.487689
1818   -2.993962
Name: obs-prior, Length: 1819, dtype: float64
0      -0.323496
1      -0.573821
2      -2.482957
3       0.600359
4       1.373007
          ...   
1814   -2.214696
1815   -1.383036
1816    1.200031
1817    0.487689
1818   -2.993962
Name: obs-prior, Length: 1819, dtype: float64
0      -0.323496
1      -0.573821
2      -2.482957
3       0.600359
4       1.373007
          ...   
1814   -2.214696
1815   -1.383036
1816    1.200031
1817    0.487689
1818   -2.993962
Name: obs-prior, Length: 1819, dtype: float64
0      -0.323496
1      -0.573821
2      -2.482957
3       0.600359
4       1.373007
          ...   
1814   -2.214696
1815   -1.383036
1816    1.200031
1817    0.487689
1818   -2.993962
Name: obs-prior, Length: 1819, dtype: float64
0      -0.323496
1      -0.573821
2      -2.482957
3       0.600359
4       1.373007
          ...   
1814   -2.214696
1815   -1.383036
1816    1.200031
1817    0.487689
1818   -2.993962
Name: obs-prior, Length: 1819, dtype: float64
 region:  SH
0     -0.930914
1      1.493161
2      2.467836
3     -1.303820
4      1.298927
         ...   
666    2.465907
667   -1.087109
668    1.474630
669   -0.087728
670   -2.557954
Name: obs-prior, Length: 671, dtype: float64
0     -0.930914
1      1.493161
2      2.467836
3     -1.303820
4      1.298927
         ...   
666    2.465907
667   -1.087109
668    1.474630
669   -0.087728
670   -2.557954
Name: obs-prior, Length: 671, dtype: float64
0     -0.930914
1      1.493161
2      2.467836
3     -1.303820
4      1.298927
         ...   
666    2.465907
667   -1.087109
668    1.474630
669   -0.087728
670   -2.557954
Name: obs-prior, Length: 671, dtype: float64
0     -0.930914
1      1.493161
2      2.467836
3     -1.303820
4      1.298927
         ...   
666    2.465907
667   -1.087109
668    1.474630
669   -0.087728
670   -2.557954
Name: obs-prior, Length: 671, dtype: float64
0     -0.930914
1      1.493161
2      2.467836
3     -1.303820
4      1.298927
         ...   
666    2.465907
667   -1.087109
668    1.474630
669   -0.087728
670   -2.557954
Name: obs-prior, Length: 671, dtype: float64
0     -0.930914
1      1.493161
2      2.467836
3     -1.303820
4      1.298927
         ...   
666    2.465907
667   -1.087109
668    1.474630
669   -0.087728
670   -2.557954
Name: obs-prior, Length: 671, dtype: float64
0     -0.930914
1      1.493161
2      2.467836
3     -1.303820
4      1.298927
         ...   
666    2.465907
667   -1.087109
668    1.474630
669   -0.087728
670   -2.557954
Name: obs-prior, Length: 671, dtype: float64
0     -0.930914
1      1.493161
2      2.467836
3     -1.303820
4      1.298927
         ...   
666    2.465907
667   -1.087109
668    1.474630
669   -0.087728
670   -2.557954
Name: obs-prior, Length: 671, dtype: float64
0     -0.930914
1      1.493161
2      2.467836
3     -1.303820
4      1.298927
         ...   
666    2.465907
667   -1.087109
668    1.474630
669   -0.087728
670   -2.557954
Name: obs-prior, Length: 671, dtype: float64
0     -0.930914
1      1.493161
2      2.467836
3     -1.303820
4      1.298927
         ...   
666    2.465907
667   -1.087109
668    1.474630
669   -0.087728
670   -2.557954
Name: obs-prior, Length: 671, dtype: float64
0     -0.930914
1      1.493161
2      2.467836
3     -1.303820
4      1.298927
         ...   
666    2.465907
667   -1.087109
668    1.474630
669   -0.087728
670   -2.557954
Name: obs-prior, Length: 671, dtype: float64
0     -0.930914
1      1.493161
2      2.467836
3     -1.303820
4      1.298927
         ...   
666    2.465907
667   -1.087109
668    1.474630
669   -0.087728
670   -2.557954
Name: obs-prior, Length: 671, dtype: float64
0     -0.930914
1      1.493161
2      2.467836
3     -1.303820
4      1.298927
         ...   
666    2.465907
667   -1.087109
668    1.474630
669   -0.087728
670   -2.557954
Name: obs-prior, Length: 671, dtype: float64
0     -0.930914
1      1.493161
2      2.467836
3     -1.303820
4      1.298927
         ...   
666    2.465907
667   -1.087109
668    1.474630
669   -0.087728
670   -2.557954
Name: obs-prior, Length: 671, dtype: float64
0     -0.930914
1      1.493161
2      2.467836
3     -1.303820
4      1.298927
         ...   
666    2.465907
667   -1.087109
668    1.474630
669   -0.087728
670   -2.557954
Name: obs-prior, Length: 671, dtype: float64
0     -0.930914
1      1.493161
2      2.467836
3     -1.303820
4      1.298927
         ...   
666    2.465907
667   -1.087109
668    1.474630
669   -0.087728
670   -2.557954
Name: obs-prior, Length: 671, dtype: float64
0     -0.930914
1      1.493161
2      2.467836
3     -1.303820
4      1.298927
         ...   
666    2.465907
667   -1.087109
668    1.474630
669   -0.087728
670   -2.557954
Name: obs-prior, Length: 671, dtype: float64
 region:  TR
0       1.484622
1       2.090195
2       1.791855
3      -1.571158
4       0.554038
          ...   
1087   -0.894570
1088   -0.315408
1089   -0.208477
1090   -0.719199
1091   -0.820787
Name: obs-prior, Length: 1092, dtype: float64
0       1.484622
1       2.090195
2       1.791855
3      -1.571158
4       0.554038
          ...   
1087   -0.894570
1088   -0.315408
1089   -0.208477
1090   -0.719199
1091   -0.820787
Name: obs-prior, Length: 1092, dtype: float64
0       1.484622
1       2.090195
2       1.791855
3      -1.571158
4       0.554038
          ...   
1087   -0.894570
1088   -0.315408
1089   -0.208477
1090   -0.719199
1091   -0.820787
Name: obs-prior, Length: 1092, dtype: float64
0       1.484622
1       2.090195
2       1.791855
3      -1.571158
4       0.554038
          ...   
1087   -0.894570
1088   -0.315408
1089   -0.208477
1090   -0.719199
1091   -0.820787
Name: obs-prior, Length: 1092, dtype: float64
0       1.484622
1       2.090195
2       1.791855
3      -1.571158
4       0.554038
          ...   
1087   -0.894570
1088   -0.315408
1089   -0.208477
1090   -0.719199
1091   -0.820787
Name: obs-prior, Length: 1092, dtype: float64
0       1.484622
1       2.090195
2       1.791855
3      -1.571158
4       0.554038
          ...   
1087   -0.894570
1088   -0.315408
1089   -0.208477
1090   -0.719199
1091   -0.820787
Name: obs-prior, Length: 1092, dtype: float64
0       1.484622
1       2.090195
2       1.791855
3      -1.571158
4       0.554038
          ...   
1087   -0.894570
1088   -0.315408
1089   -0.208477
1090   -0.719199
1091   -0.820787
Name: obs-prior, Length: 1092, dtype: float64
0       1.484622
1       2.090195
2       1.791855
3      -1.571158
4       0.554038
          ...   
1087   -0.894570
1088   -0.315408
1089   -0.208477
1090   -0.719199
1091   -0.820787
Name: obs-prior, Length: 1092, dtype: float64
0       1.484622
1       2.090195
2       1.791855
3      -1.571158
4       0.554038
          ...   
1087   -0.894570
1088   -0.315408
1089   -0.208477
1090   -0.719199
1091   -0.820787
Name: obs-prior, Length: 1092, dtype: float64
0       1.484622
1       2.090195
2       1.791855
3      -1.571158
4       0.554038
          ...   
1087   -0.894570
1088   -0.315408
1089   -0.208477
1090   -0.719199
1091   -0.820787
Name: obs-prior, Length: 1092, dtype: float64
0       1.484622
1       2.090195
2       1.791855
3      -1.571158
4       0.554038
          ...   
1087   -0.894570
1088   -0.315408
1089   -0.208477
1090   -0.719199
1091   -0.820787
Name: obs-prior, Length: 1092, dtype: float64
0       1.484622
1       2.090195
2       1.791855
3      -1.571158
4       0.554038
          ...   
1087   -0.894570
1088   -0.315408
1089   -0.208477
1090   -0.719199
1091   -0.820787
Name: obs-prior, Length: 1092, dtype: float64
0       1.484622
1       2.090195
2       1.791855
3      -1.571158
4       0.554038
          ...   
1087   -0.894570
1088   -0.315408
1089   -0.208477
1090   -0.719199
1091   -0.820787
Name: obs-prior, Length: 1092, dtype: float64
0       1.484622
1       2.090195
2       1.791855
3      -1.571158
4       0.554038
          ...   
1087   -0.894570
1088   -0.315408
1089   -0.208477
1090   -0.719199
1091   -0.820787
Name: obs-prior, Length: 1092, dtype: float64
0       1.484622
1       2.090195
2       1.791855
3      -1.571158
4       0.554038
          ...   
1087   -0.894570
1088   -0.315408
1089   -0.208477
1090   -0.719199
1091   -0.820787
Name: obs-prior, Length: 1092, dtype: float64
0       1.484622
1       2.090195
2       1.791855
3      -1.571158
4       0.554038
          ...   
1087   -0.894570
1088   -0.315408
1089   -0.208477
1090   -0.719199
1091   -0.820787
Name: obs-prior, Length: 1092, dtype: float64
0       1.484622
1       2.090195
2       1.791855
3      -1.571158
4       0.554038
          ...   
1087   -0.894570
1088   -0.315408
1089   -0.208477
1090   -0.719199
1091   -0.820787
Name: obs-prior, Length: 1092, dtype: float64

 processing obs:  AIRCRAFT_TEMPERATURE
 region:  Global
0      -0.699040
1       0.413315
2       0.856643
3       0.515368
4       0.344926
          ...   
3846   -0.942868
3847   -0.421209
3848    0.834559
3849    1.091327
3850   -0.435685
Name: obs-prior, Length: 3851, dtype: float64
0      -0.699040
1       0.413315
2       0.856643
3       0.515368
4       0.344926
          ...   
3846   -0.942868
3847   -0.421209
3848    0.834559
3849    1.091327
3850   -0.435685
Name: obs-prior, Length: 3851, dtype: float64
0      -0.699040
1       0.413315
2       0.856643
3       0.515368
4       0.344926
          ...   
3846   -0.942868
3847   -0.421209
3848    0.834559
3849    1.091327
3850   -0.435685
Name: obs-prior, Length: 3851, dtype: float64
0      -0.699040
1       0.413315
2       0.856643
3       0.515368
4       0.344926
          ...   
3846   -0.942868
3847   -0.421209
3848    0.834559
3849    1.091327
3850   -0.435685
Name: obs-prior, Length: 3851, dtype: float64
0      -0.699040
1       0.413315
2       0.856643
3       0.515368
4       0.344926
          ...   
3846   -0.942868
3847   -0.421209
3848    0.834559
3849    1.091327
3850   -0.435685
Name: obs-prior, Length: 3851, dtype: float64
0      -0.699040
1       0.413315
2       0.856643
3       0.515368
4       0.344926
          ...   
3846   -0.942868
3847   -0.421209
3848    0.834559
3849    1.091327
3850   -0.435685
Name: obs-prior, Length: 3851, dtype: float64
0      -0.699040
1       0.413315
2       0.856643
3       0.515368
4       0.344926
          ...   
3846   -0.942868
3847   -0.421209
3848    0.834559
3849    1.091327
3850   -0.435685
Name: obs-prior, Length: 3851, dtype: float64
0      -0.699040
1       0.413315
2       0.856643
3       0.515368
4       0.344926
          ...   
3846   -0.942868
3847   -0.421209
3848    0.834559
3849    1.091327
3850   -0.435685
Name: obs-prior, Length: 3851, dtype: float64
0      -0.699040
1       0.413315
2       0.856643
3       0.515368
4       0.344926
          ...   
3846   -0.942868
3847   -0.421209
3848    0.834559
3849    1.091327
3850   -0.435685
Name: obs-prior, Length: 3851, dtype: float64
0      -0.699040
1       0.413315
2       0.856643
3       0.515368
4       0.344926
          ...   
3846   -0.942868
3847   -0.421209
3848    0.834559
3849    1.091327
3850   -0.435685
Name: obs-prior, Length: 3851, dtype: float64
0      -0.699040
1       0.413315
2       0.856643
3       0.515368
4       0.344926
          ...   
3846   -0.942868
3847   -0.421209
3848    0.834559
3849    1.091327
3850   -0.435685
Name: obs-prior, Length: 3851, dtype: float64
0      -0.699040
1       0.413315
2       0.856643
3       0.515368
4       0.344926
          ...   
3846   -0.942868
3847   -0.421209
3848    0.834559
3849    1.091327
3850   -0.435685
Name: obs-prior, Length: 3851, dtype: float64
0      -0.699040
1       0.413315
2       0.856643
3       0.515368
4       0.344926
          ...   
3846   -0.942868
3847   -0.421209
3848    0.834559
3849    1.091327
3850   -0.435685
Name: obs-prior, Length: 3851, dtype: float64
0      -0.699040
1       0.413315
2       0.856643
3       0.515368
4       0.344926
          ...   
3846   -0.942868
3847   -0.421209
3848    0.834559
3849    1.091327
3850   -0.435685
Name: obs-prior, Length: 3851, dtype: float64
0      -0.699040
1       0.413315
2       0.856643
3       0.515368
4       0.344926
          ...   
3846   -0.942868
3847   -0.421209
3848    0.834559
3849    1.091327
3850   -0.435685
Name: obs-prior, Length: 3851, dtype: float64
0      -0.699040
1       0.413315
2       0.856643
3       0.515368
4       0.344926
          ...   
3846   -0.942868
3847   -0.421209
3848    0.834559
3849    1.091327
3850   -0.435685
Name: obs-prior, Length: 3851, dtype: float64
0      -0.699040
1       0.413315
2       0.856643
3       0.515368
4       0.344926
          ...   
3846   -0.942868
3847   -0.421209
3848    0.834559
3849    1.091327
3850   -0.435685
Name: obs-prior, Length: 3851, dtype: float64
0      -0.699040
1       0.413315
2       0.856643
3       0.515368
4       0.344926
          ...   
3846   -0.942868
3847   -0.421209
3848    0.834559
3849    1.091327
3850   -0.435685
Name: obs-prior, Length: 3851, dtype: float64
 region:  NH
0      -0.699040
1       0.786590
2       1.230869
3      -0.061190
4      -0.017549
          ...   
2104    0.740133
2105   -0.140640
2106   -0.667516
2107   -0.942868
2108   -0.421209
Name: obs-prior, Length: 2109, dtype: float64
0      -0.699040
1       0.786590
2       1.230869
3      -0.061190
4      -0.017549
          ...   
2104    0.740133
2105   -0.140640
2106   -0.667516
2107   -0.942868
2108   -0.421209
Name: obs-prior, Length: 2109, dtype: float64
0      -0.699040
1       0.786590
2       1.230869
3      -0.061190
4      -0.017549
          ...   
2104    0.740133
2105   -0.140640
2106   -0.667516
2107   -0.942868
2108   -0.421209
Name: obs-prior, Length: 2109, dtype: float64
0      -0.699040
1       0.786590
2       1.230869
3      -0.061190
4      -0.017549
          ...   
2104    0.740133
2105   -0.140640
2106   -0.667516
2107   -0.942868
2108   -0.421209
Name: obs-prior, Length: 2109, dtype: float64
0      -0.699040
1       0.786590
2       1.230869
3      -0.061190
4      -0.017549
          ...   
2104    0.740133
2105   -0.140640
2106   -0.667516
2107   -0.942868
2108   -0.421209
Name: obs-prior, Length: 2109, dtype: float64
0      -0.699040
1       0.786590
2       1.230869
3      -0.061190
4      -0.017549
          ...   
2104    0.740133
2105   -0.140640
2106   -0.667516
2107   -0.942868
2108   -0.421209
Name: obs-prior, Length: 2109, dtype: float64
0      -0.699040
1       0.786590
2       1.230869
3      -0.061190
4      -0.017549
          ...   
2104    0.740133
2105   -0.140640
2106   -0.667516
2107   -0.942868
2108   -0.421209
Name: obs-prior, Length: 2109, dtype: float64
0      -0.699040
1       0.786590
2       1.230869
3      -0.061190
4      -0.017549
          ...   
2104    0.740133
2105   -0.140640
2106   -0.667516
2107   -0.942868
2108   -0.421209
Name: obs-prior, Length: 2109, dtype: float64
0      -0.699040
1       0.786590
2       1.230869
3      -0.061190
4      -0.017549
          ...   
2104    0.740133
2105   -0.140640
2106   -0.667516
2107   -0.942868
2108   -0.421209
Name: obs-prior, Length: 2109, dtype: float64
0      -0.699040
1       0.786590
2       1.230869
3      -0.061190
4      -0.017549
          ...   
2104    0.740133
2105   -0.140640
2106   -0.667516
2107   -0.942868
2108   -0.421209
Name: obs-prior, Length: 2109, dtype: float64
0      -0.699040
1       0.786590
2       1.230869
3      -0.061190
4      -0.017549
          ...   
2104    0.740133
2105   -0.140640
2106   -0.667516
2107   -0.942868
2108   -0.421209
Name: obs-prior, Length: 2109, dtype: float64
0      -0.699040
1       0.786590
2       1.230869
3      -0.061190
4      -0.017549
          ...   
2104    0.740133
2105   -0.140640
2106   -0.667516
2107   -0.942868
2108   -0.421209
Name: obs-prior, Length: 2109, dtype: float64
0      -0.699040
1       0.786590
2       1.230869
3      -0.061190
4      -0.017549
          ...   
2104    0.740133
2105   -0.140640
2106   -0.667516
2107   -0.942868
2108   -0.421209
Name: obs-prior, Length: 2109, dtype: float64
0      -0.699040
1       0.786590
2       1.230869
3      -0.061190
4      -0.017549
          ...   
2104    0.740133
2105   -0.140640
2106   -0.667516
2107   -0.942868
2108   -0.421209
Name: obs-prior, Length: 2109, dtype: float64
0      -0.699040
1       0.786590
2       1.230869
3      -0.061190
4      -0.017549
          ...   
2104    0.740133
2105   -0.140640
2106   -0.667516
2107   -0.942868
2108   -0.421209
Name: obs-prior, Length: 2109, dtype: float64
0      -0.699040
1       0.786590
2       1.230869
3      -0.061190
4      -0.017549
          ...   
2104    0.740133
2105   -0.140640
2106   -0.667516
2107   -0.942868
2108   -0.421209
Name: obs-prior, Length: 2109, dtype: float64
0      -0.699040
1       0.786590
2       1.230869
3      -0.061190
4      -0.017549
          ...   
2104    0.740133
2105   -0.140640
2106   -0.667516
2107   -0.942868
2108   -0.421209
Name: obs-prior, Length: 2109, dtype: float64
0      -0.699040
1       0.786590
2       1.230869
3      -0.061190
4      -0.017549
          ...   
2104    0.740133
2105   -0.140640
2106   -0.667516
2107   -0.942868
2108   -0.421209
Name: obs-prior, Length: 2109, dtype: float64
 region:  SH
0     -0.771540
1      0.664275
2     -0.704495
3      0.599344
4     -0.024513
         ...   
645   -0.034778
646    0.476609
647   -0.934472
648   -0.267260
649   -0.435685
Name: obs-prior, Length: 650, dtype: float64
0     -0.771540
1      0.664275
2     -0.704495
3      0.599344
4     -0.024513
         ...   
645   -0.034778
646    0.476609
647   -0.934472
648   -0.267260
649   -0.435685
Name: obs-prior, Length: 650, dtype: float64
0     -0.771540
1      0.664275
2     -0.704495
3      0.599344
4     -0.024513
         ...   
645   -0.034778
646    0.476609
647   -0.934472
648   -0.267260
649   -0.435685
Name: obs-prior, Length: 650, dtype: float64
0     -0.771540
1      0.664275
2     -0.704495
3      0.599344
4     -0.024513
         ...   
645   -0.034778
646    0.476609
647   -0.934472
648   -0.267260
649   -0.435685
Name: obs-prior, Length: 650, dtype: float64
0     -0.771540
1      0.664275
2     -0.704495
3      0.599344
4     -0.024513
         ...   
645   -0.034778
646    0.476609
647   -0.934472
648   -0.267260
649   -0.435685
Name: obs-prior, Length: 650, dtype: float64
0     -0.771540
1      0.664275
2     -0.704495
3      0.599344
4     -0.024513
         ...   
645   -0.034778
646    0.476609
647   -0.934472
648   -0.267260
649   -0.435685
Name: obs-prior, Length: 650, dtype: float64
0     -0.771540
1      0.664275
2     -0.704495
3      0.599344
4     -0.024513
         ...   
645   -0.034778
646    0.476609
647   -0.934472
648   -0.267260
649   -0.435685
Name: obs-prior, Length: 650, dtype: float64
0     -0.771540
1      0.664275
2     -0.704495
3      0.599344
4     -0.024513
         ...   
645   -0.034778
646    0.476609
647   -0.934472
648   -0.267260
649   -0.435685
Name: obs-prior, Length: 650, dtype: float64
0     -0.771540
1      0.664275
2     -0.704495
3      0.599344
4     -0.024513
         ...   
645   -0.034778
646    0.476609
647   -0.934472
648   -0.267260
649   -0.435685
Name: obs-prior, Length: 650, dtype: float64
0     -0.771540
1      0.664275
2     -0.704495
3      0.599344
4     -0.024513
         ...   
645   -0.034778
646    0.476609
647   -0.934472
648   -0.267260
649   -0.435685
Name: obs-prior, Length: 650, dtype: float64
0     -0.771540
1      0.664275
2     -0.704495
3      0.599344
4     -0.024513
         ...   
645   -0.034778
646    0.476609
647   -0.934472
648   -0.267260
649   -0.435685
Name: obs-prior, Length: 650, dtype: float64
0     -0.771540
1      0.664275
2     -0.704495
3      0.599344
4     -0.024513
         ...   
645   -0.034778
646    0.476609
647   -0.934472
648   -0.267260
649   -0.435685
Name: obs-prior, Length: 650, dtype: float64
0     -0.771540
1      0.664275
2     -0.704495
3      0.599344
4     -0.024513
         ...   
645   -0.034778
646    0.476609
647   -0.934472
648   -0.267260
649   -0.435685
Name: obs-prior, Length: 650, dtype: float64
0     -0.771540
1      0.664275
2     -0.704495
3      0.599344
4     -0.024513
         ...   
645   -0.034778
646    0.476609
647   -0.934472
648   -0.267260
649   -0.435685
Name: obs-prior, Length: 650, dtype: float64
0     -0.771540
1      0.664275
2     -0.704495
3      0.599344
4     -0.024513
         ...   
645   -0.034778
646    0.476609
647   -0.934472
648   -0.267260
649   -0.435685
Name: obs-prior, Length: 650, dtype: float64
0     -0.771540
1      0.664275
2     -0.704495
3      0.599344
4     -0.024513
         ...   
645   -0.034778
646    0.476609
647   -0.934472
648   -0.267260
649   -0.435685
Name: obs-prior, Length: 650, dtype: float64
0     -0.771540
1      0.664275
2     -0.704495
3      0.599344
4     -0.024513
         ...   
645   -0.034778
646    0.476609
647   -0.934472
648   -0.267260
649   -0.435685
Name: obs-prior, Length: 650, dtype: float64
 region:  TR
0       0.413315
1       0.856643
2       0.515368
3       0.344926
4       0.288505
          ...   
1087   -0.178036
1088    0.835261
1089   -0.246219
1090    0.834559
1091    1.091327
Name: obs-prior, Length: 1092, dtype: float64
0       0.413315
1       0.856643
2       0.515368
3       0.344926
4       0.288505
          ...   
1087   -0.178036
1088    0.835261
1089   -0.246219
1090    0.834559
1091    1.091327
Name: obs-prior, Length: 1092, dtype: float64
0       0.413315
1       0.856643
2       0.515368
3       0.344926
4       0.288505
          ...   
1087   -0.178036
1088    0.835261
1089   -0.246219
1090    0.834559
1091    1.091327
Name: obs-prior, Length: 1092, dtype: float64
0       0.413315
1       0.856643
2       0.515368
3       0.344926
4       0.288505
          ...   
1087   -0.178036
1088    0.835261
1089   -0.246219
1090    0.834559
1091    1.091327
Name: obs-prior, Length: 1092, dtype: float64
0       0.413315
1       0.856643
2       0.515368
3       0.344926
4       0.288505
          ...   
1087   -0.178036
1088    0.835261
1089   -0.246219
1090    0.834559
1091    1.091327
Name: obs-prior, Length: 1092, dtype: float64
0       0.413315
1       0.856643
2       0.515368
3       0.344926
4       0.288505
          ...   
1087   -0.178036
1088    0.835261
1089   -0.246219
1090    0.834559
1091    1.091327
Name: obs-prior, Length: 1092, dtype: float64
0       0.413315
1       0.856643
2       0.515368
3       0.344926
4       0.288505
          ...   
1087   -0.178036
1088    0.835261
1089   -0.246219
1090    0.834559
1091    1.091327
Name: obs-prior, Length: 1092, dtype: float64
0       0.413315
1       0.856643
2       0.515368
3       0.344926
4       0.288505
          ...   
1087   -0.178036
1088    0.835261
1089   -0.246219
1090    0.834559
1091    1.091327
Name: obs-prior, Length: 1092, dtype: float64
0       0.413315
1       0.856643
2       0.515368
3       0.344926
4       0.288505
          ...   
1087   -0.178036
1088    0.835261
1089   -0.246219
1090    0.834559
1091    1.091327
Name: obs-prior, Length: 1092, dtype: float64
0       0.413315
1       0.856643
2       0.515368
3       0.344926
4       0.288505
          ...   
1087   -0.178036
1088    0.835261
1089   -0.246219
1090    0.834559
1091    1.091327
Name: obs-prior, Length: 1092, dtype: float64
0       0.413315
1       0.856643
2       0.515368
3       0.344926
4       0.288505
          ...   
1087   -0.178036
1088    0.835261
1089   -0.246219
1090    0.834559
1091    1.091327
Name: obs-prior, Length: 1092, dtype: float64
0       0.413315
1       0.856643
2       0.515368
3       0.344926
4       0.288505
          ...   
1087   -0.178036
1088    0.835261
1089   -0.246219
1090    0.834559
1091    1.091327
Name: obs-prior, Length: 1092, dtype: float64
0       0.413315
1       0.856643
2       0.515368
3       0.344926
4       0.288505
          ...   
1087   -0.178036
1088    0.835261
1089   -0.246219
1090    0.834559
1091    1.091327
Name: obs-prior, Length: 1092, dtype: float64
0       0.413315
1       0.856643
2       0.515368
3       0.344926
4       0.288505
          ...   
1087   -0.178036
1088    0.835261
1089   -0.246219
1090    0.834559
1091    1.091327
Name: obs-prior, Length: 1092, dtype: float64
0       0.413315
1       0.856643
2       0.515368
3       0.344926
4       0.288505
          ...   
1087   -0.178036
1088    0.835261
1089   -0.246219
1090    0.834559
1091    1.091327
Name: obs-prior, Length: 1092, dtype: float64
0       0.413315
1       0.856643
2       0.515368
3       0.344926
4       0.288505
          ...   
1087   -0.178036
1088    0.835261
1089   -0.246219
1090    0.834559
1091    1.091327
Name: obs-prior, Length: 1092, dtype: float64
0       0.413315
1       0.856643
2       0.515368
3       0.344926
4       0.288505
          ...   
1087   -0.178036
1088    0.835261
1089   -0.246219
1090    0.834559
1091    1.091327
Name: obs-prior, Length: 1092, dtype: float64

 processing obs:  ACARS_U_WIND_COMPONENT
 region:  Global
0       -1.761745
1        1.689860
2       -2.699973
3       -2.582725
4        0.222205
           ...   
33705   -1.598611
33706    1.041287
33707   -1.719501
33708   -0.293557
33709    1.175584
Name: obs-prior, Length: 33710, dtype: float64
0       -1.761745
1        1.689860
2       -2.699973
3       -2.582725
4        0.222205
           ...   
33705   -1.598611
33706    1.041287
33707   -1.719501
33708   -0.293557
33709    1.175584
Name: obs-prior, Length: 33710, dtype: float64
0       -1.761745
1        1.689860
2       -2.699973
3       -2.582725
4        0.222205
           ...   
33705   -1.598611
33706    1.041287
33707   -1.719501
33708   -0.293557
33709    1.175584
Name: obs-prior, Length: 33710, dtype: float64
0       -1.761745
1        1.689860
2       -2.699973
3       -2.582725
4        0.222205
           ...   
33705   -1.598611
33706    1.041287
33707   -1.719501
33708   -0.293557
33709    1.175584
Name: obs-prior, Length: 33710, dtype: float64
0       -1.761745
1        1.689860
2       -2.699973
3       -2.582725
4        0.222205
           ...   
33705   -1.598611
33706    1.041287
33707   -1.719501
33708   -0.293557
33709    1.175584
Name: obs-prior, Length: 33710, dtype: float64
0       -1.761745
1        1.689860
2       -2.699973
3       -2.582725
4        0.222205
           ...   
33705   -1.598611
33706    1.041287
33707   -1.719501
33708   -0.293557
33709    1.175584
Name: obs-prior, Length: 33710, dtype: float64
0       -1.761745
1        1.689860
2       -2.699973
3       -2.582725
4        0.222205
           ...   
33705   -1.598611
33706    1.041287
33707   -1.719501
33708   -0.293557
33709    1.175584
Name: obs-prior, Length: 33710, dtype: float64
0       -1.761745
1        1.689860
2       -2.699973
3       -2.582725
4        0.222205
           ...   
33705   -1.598611
33706    1.041287
33707   -1.719501
33708   -0.293557
33709    1.175584
Name: obs-prior, Length: 33710, dtype: float64
0       -1.761745
1        1.689860
2       -2.699973
3       -2.582725
4        0.222205
           ...   
33705   -1.598611
33706    1.041287
33707   -1.719501
33708   -0.293557
33709    1.175584
Name: obs-prior, Length: 33710, dtype: float64
0       -1.761745
1        1.689860
2       -2.699973
3       -2.582725
4        0.222205
           ...   
33705   -1.598611
33706    1.041287
33707   -1.719501
33708   -0.293557
33709    1.175584
Name: obs-prior, Length: 33710, dtype: float64
0       -1.761745
1        1.689860
2       -2.699973
3       -2.582725
4        0.222205
           ...   
33705   -1.598611
33706    1.041287
33707   -1.719501
33708   -0.293557
33709    1.175584
Name: obs-prior, Length: 33710, dtype: float64
0       -1.761745
1        1.689860
2       -2.699973
3       -2.582725
4        0.222205
           ...   
33705   -1.598611
33706    1.041287
33707   -1.719501
33708   -0.293557
33709    1.175584
Name: obs-prior, Length: 33710, dtype: float64
0       -1.761745
1        1.689860
2       -2.699973
3       -2.582725
4        0.222205
           ...   
33705   -1.598611
33706    1.041287
33707   -1.719501
33708   -0.293557
33709    1.175584
Name: obs-prior, Length: 33710, dtype: float64
0       -1.761745
1        1.689860
2       -2.699973
3       -2.582725
4        0.222205
           ...   
33705   -1.598611
33706    1.041287
33707   -1.719501
33708   -0.293557
33709    1.175584
Name: obs-prior, Length: 33710, dtype: float64
0       -1.761745
1        1.689860
2       -2.699973
3       -2.582725
4        0.222205
           ...   
33705   -1.598611
33706    1.041287
33707   -1.719501
33708   -0.293557
33709    1.175584
Name: obs-prior, Length: 33710, dtype: float64
0       -1.761745
1        1.689860
2       -2.699973
3       -2.582725
4        0.222205
           ...   
33705   -1.598611
33706    1.041287
33707   -1.719501
33708   -0.293557
33709    1.175584
Name: obs-prior, Length: 33710, dtype: float64
0       -1.761745
1        1.689860
2       -2.699973
3       -2.582725
4        0.222205
           ...   
33705   -1.598611
33706    1.041287
33707   -1.719501
33708   -0.293557
33709    1.175584
Name: obs-prior, Length: 33710, dtype: float64
 region:  NH
0       -2.582725
1        0.222205
2        0.631850
3       -2.581919
4        0.303105
           ...   
26702   -1.139034
26703    1.724111
26704    1.041287
26705   -1.719501
26706   -0.293557
Name: obs-prior, Length: 26707, dtype: float64
0       -2.582725
1        0.222205
2        0.631850
3       -2.581919
4        0.303105
           ...   
26702   -1.139034
26703    1.724111
26704    1.041287
26705   -1.719501
26706   -0.293557
Name: obs-prior, Length: 26707, dtype: float64
0       -2.582725
1        0.222205
2        0.631850
3       -2.581919
4        0.303105
           ...   
26702   -1.139034
26703    1.724111
26704    1.041287
26705   -1.719501
26706   -0.293557
Name: obs-prior, Length: 26707, dtype: float64
0       -2.582725
1        0.222205
2        0.631850
3       -2.581919
4        0.303105
           ...   
26702   -1.139034
26703    1.724111
26704    1.041287
26705   -1.719501
26706   -0.293557
Name: obs-prior, Length: 26707, dtype: float64
0       -2.582725
1        0.222205
2        0.631850
3       -2.581919
4        0.303105
           ...   
26702   -1.139034
26703    1.724111
26704    1.041287
26705   -1.719501
26706   -0.293557
Name: obs-prior, Length: 26707, dtype: float64
0       -2.582725
1        0.222205
2        0.631850
3       -2.581919
4        0.303105
           ...   
26702   -1.139034
26703    1.724111
26704    1.041287
26705   -1.719501
26706   -0.293557
Name: obs-prior, Length: 26707, dtype: float64
0       -2.582725
1        0.222205
2        0.631850
3       -2.581919
4        0.303105
           ...   
26702   -1.139034
26703    1.724111
26704    1.041287
26705   -1.719501
26706   -0.293557
Name: obs-prior, Length: 26707, dtype: float64
0       -2.582725
1        0.222205
2        0.631850
3       -2.581919
4        0.303105
           ...   
26702   -1.139034
26703    1.724111
26704    1.041287
26705   -1.719501
26706   -0.293557
Name: obs-prior, Length: 26707, dtype: float64
0       -2.582725
1        0.222205
2        0.631850
3       -2.581919
4        0.303105
           ...   
26702   -1.139034
26703    1.724111
26704    1.041287
26705   -1.719501
26706   -0.293557
Name: obs-prior, Length: 26707, dtype: float64
0       -2.582725
1        0.222205
2        0.631850
3       -2.581919
4        0.303105
           ...   
26702   -1.139034
26703    1.724111
26704    1.041287
26705   -1.719501
26706   -0.293557
Name: obs-prior, Length: 26707, dtype: float64
0       -2.582725
1        0.222205
2        0.631850
3       -2.581919
4        0.303105
           ...   
26702   -1.139034
26703    1.724111
26704    1.041287
26705   -1.719501
26706   -0.293557
Name: obs-prior, Length: 26707, dtype: float64
0       -2.582725
1        0.222205
2        0.631850
3       -2.581919
4        0.303105
           ...   
26702   -1.139034
26703    1.724111
26704    1.041287
26705   -1.719501
26706   -0.293557
Name: obs-prior, Length: 26707, dtype: float64
0       -2.582725
1        0.222205
2        0.631850
3       -2.581919
4        0.303105
           ...   
26702   -1.139034
26703    1.724111
26704    1.041287
26705   -1.719501
26706   -0.293557
Name: obs-prior, Length: 26707, dtype: float64
0       -2.582725
1        0.222205
2        0.631850
3       -2.581919
4        0.303105
           ...   
26702   -1.139034
26703    1.724111
26704    1.041287
26705   -1.719501
26706   -0.293557
Name: obs-prior, Length: 26707, dtype: float64
0       -2.582725
1        0.222205
2        0.631850
3       -2.581919
4        0.303105
           ...   
26702   -1.139034
26703    1.724111
26704    1.041287
26705   -1.719501
26706   -0.293557
Name: obs-prior, Length: 26707, dtype: float64
0       -2.582725
1        0.222205
2        0.631850
3       -2.581919
4        0.303105
           ...   
26702   -1.139034
26703    1.724111
26704    1.041287
26705   -1.719501
26706   -0.293557
Name: obs-prior, Length: 26707, dtype: float64
0       -2.582725
1        0.222205
2        0.631850
3       -2.581919
4        0.303105
           ...   
26702   -1.139034
26703    1.724111
26704    1.041287
26705   -1.719501
26706   -0.293557
Name: obs-prior, Length: 26707, dtype: float64
 region:  SH
0     -1.069112
1     -2.172211
2     -0.808667
3     -1.158401
4      2.158825
         ...   
291    1.133668
292   -1.667534
293   -0.198476
294   -1.834379
295   -0.306473
Name: obs-prior, Length: 296, dtype: float64
0     -1.069112
1     -2.172211
2     -0.808667
3     -1.158401
4      2.158825
         ...   
291    1.133668
292   -1.667534
293   -0.198476
294   -1.834379
295   -0.306473
Name: obs-prior, Length: 296, dtype: float64
0     -1.069112
1     -2.172211
2     -0.808667
3     -1.158401
4      2.158825
         ...   
291    1.133668
292   -1.667534
293   -0.198476
294   -1.834379
295   -0.306473
Name: obs-prior, Length: 296, dtype: float64
0     -1.069112
1     -2.172211
2     -0.808667
3     -1.158401
4      2.158825
         ...   
291    1.133668
292   -1.667534
293   -0.198476
294   -1.834379
295   -0.306473
Name: obs-prior, Length: 296, dtype: float64
0     -1.069112
1     -2.172211
2     -0.808667
3     -1.158401
4      2.158825
         ...   
291    1.133668
292   -1.667534
293   -0.198476
294   -1.834379
295   -0.306473
Name: obs-prior, Length: 296, dtype: float64
0     -1.069112
1     -2.172211
2     -0.808667
3     -1.158401
4      2.158825
         ...   
291    1.133668
292   -1.667534
293   -0.198476
294   -1.834379
295   -0.306473
Name: obs-prior, Length: 296, dtype: float64
0     -1.069112
1     -2.172211
2     -0.808667
3     -1.158401
4      2.158825
         ...   
291    1.133668
292   -1.667534
293   -0.198476
294   -1.834379
295   -0.306473
Name: obs-prior, Length: 296, dtype: float64
0     -1.069112
1     -2.172211
2     -0.808667
3     -1.158401
4      2.158825
         ...   
291    1.133668
292   -1.667534
293   -0.198476
294   -1.834379
295   -0.306473
Name: obs-prior, Length: 296, dtype: float64
0     -1.069112
1     -2.172211
2     -0.808667
3     -1.158401
4      2.158825
         ...   
291    1.133668
292   -1.667534
293   -0.198476
294   -1.834379
295   -0.306473
Name: obs-prior, Length: 296, dtype: float64
0     -1.069112
1     -2.172211
2     -0.808667
3     -1.158401
4      2.158825
         ...   
291    1.133668
292   -1.667534
293   -0.198476
294   -1.834379
295   -0.306473
Name: obs-prior, Length: 296, dtype: float64
0     -1.069112
1     -2.172211
2     -0.808667
3     -1.158401
4      2.158825
         ...   
291    1.133668
292   -1.667534
293   -0.198476
294   -1.834379
295   -0.306473
Name: obs-prior, Length: 296, dtype: float64
0     -1.069112
1     -2.172211
2     -0.808667
3     -1.158401
4      2.158825
         ...   
291    1.133668
292   -1.667534
293   -0.198476
294   -1.834379
295   -0.306473
Name: obs-prior, Length: 296, dtype: float64
0     -1.069112
1     -2.172211
2     -0.808667
3     -1.158401
4      2.158825
         ...   
291    1.133668
292   -1.667534
293   -0.198476
294   -1.834379
295   -0.306473
Name: obs-prior, Length: 296, dtype: float64
0     -1.069112
1     -2.172211
2     -0.808667
3     -1.158401
4      2.158825
         ...   
291    1.133668
292   -1.667534
293   -0.198476
294   -1.834379
295   -0.306473
Name: obs-prior, Length: 296, dtype: float64
0     -1.069112
1     -2.172211
2     -0.808667
3     -1.158401
4      2.158825
         ...   
291    1.133668
292   -1.667534
293   -0.198476
294   -1.834379
295   -0.306473
Name: obs-prior, Length: 296, dtype: float64
0     -1.069112
1     -2.172211
2     -0.808667
3     -1.158401
4      2.158825
         ...   
291    1.133668
292   -1.667534
293   -0.198476
294   -1.834379
295   -0.306473
Name: obs-prior, Length: 296, dtype: float64
0     -1.069112
1     -2.172211
2     -0.808667
3     -1.158401
4      2.158825
         ...   
291    1.133668
292   -1.667534
293   -0.198476
294   -1.834379
295   -0.306473
Name: obs-prior, Length: 296, dtype: float64
 region:  TR
0      -1.761745
1       1.689860
2      -2.699973
3       1.195129
4      -1.703868
          ...   
6702   -1.468180
6703    0.443014
6704    1.410089
6705   -1.598611
6706    1.175584
Name: obs-prior, Length: 6707, dtype: float64
0      -1.761745
1       1.689860
2      -2.699973
3       1.195129
4      -1.703868
          ...   
6702   -1.468180
6703    0.443014
6704    1.410089
6705   -1.598611
6706    1.175584
Name: obs-prior, Length: 6707, dtype: float64
0      -1.761745
1       1.689860
2      -2.699973
3       1.195129
4      -1.703868
          ...   
6702   -1.468180
6703    0.443014
6704    1.410089
6705   -1.598611
6706    1.175584
Name: obs-prior, Length: 6707, dtype: float64
0      -1.761745
1       1.689860
2      -2.699973
3       1.195129
4      -1.703868
          ...   
6702   -1.468180
6703    0.443014
6704    1.410089
6705   -1.598611
6706    1.175584
Name: obs-prior, Length: 6707, dtype: float64
0      -1.761745
1       1.689860
2      -2.699973
3       1.195129
4      -1.703868
          ...   
6702   -1.468180
6703    0.443014
6704    1.410089
6705   -1.598611
6706    1.175584
Name: obs-prior, Length: 6707, dtype: float64
0      -1.761745
1       1.689860
2      -2.699973
3       1.195129
4      -1.703868
          ...   
6702   -1.468180
6703    0.443014
6704    1.410089
6705   -1.598611
6706    1.175584
Name: obs-prior, Length: 6707, dtype: float64
0      -1.761745
1       1.689860
2      -2.699973
3       1.195129
4      -1.703868
          ...   
6702   -1.468180
6703    0.443014
6704    1.410089
6705   -1.598611
6706    1.175584
Name: obs-prior, Length: 6707, dtype: float64
0      -1.761745
1       1.689860
2      -2.699973
3       1.195129
4      -1.703868
          ...   
6702   -1.468180
6703    0.443014
6704    1.410089
6705   -1.598611
6706    1.175584
Name: obs-prior, Length: 6707, dtype: float64
0      -1.761745
1       1.689860
2      -2.699973
3       1.195129
4      -1.703868
          ...   
6702   -1.468180
6703    0.443014
6704    1.410089
6705   -1.598611
6706    1.175584
Name: obs-prior, Length: 6707, dtype: float64
0      -1.761745
1       1.689860
2      -2.699973
3       1.195129
4      -1.703868
          ...   
6702   -1.468180
6703    0.443014
6704    1.410089
6705   -1.598611
6706    1.175584
Name: obs-prior, Length: 6707, dtype: float64
0      -1.761745
1       1.689860
2      -2.699973
3       1.195129
4      -1.703868
          ...   
6702   -1.468180
6703    0.443014
6704    1.410089
6705   -1.598611
6706    1.175584
Name: obs-prior, Length: 6707, dtype: float64
0      -1.761745
1       1.689860
2      -2.699973
3       1.195129
4      -1.703868
          ...   
6702   -1.468180
6703    0.443014
6704    1.410089
6705   -1.598611
6706    1.175584
Name: obs-prior, Length: 6707, dtype: float64
0      -1.761745
1       1.689860
2      -2.699973
3       1.195129
4      -1.703868
          ...   
6702   -1.468180
6703    0.443014
6704    1.410089
6705   -1.598611
6706    1.175584
Name: obs-prior, Length: 6707, dtype: float64
0      -1.761745
1       1.689860
2      -2.699973
3       1.195129
4      -1.703868
          ...   
6702   -1.468180
6703    0.443014
6704    1.410089
6705   -1.598611
6706    1.175584
Name: obs-prior, Length: 6707, dtype: float64
0      -1.761745
1       1.689860
2      -2.699973
3       1.195129
4      -1.703868
          ...   
6702   -1.468180
6703    0.443014
6704    1.410089
6705   -1.598611
6706    1.175584
Name: obs-prior, Length: 6707, dtype: float64
0      -1.761745
1       1.689860
2      -2.699973
3       1.195129
4      -1.703868
          ...   
6702   -1.468180
6703    0.443014
6704    1.410089
6705   -1.598611
6706    1.175584
Name: obs-prior, Length: 6707, dtype: float64
0      -1.761745
1       1.689860
2      -2.699973
3       1.195129
4      -1.703868
          ...   
6702   -1.468180
6703    0.443014
6704    1.410089
6705   -1.598611
6706    1.175584
Name: obs-prior, Length: 6707, dtype: float64

 processing obs:  ACARS_V_WIND_COMPONENT
 region:  Global
0       -2.769589
1        1.213812
2       -1.040878
3        2.543181
4       -1.552696
           ...   
31221   -2.477011
31222   -1.411274
31223   -1.848840
31224   -0.047636
31225   -2.647953
Name: obs-prior, Length: 31226, dtype: float64
0       -2.769589
1        1.213812
2       -1.040878
3        2.543181
4       -1.552696
           ...   
31221   -2.477011
31222   -1.411274
31223   -1.848840
31224   -0.047636
31225   -2.647953
Name: obs-prior, Length: 31226, dtype: float64
0       -2.769589
1        1.213812
2       -1.040878
3        2.543181
4       -1.552696
           ...   
31221   -2.477011
31222   -1.411274
31223   -1.848840
31224   -0.047636
31225   -2.647953
Name: obs-prior, Length: 31226, dtype: float64
0       -2.769589
1        1.213812
2       -1.040878
3        2.543181
4       -1.552696
           ...   
31221   -2.477011
31222   -1.411274
31223   -1.848840
31224   -0.047636
31225   -2.647953
Name: obs-prior, Length: 31226, dtype: float64
0       -2.769589
1        1.213812
2       -1.040878
3        2.543181
4       -1.552696
           ...   
31221   -2.477011
31222   -1.411274
31223   -1.848840
31224   -0.047636
31225   -2.647953
Name: obs-prior, Length: 31226, dtype: float64
0       -2.769589
1        1.213812
2       -1.040878
3        2.543181
4       -1.552696
           ...   
31221   -2.477011
31222   -1.411274
31223   -1.848840
31224   -0.047636
31225   -2.647953
Name: obs-prior, Length: 31226, dtype: float64
0       -2.769589
1        1.213812
2       -1.040878
3        2.543181
4       -1.552696
           ...   
31221   -2.477011
31222   -1.411274
31223   -1.848840
31224   -0.047636
31225   -2.647953
Name: obs-prior, Length: 31226, dtype: float64
0       -2.769589
1        1.213812
2       -1.040878
3        2.543181
4       -1.552696
           ...   
31221   -2.477011
31222   -1.411274
31223   -1.848840
31224   -0.047636
31225   -2.647953
Name: obs-prior, Length: 31226, dtype: float64
0       -2.769589
1        1.213812
2       -1.040878
3        2.543181
4       -1.552696
           ...   
31221   -2.477011
31222   -1.411274
31223   -1.848840
31224   -0.047636
31225   -2.647953
Name: obs-prior, Length: 31226, dtype: float64
0       -2.769589
1        1.213812
2       -1.040878
3        2.543181
4       -1.552696
           ...   
31221   -2.477011
31222   -1.411274
31223   -1.848840
31224   -0.047636
31225   -2.647953
Name: obs-prior, Length: 31226, dtype: float64
0       -2.769589
1        1.213812
2       -1.040878
3        2.543181
4       -1.552696
           ...   
31221   -2.477011
31222   -1.411274
31223   -1.848840
31224   -0.047636
31225   -2.647953
Name: obs-prior, Length: 31226, dtype: float64
0       -2.769589
1        1.213812
2       -1.040878
3        2.543181
4       -1.552696
           ...   
31221   -2.477011
31222   -1.411274
31223   -1.848840
31224   -0.047636
31225   -2.647953
Name: obs-prior, Length: 31226, dtype: float64
0       -2.769589
1        1.213812
2       -1.040878
3        2.543181
4       -1.552696
           ...   
31221   -2.477011
31222   -1.411274
31223   -1.848840
31224   -0.047636
31225   -2.647953
Name: obs-prior, Length: 31226, dtype: float64
0       -2.769589
1        1.213812
2       -1.040878
3        2.543181
4       -1.552696
           ...   
31221   -2.477011
31222   -1.411274
31223   -1.848840
31224   -0.047636
31225   -2.647953
Name: obs-prior, Length: 31226, dtype: float64
0       -2.769589
1        1.213812
2       -1.040878
3        2.543181
4       -1.552696
           ...   
31221   -2.477011
31222   -1.411274
31223   -1.848840
31224   -0.047636
31225   -2.647953
Name: obs-prior, Length: 31226, dtype: float64
0       -2.769589
1        1.213812
2       -1.040878
3        2.543181
4       -1.552696
           ...   
31221   -2.477011
31222   -1.411274
31223   -1.848840
31224   -0.047636
31225   -2.647953
Name: obs-prior, Length: 31226, dtype: float64
0       -2.769589
1        1.213812
2       -1.040878
3        2.543181
4       -1.552696
           ...   
31221   -2.477011
31222   -1.411274
31223   -1.848840
31224   -0.047636
31225   -2.647953
Name: obs-prior, Length: 31226, dtype: float64
 region:  NH
0       -1.324471
1        1.254915
2        1.140705
3       -2.331845
4       -1.658089
           ...   
24897    2.723472
24898    0.042787
24899   -2.018197
24900   -2.477011
24901   -1.411274
Name: obs-prior, Length: 24902, dtype: float64
0       -1.324471
1        1.254915
2        1.140705
3       -2.331845
4       -1.658089
           ...   
24897    2.723472
24898    0.042787
24899   -2.018197
24900   -2.477011
24901   -1.411274
Name: obs-prior, Length: 24902, dtype: float64
0       -1.324471
1        1.254915
2        1.140705
3       -2.331845
4       -1.658089
           ...   
24897    2.723472
24898    0.042787
24899   -2.018197
24900   -2.477011
24901   -1.411274
Name: obs-prior, Length: 24902, dtype: float64
0       -1.324471
1        1.254915
2        1.140705
3       -2.331845
4       -1.658089
           ...   
24897    2.723472
24898    0.042787
24899   -2.018197
24900   -2.477011
24901   -1.411274
Name: obs-prior, Length: 24902, dtype: float64
0       -1.324471
1        1.254915
2        1.140705
3       -2.331845
4       -1.658089
           ...   
24897    2.723472
24898    0.042787
24899   -2.018197
24900   -2.477011
24901   -1.411274
Name: obs-prior, Length: 24902, dtype: float64
0       -1.324471
1        1.254915
2        1.140705
3       -2.331845
4       -1.658089
           ...   
24897    2.723472
24898    0.042787
24899   -2.018197
24900   -2.477011
24901   -1.411274
Name: obs-prior, Length: 24902, dtype: float64
0       -1.324471
1        1.254915
2        1.140705
3       -2.331845
4       -1.658089
           ...   
24897    2.723472
24898    0.042787
24899   -2.018197
24900   -2.477011
24901   -1.411274
Name: obs-prior, Length: 24902, dtype: float64
0       -1.324471
1        1.254915
2        1.140705
3       -2.331845
4       -1.658089
           ...   
24897    2.723472
24898    0.042787
24899   -2.018197
24900   -2.477011
24901   -1.411274
Name: obs-prior, Length: 24902, dtype: float64
0       -1.324471
1        1.254915
2        1.140705
3       -2.331845
4       -1.658089
           ...   
24897    2.723472
24898    0.042787
24899   -2.018197
24900   -2.477011
24901   -1.411274
Name: obs-prior, Length: 24902, dtype: float64
0       -1.324471
1        1.254915
2        1.140705
3       -2.331845
4       -1.658089
           ...   
24897    2.723472
24898    0.042787
24899   -2.018197
24900   -2.477011
24901   -1.411274
Name: obs-prior, Length: 24902, dtype: float64
0       -1.324471
1        1.254915
2        1.140705
3       -2.331845
4       -1.658089
           ...   
24897    2.723472
24898    0.042787
24899   -2.018197
24900   -2.477011
24901   -1.411274
Name: obs-prior, Length: 24902, dtype: float64
0       -1.324471
1        1.254915
2        1.140705
3       -2.331845
4       -1.658089
           ...   
24897    2.723472
24898    0.042787
24899   -2.018197
24900   -2.477011
24901   -1.411274
Name: obs-prior, Length: 24902, dtype: float64
0       -1.324471
1        1.254915
2        1.140705
3       -2.331845
4       -1.658089
           ...   
24897    2.723472
24898    0.042787
24899   -2.018197
24900   -2.477011
24901   -1.411274
Name: obs-prior, Length: 24902, dtype: float64
0       -1.324471
1        1.254915
2        1.140705
3       -2.331845
4       -1.658089
           ...   
24897    2.723472
24898    0.042787
24899   -2.018197
24900   -2.477011
24901   -1.411274
Name: obs-prior, Length: 24902, dtype: float64
0       -1.324471
1        1.254915
2        1.140705
3       -2.331845
4       -1.658089
           ...   
24897    2.723472
24898    0.042787
24899   -2.018197
24900   -2.477011
24901   -1.411274
Name: obs-prior, Length: 24902, dtype: float64
0       -1.324471
1        1.254915
2        1.140705
3       -2.331845
4       -1.658089
           ...   
24897    2.723472
24898    0.042787
24899   -2.018197
24900   -2.477011
24901   -1.411274
Name: obs-prior, Length: 24902, dtype: float64
0       -1.324471
1        1.254915
2        1.140705
3       -2.331845
4       -1.658089
           ...   
24897    2.723472
24898    0.042787
24899   -2.018197
24900   -2.477011
24901   -1.411274
Name: obs-prior, Length: 24902, dtype: float64
 region:  SH
0     -0.559137
1      2.533884
2      1.813425
3     -2.375830
4     -2.890546
         ...   
342   -2.635695
343    0.298696
344   -2.521002
345   -2.663843
346   -1.895038
Name: obs-prior, Length: 347, dtype: float64
0     -0.559137
1      2.533884
2      1.813425
3     -2.375830
4     -2.890546
         ...   
342   -2.635695
343    0.298696
344   -2.521002
345   -2.663843
346   -1.895038
Name: obs-prior, Length: 347, dtype: float64
0     -0.559137
1      2.533884
2      1.813425
3     -2.375830
4     -2.890546
         ...   
342   -2.635695
343    0.298696
344   -2.521002
345   -2.663843
346   -1.895038
Name: obs-prior, Length: 347, dtype: float64
0     -0.559137
1      2.533884
2      1.813425
3     -2.375830
4     -2.890546
         ...   
342   -2.635695
343    0.298696
344   -2.521002
345   -2.663843
346   -1.895038
Name: obs-prior, Length: 347, dtype: float64
0     -0.559137
1      2.533884
2      1.813425
3     -2.375830
4     -2.890546
         ...   
342   -2.635695
343    0.298696
344   -2.521002
345   -2.663843
346   -1.895038
Name: obs-prior, Length: 347, dtype: float64
0     -0.559137
1      2.533884
2      1.813425
3     -2.375830
4     -2.890546
         ...   
342   -2.635695
343    0.298696
344   -2.521002
345   -2.663843
346   -1.895038
Name: obs-prior, Length: 347, dtype: float64
0     -0.559137
1      2.533884
2      1.813425
3     -2.375830
4     -2.890546
         ...   
342   -2.635695
343    0.298696
344   -2.521002
345   -2.663843
346   -1.895038
Name: obs-prior, Length: 347, dtype: float64
0     -0.559137
1      2.533884
2      1.813425
3     -2.375830
4     -2.890546
         ...   
342   -2.635695
343    0.298696
344   -2.521002
345   -2.663843
346   -1.895038
Name: obs-prior, Length: 347, dtype: float64
0     -0.559137
1      2.533884
2      1.813425
3     -2.375830
4     -2.890546
         ...   
342   -2.635695
343    0.298696
344   -2.521002
345   -2.663843
346   -1.895038
Name: obs-prior, Length: 347, dtype: float64
0     -0.559137
1      2.533884
2      1.813425
3     -2.375830
4     -2.890546
         ...   
342   -2.635695
343    0.298696
344   -2.521002
345   -2.663843
346   -1.895038
Name: obs-prior, Length: 347, dtype: float64
0     -0.559137
1      2.533884
2      1.813425
3     -2.375830
4     -2.890546
         ...   
342   -2.635695
343    0.298696
344   -2.521002
345   -2.663843
346   -1.895038
Name: obs-prior, Length: 347, dtype: float64
0     -0.559137
1      2.533884
2      1.813425
3     -2.375830
4     -2.890546
         ...   
342   -2.635695
343    0.298696
344   -2.521002
345   -2.663843
346   -1.895038
Name: obs-prior, Length: 347, dtype: float64
0     -0.559137
1      2.533884
2      1.813425
3     -2.375830
4     -2.890546
         ...   
342   -2.635695
343    0.298696
344   -2.521002
345   -2.663843
346   -1.895038
Name: obs-prior, Length: 347, dtype: float64
0     -0.559137
1      2.533884
2      1.813425
3     -2.375830
4     -2.890546
         ...   
342   -2.635695
343    0.298696
344   -2.521002
345   -2.663843
346   -1.895038
Name: obs-prior, Length: 347, dtype: float64
0     -0.559137
1      2.533884
2      1.813425
3     -2.375830
4     -2.890546
         ...   
342   -2.635695
343    0.298696
344   -2.521002
345   -2.663843
346   -1.895038
Name: obs-prior, Length: 347, dtype: float64
0     -0.559137
1      2.533884
2      1.813425
3     -2.375830
4     -2.890546
         ...   
342   -2.635695
343    0.298696
344   -2.521002
345   -2.663843
346   -1.895038
Name: obs-prior, Length: 347, dtype: float64
0     -0.559137
1      2.533884
2      1.813425
3     -2.375830
4     -2.890546
         ...   
342   -2.635695
343    0.298696
344   -2.521002
345   -2.663843
346   -1.895038
Name: obs-prior, Length: 347, dtype: float64
 region:  TR
0      -2.769589
1       1.213812
2      -1.040878
3       2.543181
4      -1.552696
          ...   
5972    0.264205
5973    1.739975
5974   -1.848840
5975   -0.047636
5976   -2.647953
Name: obs-prior, Length: 5977, dtype: float64
0      -2.769589
1       1.213812
2      -1.040878
3       2.543181
4      -1.552696
          ...   
5972    0.264205
5973    1.739975
5974   -1.848840
5975   -0.047636
5976   -2.647953
Name: obs-prior, Length: 5977, dtype: float64
0      -2.769589
1       1.213812
2      -1.040878
3       2.543181
4      -1.552696
          ...   
5972    0.264205
5973    1.739975
5974   -1.848840
5975   -0.047636
5976   -2.647953
Name: obs-prior, Length: 5977, dtype: float64
0      -2.769589
1       1.213812
2      -1.040878
3       2.543181
4      -1.552696
          ...   
5972    0.264205
5973    1.739975
5974   -1.848840
5975   -0.047636
5976   -2.647953
Name: obs-prior, Length: 5977, dtype: float64
0      -2.769589
1       1.213812
2      -1.040878
3       2.543181
4      -1.552696
          ...   
5972    0.264205
5973    1.739975
5974   -1.848840
5975   -0.047636
5976   -2.647953
Name: obs-prior, Length: 5977, dtype: float64
0      -2.769589
1       1.213812
2      -1.040878
3       2.543181
4      -1.552696
          ...   
5972    0.264205
5973    1.739975
5974   -1.848840
5975   -0.047636
5976   -2.647953
Name: obs-prior, Length: 5977, dtype: float64
0      -2.769589
1       1.213812
2      -1.040878
3       2.543181
4      -1.552696
          ...   
5972    0.264205
5973    1.739975
5974   -1.848840
5975   -0.047636
5976   -2.647953
Name: obs-prior, Length: 5977, dtype: float64
0      -2.769589
1       1.213812
2      -1.040878
3       2.543181
4      -1.552696
          ...   
5972    0.264205
5973    1.739975
5974   -1.848840
5975   -0.047636
5976   -2.647953
Name: obs-prior, Length: 5977, dtype: float64
0      -2.769589
1       1.213812
2      -1.040878
3       2.543181
4      -1.552696
          ...   
5972    0.264205
5973    1.739975
5974   -1.848840
5975   -0.047636
5976   -2.647953
Name: obs-prior, Length: 5977, dtype: float64
0      -2.769589
1       1.213812
2      -1.040878
3       2.543181
4      -1.552696
          ...   
5972    0.264205
5973    1.739975
5974   -1.848840
5975   -0.047636
5976   -2.647953
Name: obs-prior, Length: 5977, dtype: float64
0      -2.769589
1       1.213812
2      -1.040878
3       2.543181
4      -1.552696
          ...   
5972    0.264205
5973    1.739975
5974   -1.848840
5975   -0.047636
5976   -2.647953
Name: obs-prior, Length: 5977, dtype: float64
0      -2.769589
1       1.213812
2      -1.040878
3       2.543181
4      -1.552696
          ...   
5972    0.264205
5973    1.739975
5974   -1.848840
5975   -0.047636
5976   -2.647953
Name: obs-prior, Length: 5977, dtype: float64
0      -2.769589
1       1.213812
2      -1.040878
3       2.543181
4      -1.552696
          ...   
5972    0.264205
5973    1.739975
5974   -1.848840
5975   -0.047636
5976   -2.647953
Name: obs-prior, Length: 5977, dtype: float64
0      -2.769589
1       1.213812
2      -1.040878
3       2.543181
4      -1.552696
          ...   
5972    0.264205
5973    1.739975
5974   -1.848840
5975   -0.047636
5976   -2.647953
Name: obs-prior, Length: 5977, dtype: float64
0      -2.769589
1       1.213812
2      -1.040878
3       2.543181
4      -1.552696
          ...   
5972    0.264205
5973    1.739975
5974   -1.848840
5975   -0.047636
5976   -2.647953
Name: obs-prior, Length: 5977, dtype: float64
0      -2.769589
1       1.213812
2      -1.040878
3       2.543181
4      -1.552696
          ...   
5972    0.264205
5973    1.739975
5974   -1.848840
5975   -0.047636
5976   -2.647953
Name: obs-prior, Length: 5977, dtype: float64
0      -2.769589
1       1.213812
2      -1.040878
3       2.543181
4      -1.552696
          ...   
5972    0.264205
5973    1.739975
5974   -1.848840
5975   -0.047636
5976   -2.647953
Name: obs-prior, Length: 5977, dtype: float64

 processing obs:  ACARS_TEMPERATURE
 region:  Global
0       -0.175005
1       -0.007829
2        0.286560
3       -1.110902
4       -0.060073
           ...   
31011   -0.760828
31012    1.118572
31013    0.163049
31014    0.768080
31015    0.382561
Name: obs-prior, Length: 31016, dtype: float64
0       -0.175005
1       -0.007829
2        0.286560
3       -1.110902
4       -0.060073
           ...   
31011   -0.760828
31012    1.118572
31013    0.163049
31014    0.768080
31015    0.382561
Name: obs-prior, Length: 31016, dtype: float64
0       -0.175005
1       -0.007829
2        0.286560
3       -1.110902
4       -0.060073
           ...   
31011   -0.760828
31012    1.118572
31013    0.163049
31014    0.768080
31015    0.382561
Name: obs-prior, Length: 31016, dtype: float64
0       -0.175005
1       -0.007829
2        0.286560
3       -1.110902
4       -0.060073
           ...   
31011   -0.760828
31012    1.118572
31013    0.163049
31014    0.768080
31015    0.382561
Name: obs-prior, Length: 31016, dtype: float64
0       -0.175005
1       -0.007829
2        0.286560
3       -1.110902
4       -0.060073
           ...   
31011   -0.760828
31012    1.118572
31013    0.163049
31014    0.768080
31015    0.382561
Name: obs-prior, Length: 31016, dtype: float64
0       -0.175005
1       -0.007829
2        0.286560
3       -1.110902
4       -0.060073
           ...   
31011   -0.760828
31012    1.118572
31013    0.163049
31014    0.768080
31015    0.382561
Name: obs-prior, Length: 31016, dtype: float64
0       -0.175005
1       -0.007829
2        0.286560
3       -1.110902
4       -0.060073
           ...   
31011   -0.760828
31012    1.118572
31013    0.163049
31014    0.768080
31015    0.382561
Name: obs-prior, Length: 31016, dtype: float64
0       -0.175005
1       -0.007829
2        0.286560
3       -1.110902
4       -0.060073
           ...   
31011   -0.760828
31012    1.118572
31013    0.163049
31014    0.768080
31015    0.382561
Name: obs-prior, Length: 31016, dtype: float64
0       -0.175005
1       -0.007829
2        0.286560
3       -1.110902
4       -0.060073
           ...   
31011   -0.760828
31012    1.118572
31013    0.163049
31014    0.768080
31015    0.382561
Name: obs-prior, Length: 31016, dtype: float64
0       -0.175005
1       -0.007829
2        0.286560
3       -1.110902
4       -0.060073
           ...   
31011   -0.760828
31012    1.118572
31013    0.163049
31014    0.768080
31015    0.382561
Name: obs-prior, Length: 31016, dtype: float64
0       -0.175005
1       -0.007829
2        0.286560
3       -1.110902
4       -0.060073
           ...   
31011   -0.760828
31012    1.118572
31013    0.163049
31014    0.768080
31015    0.382561
Name: obs-prior, Length: 31016, dtype: float64
0       -0.175005
1       -0.007829
2        0.286560
3       -1.110902
4       -0.060073
           ...   
31011   -0.760828
31012    1.118572
31013    0.163049
31014    0.768080
31015    0.382561
Name: obs-prior, Length: 31016, dtype: float64
0       -0.175005
1       -0.007829
2        0.286560
3       -1.110902
4       -0.060073
           ...   
31011   -0.760828
31012    1.118572
31013    0.163049
31014    0.768080
31015    0.382561
Name: obs-prior, Length: 31016, dtype: float64
0       -0.175005
1       -0.007829
2        0.286560
3       -1.110902
4       -0.060073
           ...   
31011   -0.760828
31012    1.118572
31013    0.163049
31014    0.768080
31015    0.382561
Name: obs-prior, Length: 31016, dtype: float64
0       -0.175005
1       -0.007829
2        0.286560
3       -1.110902
4       -0.060073
           ...   
31011   -0.760828
31012    1.118572
31013    0.163049
31014    0.768080
31015    0.382561
Name: obs-prior, Length: 31016, dtype: float64
0       -0.175005
1       -0.007829
2        0.286560
3       -1.110902
4       -0.060073
           ...   
31011   -0.760828
31012    1.118572
31013    0.163049
31014    0.768080
31015    0.382561
Name: obs-prior, Length: 31016, dtype: float64
0       -0.175005
1       -0.007829
2        0.286560
3       -1.110902
4       -0.060073
           ...   
31011   -0.760828
31012    1.118572
31013    0.163049
31014    0.768080
31015    0.382561
Name: obs-prior, Length: 31016, dtype: float64
 region:  NH
0       -0.175005
1       -0.024182
2       -0.923855
3        0.353464
4        0.477189
           ...   
24168   -0.760828
24169    1.118572
24170    0.163049
24171    0.768080
24172    0.382561
Name: obs-prior, Length: 24173, dtype: float64
0       -0.175005
1       -0.024182
2       -0.923855
3        0.353464
4        0.477189
           ...   
24168   -0.760828
24169    1.118572
24170    0.163049
24171    0.768080
24172    0.382561
Name: obs-prior, Length: 24173, dtype: float64
0       -0.175005
1       -0.024182
2       -0.923855
3        0.353464
4        0.477189
           ...   
24168   -0.760828
24169    1.118572
24170    0.163049
24171    0.768080
24172    0.382561
Name: obs-prior, Length: 24173, dtype: float64
0       -0.175005
1       -0.024182
2       -0.923855
3        0.353464
4        0.477189
           ...   
24168   -0.760828
24169    1.118572
24170    0.163049
24171    0.768080
24172    0.382561
Name: obs-prior, Length: 24173, dtype: float64
0       -0.175005
1       -0.024182
2       -0.923855
3        0.353464
4        0.477189
           ...   
24168   -0.760828
24169    1.118572
24170    0.163049
24171    0.768080
24172    0.382561
Name: obs-prior, Length: 24173, dtype: float64
0       -0.175005
1       -0.024182
2       -0.923855
3        0.353464
4        0.477189
           ...   
24168   -0.760828
24169    1.118572
24170    0.163049
24171    0.768080
24172    0.382561
Name: obs-prior, Length: 24173, dtype: float64
0       -0.175005
1       -0.024182
2       -0.923855
3        0.353464
4        0.477189
           ...   
24168   -0.760828
24169    1.118572
24170    0.163049
24171    0.768080
24172    0.382561
Name: obs-prior, Length: 24173, dtype: float64
0       -0.175005
1       -0.024182
2       -0.923855
3        0.353464
4        0.477189
           ...   
24168   -0.760828
24169    1.118572
24170    0.163049
24171    0.768080
24172    0.382561
Name: obs-prior, Length: 24173, dtype: float64
0       -0.175005
1       -0.024182
2       -0.923855
3        0.353464
4        0.477189
           ...   
24168   -0.760828
24169    1.118572
24170    0.163049
24171    0.768080
24172    0.382561
Name: obs-prior, Length: 24173, dtype: float64
0       -0.175005
1       -0.024182
2       -0.923855
3        0.353464
4        0.477189
           ...   
24168   -0.760828
24169    1.118572
24170    0.163049
24171    0.768080
24172    0.382561
Name: obs-prior, Length: 24173, dtype: float64
0       -0.175005
1       -0.024182
2       -0.923855
3        0.353464
4        0.477189
           ...   
24168   -0.760828
24169    1.118572
24170    0.163049
24171    0.768080
24172    0.382561
Name: obs-prior, Length: 24173, dtype: float64
0       -0.175005
1       -0.024182
2       -0.923855
3        0.353464
4        0.477189
           ...   
24168   -0.760828
24169    1.118572
24170    0.163049
24171    0.768080
24172    0.382561
Name: obs-prior, Length: 24173, dtype: float64
0       -0.175005
1       -0.024182
2       -0.923855
3        0.353464
4        0.477189
           ...   
24168   -0.760828
24169    1.118572
24170    0.163049
24171    0.768080
24172    0.382561
Name: obs-prior, Length: 24173, dtype: float64
0       -0.175005
1       -0.024182
2       -0.923855
3        0.353464
4        0.477189
           ...   
24168   -0.760828
24169    1.118572
24170    0.163049
24171    0.768080
24172    0.382561
Name: obs-prior, Length: 24173, dtype: float64
0       -0.175005
1       -0.024182
2       -0.923855
3        0.353464
4        0.477189
           ...   
24168   -0.760828
24169    1.118572
24170    0.163049
24171    0.768080
24172    0.382561
Name: obs-prior, Length: 24173, dtype: float64
0       -0.175005
1       -0.024182
2       -0.923855
3        0.353464
4        0.477189
           ...   
24168   -0.760828
24169    1.118572
24170    0.163049
24171    0.768080
24172    0.382561
Name: obs-prior, Length: 24173, dtype: float64
0       -0.175005
1       -0.024182
2       -0.923855
3        0.353464
4        0.477189
           ...   
24168   -0.760828
24169    1.118572
24170    0.163049
24171    0.768080
24172    0.382561
Name: obs-prior, Length: 24173, dtype: float64
 region:  SH
0     -0.350016
1     -0.649403
2      0.021242
3      0.034084
4     -0.613362
         ...   
383    0.202866
384    0.810327
385   -0.881990
386   -0.383112
387   -0.689521
Name: obs-prior, Length: 388, dtype: float64
0     -0.350016
1     -0.649403
2      0.021242
3      0.034084
4     -0.613362
         ...   
383    0.202866
384    0.810327
385   -0.881990
386   -0.383112
387   -0.689521
Name: obs-prior, Length: 388, dtype: float64
0     -0.350016
1     -0.649403
2      0.021242
3      0.034084
4     -0.613362
         ...   
383    0.202866
384    0.810327
385   -0.881990
386   -0.383112
387   -0.689521
Name: obs-prior, Length: 388, dtype: float64
0     -0.350016
1     -0.649403
2      0.021242
3      0.034084
4     -0.613362
         ...   
383    0.202866
384    0.810327
385   -0.881990
386   -0.383112
387   -0.689521
Name: obs-prior, Length: 388, dtype: float64
0     -0.350016
1     -0.649403
2      0.021242
3      0.034084
4     -0.613362
         ...   
383    0.202866
384    0.810327
385   -0.881990
386   -0.383112
387   -0.689521
Name: obs-prior, Length: 388, dtype: float64
0     -0.350016
1     -0.649403
2      0.021242
3      0.034084
4     -0.613362
         ...   
383    0.202866
384    0.810327
385   -0.881990
386   -0.383112
387   -0.689521
Name: obs-prior, Length: 388, dtype: float64
0     -0.350016
1     -0.649403
2      0.021242
3      0.034084
4     -0.613362
         ...   
383    0.202866
384    0.810327
385   -0.881990
386   -0.383112
387   -0.689521
Name: obs-prior, Length: 388, dtype: float64
0     -0.350016
1     -0.649403
2      0.021242
3      0.034084
4     -0.613362
         ...   
383    0.202866
384    0.810327
385   -0.881990
386   -0.383112
387   -0.689521
Name: obs-prior, Length: 388, dtype: float64
0     -0.350016
1     -0.649403
2      0.021242
3      0.034084
4     -0.613362
         ...   
383    0.202866
384    0.810327
385   -0.881990
386   -0.383112
387   -0.689521
Name: obs-prior, Length: 388, dtype: float64
0     -0.350016
1     -0.649403
2      0.021242
3      0.034084
4     -0.613362
         ...   
383    0.202866
384    0.810327
385   -0.881990
386   -0.383112
387   -0.689521
Name: obs-prior, Length: 388, dtype: float64
0     -0.350016
1     -0.649403
2      0.021242
3      0.034084
4     -0.613362
         ...   
383    0.202866
384    0.810327
385   -0.881990
386   -0.383112
387   -0.689521
Name: obs-prior, Length: 388, dtype: float64
0     -0.350016
1     -0.649403
2      0.021242
3      0.034084
4     -0.613362
         ...   
383    0.202866
384    0.810327
385   -0.881990
386   -0.383112
387   -0.689521
Name: obs-prior, Length: 388, dtype: float64
0     -0.350016
1     -0.649403
2      0.021242
3      0.034084
4     -0.613362
         ...   
383    0.202866
384    0.810327
385   -0.881990
386   -0.383112
387   -0.689521
Name: obs-prior, Length: 388, dtype: float64
0     -0.350016
1     -0.649403
2      0.021242
3      0.034084
4     -0.613362
         ...   
383    0.202866
384    0.810327
385   -0.881990
386   -0.383112
387   -0.689521
Name: obs-prior, Length: 388, dtype: float64
0     -0.350016
1     -0.649403
2      0.021242
3      0.034084
4     -0.613362
         ...   
383    0.202866
384    0.810327
385   -0.881990
386   -0.383112
387   -0.689521
Name: obs-prior, Length: 388, dtype: float64
0     -0.350016
1     -0.649403
2      0.021242
3      0.034084
4     -0.613362
         ...   
383    0.202866
384    0.810327
385   -0.881990
386   -0.383112
387   -0.689521
Name: obs-prior, Length: 388, dtype: float64
0     -0.350016
1     -0.649403
2      0.021242
3      0.034084
4     -0.613362
         ...   
383    0.202866
384    0.810327
385   -0.881990
386   -0.383112
387   -0.689521
Name: obs-prior, Length: 388, dtype: float64
 region:  TR
0      -0.007829
1       0.286560
2      -1.110902
3      -0.060073
4       0.305597
          ...   
6450    0.162316
6451   -0.035028
6452    0.048855
6453    0.481317
6454   -0.116358
Name: obs-prior, Length: 6455, dtype: float64
0      -0.007829
1       0.286560
2      -1.110902
3      -0.060073
4       0.305597
          ...   
6450    0.162316
6451   -0.035028
6452    0.048855
6453    0.481317
6454   -0.116358
Name: obs-prior, Length: 6455, dtype: float64
0      -0.007829
1       0.286560
2      -1.110902
3      -0.060073
4       0.305597
          ...   
6450    0.162316
6451   -0.035028
6452    0.048855
6453    0.481317
6454   -0.116358
Name: obs-prior, Length: 6455, dtype: float64
0      -0.007829
1       0.286560
2      -1.110902
3      -0.060073
4       0.305597
          ...   
6450    0.162316
6451   -0.035028
6452    0.048855
6453    0.481317
6454   -0.116358
Name: obs-prior, Length: 6455, dtype: float64
0      -0.007829
1       0.286560
2      -1.110902
3      -0.060073
4       0.305597
          ...   
6450    0.162316
6451   -0.035028
6452    0.048855
6453    0.481317
6454   -0.116358
Name: obs-prior, Length: 6455, dtype: float64
0      -0.007829
1       0.286560
2      -1.110902
3      -0.060073
4       0.305597
          ...   
6450    0.162316
6451   -0.035028
6452    0.048855
6453    0.481317
6454   -0.116358
Name: obs-prior, Length: 6455, dtype: float64
0      -0.007829
1       0.286560
2      -1.110902
3      -0.060073
4       0.305597
          ...   
6450    0.162316
6451   -0.035028
6452    0.048855
6453    0.481317
6454   -0.116358
Name: obs-prior, Length: 6455, dtype: float64
0      -0.007829
1       0.286560
2      -1.110902
3      -0.060073
4       0.305597
          ...   
6450    0.162316
6451   -0.035028
6452    0.048855
6453    0.481317
6454   -0.116358
Name: obs-prior, Length: 6455, dtype: float64
0      -0.007829
1       0.286560
2      -1.110902
3      -0.060073
4       0.305597
          ...   
6450    0.162316
6451   -0.035028
6452    0.048855
6453    0.481317
6454   -0.116358
Name: obs-prior, Length: 6455, dtype: float64
0      -0.007829
1       0.286560
2      -1.110902
3      -0.060073
4       0.305597
          ...   
6450    0.162316
6451   -0.035028
6452    0.048855
6453    0.481317
6454   -0.116358
Name: obs-prior, Length: 6455, dtype: float64
0      -0.007829
1       0.286560
2      -1.110902
3      -0.060073
4       0.305597
          ...   
6450    0.162316
6451   -0.035028
6452    0.048855
6453    0.481317
6454   -0.116358
Name: obs-prior, Length: 6455, dtype: float64
0      -0.007829
1       0.286560
2      -1.110902
3      -0.060073
4       0.305597
          ...   
6450    0.162316
6451   -0.035028
6452    0.048855
6453    0.481317
6454   -0.116358
Name: obs-prior, Length: 6455, dtype: float64
0      -0.007829
1       0.286560
2      -1.110902
3      -0.060073
4       0.305597
          ...   
6450    0.162316
6451   -0.035028
6452    0.048855
6453    0.481317
6454   -0.116358
Name: obs-prior, Length: 6455, dtype: float64
0      -0.007829
1       0.286560
2      -1.110902
3      -0.060073
4       0.305597
          ...   
6450    0.162316
6451   -0.035028
6452    0.048855
6453    0.481317
6454   -0.116358
Name: obs-prior, Length: 6455, dtype: float64
0      -0.007829
1       0.286560
2      -1.110902
3      -0.060073
4       0.305597
          ...   
6450    0.162316
6451   -0.035028
6452    0.048855
6453    0.481317
6454   -0.116358
Name: obs-prior, Length: 6455, dtype: float64
0      -0.007829
1       0.286560
2      -1.110902
3      -0.060073
4       0.305597
          ...   
6450    0.162316
6451   -0.035028
6452    0.048855
6453    0.481317
6454   -0.116358
Name: obs-prior, Length: 6455, dtype: float64
0      -0.007829
1       0.286560
2      -1.110902
3      -0.060073
4       0.305597
          ...   
6450    0.162316
6451   -0.035028
6452    0.048855
6453    0.481317
6454   -0.116358
Name: obs-prior, Length: 6455, dtype: float64

 processing obs:  SAT_U_WIND_COMPONENT
 region:  Global
 No obs:  SAT_U_WIND_COMPONENT  in region:  Global  at this time.
 region:  NH
 No obs:  SAT_U_WIND_COMPONENT  in region:  NH  at this time.
 region:  SH
 No obs:  SAT_U_WIND_COMPONENT  in region:  SH  at this time.
 region:  TR
 No obs:  SAT_U_WIND_COMPONENT  in region:  TR  at this time.

 processing obs:  SAT_V_WIND_COMPONENT
 region:  Global
 No obs:  SAT_V_WIND_COMPONENT  in region:  Global  at this time.
 region:  NH
 No obs:  SAT_V_WIND_COMPONENT  in region:  NH  at this time.
 region:  SH
 No obs:  SAT_V_WIND_COMPONENT  in region:  SH  at this time.
 region:  TR
 No obs:  SAT_V_WIND_COMPONENT  in region:  TR  at this time.

 processing obs:  GPSRO_REFRACTIVITY
 region:  Global
 No obs:  GPSRO_REFRACTIVITY  in region:  Global  at this time.
 region:  NH
 No obs:  GPSRO_REFRACTIVITY  in region:  NH  at this time.
 region:  SH
 No obs:  GPSRO_REFRACTIVITY  in region:  SH  at this time.
 region:  TR
 No obs:  GPSRO_REFRACTIVITY  in region:  TR  at this time.

 processing obs:  EOS_2_AMSUA_TB
 region:  Global
 No obs:  EOS_2_AMSUA_TB  in region:  Global  at this time.
 region:  NH
 No obs:  EOS_2_AMSUA_TB  in region:  NH  at this time.
 region:  SH
 No obs:  EOS_2_AMSUA_TB  in region:  SH  at this time.
 region:  TR
 No obs:  EOS_2_AMSUA_TB  in region:  TR  at this time.

 processing obs:  NOAA_15_AMSUA_TB
 region:  Global
 No obs:  NOAA_15_AMSUA_TB  in region:  Global  at this time.
 region:  NH
 No obs:  NOAA_15_AMSUA_TB  in region:  NH  at this time.
 region:  SH
 No obs:  NOAA_15_AMSUA_TB  in region:  SH  at this time.
 region:  TR
 No obs:  NOAA_15_AMSUA_TB  in region:  TR  at this time.

 processing obs:  NOAA_16_AMSUA_TB
 region:  Global
 No obs:  NOAA_16_AMSUA_TB  in region:  Global  at this time.
 region:  NH
 No obs:  NOAA_16_AMSUA_TB  in region:  NH  at this time.
 region:  SH
 No obs:  NOAA_16_AMSUA_TB  in region:  SH  at this time.
 region:  TR
 No obs:  NOAA_16_AMSUA_TB  in region:  TR  at this time.

 processing obs:  NOAA_17_AMSUA_TB
 region:  Global
 No obs:  NOAA_17_AMSUA_TB  in region:  Global  at this time.
 region:  NH
 No obs:  NOAA_17_AMSUA_TB  in region:  NH  at this time.
 region:  SH
 No obs:  NOAA_17_AMSUA_TB  in region:  SH  at this time.
 region:  TR
 No obs:  NOAA_17_AMSUA_TB  in region:  TR  at this time.

 processing obs:  NOAA_18_AMSUA_TB
 region:  Global
 No obs:  NOAA_18_AMSUA_TB  in region:  Global  at this time.
 region:  NH
 No obs:  NOAA_18_AMSUA_TB  in region:  NH  at this time.
 region:  SH
 No obs:  NOAA_18_AMSUA_TB  in region:  SH  at this time.
 region:  TR
 No obs:  NOAA_18_AMSUA_TB  in region:  TR  at this time.

 processing obs:  NOAA_19_AMSUA_TB
 region:  Global
 No obs:  NOAA_19_AMSUA_TB  in region:  Global  at this time.
 region:  NH
 No obs:  NOAA_19_AMSUA_TB  in region:  NH  at this time.
 region:  SH
 No obs:  NOAA_19_AMSUA_TB  in region:  SH  at this time.
 region:  TR
 No obs:  NOAA_19_AMSUA_TB  in region:  TR  at this time.

 processing obs:  METOP_1_AMSUA_TB
 region:  Global
 No obs:  METOP_1_AMSUA_TB  in region:  Global  at this time.
 region:  NH
 No obs:  METOP_1_AMSUA_TB  in region:  NH  at this time.
 region:  SH
 No obs:  METOP_1_AMSUA_TB  in region:  SH  at this time.
 region:  TR
 No obs:  METOP_1_AMSUA_TB  in region:  TR  at this time.

 processing obs:  METOP_2_AMSUA_TB
 region:  Global
 No obs:  METOP_2_AMSUA_TB  in region:  Global  at this time.
 region:  NH
 No obs:  METOP_2_AMSUA_TB  in region:  NH  at this time.
 region:  SH
 No obs:  METOP_2_AMSUA_TB  in region:  SH  at this time.
 region:  TR
 No obs:  METOP_2_AMSUA_TB  in region:  TR  at this time.

 processing obs:  VADWND_U_WIND_COMPONENT
 region:  Global
 No obs:  VADWND_U_WIND_COMPONENT  in region:  Global  at this time.
 region:  NH
 No obs:  VADWND_U_WIND_COMPONENT  in region:  NH  at this time.
 region:  SH
 No obs:  VADWND_U_WIND_COMPONENT  in region:  SH  at this time.
 region:  TR
 No obs:  VADWND_U_WIND_COMPONENT  in region:  TR  at this time.

 processing obs:  VADWND_V_WIND_COMPONENT
 region:  Global
 No obs:  VADWND_V_WIND_COMPONENT  in region:  Global  at this time.
 region:  NH
 No obs:  VADWND_V_WIND_COMPONENT  in region:  NH  at this time.
 region:  SH
 No obs:  VADWND_V_WIND_COMPONENT  in region:  SH  at this time.
 region:  TR
 No obs:  VADWND_V_WIND_COMPONENT  in region:  TR  at this time.

 processing obs:  LAND_SFC_PRESSURE
 region:  Global
 No obs:  LAND_SFC_PRESSURE  in region:  Global  at this time.
 region:  NH
 No obs:  LAND_SFC_PRESSURE  in region:  NH  at this time.
 region:  SH
 No obs:  LAND_SFC_PRESSURE  in region:  SH  at this time.
 region:  TR
 No obs:  LAND_SFC_PRESSURE  in region:  TR  at this time.

 processing obs:  MARINE_SFC_PRESSURE
 region:  Global
 No obs:  MARINE_SFC_PRESSURE  in region:  Global  at this time.
 region:  NH
 No obs:  MARINE_SFC_PRESSURE  in region:  NH  at this time.
 region:  SH
 No obs:  MARINE_SFC_PRESSURE  in region:  SH  at this time.
 region:  TR
 No obs:  MARINE_SFC_PRESSURE  in region:  TR  at this time.
Save assimilated: Global
Save assimilated: SH
Save assimilated: NH
Save assimilated: TR

 2024-03-25 13:47:14.826089
Execution Time:  0:00:11.533284

 -------------------- END ------------------- 

	Command being timed: "/work/cmcc/mg20022/.conda/envs/guatura/bin/python ./quick_spreads_diag.py"
	User time (seconds): 9.07
	System time (seconds): 2.11
	Percent of CPU this job got: 81%
	Elapsed (wall clock) time (h:mm:ss or m:ss): 0:13.65
	Average shared text size (kbytes): 0
	Average unshared data size (kbytes): 0
	Average stack size (kbytes): 0
	Average total size (kbytes): 0
	Maximum resident set size (kbytes): 573280
	Average resident set size (kbytes): 0
	Major (requiring I/O) page faults: 0
	Minor (reclaiming a frame) page faults: 66260
	Voluntary context switches: 12120
	Involuntary context switches: 565449
	Swaps: 0
	File system inputs: 0
	File system outputs: 0
	Socket messages sent: 0
	Socket messages received: 0
	Signals delivered: 0
	Page size (bytes): 4096
	Exit status: 0
