STARTING

 2024-03-25 13:46:58.808849

 Computation parameters:
 Experiment name:  arc2
 Start date:  2017-10-02-43200
 End date:  2017-10-02-43200
 Path archive:  /work/cmcc/gc02720/CMCC-CM/archive
 Path experiment:  /work/cmcc/gc02720/CMCC-CM/archive/arc2
 Path save:  /work/cmcc/gc02720/CMCC-CM/basic_diag/arc2/2017-10-02-43200
 Observation to process:  ['RADIOSONDE_U_WIND_COMPONENT', 'RADIOSONDE_V_WIND_COMPONENT', 'RADIOSONDE_TEMPERATURE', 'AIRCRAFT_U_WIND_COMPONENT', 'AIRCRAFT_V_WIND_COMPONENT', 'AIRCRAFT_TEMPERATURE', 'ACARS_U_WIND_COMPONENT', 'ACARS_V_WIND_COMPONENT', 'ACARS_TEMPERATURE', 'SAT_U_WIND_COMPONENT', 'SAT_V_WIND_COMPONENT', 'GPSRO_REFRACTIVITY', 'EOS_2_AMSUA_TB', 'NOAA_15_AMSUA_TB', 'NOAA_16_AMSUA_TB', 'NOAA_17_AMSUA_TB', 'NOAA_18_AMSUA_TB', 'NOAA_19_AMSUA_TB', 'METOP_1_AMSUA_TB', 'METOP_2_AMSUA_TB', 'VADWND_U_WIND_COMPONENT', 'VADWND_V_WIND_COMPONENT', 'LAND_SFC_PRESSURE', 'MARINE_SFC_PRESSURE']
 Reference levels:  (1014, 950, 900, 850, 800, 750, 700, 650, 600, 550, 500, 450, 400, 350, 300, 250, 200, 150, 90, 50, 25, 10, 5, 2.5, 1)

 Successfully created the directory /work/cmcc/gc02720/CMCC-CM/basic_diag/arc2/2017-10-02-43200 
 Center layers:  [982.0, 925.0, 875.0, 825.0, 775.0, 725.0, 675.0, 625.0, 575.0, 525.0, 475.0, 425.0, 375.0, 325.0, 275.0, 225.0, 175.0, 120.0, 70.0, 37.5, 17.5, 7.5, 3.75, 1.75]

 Start the computation...

 dir to process:  ['arc2-2017-10-02-43200']

 dir:  /work/cmcc/gc02720/CMCC-CM/archive/arc2/arc2-2017-10-02-43200
 dir number  1  out of  1
 listdb=  ['/work/cmcc/gc02720/CMCC-CM/archive/arc2/arc2-2017-10-02-43200/arc2.spreads.ARC.1.2017-10-02-43200.db', '/work/cmcc/gc02720/CMCC-CM/archive/arc2/arc2-2017-10-02-43200/arc2.spreads.ARC.2.2017-10-02-43200.db', '/work/cmcc/gc02720/CMCC-CM/archive/arc2/arc2-2017-10-02-43200/arc2.spreads.ARC.3.2017-10-02-43200.db']
 listdb len=  3
 maskdb=  [1, 1, 1]
 maskdb len=  3
 loading info from:  /work/cmcc/gc02720/CMCC-CM/archive/arc2/arc2-2017-10-02-43200/arc2.spreads.ARC.1.2017-10-02-43200.db
 loading info from:  /work/cmcc/gc02720/CMCC-CM/archive/arc2/arc2-2017-10-02-43200/arc2.spreads.ARC.2.2017-10-02-43200.db
 loading info from:  /work/cmcc/gc02720/CMCC-CM/archive/arc2/arc2-2017-10-02-43200/arc2.spreads.ARC.3.2017-10-02-43200.db

 processing obs:  RADIOSONDE_U_WIND_COMPONENT
 region:  Global
 No obs:  RADIOSONDE_U_WIND_COMPONENT  in region:  Global  at this time.
 region:  NH
 No obs:  RADIOSONDE_U_WIND_COMPONENT  in region:  NH  at this time.
 region:  SH
 No obs:  RADIOSONDE_U_WIND_COMPONENT  in region:  SH  at this time.
 region:  TR
 No obs:  RADIOSONDE_U_WIND_COMPONENT  in region:  TR  at this time.

 processing obs:  RADIOSONDE_V_WIND_COMPONENT
 region:  Global
 No obs:  RADIOSONDE_V_WIND_COMPONENT  in region:  Global  at this time.
 region:  NH
 No obs:  RADIOSONDE_V_WIND_COMPONENT  in region:  NH  at this time.
 region:  SH
 No obs:  RADIOSONDE_V_WIND_COMPONENT  in region:  SH  at this time.
 region:  TR
 No obs:  RADIOSONDE_V_WIND_COMPONENT  in region:  TR  at this time.

 processing obs:  RADIOSONDE_TEMPERATURE
 region:  Global
 No obs:  RADIOSONDE_TEMPERATURE  in region:  Global  at this time.
 region:  NH
 No obs:  RADIOSONDE_TEMPERATURE  in region:  NH  at this time.
 region:  SH
 No obs:  RADIOSONDE_TEMPERATURE  in region:  SH  at this time.
 region:  TR
 No obs:  RADIOSONDE_TEMPERATURE  in region:  TR  at this time.

 processing obs:  AIRCRAFT_U_WIND_COMPONENT
 region:  Global
0       1.334041
1       2.446223
2      -2.410598
3       0.973540
4      -1.106674
          ...   
3997    1.751960
3998   -0.019837
3999    1.665853
4000    2.198766
4001   -0.747024
Name: obs-prior, Length: 4002, dtype: float64
0       1.334041
1       2.446223
2      -2.410598
3       0.973540
4      -1.106674
          ...   
3997    1.751960
3998   -0.019837
3999    1.665853
4000    2.198766
4001   -0.747024
Name: obs-prior, Length: 4002, dtype: float64
0       1.334041
1       2.446223
2      -2.410598
3       0.973540
4      -1.106674
          ...   
3997    1.751960
3998   -0.019837
3999    1.665853
4000    2.198766
4001   -0.747024
Name: obs-prior, Length: 4002, dtype: float64
0       1.334041
1       2.446223
2      -2.410598
3       0.973540
4      -1.106674
          ...   
3997    1.751960
3998   -0.019837
3999    1.665853
4000    2.198766
4001   -0.747024
Name: obs-prior, Length: 4002, dtype: float64
0       1.334041
1       2.446223
2      -2.410598
3       0.973540
4      -1.106674
          ...   
3997    1.751960
3998   -0.019837
3999    1.665853
4000    2.198766
4001   -0.747024
Name: obs-prior, Length: 4002, dtype: float64
0       1.334041
1       2.446223
2      -2.410598
3       0.973540
4      -1.106674
          ...   
3997    1.751960
3998   -0.019837
3999    1.665853
4000    2.198766
4001   -0.747024
Name: obs-prior, Length: 4002, dtype: float64
0       1.334041
1       2.446223
2      -2.410598
3       0.973540
4      -1.106674
          ...   
3997    1.751960
3998   -0.019837
3999    1.665853
4000    2.198766
4001   -0.747024
Name: obs-prior, Length: 4002, dtype: float64
0       1.334041
1       2.446223
2      -2.410598
3       0.973540
4      -1.106674
          ...   
3997    1.751960
3998   -0.019837
3999    1.665853
4000    2.198766
4001   -0.747024
Name: obs-prior, Length: 4002, dtype: float64
0       1.334041
1       2.446223
2      -2.410598
3       0.973540
4      -1.106674
          ...   
3997    1.751960
3998   -0.019837
3999    1.665853
4000    2.198766
4001   -0.747024
Name: obs-prior, Length: 4002, dtype: float64
0       1.334041
1       2.446223
2      -2.410598
3       0.973540
4      -1.106674
          ...   
3997    1.751960
3998   -0.019837
3999    1.665853
4000    2.198766
4001   -0.747024
Name: obs-prior, Length: 4002, dtype: float64
0       1.334041
1       2.446223
2      -2.410598
3       0.973540
4      -1.106674
          ...   
3997    1.751960
3998   -0.019837
3999    1.665853
4000    2.198766
4001   -0.747024
Name: obs-prior, Length: 4002, dtype: float64
0       1.334041
1       2.446223
2      -2.410598
3       0.973540
4      -1.106674
          ...   
3997    1.751960
3998   -0.019837
3999    1.665853
4000    2.198766
4001   -0.747024
Name: obs-prior, Length: 4002, dtype: float64
0       1.334041
1       2.446223
2      -2.410598
3       0.973540
4      -1.106674
          ...   
3997    1.751960
3998   -0.019837
3999    1.665853
4000    2.198766
4001   -0.747024
Name: obs-prior, Length: 4002, dtype: float64
0       1.334041
1       2.446223
2      -2.410598
3       0.973540
4      -1.106674
          ...   
3997    1.751960
3998   -0.019837
3999    1.665853
4000    2.198766
4001   -0.747024
Name: obs-prior, Length: 4002, dtype: float64
0       1.334041
1       2.446223
2      -2.410598
3       0.973540
4      -1.106674
          ...   
3997    1.751960
3998   -0.019837
3999    1.665853
4000    2.198766
4001   -0.747024
Name: obs-prior, Length: 4002, dtype: float64
0       1.334041
1       2.446223
2      -2.410598
3       0.973540
4      -1.106674
          ...   
3997    1.751960
3998   -0.019837
3999    1.665853
4000    2.198766
4001   -0.747024
Name: obs-prior, Length: 4002, dtype: float64
0       1.334041
1       2.446223
2      -2.410598
3       0.973540
4      -1.106674
          ...   
3997    1.751960
3998   -0.019837
3999    1.665853
4000    2.198766
4001   -0.747024
Name: obs-prior, Length: 4002, dtype: float64
0       1.334041
1       2.446223
2      -2.410598
3       0.973540
4      -1.106674
          ...   
3997    1.751960
3998   -0.019837
3999    1.665853
4000    2.198766
4001   -0.747024
Name: obs-prior, Length: 4002, dtype: float64
 region:  NH
0      -2.410598
1      -2.299256
2       2.562591
3      -0.744283
4       1.750907
          ...   
2412    1.751960
2413   -0.019837
2414    1.665853
2415    2.198766
2416   -0.747024
Name: obs-prior, Length: 2417, dtype: float64
0      -2.410598
1      -2.299256
2       2.562591
3      -0.744283
4       1.750907
          ...   
2412    1.751960
2413   -0.019837
2414    1.665853
2415    2.198766
2416   -0.747024
Name: obs-prior, Length: 2417, dtype: float64
0      -2.410598
1      -2.299256
2       2.562591
3      -0.744283
4       1.750907
          ...   
2412    1.751960
2413   -0.019837
2414    1.665853
2415    2.198766
2416   -0.747024
Name: obs-prior, Length: 2417, dtype: float64
0      -2.410598
1      -2.299256
2       2.562591
3      -0.744283
4       1.750907
          ...   
2412    1.751960
2413   -0.019837
2414    1.665853
2415    2.198766
2416   -0.747024
Name: obs-prior, Length: 2417, dtype: float64
0      -2.410598
1      -2.299256
2       2.562591
3      -0.744283
4       1.750907
          ...   
2412    1.751960
2413   -0.019837
2414    1.665853
2415    2.198766
2416   -0.747024
Name: obs-prior, Length: 2417, dtype: float64
0      -2.410598
1      -2.299256
2       2.562591
3      -0.744283
4       1.750907
          ...   
2412    1.751960
2413   -0.019837
2414    1.665853
2415    2.198766
2416   -0.747024
Name: obs-prior, Length: 2417, dtype: float64
0      -2.410598
1      -2.299256
2       2.562591
3      -0.744283
4       1.750907
          ...   
2412    1.751960
2413   -0.019837
2414    1.665853
2415    2.198766
2416   -0.747024
Name: obs-prior, Length: 2417, dtype: float64
0      -2.410598
1      -2.299256
2       2.562591
3      -0.744283
4       1.750907
          ...   
2412    1.751960
2413   -0.019837
2414    1.665853
2415    2.198766
2416   -0.747024
Name: obs-prior, Length: 2417, dtype: float64
0      -2.410598
1      -2.299256
2       2.562591
3      -0.744283
4       1.750907
          ...   
2412    1.751960
2413   -0.019837
2414    1.665853
2415    2.198766
2416   -0.747024
Name: obs-prior, Length: 2417, dtype: float64
0      -2.410598
1      -2.299256
2       2.562591
3      -0.744283
4       1.750907
          ...   
2412    1.751960
2413   -0.019837
2414    1.665853
2415    2.198766
2416   -0.747024
Name: obs-prior, Length: 2417, dtype: float64
0      -2.410598
1      -2.299256
2       2.562591
3      -0.744283
4       1.750907
          ...   
2412    1.751960
2413   -0.019837
2414    1.665853
2415    2.198766
2416   -0.747024
Name: obs-prior, Length: 2417, dtype: float64
0      -2.410598
1      -2.299256
2       2.562591
3      -0.744283
4       1.750907
          ...   
2412    1.751960
2413   -0.019837
2414    1.665853
2415    2.198766
2416   -0.747024
Name: obs-prior, Length: 2417, dtype: float64
0      -2.410598
1      -2.299256
2       2.562591
3      -0.744283
4       1.750907
          ...   
2412    1.751960
2413   -0.019837
2414    1.665853
2415    2.198766
2416   -0.747024
Name: obs-prior, Length: 2417, dtype: float64
0      -2.410598
1      -2.299256
2       2.562591
3      -0.744283
4       1.750907
          ...   
2412    1.751960
2413   -0.019837
2414    1.665853
2415    2.198766
2416   -0.747024
Name: obs-prior, Length: 2417, dtype: float64
0      -2.410598
1      -2.299256
2       2.562591
3      -0.744283
4       1.750907
          ...   
2412    1.751960
2413   -0.019837
2414    1.665853
2415    2.198766
2416   -0.747024
Name: obs-prior, Length: 2417, dtype: float64
0      -2.410598
1      -2.299256
2       2.562591
3      -0.744283
4       1.750907
          ...   
2412    1.751960
2413   -0.019837
2414    1.665853
2415    2.198766
2416   -0.747024
Name: obs-prior, Length: 2417, dtype: float64
0      -2.410598
1      -2.299256
2       2.562591
3      -0.744283
4       1.750907
          ...   
2412    1.751960
2413   -0.019837
2414    1.665853
2415    2.198766
2416   -0.747024
Name: obs-prior, Length: 2417, dtype: float64
0      -2.410598
1      -2.299256
2       2.562591
3      -0.744283
4       1.750907
          ...   
2412    1.751960
2413   -0.019837
2414    1.665853
2415    2.198766
2416   -0.747024
Name: obs-prior, Length: 2417, dtype: float64
 region:  SH
0      2.866013
1     -1.185834
2     -1.729250
3      1.557092
4      0.202847
         ...   
329    0.740110
330    1.174611
331    0.409555
332   -3.055028
333   -2.918375
Name: obs-prior, Length: 334, dtype: float64
0      2.866013
1     -1.185834
2     -1.729250
3      1.557092
4      0.202847
         ...   
329    0.740110
330    1.174611
331    0.409555
332   -3.055028
333   -2.918375
Name: obs-prior, Length: 334, dtype: float64
0      2.866013
1     -1.185834
2     -1.729250
3      1.557092
4      0.202847
         ...   
329    0.740110
330    1.174611
331    0.409555
332   -3.055028
333   -2.918375
Name: obs-prior, Length: 334, dtype: float64
0      2.866013
1     -1.185834
2     -1.729250
3      1.557092
4      0.202847
         ...   
329    0.740110
330    1.174611
331    0.409555
332   -3.055028
333   -2.918375
Name: obs-prior, Length: 334, dtype: float64
0      2.866013
1     -1.185834
2     -1.729250
3      1.557092
4      0.202847
         ...   
329    0.740110
330    1.174611
331    0.409555
332   -3.055028
333   -2.918375
Name: obs-prior, Length: 334, dtype: float64
0      2.866013
1     -1.185834
2     -1.729250
3      1.557092
4      0.202847
         ...   
329    0.740110
330    1.174611
331    0.409555
332   -3.055028
333   -2.918375
Name: obs-prior, Length: 334, dtype: float64
0      2.866013
1     -1.185834
2     -1.729250
3      1.557092
4      0.202847
         ...   
329    0.740110
330    1.174611
331    0.409555
332   -3.055028
333   -2.918375
Name: obs-prior, Length: 334, dtype: float64
0      2.866013
1     -1.185834
2     -1.729250
3      1.557092
4      0.202847
         ...   
329    0.740110
330    1.174611
331    0.409555
332   -3.055028
333   -2.918375
Name: obs-prior, Length: 334, dtype: float64
0      2.866013
1     -1.185834
2     -1.729250
3      1.557092
4      0.202847
         ...   
329    0.740110
330    1.174611
331    0.409555
332   -3.055028
333   -2.918375
Name: obs-prior, Length: 334, dtype: float64
0      2.866013
1     -1.185834
2     -1.729250
3      1.557092
4      0.202847
         ...   
329    0.740110
330    1.174611
331    0.409555
332   -3.055028
333   -2.918375
Name: obs-prior, Length: 334, dtype: float64
0      2.866013
1     -1.185834
2     -1.729250
3      1.557092
4      0.202847
         ...   
329    0.740110
330    1.174611
331    0.409555
332   -3.055028
333   -2.918375
Name: obs-prior, Length: 334, dtype: float64
0      2.866013
1     -1.185834
2     -1.729250
3      1.557092
4      0.202847
         ...   
329    0.740110
330    1.174611
331    0.409555
332   -3.055028
333   -2.918375
Name: obs-prior, Length: 334, dtype: float64
0      2.866013
1     -1.185834
2     -1.729250
3      1.557092
4      0.202847
         ...   
329    0.740110
330    1.174611
331    0.409555
332   -3.055028
333   -2.918375
Name: obs-prior, Length: 334, dtype: float64
0      2.866013
1     -1.185834
2     -1.729250
3      1.557092
4      0.202847
         ...   
329    0.740110
330    1.174611
331    0.409555
332   -3.055028
333   -2.918375
Name: obs-prior, Length: 334, dtype: float64
0      2.866013
1     -1.185834
2     -1.729250
3      1.557092
4      0.202847
         ...   
329    0.740110
330    1.174611
331    0.409555
332   -3.055028
333   -2.918375
Name: obs-prior, Length: 334, dtype: float64
0      2.866013
1     -1.185834
2     -1.729250
3      1.557092
4      0.202847
         ...   
329    0.740110
330    1.174611
331    0.409555
332   -3.055028
333   -2.918375
Name: obs-prior, Length: 334, dtype: float64
0      2.866013
1     -1.185834
2     -1.729250
3      1.557092
4      0.202847
         ...   
329    0.740110
330    1.174611
331    0.409555
332   -3.055028
333   -2.918375
Name: obs-prior, Length: 334, dtype: float64
 region:  TR
0       1.334041
1       2.446223
2       0.973540
3      -1.106674
4      -2.912047
          ...   
1246    2.617209
1247   -1.457872
1248   -0.109253
1249    2.257021
1250    2.257021
Name: obs-prior, Length: 1251, dtype: float64
0       1.334041
1       2.446223
2       0.973540
3      -1.106674
4      -2.912047
          ...   
1246    2.617209
1247   -1.457872
1248   -0.109253
1249    2.257021
1250    2.257021
Name: obs-prior, Length: 1251, dtype: float64
0       1.334041
1       2.446223
2       0.973540
3      -1.106674
4      -2.912047
          ...   
1246    2.617209
1247   -1.457872
1248   -0.109253
1249    2.257021
1250    2.257021
Name: obs-prior, Length: 1251, dtype: float64
0       1.334041
1       2.446223
2       0.973540
3      -1.106674
4      -2.912047
          ...   
1246    2.617209
1247   -1.457872
1248   -0.109253
1249    2.257021
1250    2.257021
Name: obs-prior, Length: 1251, dtype: float64
0       1.334041
1       2.446223
2       0.973540
3      -1.106674
4      -2.912047
          ...   
1246    2.617209
1247   -1.457872
1248   -0.109253
1249    2.257021
1250    2.257021
Name: obs-prior, Length: 1251, dtype: float64
0       1.334041
1       2.446223
2       0.973540
3      -1.106674
4      -2.912047
          ...   
1246    2.617209
1247   -1.457872
1248   -0.109253
1249    2.257021
1250    2.257021
Name: obs-prior, Length: 1251, dtype: float64
0       1.334041
1       2.446223
2       0.973540
3      -1.106674
4      -2.912047
          ...   
1246    2.617209
1247   -1.457872
1248   -0.109253
1249    2.257021
1250    2.257021
Name: obs-prior, Length: 1251, dtype: float64
0       1.334041
1       2.446223
2       0.973540
3      -1.106674
4      -2.912047
          ...   
1246    2.617209
1247   -1.457872
1248   -0.109253
1249    2.257021
1250    2.257021
Name: obs-prior, Length: 1251, dtype: float64
0       1.334041
1       2.446223
2       0.973540
3      -1.106674
4      -2.912047
          ...   
1246    2.617209
1247   -1.457872
1248   -0.109253
1249    2.257021
1250    2.257021
Name: obs-prior, Length: 1251, dtype: float64
0       1.334041
1       2.446223
2       0.973540
3      -1.106674
4      -2.912047
          ...   
1246    2.617209
1247   -1.457872
1248   -0.109253
1249    2.257021
1250    2.257021
Name: obs-prior, Length: 1251, dtype: float64
0       1.334041
1       2.446223
2       0.973540
3      -1.106674
4      -2.912047
          ...   
1246    2.617209
1247   -1.457872
1248   -0.109253
1249    2.257021
1250    2.257021
Name: obs-prior, Length: 1251, dtype: float64
0       1.334041
1       2.446223
2       0.973540
3      -1.106674
4      -2.912047
          ...   
1246    2.617209
1247   -1.457872
1248   -0.109253
1249    2.257021
1250    2.257021
Name: obs-prior, Length: 1251, dtype: float64
0       1.334041
1       2.446223
2       0.973540
3      -1.106674
4      -2.912047
          ...   
1246    2.617209
1247   -1.457872
1248   -0.109253
1249    2.257021
1250    2.257021
Name: obs-prior, Length: 1251, dtype: float64
0       1.334041
1       2.446223
2       0.973540
3      -1.106674
4      -2.912047
          ...   
1246    2.617209
1247   -1.457872
1248   -0.109253
1249    2.257021
1250    2.257021
Name: obs-prior, Length: 1251, dtype: float64
0       1.334041
1       2.446223
2       0.973540
3      -1.106674
4      -2.912047
          ...   
1246    2.617209
1247   -1.457872
1248   -0.109253
1249    2.257021
1250    2.257021
Name: obs-prior, Length: 1251, dtype: float64
0       1.334041
1       2.446223
2       0.973540
3      -1.106674
4      -2.912047
          ...   
1246    2.617209
1247   -1.457872
1248   -0.109253
1249    2.257021
1250    2.257021
Name: obs-prior, Length: 1251, dtype: float64
0       1.334041
1       2.446223
2       0.973540
3      -1.106674
4      -2.912047
          ...   
1246    2.617209
1247   -1.457872
1248   -0.109253
1249    2.257021
1250    2.257021
Name: obs-prior, Length: 1251, dtype: float64
0       1.334041
1       2.446223
2       0.973540
3      -1.106674
4      -2.912047
          ...   
1246    2.617209
1247   -1.457872
1248   -0.109253
1249    2.257021
1250    2.257021
Name: obs-prior, Length: 1251, dtype: float64

 processing obs:  AIRCRAFT_V_WIND_COMPONENT
 region:  Global
0      -1.835616
1       0.440259
2      -2.254961
3      -2.039189
4      -1.477730
          ...   
3885   -0.889720
3886    0.522321
3887    0.814308
3888   -2.450485
3889    0.344050
Name: obs-prior, Length: 3890, dtype: float64
0      -1.835616
1       0.440259
2      -2.254961
3      -2.039189
4      -1.477730
          ...   
3885   -0.889720
3886    0.522321
3887    0.814308
3888   -2.450485
3889    0.344050
Name: obs-prior, Length: 3890, dtype: float64
0      -1.835616
1       0.440259
2      -2.254961
3      -2.039189
4      -1.477730
          ...   
3885   -0.889720
3886    0.522321
3887    0.814308
3888   -2.450485
3889    0.344050
Name: obs-prior, Length: 3890, dtype: float64
0      -1.835616
1       0.440259
2      -2.254961
3      -2.039189
4      -1.477730
          ...   
3885   -0.889720
3886    0.522321
3887    0.814308
3888   -2.450485
3889    0.344050
Name: obs-prior, Length: 3890, dtype: float64
0      -1.835616
1       0.440259
2      -2.254961
3      -2.039189
4      -1.477730
          ...   
3885   -0.889720
3886    0.522321
3887    0.814308
3888   -2.450485
3889    0.344050
Name: obs-prior, Length: 3890, dtype: float64
0      -1.835616
1       0.440259
2      -2.254961
3      -2.039189
4      -1.477730
          ...   
3885   -0.889720
3886    0.522321
3887    0.814308
3888   -2.450485
3889    0.344050
Name: obs-prior, Length: 3890, dtype: float64
0      -1.835616
1       0.440259
2      -2.254961
3      -2.039189
4      -1.477730
          ...   
3885   -0.889720
3886    0.522321
3887    0.814308
3888   -2.450485
3889    0.344050
Name: obs-prior, Length: 3890, dtype: float64
0      -1.835616
1       0.440259
2      -2.254961
3      -2.039189
4      -1.477730
          ...   
3885   -0.889720
3886    0.522321
3887    0.814308
3888   -2.450485
3889    0.344050
Name: obs-prior, Length: 3890, dtype: float64
0      -1.835616
1       0.440259
2      -2.254961
3      -2.039189
4      -1.477730
          ...   
3885   -0.889720
3886    0.522321
3887    0.814308
3888   -2.450485
3889    0.344050
Name: obs-prior, Length: 3890, dtype: float64
0      -1.835616
1       0.440259
2      -2.254961
3      -2.039189
4      -1.477730
          ...   
3885   -0.889720
3886    0.522321
3887    0.814308
3888   -2.450485
3889    0.344050
Name: obs-prior, Length: 3890, dtype: float64
0      -1.835616
1       0.440259
2      -2.254961
3      -2.039189
4      -1.477730
          ...   
3885   -0.889720
3886    0.522321
3887    0.814308
3888   -2.450485
3889    0.344050
Name: obs-prior, Length: 3890, dtype: float64
0      -1.835616
1       0.440259
2      -2.254961
3      -2.039189
4      -1.477730
          ...   
3885   -0.889720
3886    0.522321
3887    0.814308
3888   -2.450485
3889    0.344050
Name: obs-prior, Length: 3890, dtype: float64
0      -1.835616
1       0.440259
2      -2.254961
3      -2.039189
4      -1.477730
          ...   
3885   -0.889720
3886    0.522321
3887    0.814308
3888   -2.450485
3889    0.344050
Name: obs-prior, Length: 3890, dtype: float64
0      -1.835616
1       0.440259
2      -2.254961
3      -2.039189
4      -1.477730
          ...   
3885   -0.889720
3886    0.522321
3887    0.814308
3888   -2.450485
3889    0.344050
Name: obs-prior, Length: 3890, dtype: float64
0      -1.835616
1       0.440259
2      -2.254961
3      -2.039189
4      -1.477730
          ...   
3885   -0.889720
3886    0.522321
3887    0.814308
3888   -2.450485
3889    0.344050
Name: obs-prior, Length: 3890, dtype: float64
0      -1.835616
1       0.440259
2      -2.254961
3      -2.039189
4      -1.477730
          ...   
3885   -0.889720
3886    0.522321
3887    0.814308
3888   -2.450485
3889    0.344050
Name: obs-prior, Length: 3890, dtype: float64
0      -1.835616
1       0.440259
2      -2.254961
3      -2.039189
4      -1.477730
          ...   
3885   -0.889720
3886    0.522321
3887    0.814308
3888   -2.450485
3889    0.344050
Name: obs-prior, Length: 3890, dtype: float64
0      -1.835616
1       0.440259
2      -2.254961
3      -2.039189
4      -1.477730
          ...   
3885   -0.889720
3886    0.522321
3887    0.814308
3888   -2.450485
3889    0.344050
Name: obs-prior, Length: 3890, dtype: float64
 region:  NH
0      -1.477730
1      -1.819795
2      -1.352468
3      -0.463079
4      -1.711728
          ...   
2345    2.743777
2346    0.180529
2347   -1.344661
2348   -0.889720
2349    0.344050
Name: obs-prior, Length: 2350, dtype: float64
0      -1.477730
1      -1.819795
2      -1.352468
3      -0.463079
4      -1.711728
          ...   
2345    2.743777
2346    0.180529
2347   -1.344661
2348   -0.889720
2349    0.344050
Name: obs-prior, Length: 2350, dtype: float64
0      -1.477730
1      -1.819795
2      -1.352468
3      -0.463079
4      -1.711728
          ...   
2345    2.743777
2346    0.180529
2347   -1.344661
2348   -0.889720
2349    0.344050
Name: obs-prior, Length: 2350, dtype: float64
0      -1.477730
1      -1.819795
2      -1.352468
3      -0.463079
4      -1.711728
          ...   
2345    2.743777
2346    0.180529
2347   -1.344661
2348   -0.889720
2349    0.344050
Name: obs-prior, Length: 2350, dtype: float64
0      -1.477730
1      -1.819795
2      -1.352468
3      -0.463079
4      -1.711728
          ...   
2345    2.743777
2346    0.180529
2347   -1.344661
2348   -0.889720
2349    0.344050
Name: obs-prior, Length: 2350, dtype: float64
0      -1.477730
1      -1.819795
2      -1.352468
3      -0.463079
4      -1.711728
          ...   
2345    2.743777
2346    0.180529
2347   -1.344661
2348   -0.889720
2349    0.344050
Name: obs-prior, Length: 2350, dtype: float64
0      -1.477730
1      -1.819795
2      -1.352468
3      -0.463079
4      -1.711728
          ...   
2345    2.743777
2346    0.180529
2347   -1.344661
2348   -0.889720
2349    0.344050
Name: obs-prior, Length: 2350, dtype: float64
0      -1.477730
1      -1.819795
2      -1.352468
3      -0.463079
4      -1.711728
          ...   
2345    2.743777
2346    0.180529
2347   -1.344661
2348   -0.889720
2349    0.344050
Name: obs-prior, Length: 2350, dtype: float64
0      -1.477730
1      -1.819795
2      -1.352468
3      -0.463079
4      -1.711728
          ...   
2345    2.743777
2346    0.180529
2347   -1.344661
2348   -0.889720
2349    0.344050
Name: obs-prior, Length: 2350, dtype: float64
0      -1.477730
1      -1.819795
2      -1.352468
3      -0.463079
4      -1.711728
          ...   
2345    2.743777
2346    0.180529
2347   -1.344661
2348   -0.889720
2349    0.344050
Name: obs-prior, Length: 2350, dtype: float64
0      -1.477730
1      -1.819795
2      -1.352468
3      -0.463079
4      -1.711728
          ...   
2345    2.743777
2346    0.180529
2347   -1.344661
2348   -0.889720
2349    0.344050
Name: obs-prior, Length: 2350, dtype: float64
0      -1.477730
1      -1.819795
2      -1.352468
3      -0.463079
4      -1.711728
          ...   
2345    2.743777
2346    0.180529
2347   -1.344661
2348   -0.889720
2349    0.344050
Name: obs-prior, Length: 2350, dtype: float64
0      -1.477730
1      -1.819795
2      -1.352468
3      -0.463079
4      -1.711728
          ...   
2345    2.743777
2346    0.180529
2347   -1.344661
2348   -0.889720
2349    0.344050
Name: obs-prior, Length: 2350, dtype: float64
0      -1.477730
1      -1.819795
2      -1.352468
3      -0.463079
4      -1.711728
          ...   
2345    2.743777
2346    0.180529
2347   -1.344661
2348   -0.889720
2349    0.344050
Name: obs-prior, Length: 2350, dtype: float64
0      -1.477730
1      -1.819795
2      -1.352468
3      -0.463079
4      -1.711728
          ...   
2345    2.743777
2346    0.180529
2347   -1.344661
2348   -0.889720
2349    0.344050
Name: obs-prior, Length: 2350, dtype: float64
0      -1.477730
1      -1.819795
2      -1.352468
3      -0.463079
4      -1.711728
          ...   
2345    2.743777
2346    0.180529
2347   -1.344661
2348   -0.889720
2349    0.344050
Name: obs-prior, Length: 2350, dtype: float64
0      -1.477730
1      -1.819795
2      -1.352468
3      -0.463079
4      -1.711728
          ...   
2345    2.743777
2346    0.180529
2347   -1.344661
2348   -0.889720
2349    0.344050
Name: obs-prior, Length: 2350, dtype: float64
0      -1.477730
1      -1.819795
2      -1.352468
3      -0.463079
4      -1.711728
          ...   
2345    2.743777
2346    0.180529
2347   -1.344661
2348   -0.889720
2349    0.344050
Name: obs-prior, Length: 2350, dtype: float64
 region:  SH
0     -2.353148
1     -0.365286
2     -0.480559
3      0.319603
4     -0.312255
         ...   
346    0.404209
347    0.589068
348    1.018099
349    1.326723
350    0.814308
Name: obs-prior, Length: 351, dtype: float64
0     -2.353148
1     -0.365286
2     -0.480559
3      0.319603
4     -0.312255
         ...   
346    0.404209
347    0.589068
348    1.018099
349    1.326723
350    0.814308
Name: obs-prior, Length: 351, dtype: float64
0     -2.353148
1     -0.365286
2     -0.480559
3      0.319603
4     -0.312255
         ...   
346    0.404209
347    0.589068
348    1.018099
349    1.326723
350    0.814308
Name: obs-prior, Length: 351, dtype: float64
0     -2.353148
1     -0.365286
2     -0.480559
3      0.319603
4     -0.312255
         ...   
346    0.404209
347    0.589068
348    1.018099
349    1.326723
350    0.814308
Name: obs-prior, Length: 351, dtype: float64
0     -2.353148
1     -0.365286
2     -0.480559
3      0.319603
4     -0.312255
         ...   
346    0.404209
347    0.589068
348    1.018099
349    1.326723
350    0.814308
Name: obs-prior, Length: 351, dtype: float64
0     -2.353148
1     -0.365286
2     -0.480559
3      0.319603
4     -0.312255
         ...   
346    0.404209
347    0.589068
348    1.018099
349    1.326723
350    0.814308
Name: obs-prior, Length: 351, dtype: float64
0     -2.353148
1     -0.365286
2     -0.480559
3      0.319603
4     -0.312255
         ...   
346    0.404209
347    0.589068
348    1.018099
349    1.326723
350    0.814308
Name: obs-prior, Length: 351, dtype: float64
0     -2.353148
1     -0.365286
2     -0.480559
3      0.319603
4     -0.312255
         ...   
346    0.404209
347    0.589068
348    1.018099
349    1.326723
350    0.814308
Name: obs-prior, Length: 351, dtype: float64
0     -2.353148
1     -0.365286
2     -0.480559
3      0.319603
4     -0.312255
         ...   
346    0.404209
347    0.589068
348    1.018099
349    1.326723
350    0.814308
Name: obs-prior, Length: 351, dtype: float64
0     -2.353148
1     -0.365286
2     -0.480559
3      0.319603
4     -0.312255
         ...   
346    0.404209
347    0.589068
348    1.018099
349    1.326723
350    0.814308
Name: obs-prior, Length: 351, dtype: float64
0     -2.353148
1     -0.365286
2     -0.480559
3      0.319603
4     -0.312255
         ...   
346    0.404209
347    0.589068
348    1.018099
349    1.326723
350    0.814308
Name: obs-prior, Length: 351, dtype: float64
0     -2.353148
1     -0.365286
2     -0.480559
3      0.319603
4     -0.312255
         ...   
346    0.404209
347    0.589068
348    1.018099
349    1.326723
350    0.814308
Name: obs-prior, Length: 351, dtype: float64
0     -2.353148
1     -0.365286
2     -0.480559
3      0.319603
4     -0.312255
         ...   
346    0.404209
347    0.589068
348    1.018099
349    1.326723
350    0.814308
Name: obs-prior, Length: 351, dtype: float64
0     -2.353148
1     -0.365286
2     -0.480559
3      0.319603
4     -0.312255
         ...   
346    0.404209
347    0.589068
348    1.018099
349    1.326723
350    0.814308
Name: obs-prior, Length: 351, dtype: float64
0     -2.353148
1     -0.365286
2     -0.480559
3      0.319603
4     -0.312255
         ...   
346    0.404209
347    0.589068
348    1.018099
349    1.326723
350    0.814308
Name: obs-prior, Length: 351, dtype: float64
0     -2.353148
1     -0.365286
2     -0.480559
3      0.319603
4     -0.312255
         ...   
346    0.404209
347    0.589068
348    1.018099
349    1.326723
350    0.814308
Name: obs-prior, Length: 351, dtype: float64
0     -2.353148
1     -0.365286
2     -0.480559
3      0.319603
4     -0.312255
         ...   
346    0.404209
347    0.589068
348    1.018099
349    1.326723
350    0.814308
Name: obs-prior, Length: 351, dtype: float64
 region:  TR
0      -1.835616
1       0.440259
2      -2.254961
3      -2.039189
4       1.297195
          ...   
1184    0.520068
1185    1.145736
1186   -0.034755
1187    0.522321
1188   -2.450485
Name: obs-prior, Length: 1189, dtype: float64
0      -1.835616
1       0.440259
2      -2.254961
3      -2.039189
4       1.297195
          ...   
1184    0.520068
1185    1.145736
1186   -0.034755
1187    0.522321
1188   -2.450485
Name: obs-prior, Length: 1189, dtype: float64
0      -1.835616
1       0.440259
2      -2.254961
3      -2.039189
4       1.297195
          ...   
1184    0.520068
1185    1.145736
1186   -0.034755
1187    0.522321
1188   -2.450485
Name: obs-prior, Length: 1189, dtype: float64
0      -1.835616
1       0.440259
2      -2.254961
3      -2.039189
4       1.297195
          ...   
1184    0.520068
1185    1.145736
1186   -0.034755
1187    0.522321
1188   -2.450485
Name: obs-prior, Length: 1189, dtype: float64
0      -1.835616
1       0.440259
2      -2.254961
3      -2.039189
4       1.297195
          ...   
1184    0.520068
1185    1.145736
1186   -0.034755
1187    0.522321
1188   -2.450485
Name: obs-prior, Length: 1189, dtype: float64
0      -1.835616
1       0.440259
2      -2.254961
3      -2.039189
4       1.297195
          ...   
1184    0.520068
1185    1.145736
1186   -0.034755
1187    0.522321
1188   -2.450485
Name: obs-prior, Length: 1189, dtype: float64
0      -1.835616
1       0.440259
2      -2.254961
3      -2.039189
4       1.297195
          ...   
1184    0.520068
1185    1.145736
1186   -0.034755
1187    0.522321
1188   -2.450485
Name: obs-prior, Length: 1189, dtype: float64
0      -1.835616
1       0.440259
2      -2.254961
3      -2.039189
4       1.297195
          ...   
1184    0.520068
1185    1.145736
1186   -0.034755
1187    0.522321
1188   -2.450485
Name: obs-prior, Length: 1189, dtype: float64
0      -1.835616
1       0.440259
2      -2.254961
3      -2.039189
4       1.297195
          ...   
1184    0.520068
1185    1.145736
1186   -0.034755
1187    0.522321
1188   -2.450485
Name: obs-prior, Length: 1189, dtype: float64
0      -1.835616
1       0.440259
2      -2.254961
3      -2.039189
4       1.297195
          ...   
1184    0.520068
1185    1.145736
1186   -0.034755
1187    0.522321
1188   -2.450485
Name: obs-prior, Length: 1189, dtype: float64
0      -1.835616
1       0.440259
2      -2.254961
3      -2.039189
4       1.297195
          ...   
1184    0.520068
1185    1.145736
1186   -0.034755
1187    0.522321
1188   -2.450485
Name: obs-prior, Length: 1189, dtype: float64
0      -1.835616
1       0.440259
2      -2.254961
3      -2.039189
4       1.297195
          ...   
1184    0.520068
1185    1.145736
1186   -0.034755
1187    0.522321
1188   -2.450485
Name: obs-prior, Length: 1189, dtype: float64
0      -1.835616
1       0.440259
2      -2.254961
3      -2.039189
4       1.297195
          ...   
1184    0.520068
1185    1.145736
1186   -0.034755
1187    0.522321
1188   -2.450485
Name: obs-prior, Length: 1189, dtype: float64
0      -1.835616
1       0.440259
2      -2.254961
3      -2.039189
4       1.297195
          ...   
1184    0.520068
1185    1.145736
1186   -0.034755
1187    0.522321
1188   -2.450485
Name: obs-prior, Length: 1189, dtype: float64
0      -1.835616
1       0.440259
2      -2.254961
3      -2.039189
4       1.297195
          ...   
1184    0.520068
1185    1.145736
1186   -0.034755
1187    0.522321
1188   -2.450485
Name: obs-prior, Length: 1189, dtype: float64
0      -1.835616
1       0.440259
2      -2.254961
3      -2.039189
4       1.297195
          ...   
1184    0.520068
1185    1.145736
1186   -0.034755
1187    0.522321
1188   -2.450485
Name: obs-prior, Length: 1189, dtype: float64
0      -1.835616
1       0.440259
2      -2.254961
3      -2.039189
4       1.297195
          ...   
1184    0.520068
1185    1.145736
1186   -0.034755
1187    0.522321
1188   -2.450485
Name: obs-prior, Length: 1189, dtype: float64
0      -1.835616
1       0.440259
2      -2.254961
3      -2.039189
4       1.297195
          ...   
1184    0.520068
1185    1.145736
1186   -0.034755
1187    0.522321
1188   -2.450485
Name: obs-prior, Length: 1189, dtype: float64

 processing obs:  AIRCRAFT_TEMPERATURE
 region:  Global
0      -0.067574
1       0.340520
2      -0.528989
3      -0.544886
4       0.383162
          ...   
3645    0.531103
3646   -0.534571
3647   -0.287090
3648    0.971720
3649   -0.205243
Name: obs-prior, Length: 3650, dtype: float64
0      -0.067574
1       0.340520
2      -0.528989
3      -0.544886
4       0.383162
          ...   
3645    0.531103
3646   -0.534571
3647   -0.287090
3648    0.971720
3649   -0.205243
Name: obs-prior, Length: 3650, dtype: float64
0      -0.067574
1       0.340520
2      -0.528989
3      -0.544886
4       0.383162
          ...   
3645    0.531103
3646   -0.534571
3647   -0.287090
3648    0.971720
3649   -0.205243
Name: obs-prior, Length: 3650, dtype: float64
0      -0.067574
1       0.340520
2      -0.528989
3      -0.544886
4       0.383162
          ...   
3645    0.531103
3646   -0.534571
3647   -0.287090
3648    0.971720
3649   -0.205243
Name: obs-prior, Length: 3650, dtype: float64
0      -0.067574
1       0.340520
2      -0.528989
3      -0.544886
4       0.383162
          ...   
3645    0.531103
3646   -0.534571
3647   -0.287090
3648    0.971720
3649   -0.205243
Name: obs-prior, Length: 3650, dtype: float64
0      -0.067574
1       0.340520
2      -0.528989
3      -0.544886
4       0.383162
          ...   
3645    0.531103
3646   -0.534571
3647   -0.287090
3648    0.971720
3649   -0.205243
Name: obs-prior, Length: 3650, dtype: float64
0      -0.067574
1       0.340520
2      -0.528989
3      -0.544886
4       0.383162
          ...   
3645    0.531103
3646   -0.534571
3647   -0.287090
3648    0.971720
3649   -0.205243
Name: obs-prior, Length: 3650, dtype: float64
0      -0.067574
1       0.340520
2      -0.528989
3      -0.544886
4       0.383162
          ...   
3645    0.531103
3646   -0.534571
3647   -0.287090
3648    0.971720
3649   -0.205243
Name: obs-prior, Length: 3650, dtype: float64
0      -0.067574
1       0.340520
2      -0.528989
3      -0.544886
4       0.383162
          ...   
3645    0.531103
3646   -0.534571
3647   -0.287090
3648    0.971720
3649   -0.205243
Name: obs-prior, Length: 3650, dtype: float64
0      -0.067574
1       0.340520
2      -0.528989
3      -0.544886
4       0.383162
          ...   
3645    0.531103
3646   -0.534571
3647   -0.287090
3648    0.971720
3649   -0.205243
Name: obs-prior, Length: 3650, dtype: float64
0      -0.067574
1       0.340520
2      -0.528989
3      -0.544886
4       0.383162
          ...   
3645    0.531103
3646   -0.534571
3647   -0.287090
3648    0.971720
3649   -0.205243
Name: obs-prior, Length: 3650, dtype: float64
0      -0.067574
1       0.340520
2      -0.528989
3      -0.544886
4       0.383162
          ...   
3645    0.531103
3646   -0.534571
3647   -0.287090
3648    0.971720
3649   -0.205243
Name: obs-prior, Length: 3650, dtype: float64
0      -0.067574
1       0.340520
2      -0.528989
3      -0.544886
4       0.383162
          ...   
3645    0.531103
3646   -0.534571
3647   -0.287090
3648    0.971720
3649   -0.205243
Name: obs-prior, Length: 3650, dtype: float64
0      -0.067574
1       0.340520
2      -0.528989
3      -0.544886
4       0.383162
          ...   
3645    0.531103
3646   -0.534571
3647   -0.287090
3648    0.971720
3649   -0.205243
Name: obs-prior, Length: 3650, dtype: float64
0      -0.067574
1       0.340520
2      -0.528989
3      -0.544886
4       0.383162
          ...   
3645    0.531103
3646   -0.534571
3647   -0.287090
3648    0.971720
3649   -0.205243
Name: obs-prior, Length: 3650, dtype: float64
0      -0.067574
1       0.340520
2      -0.528989
3      -0.544886
4       0.383162
          ...   
3645    0.531103
3646   -0.534571
3647   -0.287090
3648    0.971720
3649   -0.205243
Name: obs-prior, Length: 3650, dtype: float64
0      -0.067574
1       0.340520
2      -0.528989
3      -0.544886
4       0.383162
          ...   
3645    0.531103
3646   -0.534571
3647   -0.287090
3648    0.971720
3649   -0.205243
Name: obs-prior, Length: 3650, dtype: float64
0      -0.067574
1       0.340520
2      -0.528989
3      -0.544886
4       0.383162
          ...   
3645    0.531103
3646   -0.534571
3647   -0.287090
3648    0.971720
3649   -0.205243
Name: obs-prior, Length: 3650, dtype: float64
 region:  NH
0       0.383162
1      -1.158503
2      -1.244582
3      -1.022192
4      -0.748725
          ...   
2243   -0.680189
2244   -0.534571
2245   -0.287090
2246    0.971720
2247   -0.205243
Name: obs-prior, Length: 2248, dtype: float64
0       0.383162
1      -1.158503
2      -1.244582
3      -1.022192
4      -0.748725
          ...   
2243   -0.680189
2244   -0.534571
2245   -0.287090
2246    0.971720
2247   -0.205243
Name: obs-prior, Length: 2248, dtype: float64
0       0.383162
1      -1.158503
2      -1.244582
3      -1.022192
4      -0.748725
          ...   
2243   -0.680189
2244   -0.534571
2245   -0.287090
2246    0.971720
2247   -0.205243
Name: obs-prior, Length: 2248, dtype: float64
0       0.383162
1      -1.158503
2      -1.244582
3      -1.022192
4      -0.748725
          ...   
2243   -0.680189
2244   -0.534571
2245   -0.287090
2246    0.971720
2247   -0.205243
Name: obs-prior, Length: 2248, dtype: float64
0       0.383162
1      -1.158503
2      -1.244582
3      -1.022192
4      -0.748725
          ...   
2243   -0.680189
2244   -0.534571
2245   -0.287090
2246    0.971720
2247   -0.205243
Name: obs-prior, Length: 2248, dtype: float64
0       0.383162
1      -1.158503
2      -1.244582
3      -1.022192
4      -0.748725
          ...   
2243   -0.680189
2244   -0.534571
2245   -0.287090
2246    0.971720
2247   -0.205243
Name: obs-prior, Length: 2248, dtype: float64
0       0.383162
1      -1.158503
2      -1.244582
3      -1.022192
4      -0.748725
          ...   
2243   -0.680189
2244   -0.534571
2245   -0.287090
2246    0.971720
2247   -0.205243
Name: obs-prior, Length: 2248, dtype: float64
0       0.383162
1      -1.158503
2      -1.244582
3      -1.022192
4      -0.748725
          ...   
2243   -0.680189
2244   -0.534571
2245   -0.287090
2246    0.971720
2247   -0.205243
Name: obs-prior, Length: 2248, dtype: float64
0       0.383162
1      -1.158503
2      -1.244582
3      -1.022192
4      -0.748725
          ...   
2243   -0.680189
2244   -0.534571
2245   -0.287090
2246    0.971720
2247   -0.205243
Name: obs-prior, Length: 2248, dtype: float64
0       0.383162
1      -1.158503
2      -1.244582
3      -1.022192
4      -0.748725
          ...   
2243   -0.680189
2244   -0.534571
2245   -0.287090
2246    0.971720
2247   -0.205243
Name: obs-prior, Length: 2248, dtype: float64
0       0.383162
1      -1.158503
2      -1.244582
3      -1.022192
4      -0.748725
          ...   
2243   -0.680189
2244   -0.534571
2245   -0.287090
2246    0.971720
2247   -0.205243
Name: obs-prior, Length: 2248, dtype: float64
0       0.383162
1      -1.158503
2      -1.244582
3      -1.022192
4      -0.748725
          ...   
2243   -0.680189
2244   -0.534571
2245   -0.287090
2246    0.971720
2247   -0.205243
Name: obs-prior, Length: 2248, dtype: float64
0       0.383162
1      -1.158503
2      -1.244582
3      -1.022192
4      -0.748725
          ...   
2243   -0.680189
2244   -0.534571
2245   -0.287090
2246    0.971720
2247   -0.205243
Name: obs-prior, Length: 2248, dtype: float64
0       0.383162
1      -1.158503
2      -1.244582
3      -1.022192
4      -0.748725
          ...   
2243   -0.680189
2244   -0.534571
2245   -0.287090
2246    0.971720
2247   -0.205243
Name: obs-prior, Length: 2248, dtype: float64
0       0.383162
1      -1.158503
2      -1.244582
3      -1.022192
4      -0.748725
          ...   
2243   -0.680189
2244   -0.534571
2245   -0.287090
2246    0.971720
2247   -0.205243
Name: obs-prior, Length: 2248, dtype: float64
0       0.383162
1      -1.158503
2      -1.244582
3      -1.022192
4      -0.748725
          ...   
2243   -0.680189
2244   -0.534571
2245   -0.287090
2246    0.971720
2247   -0.205243
Name: obs-prior, Length: 2248, dtype: float64
0       0.383162
1      -1.158503
2      -1.244582
3      -1.022192
4      -0.748725
          ...   
2243   -0.680189
2244   -0.534571
2245   -0.287090
2246    0.971720
2247   -0.205243
Name: obs-prior, Length: 2248, dtype: float64
0       0.383162
1      -1.158503
2      -1.244582
3      -1.022192
4      -0.748725
          ...   
2243   -0.680189
2244   -0.534571
2245   -0.287090
2246    0.971720
2247   -0.205243
Name: obs-prior, Length: 2248, dtype: float64
 region:  SH
0     -0.783713
1     -0.227914
2     -0.396621
3      0.361613
4      1.075005
         ...   
313    0.076049
314   -0.622501
315    1.239898
316    0.693140
317   -0.568767
Name: obs-prior, Length: 318, dtype: float64
0     -0.783713
1     -0.227914
2     -0.396621
3      0.361613
4      1.075005
         ...   
313    0.076049
314   -0.622501
315    1.239898
316    0.693140
317   -0.568767
Name: obs-prior, Length: 318, dtype: float64
0     -0.783713
1     -0.227914
2     -0.396621
3      0.361613
4      1.075005
         ...   
313    0.076049
314   -0.622501
315    1.239898
316    0.693140
317   -0.568767
Name: obs-prior, Length: 318, dtype: float64
0     -0.783713
1     -0.227914
2     -0.396621
3      0.361613
4      1.075005
         ...   
313    0.076049
314   -0.622501
315    1.239898
316    0.693140
317   -0.568767
Name: obs-prior, Length: 318, dtype: float64
0     -0.783713
1     -0.227914
2     -0.396621
3      0.361613
4      1.075005
         ...   
313    0.076049
314   -0.622501
315    1.239898
316    0.693140
317   -0.568767
Name: obs-prior, Length: 318, dtype: float64
0     -0.783713
1     -0.227914
2     -0.396621
3      0.361613
4      1.075005
         ...   
313    0.076049
314   -0.622501
315    1.239898
316    0.693140
317   -0.568767
Name: obs-prior, Length: 318, dtype: float64
0     -0.783713
1     -0.227914
2     -0.396621
3      0.361613
4      1.075005
         ...   
313    0.076049
314   -0.622501
315    1.239898
316    0.693140
317   -0.568767
Name: obs-prior, Length: 318, dtype: float64
0     -0.783713
1     -0.227914
2     -0.396621
3      0.361613
4      1.075005
         ...   
313    0.076049
314   -0.622501
315    1.239898
316    0.693140
317   -0.568767
Name: obs-prior, Length: 318, dtype: float64
0     -0.783713
1     -0.227914
2     -0.396621
3      0.361613
4      1.075005
         ...   
313    0.076049
314   -0.622501
315    1.239898
316    0.693140
317   -0.568767
Name: obs-prior, Length: 318, dtype: float64
0     -0.783713
1     -0.227914
2     -0.396621
3      0.361613
4      1.075005
         ...   
313    0.076049
314   -0.622501
315    1.239898
316    0.693140
317   -0.568767
Name: obs-prior, Length: 318, dtype: float64
0     -0.783713
1     -0.227914
2     -0.396621
3      0.361613
4      1.075005
         ...   
313    0.076049
314   -0.622501
315    1.239898
316    0.693140
317   -0.568767
Name: obs-prior, Length: 318, dtype: float64
0     -0.783713
1     -0.227914
2     -0.396621
3      0.361613
4      1.075005
         ...   
313    0.076049
314   -0.622501
315    1.239898
316    0.693140
317   -0.568767
Name: obs-prior, Length: 318, dtype: float64
0     -0.783713
1     -0.227914
2     -0.396621
3      0.361613
4      1.075005
         ...   
313    0.076049
314   -0.622501
315    1.239898
316    0.693140
317   -0.568767
Name: obs-prior, Length: 318, dtype: float64
0     -0.783713
1     -0.227914
2     -0.396621
3      0.361613
4      1.075005
         ...   
313    0.076049
314   -0.622501
315    1.239898
316    0.693140
317   -0.568767
Name: obs-prior, Length: 318, dtype: float64
0     -0.783713
1     -0.227914
2     -0.396621
3      0.361613
4      1.075005
         ...   
313    0.076049
314   -0.622501
315    1.239898
316    0.693140
317   -0.568767
Name: obs-prior, Length: 318, dtype: float64
0     -0.783713
1     -0.227914
2     -0.396621
3      0.361613
4      1.075005
         ...   
313    0.076049
314   -0.622501
315    1.239898
316    0.693140
317   -0.568767
Name: obs-prior, Length: 318, dtype: float64
0     -0.783713
1     -0.227914
2     -0.396621
3      0.361613
4      1.075005
         ...   
313    0.076049
314   -0.622501
315    1.239898
316    0.693140
317   -0.568767
Name: obs-prior, Length: 318, dtype: float64
 region:  TR
0      -0.067574
1       0.340520
2      -0.528989
3      -0.544886
4       0.752874
          ...   
1079    0.210142
1080   -0.153503
1081   -1.125044
1082    0.341949
1083    0.531103
Name: obs-prior, Length: 1084, dtype: float64
0      -0.067574
1       0.340520
2      -0.528989
3      -0.544886
4       0.752874
          ...   
1079    0.210142
1080   -0.153503
1081   -1.125044
1082    0.341949
1083    0.531103
Name: obs-prior, Length: 1084, dtype: float64
0      -0.067574
1       0.340520
2      -0.528989
3      -0.544886
4       0.752874
          ...   
1079    0.210142
1080   -0.153503
1081   -1.125044
1082    0.341949
1083    0.531103
Name: obs-prior, Length: 1084, dtype: float64
0      -0.067574
1       0.340520
2      -0.528989
3      -0.544886
4       0.752874
          ...   
1079    0.210142
1080   -0.153503
1081   -1.125044
1082    0.341949
1083    0.531103
Name: obs-prior, Length: 1084, dtype: float64
0      -0.067574
1       0.340520
2      -0.528989
3      -0.544886
4       0.752874
          ...   
1079    0.210142
1080   -0.153503
1081   -1.125044
1082    0.341949
1083    0.531103
Name: obs-prior, Length: 1084, dtype: float64
0      -0.067574
1       0.340520
2      -0.528989
3      -0.544886
4       0.752874
          ...   
1079    0.210142
1080   -0.153503
1081   -1.125044
1082    0.341949
1083    0.531103
Name: obs-prior, Length: 1084, dtype: float64
0      -0.067574
1       0.340520
2      -0.528989
3      -0.544886
4       0.752874
          ...   
1079    0.210142
1080   -0.153503
1081   -1.125044
1082    0.341949
1083    0.531103
Name: obs-prior, Length: 1084, dtype: float64
0      -0.067574
1       0.340520
2      -0.528989
3      -0.544886
4       0.752874
          ...   
1079    0.210142
1080   -0.153503
1081   -1.125044
1082    0.341949
1083    0.531103
Name: obs-prior, Length: 1084, dtype: float64
0      -0.067574
1       0.340520
2      -0.528989
3      -0.544886
4       0.752874
          ...   
1079    0.210142
1080   -0.153503
1081   -1.125044
1082    0.341949
1083    0.531103
Name: obs-prior, Length: 1084, dtype: float64
0      -0.067574
1       0.340520
2      -0.528989
3      -0.544886
4       0.752874
          ...   
1079    0.210142
1080   -0.153503
1081   -1.125044
1082    0.341949
1083    0.531103
Name: obs-prior, Length: 1084, dtype: float64
0      -0.067574
1       0.340520
2      -0.528989
3      -0.544886
4       0.752874
          ...   
1079    0.210142
1080   -0.153503
1081   -1.125044
1082    0.341949
1083    0.531103
Name: obs-prior, Length: 1084, dtype: float64
0      -0.067574
1       0.340520
2      -0.528989
3      -0.544886
4       0.752874
          ...   
1079    0.210142
1080   -0.153503
1081   -1.125044
1082    0.341949
1083    0.531103
Name: obs-prior, Length: 1084, dtype: float64
0      -0.067574
1       0.340520
2      -0.528989
3      -0.544886
4       0.752874
          ...   
1079    0.210142
1080   -0.153503
1081   -1.125044
1082    0.341949
1083    0.531103
Name: obs-prior, Length: 1084, dtype: float64
0      -0.067574
1       0.340520
2      -0.528989
3      -0.544886
4       0.752874
          ...   
1079    0.210142
1080   -0.153503
1081   -1.125044
1082    0.341949
1083    0.531103
Name: obs-prior, Length: 1084, dtype: float64
0      -0.067574
1       0.340520
2      -0.528989
3      -0.544886
4       0.752874
          ...   
1079    0.210142
1080   -0.153503
1081   -1.125044
1082    0.341949
1083    0.531103
Name: obs-prior, Length: 1084, dtype: float64
0      -0.067574
1       0.340520
2      -0.528989
3      -0.544886
4       0.752874
          ...   
1079    0.210142
1080   -0.153503
1081   -1.125044
1082    0.341949
1083    0.531103
Name: obs-prior, Length: 1084, dtype: float64
0      -0.067574
1       0.340520
2      -0.528989
3      -0.544886
4       0.752874
          ...   
1079    0.210142
1080   -0.153503
1081   -1.125044
1082    0.341949
1083    0.531103
Name: obs-prior, Length: 1084, dtype: float64
0      -0.067574
1       0.340520
2      -0.528989
3      -0.544886
4       0.752874
          ...   
1079    0.210142
1080   -0.153503
1081   -1.125044
1082    0.341949
1083    0.531103
Name: obs-prior, Length: 1084, dtype: float64

 processing obs:  ACARS_U_WIND_COMPONENT
 region:  Global
0       -1.142421
1        0.233076
2        1.568371
3        2.078069
4       -2.475550
           ...   
28284    2.110086
28285   -1.595946
28286    1.116262
28287   -0.641068
28288   -0.867828
Name: obs-prior, Length: 28289, dtype: float64
0       -1.142421
1        0.233076
2        1.568371
3        2.078069
4       -2.475550
           ...   
28284    2.110086
28285   -1.595946
28286    1.116262
28287   -0.641068
28288   -0.867828
Name: obs-prior, Length: 28289, dtype: float64
0       -1.142421
1        0.233076
2        1.568371
3        2.078069
4       -2.475550
           ...   
28284    2.110086
28285   -1.595946
28286    1.116262
28287   -0.641068
28288   -0.867828
Name: obs-prior, Length: 28289, dtype: float64
0       -1.142421
1        0.233076
2        1.568371
3        2.078069
4       -2.475550
           ...   
28284    2.110086
28285   -1.595946
28286    1.116262
28287   -0.641068
28288   -0.867828
Name: obs-prior, Length: 28289, dtype: float64
0       -1.142421
1        0.233076
2        1.568371
3        2.078069
4       -2.475550
           ...   
28284    2.110086
28285   -1.595946
28286    1.116262
28287   -0.641068
28288   -0.867828
Name: obs-prior, Length: 28289, dtype: float64
0       -1.142421
1        0.233076
2        1.568371
3        2.078069
4       -2.475550
           ...   
28284    2.110086
28285   -1.595946
28286    1.116262
28287   -0.641068
28288   -0.867828
Name: obs-prior, Length: 28289, dtype: float64
0       -1.142421
1        0.233076
2        1.568371
3        2.078069
4       -2.475550
           ...   
28284    2.110086
28285   -1.595946
28286    1.116262
28287   -0.641068
28288   -0.867828
Name: obs-prior, Length: 28289, dtype: float64
0       -1.142421
1        0.233076
2        1.568371
3        2.078069
4       -2.475550
           ...   
28284    2.110086
28285   -1.595946
28286    1.116262
28287   -0.641068
28288   -0.867828
Name: obs-prior, Length: 28289, dtype: float64
0       -1.142421
1        0.233076
2        1.568371
3        2.078069
4       -2.475550
           ...   
28284    2.110086
28285   -1.595946
28286    1.116262
28287   -0.641068
28288   -0.867828
Name: obs-prior, Length: 28289, dtype: float64
0       -1.142421
1        0.233076
2        1.568371
3        2.078069
4       -2.475550
           ...   
28284    2.110086
28285   -1.595946
28286    1.116262
28287   -0.641068
28288   -0.867828
Name: obs-prior, Length: 28289, dtype: float64
0       -1.142421
1        0.233076
2        1.568371
3        2.078069
4       -2.475550
           ...   
28284    2.110086
28285   -1.595946
28286    1.116262
28287   -0.641068
28288   -0.867828
Name: obs-prior, Length: 28289, dtype: float64
0       -1.142421
1        0.233076
2        1.568371
3        2.078069
4       -2.475550
           ...   
28284    2.110086
28285   -1.595946
28286    1.116262
28287   -0.641068
28288   -0.867828
Name: obs-prior, Length: 28289, dtype: float64
0       -1.142421
1        0.233076
2        1.568371
3        2.078069
4       -2.475550
           ...   
28284    2.110086
28285   -1.595946
28286    1.116262
28287   -0.641068
28288   -0.867828
Name: obs-prior, Length: 28289, dtype: float64
0       -1.142421
1        0.233076
2        1.568371
3        2.078069
4       -2.475550
           ...   
28284    2.110086
28285   -1.595946
28286    1.116262
28287   -0.641068
28288   -0.867828
Name: obs-prior, Length: 28289, dtype: float64
0       -1.142421
1        0.233076
2        1.568371
3        2.078069
4       -2.475550
           ...   
28284    2.110086
28285   -1.595946
28286    1.116262
28287   -0.641068
28288   -0.867828
Name: obs-prior, Length: 28289, dtype: float64
0       -1.142421
1        0.233076
2        1.568371
3        2.078069
4       -2.475550
           ...   
28284    2.110086
28285   -1.595946
28286    1.116262
28287   -0.641068
28288   -0.867828
Name: obs-prior, Length: 28289, dtype: float64
0       -1.142421
1        0.233076
2        1.568371
3        2.078069
4       -2.475550
           ...   
28284    2.110086
28285   -1.595946
28286    1.116262
28287   -0.641068
28288   -0.867828
Name: obs-prior, Length: 28289, dtype: float64
 region:  NH
0       -1.142421
1        0.233076
2        1.568371
3       -2.107013
4        1.736327
           ...   
22360   -1.317807
22361    2.110086
22362   -1.595946
22363    1.116262
22364   -0.641068
Name: obs-prior, Length: 22365, dtype: float64
0       -1.142421
1        0.233076
2        1.568371
3       -2.107013
4        1.736327
           ...   
22360   -1.317807
22361    2.110086
22362   -1.595946
22363    1.116262
22364   -0.641068
Name: obs-prior, Length: 22365, dtype: float64
0       -1.142421
1        0.233076
2        1.568371
3       -2.107013
4        1.736327
           ...   
22360   -1.317807
22361    2.110086
22362   -1.595946
22363    1.116262
22364   -0.641068
Name: obs-prior, Length: 22365, dtype: float64
0       -1.142421
1        0.233076
2        1.568371
3       -2.107013
4        1.736327
           ...   
22360   -1.317807
22361    2.110086
22362   -1.595946
22363    1.116262
22364   -0.641068
Name: obs-prior, Length: 22365, dtype: float64
0       -1.142421
1        0.233076
2        1.568371
3       -2.107013
4        1.736327
           ...   
22360   -1.317807
22361    2.110086
22362   -1.595946
22363    1.116262
22364   -0.641068
Name: obs-prior, Length: 22365, dtype: float64
0       -1.142421
1        0.233076
2        1.568371
3       -2.107013
4        1.736327
           ...   
22360   -1.317807
22361    2.110086
22362   -1.595946
22363    1.116262
22364   -0.641068
Name: obs-prior, Length: 22365, dtype: float64
0       -1.142421
1        0.233076
2        1.568371
3       -2.107013
4        1.736327
           ...   
22360   -1.317807
22361    2.110086
22362   -1.595946
22363    1.116262
22364   -0.641068
Name: obs-prior, Length: 22365, dtype: float64
0       -1.142421
1        0.233076
2        1.568371
3       -2.107013
4        1.736327
           ...   
22360   -1.317807
22361    2.110086
22362   -1.595946
22363    1.116262
22364   -0.641068
Name: obs-prior, Length: 22365, dtype: float64
0       -1.142421
1        0.233076
2        1.568371
3       -2.107013
4        1.736327
           ...   
22360   -1.317807
22361    2.110086
22362   -1.595946
22363    1.116262
22364   -0.641068
Name: obs-prior, Length: 22365, dtype: float64
0       -1.142421
1        0.233076
2        1.568371
3       -2.107013
4        1.736327
           ...   
22360   -1.317807
22361    2.110086
22362   -1.595946
22363    1.116262
22364   -0.641068
Name: obs-prior, Length: 22365, dtype: float64
0       -1.142421
1        0.233076
2        1.568371
3       -2.107013
4        1.736327
           ...   
22360   -1.317807
22361    2.110086
22362   -1.595946
22363    1.116262
22364   -0.641068
Name: obs-prior, Length: 22365, dtype: float64
0       -1.142421
1        0.233076
2        1.568371
3       -2.107013
4        1.736327
           ...   
22360   -1.317807
22361    2.110086
22362   -1.595946
22363    1.116262
22364   -0.641068
Name: obs-prior, Length: 22365, dtype: float64
0       -1.142421
1        0.233076
2        1.568371
3       -2.107013
4        1.736327
           ...   
22360   -1.317807
22361    2.110086
22362   -1.595946
22363    1.116262
22364   -0.641068
Name: obs-prior, Length: 22365, dtype: float64
0       -1.142421
1        0.233076
2        1.568371
3       -2.107013
4        1.736327
           ...   
22360   -1.317807
22361    2.110086
22362   -1.595946
22363    1.116262
22364   -0.641068
Name: obs-prior, Length: 22365, dtype: float64
0       -1.142421
1        0.233076
2        1.568371
3       -2.107013
4        1.736327
           ...   
22360   -1.317807
22361    2.110086
22362   -1.595946
22363    1.116262
22364   -0.641068
Name: obs-prior, Length: 22365, dtype: float64
0       -1.142421
1        0.233076
2        1.568371
3       -2.107013
4        1.736327
           ...   
22360   -1.317807
22361    2.110086
22362   -1.595946
22363    1.116262
22364   -0.641068
Name: obs-prior, Length: 22365, dtype: float64
0       -1.142421
1        0.233076
2        1.568371
3       -2.107013
4        1.736327
           ...   
22360   -1.317807
22361    2.110086
22362   -1.595946
22363    1.116262
22364   -0.641068
Name: obs-prior, Length: 22365, dtype: float64
 region:  SH
0      2.194990
1     -1.887281
2      1.383743
3      0.487933
4     -1.302768
         ...   
386   -2.806012
387   -0.607545
388   -0.199394
389   -2.796551
390   -1.035506
Name: obs-prior, Length: 391, dtype: float64
0      2.194990
1     -1.887281
2      1.383743
3      0.487933
4     -1.302768
         ...   
386   -2.806012
387   -0.607545
388   -0.199394
389   -2.796551
390   -1.035506
Name: obs-prior, Length: 391, dtype: float64
0      2.194990
1     -1.887281
2      1.383743
3      0.487933
4     -1.302768
         ...   
386   -2.806012
387   -0.607545
388   -0.199394
389   -2.796551
390   -1.035506
Name: obs-prior, Length: 391, dtype: float64
0      2.194990
1     -1.887281
2      1.383743
3      0.487933
4     -1.302768
         ...   
386   -2.806012
387   -0.607545
388   -0.199394
389   -2.796551
390   -1.035506
Name: obs-prior, Length: 391, dtype: float64
0      2.194990
1     -1.887281
2      1.383743
3      0.487933
4     -1.302768
         ...   
386   -2.806012
387   -0.607545
388   -0.199394
389   -2.796551
390   -1.035506
Name: obs-prior, Length: 391, dtype: float64
0      2.194990
1     -1.887281
2      1.383743
3      0.487933
4     -1.302768
         ...   
386   -2.806012
387   -0.607545
388   -0.199394
389   -2.796551
390   -1.035506
Name: obs-prior, Length: 391, dtype: float64
0      2.194990
1     -1.887281
2      1.383743
3      0.487933
4     -1.302768
         ...   
386   -2.806012
387   -0.607545
388   -0.199394
389   -2.796551
390   -1.035506
Name: obs-prior, Length: 391, dtype: float64
0      2.194990
1     -1.887281
2      1.383743
3      0.487933
4     -1.302768
         ...   
386   -2.806012
387   -0.607545
388   -0.199394
389   -2.796551
390   -1.035506
Name: obs-prior, Length: 391, dtype: float64
0      2.194990
1     -1.887281
2      1.383743
3      0.487933
4     -1.302768
         ...   
386   -2.806012
387   -0.607545
388   -0.199394
389   -2.796551
390   -1.035506
Name: obs-prior, Length: 391, dtype: float64
0      2.194990
1     -1.887281
2      1.383743
3      0.487933
4     -1.302768
         ...   
386   -2.806012
387   -0.607545
388   -0.199394
389   -2.796551
390   -1.035506
Name: obs-prior, Length: 391, dtype: float64
0      2.194990
1     -1.887281
2      1.383743
3      0.487933
4     -1.302768
         ...   
386   -2.806012
387   -0.607545
388   -0.199394
389   -2.796551
390   -1.035506
Name: obs-prior, Length: 391, dtype: float64
0      2.194990
1     -1.887281
2      1.383743
3      0.487933
4     -1.302768
         ...   
386   -2.806012
387   -0.607545
388   -0.199394
389   -2.796551
390   -1.035506
Name: obs-prior, Length: 391, dtype: float64
0      2.194990
1     -1.887281
2      1.383743
3      0.487933
4     -1.302768
         ...   
386   -2.806012
387   -0.607545
388   -0.199394
389   -2.796551
390   -1.035506
Name: obs-prior, Length: 391, dtype: float64
0      2.194990
1     -1.887281
2      1.383743
3      0.487933
4     -1.302768
         ...   
386   -2.806012
387   -0.607545
388   -0.199394
389   -2.796551
390   -1.035506
Name: obs-prior, Length: 391, dtype: float64
0      2.194990
1     -1.887281
2      1.383743
3      0.487933
4     -1.302768
         ...   
386   -2.806012
387   -0.607545
388   -0.199394
389   -2.796551
390   -1.035506
Name: obs-prior, Length: 391, dtype: float64
0      2.194990
1     -1.887281
2      1.383743
3      0.487933
4     -1.302768
         ...   
386   -2.806012
387   -0.607545
388   -0.199394
389   -2.796551
390   -1.035506
Name: obs-prior, Length: 391, dtype: float64
0      2.194990
1     -1.887281
2      1.383743
3      0.487933
4     -1.302768
         ...   
386   -2.806012
387   -0.607545
388   -0.199394
389   -2.796551
390   -1.035506
Name: obs-prior, Length: 391, dtype: float64
 region:  TR
0       2.078069
1      -2.475550
2       0.718940
3       1.082704
4      -0.130436
          ...   
5528   -1.971091
5529   -0.005685
5530    0.470103
5531   -1.273776
5532   -0.867828
Name: obs-prior, Length: 5533, dtype: float64
0       2.078069
1      -2.475550
2       0.718940
3       1.082704
4      -0.130436
          ...   
5528   -1.971091
5529   -0.005685
5530    0.470103
5531   -1.273776
5532   -0.867828
Name: obs-prior, Length: 5533, dtype: float64
0       2.078069
1      -2.475550
2       0.718940
3       1.082704
4      -0.130436
          ...   
5528   -1.971091
5529   -0.005685
5530    0.470103
5531   -1.273776
5532   -0.867828
Name: obs-prior, Length: 5533, dtype: float64
0       2.078069
1      -2.475550
2       0.718940
3       1.082704
4      -0.130436
          ...   
5528   -1.971091
5529   -0.005685
5530    0.470103
5531   -1.273776
5532   -0.867828
Name: obs-prior, Length: 5533, dtype: float64
0       2.078069
1      -2.475550
2       0.718940
3       1.082704
4      -0.130436
          ...   
5528   -1.971091
5529   -0.005685
5530    0.470103
5531   -1.273776
5532   -0.867828
Name: obs-prior, Length: 5533, dtype: float64
0       2.078069
1      -2.475550
2       0.718940
3       1.082704
4      -0.130436
          ...   
5528   -1.971091
5529   -0.005685
5530    0.470103
5531   -1.273776
5532   -0.867828
Name: obs-prior, Length: 5533, dtype: float64
0       2.078069
1      -2.475550
2       0.718940
3       1.082704
4      -0.130436
          ...   
5528   -1.971091
5529   -0.005685
5530    0.470103
5531   -1.273776
5532   -0.867828
Name: obs-prior, Length: 5533, dtype: float64
0       2.078069
1      -2.475550
2       0.718940
3       1.082704
4      -0.130436
          ...   
5528   -1.971091
5529   -0.005685
5530    0.470103
5531   -1.273776
5532   -0.867828
Name: obs-prior, Length: 5533, dtype: float64
0       2.078069
1      -2.475550
2       0.718940
3       1.082704
4      -0.130436
          ...   
5528   -1.971091
5529   -0.005685
5530    0.470103
5531   -1.273776
5532   -0.867828
Name: obs-prior, Length: 5533, dtype: float64
0       2.078069
1      -2.475550
2       0.718940
3       1.082704
4      -0.130436
          ...   
5528   -1.971091
5529   -0.005685
5530    0.470103
5531   -1.273776
5532   -0.867828
Name: obs-prior, Length: 5533, dtype: float64
0       2.078069
1      -2.475550
2       0.718940
3       1.082704
4      -0.130436
          ...   
5528   -1.971091
5529   -0.005685
5530    0.470103
5531   -1.273776
5532   -0.867828
Name: obs-prior, Length: 5533, dtype: float64
0       2.078069
1      -2.475550
2       0.718940
3       1.082704
4      -0.130436
          ...   
5528   -1.971091
5529   -0.005685
5530    0.470103
5531   -1.273776
5532   -0.867828
Name: obs-prior, Length: 5533, dtype: float64
0       2.078069
1      -2.475550
2       0.718940
3       1.082704
4      -0.130436
          ...   
5528   -1.971091
5529   -0.005685
5530    0.470103
5531   -1.273776
5532   -0.867828
Name: obs-prior, Length: 5533, dtype: float64
0       2.078069
1      -2.475550
2       0.718940
3       1.082704
4      -0.130436
          ...   
5528   -1.971091
5529   -0.005685
5530    0.470103
5531   -1.273776
5532   -0.867828
Name: obs-prior, Length: 5533, dtype: float64
0       2.078069
1      -2.475550
2       0.718940
3       1.082704
4      -0.130436
          ...   
5528   -1.971091
5529   -0.005685
5530    0.470103
5531   -1.273776
5532   -0.867828
Name: obs-prior, Length: 5533, dtype: float64
0       2.078069
1      -2.475550
2       0.718940
3       1.082704
4      -0.130436
          ...   
5528   -1.971091
5529   -0.005685
5530    0.470103
5531   -1.273776
5532   -0.867828
Name: obs-prior, Length: 5533, dtype: float64
0       2.078069
1      -2.475550
2       0.718940
3       1.082704
4      -0.130436
          ...   
5528   -1.971091
5529   -0.005685
5530    0.470103
5531   -1.273776
5532   -0.867828
Name: obs-prior, Length: 5533, dtype: float64

 processing obs:  ACARS_V_WIND_COMPONENT
 region:  Global
0        1.344955
1       -0.473925
2        1.493187
3        3.667856
4        0.510346
           ...   
27948    0.386875
27949   -1.074479
27950    0.993393
27951   -1.103159
27952   -2.029806
Name: obs-prior, Length: 27953, dtype: float64
0        1.344955
1       -0.473925
2        1.493187
3        3.667856
4        0.510346
           ...   
27948    0.386875
27949   -1.074479
27950    0.993393
27951   -1.103159
27952   -2.029806
Name: obs-prior, Length: 27953, dtype: float64
0        1.344955
1       -0.473925
2        1.493187
3        3.667856
4        0.510346
           ...   
27948    0.386875
27949   -1.074479
27950    0.993393
27951   -1.103159
27952   -2.029806
Name: obs-prior, Length: 27953, dtype: float64
0        1.344955
1       -0.473925
2        1.493187
3        3.667856
4        0.510346
           ...   
27948    0.386875
27949   -1.074479
27950    0.993393
27951   -1.103159
27952   -2.029806
Name: obs-prior, Length: 27953, dtype: float64
0        1.344955
1       -0.473925
2        1.493187
3        3.667856
4        0.510346
           ...   
27948    0.386875
27949   -1.074479
27950    0.993393
27951   -1.103159
27952   -2.029806
Name: obs-prior, Length: 27953, dtype: float64
0        1.344955
1       -0.473925
2        1.493187
3        3.667856
4        0.510346
           ...   
27948    0.386875
27949   -1.074479
27950    0.993393
27951   -1.103159
27952   -2.029806
Name: obs-prior, Length: 27953, dtype: float64
0        1.344955
1       -0.473925
2        1.493187
3        3.667856
4        0.510346
           ...   
27948    0.386875
27949   -1.074479
27950    0.993393
27951   -1.103159
27952   -2.029806
Name: obs-prior, Length: 27953, dtype: float64
0        1.344955
1       -0.473925
2        1.493187
3        3.667856
4        0.510346
           ...   
27948    0.386875
27949   -1.074479
27950    0.993393
27951   -1.103159
27952   -2.029806
Name: obs-prior, Length: 27953, dtype: float64
0        1.344955
1       -0.473925
2        1.493187
3        3.667856
4        0.510346
           ...   
27948    0.386875
27949   -1.074479
27950    0.993393
27951   -1.103159
27952   -2.029806
Name: obs-prior, Length: 27953, dtype: float64
0        1.344955
1       -0.473925
2        1.493187
3        3.667856
4        0.510346
           ...   
27948    0.386875
27949   -1.074479
27950    0.993393
27951   -1.103159
27952   -2.029806
Name: obs-prior, Length: 27953, dtype: float64
0        1.344955
1       -0.473925
2        1.493187
3        3.667856
4        0.510346
           ...   
27948    0.386875
27949   -1.074479
27950    0.993393
27951   -1.103159
27952   -2.029806
Name: obs-prior, Length: 27953, dtype: float64
0        1.344955
1       -0.473925
2        1.493187
3        3.667856
4        0.510346
           ...   
27948    0.386875
27949   -1.074479
27950    0.993393
27951   -1.103159
27952   -2.029806
Name: obs-prior, Length: 27953, dtype: float64
0        1.344955
1       -0.473925
2        1.493187
3        3.667856
4        0.510346
           ...   
27948    0.386875
27949   -1.074479
27950    0.993393
27951   -1.103159
27952   -2.029806
Name: obs-prior, Length: 27953, dtype: float64
0        1.344955
1       -0.473925
2        1.493187
3        3.667856
4        0.510346
           ...   
27948    0.386875
27949   -1.074479
27950    0.993393
27951   -1.103159
27952   -2.029806
Name: obs-prior, Length: 27953, dtype: float64
0        1.344955
1       -0.473925
2        1.493187
3        3.667856
4        0.510346
           ...   
27948    0.386875
27949   -1.074479
27950    0.993393
27951   -1.103159
27952   -2.029806
Name: obs-prior, Length: 27953, dtype: float64
0        1.344955
1       -0.473925
2        1.493187
3        3.667856
4        0.510346
           ...   
27948    0.386875
27949   -1.074479
27950    0.993393
27951   -1.103159
27952   -2.029806
Name: obs-prior, Length: 27953, dtype: float64
0        1.344955
1       -0.473925
2        1.493187
3        3.667856
4        0.510346
           ...   
27948    0.386875
27949   -1.074479
27950    0.993393
27951   -1.103159
27952   -2.029806
Name: obs-prior, Length: 27953, dtype: float64
 region:  NH
0        1.344955
1       -0.473925
2        3.667856
3        0.510346
4       -1.815376
           ...   
22254    0.386875
22255   -1.074479
22256    0.993393
22257   -1.103159
22258   -2.029806
Name: obs-prior, Length: 22259, dtype: float64
0        1.344955
1       -0.473925
2        3.667856
3        0.510346
4       -1.815376
           ...   
22254    0.386875
22255   -1.074479
22256    0.993393
22257   -1.103159
22258   -2.029806
Name: obs-prior, Length: 22259, dtype: float64
0        1.344955
1       -0.473925
2        3.667856
3        0.510346
4       -1.815376
           ...   
22254    0.386875
22255   -1.074479
22256    0.993393
22257   -1.103159
22258   -2.029806
Name: obs-prior, Length: 22259, dtype: float64
0        1.344955
1       -0.473925
2        3.667856
3        0.510346
4       -1.815376
           ...   
22254    0.386875
22255   -1.074479
22256    0.993393
22257   -1.103159
22258   -2.029806
Name: obs-prior, Length: 22259, dtype: float64
0        1.344955
1       -0.473925
2        3.667856
3        0.510346
4       -1.815376
           ...   
22254    0.386875
22255   -1.074479
22256    0.993393
22257   -1.103159
22258   -2.029806
Name: obs-prior, Length: 22259, dtype: float64
0        1.344955
1       -0.473925
2        3.667856
3        0.510346
4       -1.815376
           ...   
22254    0.386875
22255   -1.074479
22256    0.993393
22257   -1.103159
22258   -2.029806
Name: obs-prior, Length: 22259, dtype: float64
0        1.344955
1       -0.473925
2        3.667856
3        0.510346
4       -1.815376
           ...   
22254    0.386875
22255   -1.074479
22256    0.993393
22257   -1.103159
22258   -2.029806
Name: obs-prior, Length: 22259, dtype: float64
0        1.344955
1       -0.473925
2        3.667856
3        0.510346
4       -1.815376
           ...   
22254    0.386875
22255   -1.074479
22256    0.993393
22257   -1.103159
22258   -2.029806
Name: obs-prior, Length: 22259, dtype: float64
0        1.344955
1       -0.473925
2        3.667856
3        0.510346
4       -1.815376
           ...   
22254    0.386875
22255   -1.074479
22256    0.993393
22257   -1.103159
22258   -2.029806
Name: obs-prior, Length: 22259, dtype: float64
0        1.344955
1       -0.473925
2        3.667856
3        0.510346
4       -1.815376
           ...   
22254    0.386875
22255   -1.074479
22256    0.993393
22257   -1.103159
22258   -2.029806
Name: obs-prior, Length: 22259, dtype: float64
0        1.344955
1       -0.473925
2        3.667856
3        0.510346
4       -1.815376
           ...   
22254    0.386875
22255   -1.074479
22256    0.993393
22257   -1.103159
22258   -2.029806
Name: obs-prior, Length: 22259, dtype: float64
0        1.344955
1       -0.473925
2        3.667856
3        0.510346
4       -1.815376
           ...   
22254    0.386875
22255   -1.074479
22256    0.993393
22257   -1.103159
22258   -2.029806
Name: obs-prior, Length: 22259, dtype: float64
0        1.344955
1       -0.473925
2        3.667856
3        0.510346
4       -1.815376
           ...   
22254    0.386875
22255   -1.074479
22256    0.993393
22257   -1.103159
22258   -2.029806
Name: obs-prior, Length: 22259, dtype: float64
0        1.344955
1       -0.473925
2        3.667856
3        0.510346
4       -1.815376
           ...   
22254    0.386875
22255   -1.074479
22256    0.993393
22257   -1.103159
22258   -2.029806
Name: obs-prior, Length: 22259, dtype: float64
0        1.344955
1       -0.473925
2        3.667856
3        0.510346
4       -1.815376
           ...   
22254    0.386875
22255   -1.074479
22256    0.993393
22257   -1.103159
22258   -2.029806
Name: obs-prior, Length: 22259, dtype: float64
0        1.344955
1       -0.473925
2        3.667856
3        0.510346
4       -1.815376
           ...   
22254    0.386875
22255   -1.074479
22256    0.993393
22257   -1.103159
22258   -2.029806
Name: obs-prior, Length: 22259, dtype: float64
0        1.344955
1       -0.473925
2        3.667856
3        0.510346
4       -1.815376
           ...   
22254    0.386875
22255   -1.074479
22256    0.993393
22257   -1.103159
22258   -2.029806
Name: obs-prior, Length: 22259, dtype: float64
 region:  SH
0      2.535887
1     -4.993440
2      0.013380
3     -2.516855
4      0.444201
         ...   
299   -7.118677
300    0.451823
301   -0.077744
302    0.283807
303   -2.119567
Name: obs-prior, Length: 304, dtype: float64
0      2.535887
1     -4.993440
2      0.013380
3     -2.516855
4      0.444201
         ...   
299   -7.118677
300    0.451823
301   -0.077744
302    0.283807
303   -2.119567
Name: obs-prior, Length: 304, dtype: float64
0      2.535887
1     -4.993440
2      0.013380
3     -2.516855
4      0.444201
         ...   
299   -7.118677
300    0.451823
301   -0.077744
302    0.283807
303   -2.119567
Name: obs-prior, Length: 304, dtype: float64
0      2.535887
1     -4.993440
2      0.013380
3     -2.516855
4      0.444201
         ...   
299   -7.118677
300    0.451823
301   -0.077744
302    0.283807
303   -2.119567
Name: obs-prior, Length: 304, dtype: float64
0      2.535887
1     -4.993440
2      0.013380
3     -2.516855
4      0.444201
         ...   
299   -7.118677
300    0.451823
301   -0.077744
302    0.283807
303   -2.119567
Name: obs-prior, Length: 304, dtype: float64
0      2.535887
1     -4.993440
2      0.013380
3     -2.516855
4      0.444201
         ...   
299   -7.118677
300    0.451823
301   -0.077744
302    0.283807
303   -2.119567
Name: obs-prior, Length: 304, dtype: float64
0      2.535887
1     -4.993440
2      0.013380
3     -2.516855
4      0.444201
         ...   
299   -7.118677
300    0.451823
301   -0.077744
302    0.283807
303   -2.119567
Name: obs-prior, Length: 304, dtype: float64
0      2.535887
1     -4.993440
2      0.013380
3     -2.516855
4      0.444201
         ...   
299   -7.118677
300    0.451823
301   -0.077744
302    0.283807
303   -2.119567
Name: obs-prior, Length: 304, dtype: float64
0      2.535887
1     -4.993440
2      0.013380
3     -2.516855
4      0.444201
         ...   
299   -7.118677
300    0.451823
301   -0.077744
302    0.283807
303   -2.119567
Name: obs-prior, Length: 304, dtype: float64
0      2.535887
1     -4.993440
2      0.013380
3     -2.516855
4      0.444201
         ...   
299   -7.118677
300    0.451823
301   -0.077744
302    0.283807
303   -2.119567
Name: obs-prior, Length: 304, dtype: float64
0      2.535887
1     -4.993440
2      0.013380
3     -2.516855
4      0.444201
         ...   
299   -7.118677
300    0.451823
301   -0.077744
302    0.283807
303   -2.119567
Name: obs-prior, Length: 304, dtype: float64
0      2.535887
1     -4.993440
2      0.013380
3     -2.516855
4      0.444201
         ...   
299   -7.118677
300    0.451823
301   -0.077744
302    0.283807
303   -2.119567
Name: obs-prior, Length: 304, dtype: float64
0      2.535887
1     -4.993440
2      0.013380
3     -2.516855
4      0.444201
         ...   
299   -7.118677
300    0.451823
301   -0.077744
302    0.283807
303   -2.119567
Name: obs-prior, Length: 304, dtype: float64
0      2.535887
1     -4.993440
2      0.013380
3     -2.516855
4      0.444201
         ...   
299   -7.118677
300    0.451823
301   -0.077744
302    0.283807
303   -2.119567
Name: obs-prior, Length: 304, dtype: float64
0      2.535887
1     -4.993440
2      0.013380
3     -2.516855
4      0.444201
         ...   
299   -7.118677
300    0.451823
301   -0.077744
302    0.283807
303   -2.119567
Name: obs-prior, Length: 304, dtype: float64
0      2.535887
1     -4.993440
2      0.013380
3     -2.516855
4      0.444201
         ...   
299   -7.118677
300    0.451823
301   -0.077744
302    0.283807
303   -2.119567
Name: obs-prior, Length: 304, dtype: float64
0      2.535887
1     -4.993440
2      0.013380
3     -2.516855
4      0.444201
         ...   
299   -7.118677
300    0.451823
301   -0.077744
302    0.283807
303   -2.119567
Name: obs-prior, Length: 304, dtype: float64
 region:  TR
0       1.493187
1       1.463805
2       1.053016
3      -2.436656
4       2.354720
          ...   
5385    0.314460
5386    0.694952
5387   -1.683355
5388   -1.869364
5389    1.611420
Name: obs-prior, Length: 5390, dtype: float64
0       1.493187
1       1.463805
2       1.053016
3      -2.436656
4       2.354720
          ...   
5385    0.314460
5386    0.694952
5387   -1.683355
5388   -1.869364
5389    1.611420
Name: obs-prior, Length: 5390, dtype: float64
0       1.493187
1       1.463805
2       1.053016
3      -2.436656
4       2.354720
          ...   
5385    0.314460
5386    0.694952
5387   -1.683355
5388   -1.869364
5389    1.611420
Name: obs-prior, Length: 5390, dtype: float64
0       1.493187
1       1.463805
2       1.053016
3      -2.436656
4       2.354720
          ...   
5385    0.314460
5386    0.694952
5387   -1.683355
5388   -1.869364
5389    1.611420
Name: obs-prior, Length: 5390, dtype: float64
0       1.493187
1       1.463805
2       1.053016
3      -2.436656
4       2.354720
          ...   
5385    0.314460
5386    0.694952
5387   -1.683355
5388   -1.869364
5389    1.611420
Name: obs-prior, Length: 5390, dtype: float64
0       1.493187
1       1.463805
2       1.053016
3      -2.436656
4       2.354720
          ...   
5385    0.314460
5386    0.694952
5387   -1.683355
5388   -1.869364
5389    1.611420
Name: obs-prior, Length: 5390, dtype: float64
0       1.493187
1       1.463805
2       1.053016
3      -2.436656
4       2.354720
          ...   
5385    0.314460
5386    0.694952
5387   -1.683355
5388   -1.869364
5389    1.611420
Name: obs-prior, Length: 5390, dtype: float64
0       1.493187
1       1.463805
2       1.053016
3      -2.436656
4       2.354720
          ...   
5385    0.314460
5386    0.694952
5387   -1.683355
5388   -1.869364
5389    1.611420
Name: obs-prior, Length: 5390, dtype: float64
0       1.493187
1       1.463805
2       1.053016
3      -2.436656
4       2.354720
          ...   
5385    0.314460
5386    0.694952
5387   -1.683355
5388   -1.869364
5389    1.611420
Name: obs-prior, Length: 5390, dtype: float64
0       1.493187
1       1.463805
2       1.053016
3      -2.436656
4       2.354720
          ...   
5385    0.314460
5386    0.694952
5387   -1.683355
5388   -1.869364
5389    1.611420
Name: obs-prior, Length: 5390, dtype: float64
0       1.493187
1       1.463805
2       1.053016
3      -2.436656
4       2.354720
          ...   
5385    0.314460
5386    0.694952
5387   -1.683355
5388   -1.869364
5389    1.611420
Name: obs-prior, Length: 5390, dtype: float64
0       1.493187
1       1.463805
2       1.053016
3      -2.436656
4       2.354720
          ...   
5385    0.314460
5386    0.694952
5387   -1.683355
5388   -1.869364
5389    1.611420
Name: obs-prior, Length: 5390, dtype: float64
0       1.493187
1       1.463805
2       1.053016
3      -2.436656
4       2.354720
          ...   
5385    0.314460
5386    0.694952
5387   -1.683355
5388   -1.869364
5389    1.611420
Name: obs-prior, Length: 5390, dtype: float64
0       1.493187
1       1.463805
2       1.053016
3      -2.436656
4       2.354720
          ...   
5385    0.314460
5386    0.694952
5387   -1.683355
5388   -1.869364
5389    1.611420
Name: obs-prior, Length: 5390, dtype: float64
0       1.493187
1       1.463805
2       1.053016
3      -2.436656
4       2.354720
          ...   
5385    0.314460
5386    0.694952
5387   -1.683355
5388   -1.869364
5389    1.611420
Name: obs-prior, Length: 5390, dtype: float64
0       1.493187
1       1.463805
2       1.053016
3      -2.436656
4       2.354720
          ...   
5385    0.314460
5386    0.694952
5387   -1.683355
5388   -1.869364
5389    1.611420
Name: obs-prior, Length: 5390, dtype: float64
0       1.493187
1       1.463805
2       1.053016
3      -2.436656
4       2.354720
          ...   
5385    0.314460
5386    0.694952
5387   -1.683355
5388   -1.869364
5389    1.611420
Name: obs-prior, Length: 5390, dtype: float64

 processing obs:  ACARS_TEMPERATURE
 region:  Global
0        0.403916
1       -0.925465
2       -0.643366
3        0.613500
4        0.291192
           ...   
25936   -0.788255
25937    0.786151
25938   -0.005339
25939   -0.540212
25940   -0.935203
Name: obs-prior, Length: 25941, dtype: float64
0        0.403916
1       -0.925465
2       -0.643366
3        0.613500
4        0.291192
           ...   
25936   -0.788255
25937    0.786151
25938   -0.005339
25939   -0.540212
25940   -0.935203
Name: obs-prior, Length: 25941, dtype: float64
0        0.403916
1       -0.925465
2       -0.643366
3        0.613500
4        0.291192
           ...   
25936   -0.788255
25937    0.786151
25938   -0.005339
25939   -0.540212
25940   -0.935203
Name: obs-prior, Length: 25941, dtype: float64
0        0.403916
1       -0.925465
2       -0.643366
3        0.613500
4        0.291192
           ...   
25936   -0.788255
25937    0.786151
25938   -0.005339
25939   -0.540212
25940   -0.935203
Name: obs-prior, Length: 25941, dtype: float64
0        0.403916
1       -0.925465
2       -0.643366
3        0.613500
4        0.291192
           ...   
25936   -0.788255
25937    0.786151
25938   -0.005339
25939   -0.540212
25940   -0.935203
Name: obs-prior, Length: 25941, dtype: float64
0        0.403916
1       -0.925465
2       -0.643366
3        0.613500
4        0.291192
           ...   
25936   -0.788255
25937    0.786151
25938   -0.005339
25939   -0.540212
25940   -0.935203
Name: obs-prior, Length: 25941, dtype: float64
0        0.403916
1       -0.925465
2       -0.643366
3        0.613500
4        0.291192
           ...   
25936   -0.788255
25937    0.786151
25938   -0.005339
25939   -0.540212
25940   -0.935203
Name: obs-prior, Length: 25941, dtype: float64
0        0.403916
1       -0.925465
2       -0.643366
3        0.613500
4        0.291192
           ...   
25936   -0.788255
25937    0.786151
25938   -0.005339
25939   -0.540212
25940   -0.935203
Name: obs-prior, Length: 25941, dtype: float64
0        0.403916
1       -0.925465
2       -0.643366
3        0.613500
4        0.291192
           ...   
25936   -0.788255
25937    0.786151
25938   -0.005339
25939   -0.540212
25940   -0.935203
Name: obs-prior, Length: 25941, dtype: float64
0        0.403916
1       -0.925465
2       -0.643366
3        0.613500
4        0.291192
           ...   
25936   -0.788255
25937    0.786151
25938   -0.005339
25939   -0.540212
25940   -0.935203
Name: obs-prior, Length: 25941, dtype: float64
0        0.403916
1       -0.925465
2       -0.643366
3        0.613500
4        0.291192
           ...   
25936   -0.788255
25937    0.786151
25938   -0.005339
25939   -0.540212
25940   -0.935203
Name: obs-prior, Length: 25941, dtype: float64
0        0.403916
1       -0.925465
2       -0.643366
3        0.613500
4        0.291192
           ...   
25936   -0.788255
25937    0.786151
25938   -0.005339
25939   -0.540212
25940   -0.935203
Name: obs-prior, Length: 25941, dtype: float64
0        0.403916
1       -0.925465
2       -0.643366
3        0.613500
4        0.291192
           ...   
25936   -0.788255
25937    0.786151
25938   -0.005339
25939   -0.540212
25940   -0.935203
Name: obs-prior, Length: 25941, dtype: float64
0        0.403916
1       -0.925465
2       -0.643366
3        0.613500
4        0.291192
           ...   
25936   -0.788255
25937    0.786151
25938   -0.005339
25939   -0.540212
25940   -0.935203
Name: obs-prior, Length: 25941, dtype: float64
0        0.403916
1       -0.925465
2       -0.643366
3        0.613500
4        0.291192
           ...   
25936   -0.788255
25937    0.786151
25938   -0.005339
25939   -0.540212
25940   -0.935203
Name: obs-prior, Length: 25941, dtype: float64
0        0.403916
1       -0.925465
2       -0.643366
3        0.613500
4        0.291192
           ...   
25936   -0.788255
25937    0.786151
25938   -0.005339
25939   -0.540212
25940   -0.935203
Name: obs-prior, Length: 25941, dtype: float64
0        0.403916
1       -0.925465
2       -0.643366
3        0.613500
4        0.291192
           ...   
25936   -0.788255
25937    0.786151
25938   -0.005339
25939   -0.540212
25940   -0.935203
Name: obs-prior, Length: 25941, dtype: float64
 region:  NH
0        0.403916
1       -0.643366
2        0.613500
3        0.538570
4       -0.913112
           ...   
20095    0.270913
20096   -0.788255
20097    0.786151
20098   -0.005339
20099   -0.540212
Name: obs-prior, Length: 20100, dtype: float64
0        0.403916
1       -0.643366
2        0.613500
3        0.538570
4       -0.913112
           ...   
20095    0.270913
20096   -0.788255
20097    0.786151
20098   -0.005339
20099   -0.540212
Name: obs-prior, Length: 20100, dtype: float64
0        0.403916
1       -0.643366
2        0.613500
3        0.538570
4       -0.913112
           ...   
20095    0.270913
20096   -0.788255
20097    0.786151
20098   -0.005339
20099   -0.540212
Name: obs-prior, Length: 20100, dtype: float64
0        0.403916
1       -0.643366
2        0.613500
3        0.538570
4       -0.913112
           ...   
20095    0.270913
20096   -0.788255
20097    0.786151
20098   -0.005339
20099   -0.540212
Name: obs-prior, Length: 20100, dtype: float64
0        0.403916
1       -0.643366
2        0.613500
3        0.538570
4       -0.913112
           ...   
20095    0.270913
20096   -0.788255
20097    0.786151
20098   -0.005339
20099   -0.540212
Name: obs-prior, Length: 20100, dtype: float64
0        0.403916
1       -0.643366
2        0.613500
3        0.538570
4       -0.913112
           ...   
20095    0.270913
20096   -0.788255
20097    0.786151
20098   -0.005339
20099   -0.540212
Name: obs-prior, Length: 20100, dtype: float64
0        0.403916
1       -0.643366
2        0.613500
3        0.538570
4       -0.913112
           ...   
20095    0.270913
20096   -0.788255
20097    0.786151
20098   -0.005339
20099   -0.540212
Name: obs-prior, Length: 20100, dtype: float64
0        0.403916
1       -0.643366
2        0.613500
3        0.538570
4       -0.913112
           ...   
20095    0.270913
20096   -0.788255
20097    0.786151
20098   -0.005339
20099   -0.540212
Name: obs-prior, Length: 20100, dtype: float64
0        0.403916
1       -0.643366
2        0.613500
3        0.538570
4       -0.913112
           ...   
20095    0.270913
20096   -0.788255
20097    0.786151
20098   -0.005339
20099   -0.540212
Name: obs-prior, Length: 20100, dtype: float64
0        0.403916
1       -0.643366
2        0.613500
3        0.538570
4       -0.913112
           ...   
20095    0.270913
20096   -0.788255
20097    0.786151
20098   -0.005339
20099   -0.540212
Name: obs-prior, Length: 20100, dtype: float64
0        0.403916
1       -0.643366
2        0.613500
3        0.538570
4       -0.913112
           ...   
20095    0.270913
20096   -0.788255
20097    0.786151
20098   -0.005339
20099   -0.540212
Name: obs-prior, Length: 20100, dtype: float64
0        0.403916
1       -0.643366
2        0.613500
3        0.538570
4       -0.913112
           ...   
20095    0.270913
20096   -0.788255
20097    0.786151
20098   -0.005339
20099   -0.540212
Name: obs-prior, Length: 20100, dtype: float64
0        0.403916
1       -0.643366
2        0.613500
3        0.538570
4       -0.913112
           ...   
20095    0.270913
20096   -0.788255
20097    0.786151
20098   -0.005339
20099   -0.540212
Name: obs-prior, Length: 20100, dtype: float64
0        0.403916
1       -0.643366
2        0.613500
3        0.538570
4       -0.913112
           ...   
20095    0.270913
20096   -0.788255
20097    0.786151
20098   -0.005339
20099   -0.540212
Name: obs-prior, Length: 20100, dtype: float64
0        0.403916
1       -0.643366
2        0.613500
3        0.538570
4       -0.913112
           ...   
20095    0.270913
20096   -0.788255
20097    0.786151
20098   -0.005339
20099   -0.540212
Name: obs-prior, Length: 20100, dtype: float64
0        0.403916
1       -0.643366
2        0.613500
3        0.538570
4       -0.913112
           ...   
20095    0.270913
20096   -0.788255
20097    0.786151
20098   -0.005339
20099   -0.540212
Name: obs-prior, Length: 20100, dtype: float64
0        0.403916
1       -0.643366
2        0.613500
3        0.538570
4       -0.913112
           ...   
20095    0.270913
20096   -0.788255
20097    0.786151
20098   -0.005339
20099   -0.540212
Name: obs-prior, Length: 20100, dtype: float64
 region:  SH
0     -0.925465
1      0.364428
2      0.565646
3     -0.494063
4     -0.615042
         ...   
386    1.017653
387   -0.417344
388    0.028858
389   -0.227236
390    0.030274
Name: obs-prior, Length: 391, dtype: float64
0     -0.925465
1      0.364428
2      0.565646
3     -0.494063
4     -0.615042
         ...   
386    1.017653
387   -0.417344
388    0.028858
389   -0.227236
390    0.030274
Name: obs-prior, Length: 391, dtype: float64
0     -0.925465
1      0.364428
2      0.565646
3     -0.494063
4     -0.615042
         ...   
386    1.017653
387   -0.417344
388    0.028858
389   -0.227236
390    0.030274
Name: obs-prior, Length: 391, dtype: float64
0     -0.925465
1      0.364428
2      0.565646
3     -0.494063
4     -0.615042
         ...   
386    1.017653
387   -0.417344
388    0.028858
389   -0.227236
390    0.030274
Name: obs-prior, Length: 391, dtype: float64
0     -0.925465
1      0.364428
2      0.565646
3     -0.494063
4     -0.615042
         ...   
386    1.017653
387   -0.417344
388    0.028858
389   -0.227236
390    0.030274
Name: obs-prior, Length: 391, dtype: float64
0     -0.925465
1      0.364428
2      0.565646
3     -0.494063
4     -0.615042
         ...   
386    1.017653
387   -0.417344
388    0.028858
389   -0.227236
390    0.030274
Name: obs-prior, Length: 391, dtype: float64
0     -0.925465
1      0.364428
2      0.565646
3     -0.494063
4     -0.615042
         ...   
386    1.017653
387   -0.417344
388    0.028858
389   -0.227236
390    0.030274
Name: obs-prior, Length: 391, dtype: float64
0     -0.925465
1      0.364428
2      0.565646
3     -0.494063
4     -0.615042
         ...   
386    1.017653
387   -0.417344
388    0.028858
389   -0.227236
390    0.030274
Name: obs-prior, Length: 391, dtype: float64
0     -0.925465
1      0.364428
2      0.565646
3     -0.494063
4     -0.615042
         ...   
386    1.017653
387   -0.417344
388    0.028858
389   -0.227236
390    0.030274
Name: obs-prior, Length: 391, dtype: float64
0     -0.925465
1      0.364428
2      0.565646
3     -0.494063
4     -0.615042
         ...   
386    1.017653
387   -0.417344
388    0.028858
389   -0.227236
390    0.030274
Name: obs-prior, Length: 391, dtype: float64
0     -0.925465
1      0.364428
2      0.565646
3     -0.494063
4     -0.615042
         ...   
386    1.017653
387   -0.417344
388    0.028858
389   -0.227236
390    0.030274
Name: obs-prior, Length: 391, dtype: float64
0     -0.925465
1      0.364428
2      0.565646
3     -0.494063
4     -0.615042
         ...   
386    1.017653
387   -0.417344
388    0.028858
389   -0.227236
390    0.030274
Name: obs-prior, Length: 391, dtype: float64
0     -0.925465
1      0.364428
2      0.565646
3     -0.494063
4     -0.615042
         ...   
386    1.017653
387   -0.417344
388    0.028858
389   -0.227236
390    0.030274
Name: obs-prior, Length: 391, dtype: float64
0     -0.925465
1      0.364428
2      0.565646
3     -0.494063
4     -0.615042
         ...   
386    1.017653
387   -0.417344
388    0.028858
389   -0.227236
390    0.030274
Name: obs-prior, Length: 391, dtype: float64
0     -0.925465
1      0.364428
2      0.565646
3     -0.494063
4     -0.615042
         ...   
386    1.017653
387   -0.417344
388    0.028858
389   -0.227236
390    0.030274
Name: obs-prior, Length: 391, dtype: float64
0     -0.925465
1      0.364428
2      0.565646
3     -0.494063
4     -0.615042
         ...   
386    1.017653
387   -0.417344
388    0.028858
389   -0.227236
390    0.030274
Name: obs-prior, Length: 391, dtype: float64
0     -0.925465
1      0.364428
2      0.565646
3     -0.494063
4     -0.615042
         ...   
386    1.017653
387   -0.417344
388    0.028858
389   -0.227236
390    0.030274
Name: obs-prior, Length: 391, dtype: float64
 region:  TR
0       0.291192
1       0.307415
2       0.016420
3       0.178642
4       0.131670
          ...   
5445   -0.363496
5446    0.677395
5447   -0.601746
5448   -0.000090
5449   -0.935203
Name: obs-prior, Length: 5450, dtype: float64
0       0.291192
1       0.307415
2       0.016420
3       0.178642
4       0.131670
          ...   
5445   -0.363496
5446    0.677395
5447   -0.601746
5448   -0.000090
5449   -0.935203
Name: obs-prior, Length: 5450, dtype: float64
0       0.291192
1       0.307415
2       0.016420
3       0.178642
4       0.131670
          ...   
5445   -0.363496
5446    0.677395
5447   -0.601746
5448   -0.000090
5449   -0.935203
Name: obs-prior, Length: 5450, dtype: float64
0       0.291192
1       0.307415
2       0.016420
3       0.178642
4       0.131670
          ...   
5445   -0.363496
5446    0.677395
5447   -0.601746
5448   -0.000090
5449   -0.935203
Name: obs-prior, Length: 5450, dtype: float64
0       0.291192
1       0.307415
2       0.016420
3       0.178642
4       0.131670
          ...   
5445   -0.363496
5446    0.677395
5447   -0.601746
5448   -0.000090
5449   -0.935203
Name: obs-prior, Length: 5450, dtype: float64
0       0.291192
1       0.307415
2       0.016420
3       0.178642
4       0.131670
          ...   
5445   -0.363496
5446    0.677395
5447   -0.601746
5448   -0.000090
5449   -0.935203
Name: obs-prior, Length: 5450, dtype: float64
0       0.291192
1       0.307415
2       0.016420
3       0.178642
4       0.131670
          ...   
5445   -0.363496
5446    0.677395
5447   -0.601746
5448   -0.000090
5449   -0.935203
Name: obs-prior, Length: 5450, dtype: float64
0       0.291192
1       0.307415
2       0.016420
3       0.178642
4       0.131670
          ...   
5445   -0.363496
5446    0.677395
5447   -0.601746
5448   -0.000090
5449   -0.935203
Name: obs-prior, Length: 5450, dtype: float64
0       0.291192
1       0.307415
2       0.016420
3       0.178642
4       0.131670
          ...   
5445   -0.363496
5446    0.677395
5447   -0.601746
5448   -0.000090
5449   -0.935203
Name: obs-prior, Length: 5450, dtype: float64
0       0.291192
1       0.307415
2       0.016420
3       0.178642
4       0.131670
          ...   
5445   -0.363496
5446    0.677395
5447   -0.601746
5448   -0.000090
5449   -0.935203
Name: obs-prior, Length: 5450, dtype: float64
0       0.291192
1       0.307415
2       0.016420
3       0.178642
4       0.131670
          ...   
5445   -0.363496
5446    0.677395
5447   -0.601746
5448   -0.000090
5449   -0.935203
Name: obs-prior, Length: 5450, dtype: float64
0       0.291192
1       0.307415
2       0.016420
3       0.178642
4       0.131670
          ...   
5445   -0.363496
5446    0.677395
5447   -0.601746
5448   -0.000090
5449   -0.935203
Name: obs-prior, Length: 5450, dtype: float64
0       0.291192
1       0.307415
2       0.016420
3       0.178642
4       0.131670
          ...   
5445   -0.363496
5446    0.677395
5447   -0.601746
5448   -0.000090
5449   -0.935203
Name: obs-prior, Length: 5450, dtype: float64
0       0.291192
1       0.307415
2       0.016420
3       0.178642
4       0.131670
          ...   
5445   -0.363496
5446    0.677395
5447   -0.601746
5448   -0.000090
5449   -0.935203
Name: obs-prior, Length: 5450, dtype: float64
0       0.291192
1       0.307415
2       0.016420
3       0.178642
4       0.131670
          ...   
5445   -0.363496
5446    0.677395
5447   -0.601746
5448   -0.000090
5449   -0.935203
Name: obs-prior, Length: 5450, dtype: float64
0       0.291192
1       0.307415
2       0.016420
3       0.178642
4       0.131670
          ...   
5445   -0.363496
5446    0.677395
5447   -0.601746
5448   -0.000090
5449   -0.935203
Name: obs-prior, Length: 5450, dtype: float64
0       0.291192
1       0.307415
2       0.016420
3       0.178642
4       0.131670
          ...   
5445   -0.363496
5446    0.677395
5447   -0.601746
5448   -0.000090
5449   -0.935203
Name: obs-prior, Length: 5450, dtype: float64

 processing obs:  SAT_U_WIND_COMPONENT
 region:  Global
 No obs:  SAT_U_WIND_COMPONENT  in region:  Global  at this time.
 region:  NH
 No obs:  SAT_U_WIND_COMPONENT  in region:  NH  at this time.
 region:  SH
 No obs:  SAT_U_WIND_COMPONENT  in region:  SH  at this time.
 region:  TR
 No obs:  SAT_U_WIND_COMPONENT  in region:  TR  at this time.

 processing obs:  SAT_V_WIND_COMPONENT
 region:  Global
 No obs:  SAT_V_WIND_COMPONENT  in region:  Global  at this time.
 region:  NH
 No obs:  SAT_V_WIND_COMPONENT  in region:  NH  at this time.
 region:  SH
 No obs:  SAT_V_WIND_COMPONENT  in region:  SH  at this time.
 region:  TR
 No obs:  SAT_V_WIND_COMPONENT  in region:  TR  at this time.

 processing obs:  GPSRO_REFRACTIVITY
 region:  Global
 No obs:  GPSRO_REFRACTIVITY  in region:  Global  at this time.
 region:  NH
 No obs:  GPSRO_REFRACTIVITY  in region:  NH  at this time.
 region:  SH
 No obs:  GPSRO_REFRACTIVITY  in region:  SH  at this time.
 region:  TR
 No obs:  GPSRO_REFRACTIVITY  in region:  TR  at this time.

 processing obs:  EOS_2_AMSUA_TB
 region:  Global
 No obs:  EOS_2_AMSUA_TB  in region:  Global  at this time.
 region:  NH
 No obs:  EOS_2_AMSUA_TB  in region:  NH  at this time.
 region:  SH
 No obs:  EOS_2_AMSUA_TB  in region:  SH  at this time.
 region:  TR
 No obs:  EOS_2_AMSUA_TB  in region:  TR  at this time.

 processing obs:  NOAA_15_AMSUA_TB
 region:  Global
 No obs:  NOAA_15_AMSUA_TB  in region:  Global  at this time.
 region:  NH
 No obs:  NOAA_15_AMSUA_TB  in region:  NH  at this time.
 region:  SH
 No obs:  NOAA_15_AMSUA_TB  in region:  SH  at this time.
 region:  TR
 No obs:  NOAA_15_AMSUA_TB  in region:  TR  at this time.

 processing obs:  NOAA_16_AMSUA_TB
 region:  Global
 No obs:  NOAA_16_AMSUA_TB  in region:  Global  at this time.
 region:  NH
 No obs:  NOAA_16_AMSUA_TB  in region:  NH  at this time.
 region:  SH
 No obs:  NOAA_16_AMSUA_TB  in region:  SH  at this time.
 region:  TR
 No obs:  NOAA_16_AMSUA_TB  in region:  TR  at this time.

 processing obs:  NOAA_17_AMSUA_TB
 region:  Global
 No obs:  NOAA_17_AMSUA_TB  in region:  Global  at this time.
 region:  NH
 No obs:  NOAA_17_AMSUA_TB  in region:  NH  at this time.
 region:  SH
 No obs:  NOAA_17_AMSUA_TB  in region:  SH  at this time.
 region:  TR
 No obs:  NOAA_17_AMSUA_TB  in region:  TR  at this time.

 processing obs:  NOAA_18_AMSUA_TB
 region:  Global
 No obs:  NOAA_18_AMSUA_TB  in region:  Global  at this time.
 region:  NH
 No obs:  NOAA_18_AMSUA_TB  in region:  NH  at this time.
 region:  SH
 No obs:  NOAA_18_AMSUA_TB  in region:  SH  at this time.
 region:  TR
 No obs:  NOAA_18_AMSUA_TB  in region:  TR  at this time.

 processing obs:  NOAA_19_AMSUA_TB
 region:  Global
 No obs:  NOAA_19_AMSUA_TB  in region:  Global  at this time.
 region:  NH
 No obs:  NOAA_19_AMSUA_TB  in region:  NH  at this time.
 region:  SH
 No obs:  NOAA_19_AMSUA_TB  in region:  SH  at this time.
 region:  TR
 No obs:  NOAA_19_AMSUA_TB  in region:  TR  at this time.

 processing obs:  METOP_1_AMSUA_TB
 region:  Global
 No obs:  METOP_1_AMSUA_TB  in region:  Global  at this time.
 region:  NH
 No obs:  METOP_1_AMSUA_TB  in region:  NH  at this time.
 region:  SH
 No obs:  METOP_1_AMSUA_TB  in region:  SH  at this time.
 region:  TR
 No obs:  METOP_1_AMSUA_TB  in region:  TR  at this time.

 processing obs:  METOP_2_AMSUA_TB
 region:  Global
 No obs:  METOP_2_AMSUA_TB  in region:  Global  at this time.
 region:  NH
 No obs:  METOP_2_AMSUA_TB  in region:  NH  at this time.
 region:  SH
 No obs:  METOP_2_AMSUA_TB  in region:  SH  at this time.
 region:  TR
 No obs:  METOP_2_AMSUA_TB  in region:  TR  at this time.

 processing obs:  VADWND_U_WIND_COMPONENT
 region:  Global
 No obs:  VADWND_U_WIND_COMPONENT  in region:  Global  at this time.
 region:  NH
 No obs:  VADWND_U_WIND_COMPONENT  in region:  NH  at this time.
 region:  SH
 No obs:  VADWND_U_WIND_COMPONENT  in region:  SH  at this time.
 region:  TR
 No obs:  VADWND_U_WIND_COMPONENT  in region:  TR  at this time.

 processing obs:  VADWND_V_WIND_COMPONENT
 region:  Global
 No obs:  VADWND_V_WIND_COMPONENT  in region:  Global  at this time.
 region:  NH
 No obs:  VADWND_V_WIND_COMPONENT  in region:  NH  at this time.
 region:  SH
 No obs:  VADWND_V_WIND_COMPONENT  in region:  SH  at this time.
 region:  TR
 No obs:  VADWND_V_WIND_COMPONENT  in region:  TR  at this time.

 processing obs:  LAND_SFC_PRESSURE
 region:  Global
 No obs:  LAND_SFC_PRESSURE  in region:  Global  at this time.
 region:  NH
 No obs:  LAND_SFC_PRESSURE  in region:  NH  at this time.
 region:  SH
 No obs:  LAND_SFC_PRESSURE  in region:  SH  at this time.
 region:  TR
 No obs:  LAND_SFC_PRESSURE  in region:  TR  at this time.

 processing obs:  MARINE_SFC_PRESSURE
 region:  Global
 No obs:  MARINE_SFC_PRESSURE  in region:  Global  at this time.
 region:  NH
 No obs:  MARINE_SFC_PRESSURE  in region:  NH  at this time.
 region:  SH
 No obs:  MARINE_SFC_PRESSURE  in region:  SH  at this time.
 region:  TR
 No obs:  MARINE_SFC_PRESSURE  in region:  TR  at this time.
Save assimilated: Global
Save assimilated: SH
Save assimilated: NH
Save assimilated: TR

 2024-03-25 13:47:09.135891
Execution Time:  0:00:10.327042

 -------------------- END ------------------- 

	Command being timed: "/work/cmcc/mg20022/.conda/envs/guatura/bin/python ./quick_spreads_diag.py"
	User time (seconds): 9.09
	System time (seconds): 6.88
	Percent of CPU this job got: 133%
	Elapsed (wall clock) time (h:mm:ss or m:ss): 0:11.98
	Average shared text size (kbytes): 0
	Average unshared data size (kbytes): 0
	Average stack size (kbytes): 0
	Average total size (kbytes): 0
	Maximum resident set size (kbytes): 465452
	Average resident set size (kbytes): 0
	Major (requiring I/O) page faults: 0
	Minor (reclaiming a frame) page faults: 53806
	Voluntary context switches: 3607
	Involuntary context switches: 710
	Swaps: 0
	File system inputs: 0
	File system outputs: 0
	Socket messages sent: 0
	Socket messages received: 0
	Signals delivered: 0
	Page size (bytes): 4096
	Exit status: 0
