STARTING

 2024-03-25 13:47:15.148369

 Computation parameters:
 Experiment name:  arc2
 Start date:  2017-10-06-00000
 End date:  2017-10-06-00000
 Path archive:  /work/cmcc/gc02720/CMCC-CM/archive
 Path experiment:  /work/cmcc/gc02720/CMCC-CM/archive/arc2
 Path save:  /work/cmcc/gc02720/CMCC-CM/basic_diag/arc2/2017-10-06-00000
 Observation to process:  ['RADIOSONDE_U_WIND_COMPONENT', 'RADIOSONDE_V_WIND_COMPONENT', 'RADIOSONDE_TEMPERATURE', 'AIRCRAFT_U_WIND_COMPONENT', 'AIRCRAFT_V_WIND_COMPONENT', 'AIRCRAFT_TEMPERATURE', 'ACARS_U_WIND_COMPONENT', 'ACARS_V_WIND_COMPONENT', 'ACARS_TEMPERATURE', 'SAT_U_WIND_COMPONENT', 'SAT_V_WIND_COMPONENT', 'GPSRO_REFRACTIVITY', 'EOS_2_AMSUA_TB', 'NOAA_15_AMSUA_TB', 'NOAA_16_AMSUA_TB', 'NOAA_17_AMSUA_TB', 'NOAA_18_AMSUA_TB', 'NOAA_19_AMSUA_TB', 'METOP_1_AMSUA_TB', 'METOP_2_AMSUA_TB', 'VADWND_U_WIND_COMPONENT', 'VADWND_V_WIND_COMPONENT', 'LAND_SFC_PRESSURE', 'MARINE_SFC_PRESSURE']
 Reference levels:  (1014, 950, 900, 850, 800, 750, 700, 650, 600, 550, 500, 450, 400, 350, 300, 250, 200, 150, 90, 50, 25, 10, 5, 2.5, 1)

 Successfully created the directory /work/cmcc/gc02720/CMCC-CM/basic_diag/arc2/2017-10-06-00000 
 Center layers:  [982.0, 925.0, 875.0, 825.0, 775.0, 725.0, 675.0, 625.0, 575.0, 525.0, 475.0, 425.0, 375.0, 325.0, 275.0, 225.0, 175.0, 120.0, 70.0, 37.5, 17.5, 7.5, 3.75, 1.75]

 Start the computation...

 dir to process:  ['arc2-2017-10-06-00000']

 dir:  /work/cmcc/gc02720/CMCC-CM/archive/arc2/arc2-2017-10-06-00000
 dir number  1  out of  1
 listdb=  ['/work/cmcc/gc02720/CMCC-CM/archive/arc2/arc2-2017-10-06-00000/arc2.spreads.ARC.1.2017-10-06-00000.db', '/work/cmcc/gc02720/CMCC-CM/archive/arc2/arc2-2017-10-06-00000/arc2.spreads.ARC.3.2017-10-06-00000.db']
 listdb len=  2
 maskdb=  [1, 1]
 maskdb len=  2
 loading info from:  /work/cmcc/gc02720/CMCC-CM/archive/arc2/arc2-2017-10-06-00000/arc2.spreads.ARC.1.2017-10-06-00000.db
 loading info from:  /work/cmcc/gc02720/CMCC-CM/archive/arc2/arc2-2017-10-06-00000/arc2.spreads.ARC.3.2017-10-06-00000.db

 processing obs:  RADIOSONDE_U_WIND_COMPONENT
 region:  Global
 No obs:  RADIOSONDE_U_WIND_COMPONENT  in region:  Global  at this time.
 region:  NH
 No obs:  RADIOSONDE_U_WIND_COMPONENT  in region:  NH  at this time.
 region:  SH
 No obs:  RADIOSONDE_U_WIND_COMPONENT  in region:  SH  at this time.
 region:  TR
 No obs:  RADIOSONDE_U_WIND_COMPONENT  in region:  TR  at this time.

 processing obs:  RADIOSONDE_V_WIND_COMPONENT
 region:  Global
 No obs:  RADIOSONDE_V_WIND_COMPONENT  in region:  Global  at this time.
 region:  NH
 No obs:  RADIOSONDE_V_WIND_COMPONENT  in region:  NH  at this time.
 region:  SH
 No obs:  RADIOSONDE_V_WIND_COMPONENT  in region:  SH  at this time.
 region:  TR
 No obs:  RADIOSONDE_V_WIND_COMPONENT  in region:  TR  at this time.

 processing obs:  RADIOSONDE_TEMPERATURE
 region:  Global
 No obs:  RADIOSONDE_TEMPERATURE  in region:  Global  at this time.
 region:  NH
 No obs:  RADIOSONDE_TEMPERATURE  in region:  NH  at this time.
 region:  SH
 No obs:  RADIOSONDE_TEMPERATURE  in region:  SH  at this time.
 region:  TR
 No obs:  RADIOSONDE_TEMPERATURE  in region:  TR  at this time.

 processing obs:  AIRCRAFT_U_WIND_COMPONENT
 region:  Global
0      -2.772760
1       0.321897
2      -1.943202
3       0.033102
4       2.931593
          ...   
2668    0.702144
2669   -1.976667
2670    1.743755
2671   -0.721227
2672   -0.313067
Name: obs-prior, Length: 2673, dtype: float64
0      -2.772760
1       0.321897
2      -1.943202
3       0.033102
4       2.931593
          ...   
2668    0.702144
2669   -1.976667
2670    1.743755
2671   -0.721227
2672   -0.313067
Name: obs-prior, Length: 2673, dtype: float64
0      -2.772760
1       0.321897
2      -1.943202
3       0.033102
4       2.931593
          ...   
2668    0.702144
2669   -1.976667
2670    1.743755
2671   -0.721227
2672   -0.313067
Name: obs-prior, Length: 2673, dtype: float64
0      -2.772760
1       0.321897
2      -1.943202
3       0.033102
4       2.931593
          ...   
2668    0.702144
2669   -1.976667
2670    1.743755
2671   -0.721227
2672   -0.313067
Name: obs-prior, Length: 2673, dtype: float64
0      -2.772760
1       0.321897
2      -1.943202
3       0.033102
4       2.931593
          ...   
2668    0.702144
2669   -1.976667
2670    1.743755
2671   -0.721227
2672   -0.313067
Name: obs-prior, Length: 2673, dtype: float64
0      -2.772760
1       0.321897
2      -1.943202
3       0.033102
4       2.931593
          ...   
2668    0.702144
2669   -1.976667
2670    1.743755
2671   -0.721227
2672   -0.313067
Name: obs-prior, Length: 2673, dtype: float64
0      -2.772760
1       0.321897
2      -1.943202
3       0.033102
4       2.931593
          ...   
2668    0.702144
2669   -1.976667
2670    1.743755
2671   -0.721227
2672   -0.313067
Name: obs-prior, Length: 2673, dtype: float64
0      -2.772760
1       0.321897
2      -1.943202
3       0.033102
4       2.931593
          ...   
2668    0.702144
2669   -1.976667
2670    1.743755
2671   -0.721227
2672   -0.313067
Name: obs-prior, Length: 2673, dtype: float64
0      -2.772760
1       0.321897
2      -1.943202
3       0.033102
4       2.931593
          ...   
2668    0.702144
2669   -1.976667
2670    1.743755
2671   -0.721227
2672   -0.313067
Name: obs-prior, Length: 2673, dtype: float64
0      -2.772760
1       0.321897
2      -1.943202
3       0.033102
4       2.931593
          ...   
2668    0.702144
2669   -1.976667
2670    1.743755
2671   -0.721227
2672   -0.313067
Name: obs-prior, Length: 2673, dtype: float64
0      -2.772760
1       0.321897
2      -1.943202
3       0.033102
4       2.931593
          ...   
2668    0.702144
2669   -1.976667
2670    1.743755
2671   -0.721227
2672   -0.313067
Name: obs-prior, Length: 2673, dtype: float64
0      -2.772760
1       0.321897
2      -1.943202
3       0.033102
4       2.931593
          ...   
2668    0.702144
2669   -1.976667
2670    1.743755
2671   -0.721227
2672   -0.313067
Name: obs-prior, Length: 2673, dtype: float64
0      -2.772760
1       0.321897
2      -1.943202
3       0.033102
4       2.931593
          ...   
2668    0.702144
2669   -1.976667
2670    1.743755
2671   -0.721227
2672   -0.313067
Name: obs-prior, Length: 2673, dtype: float64
0      -2.772760
1       0.321897
2      -1.943202
3       0.033102
4       2.931593
          ...   
2668    0.702144
2669   -1.976667
2670    1.743755
2671   -0.721227
2672   -0.313067
Name: obs-prior, Length: 2673, dtype: float64
0      -2.772760
1       0.321897
2      -1.943202
3       0.033102
4       2.931593
          ...   
2668    0.702144
2669   -1.976667
2670    1.743755
2671   -0.721227
2672   -0.313067
Name: obs-prior, Length: 2673, dtype: float64
0      -2.772760
1       0.321897
2      -1.943202
3       0.033102
4       2.931593
          ...   
2668    0.702144
2669   -1.976667
2670    1.743755
2671   -0.721227
2672   -0.313067
Name: obs-prior, Length: 2673, dtype: float64
0      -2.772760
1       0.321897
2      -1.943202
3       0.033102
4       2.931593
          ...   
2668    0.702144
2669   -1.976667
2670    1.743755
2671   -0.721227
2672   -0.313067
Name: obs-prior, Length: 2673, dtype: float64
0      -2.772760
1       0.321897
2      -1.943202
3       0.033102
4       2.931593
          ...   
2668    0.702144
2669   -1.976667
2670    1.743755
2671   -0.721227
2672   -0.313067
Name: obs-prior, Length: 2673, dtype: float64
 region:  NH
0      -2.738487
1       1.217145
2       0.670723
3       0.692980
4      -0.070808
          ...   
1503    2.416704
1504    1.341207
1505   -1.976667
1506   -0.721227
1507   -0.313067
Name: obs-prior, Length: 1508, dtype: float64
0      -2.738487
1       1.217145
2       0.670723
3       0.692980
4      -0.070808
          ...   
1503    2.416704
1504    1.341207
1505   -1.976667
1506   -0.721227
1507   -0.313067
Name: obs-prior, Length: 1508, dtype: float64
0      -2.738487
1       1.217145
2       0.670723
3       0.692980
4      -0.070808
          ...   
1503    2.416704
1504    1.341207
1505   -1.976667
1506   -0.721227
1507   -0.313067
Name: obs-prior, Length: 1508, dtype: float64
0      -2.738487
1       1.217145
2       0.670723
3       0.692980
4      -0.070808
          ...   
1503    2.416704
1504    1.341207
1505   -1.976667
1506   -0.721227
1507   -0.313067
Name: obs-prior, Length: 1508, dtype: float64
0      -2.738487
1       1.217145
2       0.670723
3       0.692980
4      -0.070808
          ...   
1503    2.416704
1504    1.341207
1505   -1.976667
1506   -0.721227
1507   -0.313067
Name: obs-prior, Length: 1508, dtype: float64
0      -2.738487
1       1.217145
2       0.670723
3       0.692980
4      -0.070808
          ...   
1503    2.416704
1504    1.341207
1505   -1.976667
1506   -0.721227
1507   -0.313067
Name: obs-prior, Length: 1508, dtype: float64
0      -2.738487
1       1.217145
2       0.670723
3       0.692980
4      -0.070808
          ...   
1503    2.416704
1504    1.341207
1505   -1.976667
1506   -0.721227
1507   -0.313067
Name: obs-prior, Length: 1508, dtype: float64
0      -2.738487
1       1.217145
2       0.670723
3       0.692980
4      -0.070808
          ...   
1503    2.416704
1504    1.341207
1505   -1.976667
1506   -0.721227
1507   -0.313067
Name: obs-prior, Length: 1508, dtype: float64
0      -2.738487
1       1.217145
2       0.670723
3       0.692980
4      -0.070808
          ...   
1503    2.416704
1504    1.341207
1505   -1.976667
1506   -0.721227
1507   -0.313067
Name: obs-prior, Length: 1508, dtype: float64
0      -2.738487
1       1.217145
2       0.670723
3       0.692980
4      -0.070808
          ...   
1503    2.416704
1504    1.341207
1505   -1.976667
1506   -0.721227
1507   -0.313067
Name: obs-prior, Length: 1508, dtype: float64
0      -2.738487
1       1.217145
2       0.670723
3       0.692980
4      -0.070808
          ...   
1503    2.416704
1504    1.341207
1505   -1.976667
1506   -0.721227
1507   -0.313067
Name: obs-prior, Length: 1508, dtype: float64
0      -2.738487
1       1.217145
2       0.670723
3       0.692980
4      -0.070808
          ...   
1503    2.416704
1504    1.341207
1505   -1.976667
1506   -0.721227
1507   -0.313067
Name: obs-prior, Length: 1508, dtype: float64
0      -2.738487
1       1.217145
2       0.670723
3       0.692980
4      -0.070808
          ...   
1503    2.416704
1504    1.341207
1505   -1.976667
1506   -0.721227
1507   -0.313067
Name: obs-prior, Length: 1508, dtype: float64
0      -2.738487
1       1.217145
2       0.670723
3       0.692980
4      -0.070808
          ...   
1503    2.416704
1504    1.341207
1505   -1.976667
1506   -0.721227
1507   -0.313067
Name: obs-prior, Length: 1508, dtype: float64
0      -2.738487
1       1.217145
2       0.670723
3       0.692980
4      -0.070808
          ...   
1503    2.416704
1504    1.341207
1505   -1.976667
1506   -0.721227
1507   -0.313067
Name: obs-prior, Length: 1508, dtype: float64
0      -2.738487
1       1.217145
2       0.670723
3       0.692980
4      -0.070808
          ...   
1503    2.416704
1504    1.341207
1505   -1.976667
1506   -0.721227
1507   -0.313067
Name: obs-prior, Length: 1508, dtype: float64
0      -2.738487
1       1.217145
2       0.670723
3       0.692980
4      -0.070808
          ...   
1503    2.416704
1504    1.341207
1505   -1.976667
1506   -0.721227
1507   -0.313067
Name: obs-prior, Length: 1508, dtype: float64
0      -2.738487
1       1.217145
2       0.670723
3       0.692980
4      -0.070808
          ...   
1503    2.416704
1504    1.341207
1505   -1.976667
1506   -0.721227
1507   -0.313067
Name: obs-prior, Length: 1508, dtype: float64
 region:  SH
0      1.815938
1     -2.618478
2     -0.373784
3     -0.209195
4      0.982165
         ...   
349    2.226652
350    2.482449
351   -2.750130
352    2.876797
353   -1.237768
Name: obs-prior, Length: 354, dtype: float64
0      1.815938
1     -2.618478
2     -0.373784
3     -0.209195
4      0.982165
         ...   
349    2.226652
350    2.482449
351   -2.750130
352    2.876797
353   -1.237768
Name: obs-prior, Length: 354, dtype: float64
0      1.815938
1     -2.618478
2     -0.373784
3     -0.209195
4      0.982165
         ...   
349    2.226652
350    2.482449
351   -2.750130
352    2.876797
353   -1.237768
Name: obs-prior, Length: 354, dtype: float64
0      1.815938
1     -2.618478
2     -0.373784
3     -0.209195
4      0.982165
         ...   
349    2.226652
350    2.482449
351   -2.750130
352    2.876797
353   -1.237768
Name: obs-prior, Length: 354, dtype: float64
0      1.815938
1     -2.618478
2     -0.373784
3     -0.209195
4      0.982165
         ...   
349    2.226652
350    2.482449
351   -2.750130
352    2.876797
353   -1.237768
Name: obs-prior, Length: 354, dtype: float64
0      1.815938
1     -2.618478
2     -0.373784
3     -0.209195
4      0.982165
         ...   
349    2.226652
350    2.482449
351   -2.750130
352    2.876797
353   -1.237768
Name: obs-prior, Length: 354, dtype: float64
0      1.815938
1     -2.618478
2     -0.373784
3     -0.209195
4      0.982165
         ...   
349    2.226652
350    2.482449
351   -2.750130
352    2.876797
353   -1.237768
Name: obs-prior, Length: 354, dtype: float64
0      1.815938
1     -2.618478
2     -0.373784
3     -0.209195
4      0.982165
         ...   
349    2.226652
350    2.482449
351   -2.750130
352    2.876797
353   -1.237768
Name: obs-prior, Length: 354, dtype: float64
0      1.815938
1     -2.618478
2     -0.373784
3     -0.209195
4      0.982165
         ...   
349    2.226652
350    2.482449
351   -2.750130
352    2.876797
353   -1.237768
Name: obs-prior, Length: 354, dtype: float64
0      1.815938
1     -2.618478
2     -0.373784
3     -0.209195
4      0.982165
         ...   
349    2.226652
350    2.482449
351   -2.750130
352    2.876797
353   -1.237768
Name: obs-prior, Length: 354, dtype: float64
0      1.815938
1     -2.618478
2     -0.373784
3     -0.209195
4      0.982165
         ...   
349    2.226652
350    2.482449
351   -2.750130
352    2.876797
353   -1.237768
Name: obs-prior, Length: 354, dtype: float64
0      1.815938
1     -2.618478
2     -0.373784
3     -0.209195
4      0.982165
         ...   
349    2.226652
350    2.482449
351   -2.750130
352    2.876797
353   -1.237768
Name: obs-prior, Length: 354, dtype: float64
0      1.815938
1     -2.618478
2     -0.373784
3     -0.209195
4      0.982165
         ...   
349    2.226652
350    2.482449
351   -2.750130
352    2.876797
353   -1.237768
Name: obs-prior, Length: 354, dtype: float64
0      1.815938
1     -2.618478
2     -0.373784
3     -0.209195
4      0.982165
         ...   
349    2.226652
350    2.482449
351   -2.750130
352    2.876797
353   -1.237768
Name: obs-prior, Length: 354, dtype: float64
0      1.815938
1     -2.618478
2     -0.373784
3     -0.209195
4      0.982165
         ...   
349    2.226652
350    2.482449
351   -2.750130
352    2.876797
353   -1.237768
Name: obs-prior, Length: 354, dtype: float64
0      1.815938
1     -2.618478
2     -0.373784
3     -0.209195
4      0.982165
         ...   
349    2.226652
350    2.482449
351   -2.750130
352    2.876797
353   -1.237768
Name: obs-prior, Length: 354, dtype: float64
0      1.815938
1     -2.618478
2     -0.373784
3     -0.209195
4      0.982165
         ...   
349    2.226652
350    2.482449
351   -2.750130
352    2.876797
353   -1.237768
Name: obs-prior, Length: 354, dtype: float64
 region:  TR
0     -2.772760
1      0.321897
2     -1.943202
3      0.033102
4      2.931593
         ...   
806    3.997875
807    2.343379
808   -2.192302
809    0.702144
810    1.743755
Name: obs-prior, Length: 811, dtype: float64
0     -2.772760
1      0.321897
2     -1.943202
3      0.033102
4      2.931593
         ...   
806    3.997875
807    2.343379
808   -2.192302
809    0.702144
810    1.743755
Name: obs-prior, Length: 811, dtype: float64
0     -2.772760
1      0.321897
2     -1.943202
3      0.033102
4      2.931593
         ...   
806    3.997875
807    2.343379
808   -2.192302
809    0.702144
810    1.743755
Name: obs-prior, Length: 811, dtype: float64
0     -2.772760
1      0.321897
2     -1.943202
3      0.033102
4      2.931593
         ...   
806    3.997875
807    2.343379
808   -2.192302
809    0.702144
810    1.743755
Name: obs-prior, Length: 811, dtype: float64
0     -2.772760
1      0.321897
2     -1.943202
3      0.033102
4      2.931593
         ...   
806    3.997875
807    2.343379
808   -2.192302
809    0.702144
810    1.743755
Name: obs-prior, Length: 811, dtype: float64
0     -2.772760
1      0.321897
2     -1.943202
3      0.033102
4      2.931593
         ...   
806    3.997875
807    2.343379
808   -2.192302
809    0.702144
810    1.743755
Name: obs-prior, Length: 811, dtype: float64
0     -2.772760
1      0.321897
2     -1.943202
3      0.033102
4      2.931593
         ...   
806    3.997875
807    2.343379
808   -2.192302
809    0.702144
810    1.743755
Name: obs-prior, Length: 811, dtype: float64
0     -2.772760
1      0.321897
2     -1.943202
3      0.033102
4      2.931593
         ...   
806    3.997875
807    2.343379
808   -2.192302
809    0.702144
810    1.743755
Name: obs-prior, Length: 811, dtype: float64
0     -2.772760
1      0.321897
2     -1.943202
3      0.033102
4      2.931593
         ...   
806    3.997875
807    2.343379
808   -2.192302
809    0.702144
810    1.743755
Name: obs-prior, Length: 811, dtype: float64
0     -2.772760
1      0.321897
2     -1.943202
3      0.033102
4      2.931593
         ...   
806    3.997875
807    2.343379
808   -2.192302
809    0.702144
810    1.743755
Name: obs-prior, Length: 811, dtype: float64
0     -2.772760
1      0.321897
2     -1.943202
3      0.033102
4      2.931593
         ...   
806    3.997875
807    2.343379
808   -2.192302
809    0.702144
810    1.743755
Name: obs-prior, Length: 811, dtype: float64
0     -2.772760
1      0.321897
2     -1.943202
3      0.033102
4      2.931593
         ...   
806    3.997875
807    2.343379
808   -2.192302
809    0.702144
810    1.743755
Name: obs-prior, Length: 811, dtype: float64
0     -2.772760
1      0.321897
2     -1.943202
3      0.033102
4      2.931593
         ...   
806    3.997875
807    2.343379
808   -2.192302
809    0.702144
810    1.743755
Name: obs-prior, Length: 811, dtype: float64
0     -2.772760
1      0.321897
2     -1.943202
3      0.033102
4      2.931593
         ...   
806    3.997875
807    2.343379
808   -2.192302
809    0.702144
810    1.743755
Name: obs-prior, Length: 811, dtype: float64
0     -2.772760
1      0.321897
2     -1.943202
3      0.033102
4      2.931593
         ...   
806    3.997875
807    2.343379
808   -2.192302
809    0.702144
810    1.743755
Name: obs-prior, Length: 811, dtype: float64
0     -2.772760
1      0.321897
2     -1.943202
3      0.033102
4      2.931593
         ...   
806    3.997875
807    2.343379
808   -2.192302
809    0.702144
810    1.743755
Name: obs-prior, Length: 811, dtype: float64
0     -2.772760
1      0.321897
2     -1.943202
3      0.033102
4      2.931593
         ...   
806    3.997875
807    2.343379
808   -2.192302
809    0.702144
810    1.743755
Name: obs-prior, Length: 811, dtype: float64

 processing obs:  AIRCRAFT_V_WIND_COMPONENT
 region:  Global
0       0.068666
1      -1.283434
2      -0.693618
3      -2.814488
4       2.375737
          ...   
2968    0.603791
2969   -0.081045
2970   -2.416296
2971    0.390560
2972   -2.233116
Name: obs-prior, Length: 2973, dtype: float64
0       0.068666
1      -1.283434
2      -0.693618
3      -2.814488
4       2.375737
          ...   
2968    0.603791
2969   -0.081045
2970   -2.416296
2971    0.390560
2972   -2.233116
Name: obs-prior, Length: 2973, dtype: float64
0       0.068666
1      -1.283434
2      -0.693618
3      -2.814488
4       2.375737
          ...   
2968    0.603791
2969   -0.081045
2970   -2.416296
2971    0.390560
2972   -2.233116
Name: obs-prior, Length: 2973, dtype: float64
0       0.068666
1      -1.283434
2      -0.693618
3      -2.814488
4       2.375737
          ...   
2968    0.603791
2969   -0.081045
2970   -2.416296
2971    0.390560
2972   -2.233116
Name: obs-prior, Length: 2973, dtype: float64
0       0.068666
1      -1.283434
2      -0.693618
3      -2.814488
4       2.375737
          ...   
2968    0.603791
2969   -0.081045
2970   -2.416296
2971    0.390560
2972   -2.233116
Name: obs-prior, Length: 2973, dtype: float64
0       0.068666
1      -1.283434
2      -0.693618
3      -2.814488
4       2.375737
          ...   
2968    0.603791
2969   -0.081045
2970   -2.416296
2971    0.390560
2972   -2.233116
Name: obs-prior, Length: 2973, dtype: float64
0       0.068666
1      -1.283434
2      -0.693618
3      -2.814488
4       2.375737
          ...   
2968    0.603791
2969   -0.081045
2970   -2.416296
2971    0.390560
2972   -2.233116
Name: obs-prior, Length: 2973, dtype: float64
0       0.068666
1      -1.283434
2      -0.693618
3      -2.814488
4       2.375737
          ...   
2968    0.603791
2969   -0.081045
2970   -2.416296
2971    0.390560
2972   -2.233116
Name: obs-prior, Length: 2973, dtype: float64
0       0.068666
1      -1.283434
2      -0.693618
3      -2.814488
4       2.375737
          ...   
2968    0.603791
2969   -0.081045
2970   -2.416296
2971    0.390560
2972   -2.233116
Name: obs-prior, Length: 2973, dtype: float64
0       0.068666
1      -1.283434
2      -0.693618
3      -2.814488
4       2.375737
          ...   
2968    0.603791
2969   -0.081045
2970   -2.416296
2971    0.390560
2972   -2.233116
Name: obs-prior, Length: 2973, dtype: float64
0       0.068666
1      -1.283434
2      -0.693618
3      -2.814488
4       2.375737
          ...   
2968    0.603791
2969   -0.081045
2970   -2.416296
2971    0.390560
2972   -2.233116
Name: obs-prior, Length: 2973, dtype: float64
0       0.068666
1      -1.283434
2      -0.693618
3      -2.814488
4       2.375737
          ...   
2968    0.603791
2969   -0.081045
2970   -2.416296
2971    0.390560
2972   -2.233116
Name: obs-prior, Length: 2973, dtype: float64
0       0.068666
1      -1.283434
2      -0.693618
3      -2.814488
4       2.375737
          ...   
2968    0.603791
2969   -0.081045
2970   -2.416296
2971    0.390560
2972   -2.233116
Name: obs-prior, Length: 2973, dtype: float64
0       0.068666
1      -1.283434
2      -0.693618
3      -2.814488
4       2.375737
          ...   
2968    0.603791
2969   -0.081045
2970   -2.416296
2971    0.390560
2972   -2.233116
Name: obs-prior, Length: 2973, dtype: float64
0       0.068666
1      -1.283434
2      -0.693618
3      -2.814488
4       2.375737
          ...   
2968    0.603791
2969   -0.081045
2970   -2.416296
2971    0.390560
2972   -2.233116
Name: obs-prior, Length: 2973, dtype: float64
0       0.068666
1      -1.283434
2      -0.693618
3      -2.814488
4       2.375737
          ...   
2968    0.603791
2969   -0.081045
2970   -2.416296
2971    0.390560
2972   -2.233116
Name: obs-prior, Length: 2973, dtype: float64
0       0.068666
1      -1.283434
2      -0.693618
3      -2.814488
4       2.375737
          ...   
2968    0.603791
2969   -0.081045
2970   -2.416296
2971    0.390560
2972   -2.233116
Name: obs-prior, Length: 2973, dtype: float64
0       0.068666
1      -1.283434
2      -0.693618
3      -2.814488
4       2.375737
          ...   
2968    0.603791
2969   -0.081045
2970   -2.416296
2971    0.390560
2972   -2.233116
Name: obs-prior, Length: 2973, dtype: float64
 region:  NH
0      -1.392528
1      -2.761013
2       1.004207
3      -1.725917
4      -0.138982
          ...   
1682    0.603791
1683   -0.081045
1684   -2.416296
1685    0.390560
1686   -2.233116
Name: obs-prior, Length: 1687, dtype: float64
0      -1.392528
1      -2.761013
2       1.004207
3      -1.725917
4      -0.138982
          ...   
1682    0.603791
1683   -0.081045
1684   -2.416296
1685    0.390560
1686   -2.233116
Name: obs-prior, Length: 1687, dtype: float64
0      -1.392528
1      -2.761013
2       1.004207
3      -1.725917
4      -0.138982
          ...   
1682    0.603791
1683   -0.081045
1684   -2.416296
1685    0.390560
1686   -2.233116
Name: obs-prior, Length: 1687, dtype: float64
0      -1.392528
1      -2.761013
2       1.004207
3      -1.725917
4      -0.138982
          ...   
1682    0.603791
1683   -0.081045
1684   -2.416296
1685    0.390560
1686   -2.233116
Name: obs-prior, Length: 1687, dtype: float64
0      -1.392528
1      -2.761013
2       1.004207
3      -1.725917
4      -0.138982
          ...   
1682    0.603791
1683   -0.081045
1684   -2.416296
1685    0.390560
1686   -2.233116
Name: obs-prior, Length: 1687, dtype: float64
0      -1.392528
1      -2.761013
2       1.004207
3      -1.725917
4      -0.138982
          ...   
1682    0.603791
1683   -0.081045
1684   -2.416296
1685    0.390560
1686   -2.233116
Name: obs-prior, Length: 1687, dtype: float64
0      -1.392528
1      -2.761013
2       1.004207
3      -1.725917
4      -0.138982
          ...   
1682    0.603791
1683   -0.081045
1684   -2.416296
1685    0.390560
1686   -2.233116
Name: obs-prior, Length: 1687, dtype: float64
0      -1.392528
1      -2.761013
2       1.004207
3      -1.725917
4      -0.138982
          ...   
1682    0.603791
1683   -0.081045
1684   -2.416296
1685    0.390560
1686   -2.233116
Name: obs-prior, Length: 1687, dtype: float64
0      -1.392528
1      -2.761013
2       1.004207
3      -1.725917
4      -0.138982
          ...   
1682    0.603791
1683   -0.081045
1684   -2.416296
1685    0.390560
1686   -2.233116
Name: obs-prior, Length: 1687, dtype: float64
0      -1.392528
1      -2.761013
2       1.004207
3      -1.725917
4      -0.138982
          ...   
1682    0.603791
1683   -0.081045
1684   -2.416296
1685    0.390560
1686   -2.233116
Name: obs-prior, Length: 1687, dtype: float64
0      -1.392528
1      -2.761013
2       1.004207
3      -1.725917
4      -0.138982
          ...   
1682    0.603791
1683   -0.081045
1684   -2.416296
1685    0.390560
1686   -2.233116
Name: obs-prior, Length: 1687, dtype: float64
0      -1.392528
1      -2.761013
2       1.004207
3      -1.725917
4      -0.138982
          ...   
1682    0.603791
1683   -0.081045
1684   -2.416296
1685    0.390560
1686   -2.233116
Name: obs-prior, Length: 1687, dtype: float64
0      -1.392528
1      -2.761013
2       1.004207
3      -1.725917
4      -0.138982
          ...   
1682    0.603791
1683   -0.081045
1684   -2.416296
1685    0.390560
1686   -2.233116
Name: obs-prior, Length: 1687, dtype: float64
0      -1.392528
1      -2.761013
2       1.004207
3      -1.725917
4      -0.138982
          ...   
1682    0.603791
1683   -0.081045
1684   -2.416296
1685    0.390560
1686   -2.233116
Name: obs-prior, Length: 1687, dtype: float64
0      -1.392528
1      -2.761013
2       1.004207
3      -1.725917
4      -0.138982
          ...   
1682    0.603791
1683   -0.081045
1684   -2.416296
1685    0.390560
1686   -2.233116
Name: obs-prior, Length: 1687, dtype: float64
0      -1.392528
1      -2.761013
2       1.004207
3      -1.725917
4      -0.138982
          ...   
1682    0.603791
1683   -0.081045
1684   -2.416296
1685    0.390560
1686   -2.233116
Name: obs-prior, Length: 1687, dtype: float64
0      -1.392528
1      -2.761013
2       1.004207
3      -1.725917
4      -0.138982
          ...   
1682    0.603791
1683   -0.081045
1684   -2.416296
1685    0.390560
1686   -2.233116
Name: obs-prior, Length: 1687, dtype: float64
0      -1.392528
1      -2.761013
2       1.004207
3      -1.725917
4      -0.138982
          ...   
1682    0.603791
1683   -0.081045
1684   -2.416296
1685    0.390560
1686   -2.233116
Name: obs-prior, Length: 1687, dtype: float64
 region:  SH
0      -3.096505
1       2.803892
2       1.643343
3       0.307772
4       1.439976
         ...    
386    -0.013277
387    -1.756459
388   -10.625744
389    -4.084552
390    -4.805230
Name: obs-prior, Length: 391, dtype: float64
0      -3.096505
1       2.803892
2       1.643343
3       0.307772
4       1.439976
         ...    
386    -0.013277
387    -1.756459
388   -10.625744
389    -4.084552
390    -4.805230
Name: obs-prior, Length: 391, dtype: float64
0      -3.096505
1       2.803892
2       1.643343
3       0.307772
4       1.439976
         ...    
386    -0.013277
387    -1.756459
388   -10.625744
389    -4.084552
390    -4.805230
Name: obs-prior, Length: 391, dtype: float64
0      -3.096505
1       2.803892
2       1.643343
3       0.307772
4       1.439976
         ...    
386    -0.013277
387    -1.756459
388   -10.625744
389    -4.084552
390    -4.805230
Name: obs-prior, Length: 391, dtype: float64
0      -3.096505
1       2.803892
2       1.643343
3       0.307772
4       1.439976
         ...    
386    -0.013277
387    -1.756459
388   -10.625744
389    -4.084552
390    -4.805230
Name: obs-prior, Length: 391, dtype: float64
0      -3.096505
1       2.803892
2       1.643343
3       0.307772
4       1.439976
         ...    
386    -0.013277
387    -1.756459
388   -10.625744
389    -4.084552
390    -4.805230
Name: obs-prior, Length: 391, dtype: float64
0      -3.096505
1       2.803892
2       1.643343
3       0.307772
4       1.439976
         ...    
386    -0.013277
387    -1.756459
388   -10.625744
389    -4.084552
390    -4.805230
Name: obs-prior, Length: 391, dtype: float64
0      -3.096505
1       2.803892
2       1.643343
3       0.307772
4       1.439976
         ...    
386    -0.013277
387    -1.756459
388   -10.625744
389    -4.084552
390    -4.805230
Name: obs-prior, Length: 391, dtype: float64
0      -3.096505
1       2.803892
2       1.643343
3       0.307772
4       1.439976
         ...    
386    -0.013277
387    -1.756459
388   -10.625744
389    -4.084552
390    -4.805230
Name: obs-prior, Length: 391, dtype: float64
0      -3.096505
1       2.803892
2       1.643343
3       0.307772
4       1.439976
         ...    
386    -0.013277
387    -1.756459
388   -10.625744
389    -4.084552
390    -4.805230
Name: obs-prior, Length: 391, dtype: float64
0      -3.096505
1       2.803892
2       1.643343
3       0.307772
4       1.439976
         ...    
386    -0.013277
387    -1.756459
388   -10.625744
389    -4.084552
390    -4.805230
Name: obs-prior, Length: 391, dtype: float64
0      -3.096505
1       2.803892
2       1.643343
3       0.307772
4       1.439976
         ...    
386    -0.013277
387    -1.756459
388   -10.625744
389    -4.084552
390    -4.805230
Name: obs-prior, Length: 391, dtype: float64
0      -3.096505
1       2.803892
2       1.643343
3       0.307772
4       1.439976
         ...    
386    -0.013277
387    -1.756459
388   -10.625744
389    -4.084552
390    -4.805230
Name: obs-prior, Length: 391, dtype: float64
0      -3.096505
1       2.803892
2       1.643343
3       0.307772
4       1.439976
         ...    
386    -0.013277
387    -1.756459
388   -10.625744
389    -4.084552
390    -4.805230
Name: obs-prior, Length: 391, dtype: float64
0      -3.096505
1       2.803892
2       1.643343
3       0.307772
4       1.439976
         ...    
386    -0.013277
387    -1.756459
388   -10.625744
389    -4.084552
390    -4.805230
Name: obs-prior, Length: 391, dtype: float64
0      -3.096505
1       2.803892
2       1.643343
3       0.307772
4       1.439976
         ...    
386    -0.013277
387    -1.756459
388   -10.625744
389    -4.084552
390    -4.805230
Name: obs-prior, Length: 391, dtype: float64
0      -3.096505
1       2.803892
2       1.643343
3       0.307772
4       1.439976
         ...    
386    -0.013277
387    -1.756459
388   -10.625744
389    -4.084552
390    -4.805230
Name: obs-prior, Length: 391, dtype: float64
 region:  TR
0      0.068666
1     -1.283434
2     -0.693618
3     -2.814488
4      2.375737
         ...   
890    3.495901
891    1.627786
892    0.698516
893    3.044977
894   -0.210511
Name: obs-prior, Length: 895, dtype: float64
0      0.068666
1     -1.283434
2     -0.693618
3     -2.814488
4      2.375737
         ...   
890    3.495901
891    1.627786
892    0.698516
893    3.044977
894   -0.210511
Name: obs-prior, Length: 895, dtype: float64
0      0.068666
1     -1.283434
2     -0.693618
3     -2.814488
4      2.375737
         ...   
890    3.495901
891    1.627786
892    0.698516
893    3.044977
894   -0.210511
Name: obs-prior, Length: 895, dtype: float64
0      0.068666
1     -1.283434
2     -0.693618
3     -2.814488
4      2.375737
         ...   
890    3.495901
891    1.627786
892    0.698516
893    3.044977
894   -0.210511
Name: obs-prior, Length: 895, dtype: float64
0      0.068666
1     -1.283434
2     -0.693618
3     -2.814488
4      2.375737
         ...   
890    3.495901
891    1.627786
892    0.698516
893    3.044977
894   -0.210511
Name: obs-prior, Length: 895, dtype: float64
0      0.068666
1     -1.283434
2     -0.693618
3     -2.814488
4      2.375737
         ...   
890    3.495901
891    1.627786
892    0.698516
893    3.044977
894   -0.210511
Name: obs-prior, Length: 895, dtype: float64
0      0.068666
1     -1.283434
2     -0.693618
3     -2.814488
4      2.375737
         ...   
890    3.495901
891    1.627786
892    0.698516
893    3.044977
894   -0.210511
Name: obs-prior, Length: 895, dtype: float64
0      0.068666
1     -1.283434
2     -0.693618
3     -2.814488
4      2.375737
         ...   
890    3.495901
891    1.627786
892    0.698516
893    3.044977
894   -0.210511
Name: obs-prior, Length: 895, dtype: float64
0      0.068666
1     -1.283434
2     -0.693618
3     -2.814488
4      2.375737
         ...   
890    3.495901
891    1.627786
892    0.698516
893    3.044977
894   -0.210511
Name: obs-prior, Length: 895, dtype: float64
0      0.068666
1     -1.283434
2     -0.693618
3     -2.814488
4      2.375737
         ...   
890    3.495901
891    1.627786
892    0.698516
893    3.044977
894   -0.210511
Name: obs-prior, Length: 895, dtype: float64
0      0.068666
1     -1.283434
2     -0.693618
3     -2.814488
4      2.375737
         ...   
890    3.495901
891    1.627786
892    0.698516
893    3.044977
894   -0.210511
Name: obs-prior, Length: 895, dtype: float64
0      0.068666
1     -1.283434
2     -0.693618
3     -2.814488
4      2.375737
         ...   
890    3.495901
891    1.627786
892    0.698516
893    3.044977
894   -0.210511
Name: obs-prior, Length: 895, dtype: float64
0      0.068666
1     -1.283434
2     -0.693618
3     -2.814488
4      2.375737
         ...   
890    3.495901
891    1.627786
892    0.698516
893    3.044977
894   -0.210511
Name: obs-prior, Length: 895, dtype: float64
0      0.068666
1     -1.283434
2     -0.693618
3     -2.814488
4      2.375737
         ...   
890    3.495901
891    1.627786
892    0.698516
893    3.044977
894   -0.210511
Name: obs-prior, Length: 895, dtype: float64
0      0.068666
1     -1.283434
2     -0.693618
3     -2.814488
4      2.375737
         ...   
890    3.495901
891    1.627786
892    0.698516
893    3.044977
894   -0.210511
Name: obs-prior, Length: 895, dtype: float64
0      0.068666
1     -1.283434
2     -0.693618
3     -2.814488
4      2.375737
         ...   
890    3.495901
891    1.627786
892    0.698516
893    3.044977
894   -0.210511
Name: obs-prior, Length: 895, dtype: float64
0      0.068666
1     -1.283434
2     -0.693618
3     -2.814488
4      2.375737
         ...   
890    3.495901
891    1.627786
892    0.698516
893    3.044977
894   -0.210511
Name: obs-prior, Length: 895, dtype: float64

 processing obs:  AIRCRAFT_TEMPERATURE
 region:  Global
0       0.541415
1       0.126196
2       0.856101
3      -0.486393
4       0.707462
          ...   
3053   -0.657841
3054    0.389966
3055    0.835015
3056    1.497842
3057    0.252607
Name: obs-prior, Length: 3058, dtype: float64
0       0.541415
1       0.126196
2       0.856101
3      -0.486393
4       0.707462
          ...   
3053   -0.657841
3054    0.389966
3055    0.835015
3056    1.497842
3057    0.252607
Name: obs-prior, Length: 3058, dtype: float64
0       0.541415
1       0.126196
2       0.856101
3      -0.486393
4       0.707462
          ...   
3053   -0.657841
3054    0.389966
3055    0.835015
3056    1.497842
3057    0.252607
Name: obs-prior, Length: 3058, dtype: float64
0       0.541415
1       0.126196
2       0.856101
3      -0.486393
4       0.707462
          ...   
3053   -0.657841
3054    0.389966
3055    0.835015
3056    1.497842
3057    0.252607
Name: obs-prior, Length: 3058, dtype: float64
0       0.541415
1       0.126196
2       0.856101
3      -0.486393
4       0.707462
          ...   
3053   -0.657841
3054    0.389966
3055    0.835015
3056    1.497842
3057    0.252607
Name: obs-prior, Length: 3058, dtype: float64
0       0.541415
1       0.126196
2       0.856101
3      -0.486393
4       0.707462
          ...   
3053   -0.657841
3054    0.389966
3055    0.835015
3056    1.497842
3057    0.252607
Name: obs-prior, Length: 3058, dtype: float64
0       0.541415
1       0.126196
2       0.856101
3      -0.486393
4       0.707462
          ...   
3053   -0.657841
3054    0.389966
3055    0.835015
3056    1.497842
3057    0.252607
Name: obs-prior, Length: 3058, dtype: float64
0       0.541415
1       0.126196
2       0.856101
3      -0.486393
4       0.707462
          ...   
3053   -0.657841
3054    0.389966
3055    0.835015
3056    1.497842
3057    0.252607
Name: obs-prior, Length: 3058, dtype: float64
0       0.541415
1       0.126196
2       0.856101
3      -0.486393
4       0.707462
          ...   
3053   -0.657841
3054    0.389966
3055    0.835015
3056    1.497842
3057    0.252607
Name: obs-prior, Length: 3058, dtype: float64
0       0.541415
1       0.126196
2       0.856101
3      -0.486393
4       0.707462
          ...   
3053   -0.657841
3054    0.389966
3055    0.835015
3056    1.497842
3057    0.252607
Name: obs-prior, Length: 3058, dtype: float64
0       0.541415
1       0.126196
2       0.856101
3      -0.486393
4       0.707462
          ...   
3053   -0.657841
3054    0.389966
3055    0.835015
3056    1.497842
3057    0.252607
Name: obs-prior, Length: 3058, dtype: float64
0       0.541415
1       0.126196
2       0.856101
3      -0.486393
4       0.707462
          ...   
3053   -0.657841
3054    0.389966
3055    0.835015
3056    1.497842
3057    0.252607
Name: obs-prior, Length: 3058, dtype: float64
0       0.541415
1       0.126196
2       0.856101
3      -0.486393
4       0.707462
          ...   
3053   -0.657841
3054    0.389966
3055    0.835015
3056    1.497842
3057    0.252607
Name: obs-prior, Length: 3058, dtype: float64
0       0.541415
1       0.126196
2       0.856101
3      -0.486393
4       0.707462
          ...   
3053   -0.657841
3054    0.389966
3055    0.835015
3056    1.497842
3057    0.252607
Name: obs-prior, Length: 3058, dtype: float64
0       0.541415
1       0.126196
2       0.856101
3      -0.486393
4       0.707462
          ...   
3053   -0.657841
3054    0.389966
3055    0.835015
3056    1.497842
3057    0.252607
Name: obs-prior, Length: 3058, dtype: float64
0       0.541415
1       0.126196
2       0.856101
3      -0.486393
4       0.707462
          ...   
3053   -0.657841
3054    0.389966
3055    0.835015
3056    1.497842
3057    0.252607
Name: obs-prior, Length: 3058, dtype: float64
0       0.541415
1       0.126196
2       0.856101
3      -0.486393
4       0.707462
          ...   
3053   -0.657841
3054    0.389966
3055    0.835015
3056    1.497842
3057    0.252607
Name: obs-prior, Length: 3058, dtype: float64
0       0.541415
1       0.126196
2       0.856101
3      -0.486393
4       0.707462
          ...   
3053   -0.657841
3054    0.389966
3055    0.835015
3056    1.497842
3057    0.252607
Name: obs-prior, Length: 3058, dtype: float64
 region:  NH
0      -0.471629
1       0.041392
2      -0.960743
3       0.989023
4      -0.492229
          ...   
1752    0.647166
1753   -0.657841
1754    0.389966
1755    1.497842
1756    0.252607
Name: obs-prior, Length: 1757, dtype: float64
0      -0.471629
1       0.041392
2      -0.960743
3       0.989023
4      -0.492229
          ...   
1752    0.647166
1753   -0.657841
1754    0.389966
1755    1.497842
1756    0.252607
Name: obs-prior, Length: 1757, dtype: float64
0      -0.471629
1       0.041392
2      -0.960743
3       0.989023
4      -0.492229
          ...   
1752    0.647166
1753   -0.657841
1754    0.389966
1755    1.497842
1756    0.252607
Name: obs-prior, Length: 1757, dtype: float64
0      -0.471629
1       0.041392
2      -0.960743
3       0.989023
4      -0.492229
          ...   
1752    0.647166
1753   -0.657841
1754    0.389966
1755    1.497842
1756    0.252607
Name: obs-prior, Length: 1757, dtype: float64
0      -0.471629
1       0.041392
2      -0.960743
3       0.989023
4      -0.492229
          ...   
1752    0.647166
1753   -0.657841
1754    0.389966
1755    1.497842
1756    0.252607
Name: obs-prior, Length: 1757, dtype: float64
0      -0.471629
1       0.041392
2      -0.960743
3       0.989023
4      -0.492229
          ...   
1752    0.647166
1753   -0.657841
1754    0.389966
1755    1.497842
1756    0.252607
Name: obs-prior, Length: 1757, dtype: float64
0      -0.471629
1       0.041392
2      -0.960743
3       0.989023
4      -0.492229
          ...   
1752    0.647166
1753   -0.657841
1754    0.389966
1755    1.497842
1756    0.252607
Name: obs-prior, Length: 1757, dtype: float64
0      -0.471629
1       0.041392
2      -0.960743
3       0.989023
4      -0.492229
          ...   
1752    0.647166
1753   -0.657841
1754    0.389966
1755    1.497842
1756    0.252607
Name: obs-prior, Length: 1757, dtype: float64
0      -0.471629
1       0.041392
2      -0.960743
3       0.989023
4      -0.492229
          ...   
1752    0.647166
1753   -0.657841
1754    0.389966
1755    1.497842
1756    0.252607
Name: obs-prior, Length: 1757, dtype: float64
0      -0.471629
1       0.041392
2      -0.960743
3       0.989023
4      -0.492229
          ...   
1752    0.647166
1753   -0.657841
1754    0.389966
1755    1.497842
1756    0.252607
Name: obs-prior, Length: 1757, dtype: float64
0      -0.471629
1       0.041392
2      -0.960743
3       0.989023
4      -0.492229
          ...   
1752    0.647166
1753   -0.657841
1754    0.389966
1755    1.497842
1756    0.252607
Name: obs-prior, Length: 1757, dtype: float64
0      -0.471629
1       0.041392
2      -0.960743
3       0.989023
4      -0.492229
          ...   
1752    0.647166
1753   -0.657841
1754    0.389966
1755    1.497842
1756    0.252607
Name: obs-prior, Length: 1757, dtype: float64
0      -0.471629
1       0.041392
2      -0.960743
3       0.989023
4      -0.492229
          ...   
1752    0.647166
1753   -0.657841
1754    0.389966
1755    1.497842
1756    0.252607
Name: obs-prior, Length: 1757, dtype: float64
0      -0.471629
1       0.041392
2      -0.960743
3       0.989023
4      -0.492229
          ...   
1752    0.647166
1753   -0.657841
1754    0.389966
1755    1.497842
1756    0.252607
Name: obs-prior, Length: 1757, dtype: float64
0      -0.471629
1       0.041392
2      -0.960743
3       0.989023
4      -0.492229
          ...   
1752    0.647166
1753   -0.657841
1754    0.389966
1755    1.497842
1756    0.252607
Name: obs-prior, Length: 1757, dtype: float64
0      -0.471629
1       0.041392
2      -0.960743
3       0.989023
4      -0.492229
          ...   
1752    0.647166
1753   -0.657841
1754    0.389966
1755    1.497842
1756    0.252607
Name: obs-prior, Length: 1757, dtype: float64
0      -0.471629
1       0.041392
2      -0.960743
3       0.989023
4      -0.492229
          ...   
1752    0.647166
1753   -0.657841
1754    0.389966
1755    1.497842
1756    0.252607
Name: obs-prior, Length: 1757, dtype: float64
0      -0.471629
1       0.041392
2      -0.960743
3       0.989023
4      -0.492229
          ...   
1752    0.647166
1753   -0.657841
1754    0.389966
1755    1.497842
1756    0.252607
Name: obs-prior, Length: 1757, dtype: float64
 region:  SH
0      0.635093
1      0.356816
2      0.110736
3      0.895714
4      0.358508
         ...   
456    0.076959
457   -1.372519
458   -0.407622
459   -0.609021
460   -0.498258
Name: obs-prior, Length: 461, dtype: float64
0      0.635093
1      0.356816
2      0.110736
3      0.895714
4      0.358508
         ...   
456    0.076959
457   -1.372519
458   -0.407622
459   -0.609021
460   -0.498258
Name: obs-prior, Length: 461, dtype: float64
0      0.635093
1      0.356816
2      0.110736
3      0.895714
4      0.358508
         ...   
456    0.076959
457   -1.372519
458   -0.407622
459   -0.609021
460   -0.498258
Name: obs-prior, Length: 461, dtype: float64
0      0.635093
1      0.356816
2      0.110736
3      0.895714
4      0.358508
         ...   
456    0.076959
457   -1.372519
458   -0.407622
459   -0.609021
460   -0.498258
Name: obs-prior, Length: 461, dtype: float64
0      0.635093
1      0.356816
2      0.110736
3      0.895714
4      0.358508
         ...   
456    0.076959
457   -1.372519
458   -0.407622
459   -0.609021
460   -0.498258
Name: obs-prior, Length: 461, dtype: float64
0      0.635093
1      0.356816
2      0.110736
3      0.895714
4      0.358508
         ...   
456    0.076959
457   -1.372519
458   -0.407622
459   -0.609021
460   -0.498258
Name: obs-prior, Length: 461, dtype: float64
0      0.635093
1      0.356816
2      0.110736
3      0.895714
4      0.358508
         ...   
456    0.076959
457   -1.372519
458   -0.407622
459   -0.609021
460   -0.498258
Name: obs-prior, Length: 461, dtype: float64
0      0.635093
1      0.356816
2      0.110736
3      0.895714
4      0.358508
         ...   
456    0.076959
457   -1.372519
458   -0.407622
459   -0.609021
460   -0.498258
Name: obs-prior, Length: 461, dtype: float64
0      0.635093
1      0.356816
2      0.110736
3      0.895714
4      0.358508
         ...   
456    0.076959
457   -1.372519
458   -0.407622
459   -0.609021
460   -0.498258
Name: obs-prior, Length: 461, dtype: float64
0      0.635093
1      0.356816
2      0.110736
3      0.895714
4      0.358508
         ...   
456    0.076959
457   -1.372519
458   -0.407622
459   -0.609021
460   -0.498258
Name: obs-prior, Length: 461, dtype: float64
0      0.635093
1      0.356816
2      0.110736
3      0.895714
4      0.358508
         ...   
456    0.076959
457   -1.372519
458   -0.407622
459   -0.609021
460   -0.498258
Name: obs-prior, Length: 461, dtype: float64
0      0.635093
1      0.356816
2      0.110736
3      0.895714
4      0.358508
         ...   
456    0.076959
457   -1.372519
458   -0.407622
459   -0.609021
460   -0.498258
Name: obs-prior, Length: 461, dtype: float64
0      0.635093
1      0.356816
2      0.110736
3      0.895714
4      0.358508
         ...   
456    0.076959
457   -1.372519
458   -0.407622
459   -0.609021
460   -0.498258
Name: obs-prior, Length: 461, dtype: float64
0      0.635093
1      0.356816
2      0.110736
3      0.895714
4      0.358508
         ...   
456    0.076959
457   -1.372519
458   -0.407622
459   -0.609021
460   -0.498258
Name: obs-prior, Length: 461, dtype: float64
0      0.635093
1      0.356816
2      0.110736
3      0.895714
4      0.358508
         ...   
456    0.076959
457   -1.372519
458   -0.407622
459   -0.609021
460   -0.498258
Name: obs-prior, Length: 461, dtype: float64
0      0.635093
1      0.356816
2      0.110736
3      0.895714
4      0.358508
         ...   
456    0.076959
457   -1.372519
458   -0.407622
459   -0.609021
460   -0.498258
Name: obs-prior, Length: 461, dtype: float64
0      0.635093
1      0.356816
2      0.110736
3      0.895714
4      0.358508
         ...   
456    0.076959
457   -1.372519
458   -0.407622
459   -0.609021
460   -0.498258
Name: obs-prior, Length: 461, dtype: float64
 region:  TR
0      0.541415
1      0.126196
2      0.856101
3     -0.486393
4      0.707462
         ...   
835    1.046600
836    0.043140
837    0.728198
838    0.357866
839    0.835015
Name: obs-prior, Length: 840, dtype: float64
0      0.541415
1      0.126196
2      0.856101
3     -0.486393
4      0.707462
         ...   
835    1.046600
836    0.043140
837    0.728198
838    0.357866
839    0.835015
Name: obs-prior, Length: 840, dtype: float64
0      0.541415
1      0.126196
2      0.856101
3     -0.486393
4      0.707462
         ...   
835    1.046600
836    0.043140
837    0.728198
838    0.357866
839    0.835015
Name: obs-prior, Length: 840, dtype: float64
0      0.541415
1      0.126196
2      0.856101
3     -0.486393
4      0.707462
         ...   
835    1.046600
836    0.043140
837    0.728198
838    0.357866
839    0.835015
Name: obs-prior, Length: 840, dtype: float64
0      0.541415
1      0.126196
2      0.856101
3     -0.486393
4      0.707462
         ...   
835    1.046600
836    0.043140
837    0.728198
838    0.357866
839    0.835015
Name: obs-prior, Length: 840, dtype: float64
0      0.541415
1      0.126196
2      0.856101
3     -0.486393
4      0.707462
         ...   
835    1.046600
836    0.043140
837    0.728198
838    0.357866
839    0.835015
Name: obs-prior, Length: 840, dtype: float64
0      0.541415
1      0.126196
2      0.856101
3     -0.486393
4      0.707462
         ...   
835    1.046600
836    0.043140
837    0.728198
838    0.357866
839    0.835015
Name: obs-prior, Length: 840, dtype: float64
0      0.541415
1      0.126196
2      0.856101
3     -0.486393
4      0.707462
         ...   
835    1.046600
836    0.043140
837    0.728198
838    0.357866
839    0.835015
Name: obs-prior, Length: 840, dtype: float64
0      0.541415
1      0.126196
2      0.856101
3     -0.486393
4      0.707462
         ...   
835    1.046600
836    0.043140
837    0.728198
838    0.357866
839    0.835015
Name: obs-prior, Length: 840, dtype: float64
0      0.541415
1      0.126196
2      0.856101
3     -0.486393
4      0.707462
         ...   
835    1.046600
836    0.043140
837    0.728198
838    0.357866
839    0.835015
Name: obs-prior, Length: 840, dtype: float64
0      0.541415
1      0.126196
2      0.856101
3     -0.486393
4      0.707462
         ...   
835    1.046600
836    0.043140
837    0.728198
838    0.357866
839    0.835015
Name: obs-prior, Length: 840, dtype: float64
0      0.541415
1      0.126196
2      0.856101
3     -0.486393
4      0.707462
         ...   
835    1.046600
836    0.043140
837    0.728198
838    0.357866
839    0.835015
Name: obs-prior, Length: 840, dtype: float64
0      0.541415
1      0.126196
2      0.856101
3     -0.486393
4      0.707462
         ...   
835    1.046600
836    0.043140
837    0.728198
838    0.357866
839    0.835015
Name: obs-prior, Length: 840, dtype: float64
0      0.541415
1      0.126196
2      0.856101
3     -0.486393
4      0.707462
         ...   
835    1.046600
836    0.043140
837    0.728198
838    0.357866
839    0.835015
Name: obs-prior, Length: 840, dtype: float64
0      0.541415
1      0.126196
2      0.856101
3     -0.486393
4      0.707462
         ...   
835    1.046600
836    0.043140
837    0.728198
838    0.357866
839    0.835015
Name: obs-prior, Length: 840, dtype: float64
0      0.541415
1      0.126196
2      0.856101
3     -0.486393
4      0.707462
         ...   
835    1.046600
836    0.043140
837    0.728198
838    0.357866
839    0.835015
Name: obs-prior, Length: 840, dtype: float64
0      0.541415
1      0.126196
2      0.856101
3     -0.486393
4      0.707462
         ...   
835    1.046600
836    0.043140
837    0.728198
838    0.357866
839    0.835015
Name: obs-prior, Length: 840, dtype: float64

 processing obs:  ACARS_U_WIND_COMPONENT
 region:  Global
0        1.188046
1        1.764389
2        0.365038
3       -0.560939
4       -0.107708
           ...   
28694   -0.211665
28695    0.383618
28696    1.942109
28697   -0.369407
28698   -2.422620
Name: obs-prior, Length: 28699, dtype: float64
0        1.188046
1        1.764389
2        0.365038
3       -0.560939
4       -0.107708
           ...   
28694   -0.211665
28695    0.383618
28696    1.942109
28697   -0.369407
28698   -2.422620
Name: obs-prior, Length: 28699, dtype: float64
0        1.188046
1        1.764389
2        0.365038
3       -0.560939
4       -0.107708
           ...   
28694   -0.211665
28695    0.383618
28696    1.942109
28697   -0.369407
28698   -2.422620
Name: obs-prior, Length: 28699, dtype: float64
0        1.188046
1        1.764389
2        0.365038
3       -0.560939
4       -0.107708
           ...   
28694   -0.211665
28695    0.383618
28696    1.942109
28697   -0.369407
28698   -2.422620
Name: obs-prior, Length: 28699, dtype: float64
0        1.188046
1        1.764389
2        0.365038
3       -0.560939
4       -0.107708
           ...   
28694   -0.211665
28695    0.383618
28696    1.942109
28697   -0.369407
28698   -2.422620
Name: obs-prior, Length: 28699, dtype: float64
0        1.188046
1        1.764389
2        0.365038
3       -0.560939
4       -0.107708
           ...   
28694   -0.211665
28695    0.383618
28696    1.942109
28697   -0.369407
28698   -2.422620
Name: obs-prior, Length: 28699, dtype: float64
0        1.188046
1        1.764389
2        0.365038
3       -0.560939
4       -0.107708
           ...   
28694   -0.211665
28695    0.383618
28696    1.942109
28697   -0.369407
28698   -2.422620
Name: obs-prior, Length: 28699, dtype: float64
0        1.188046
1        1.764389
2        0.365038
3       -0.560939
4       -0.107708
           ...   
28694   -0.211665
28695    0.383618
28696    1.942109
28697   -0.369407
28698   -2.422620
Name: obs-prior, Length: 28699, dtype: float64
0        1.188046
1        1.764389
2        0.365038
3       -0.560939
4       -0.107708
           ...   
28694   -0.211665
28695    0.383618
28696    1.942109
28697   -0.369407
28698   -2.422620
Name: obs-prior, Length: 28699, dtype: float64
0        1.188046
1        1.764389
2        0.365038
3       -0.560939
4       -0.107708
           ...   
28694   -0.211665
28695    0.383618
28696    1.942109
28697   -0.369407
28698   -2.422620
Name: obs-prior, Length: 28699, dtype: float64
0        1.188046
1        1.764389
2        0.365038
3       -0.560939
4       -0.107708
           ...   
28694   -0.211665
28695    0.383618
28696    1.942109
28697   -0.369407
28698   -2.422620
Name: obs-prior, Length: 28699, dtype: float64
0        1.188046
1        1.764389
2        0.365038
3       -0.560939
4       -0.107708
           ...   
28694   -0.211665
28695    0.383618
28696    1.942109
28697   -0.369407
28698   -2.422620
Name: obs-prior, Length: 28699, dtype: float64
0        1.188046
1        1.764389
2        0.365038
3       -0.560939
4       -0.107708
           ...   
28694   -0.211665
28695    0.383618
28696    1.942109
28697   -0.369407
28698   -2.422620
Name: obs-prior, Length: 28699, dtype: float64
0        1.188046
1        1.764389
2        0.365038
3       -0.560939
4       -0.107708
           ...   
28694   -0.211665
28695    0.383618
28696    1.942109
28697   -0.369407
28698   -2.422620
Name: obs-prior, Length: 28699, dtype: float64
0        1.188046
1        1.764389
2        0.365038
3       -0.560939
4       -0.107708
           ...   
28694   -0.211665
28695    0.383618
28696    1.942109
28697   -0.369407
28698   -2.422620
Name: obs-prior, Length: 28699, dtype: float64
0        1.188046
1        1.764389
2        0.365038
3       -0.560939
4       -0.107708
           ...   
28694   -0.211665
28695    0.383618
28696    1.942109
28697   -0.369407
28698   -2.422620
Name: obs-prior, Length: 28699, dtype: float64
0        1.188046
1        1.764389
2        0.365038
3       -0.560939
4       -0.107708
           ...   
28694   -0.211665
28695    0.383618
28696    1.942109
28697   -0.369407
28698   -2.422620
Name: obs-prior, Length: 28699, dtype: float64
 region:  NH
0        1.188046
1        0.365038
2       -0.560939
3       -0.107708
4        1.568767
           ...   
22585    0.894661
22586   -0.211665
22587    0.383618
22588    1.942109
22589   -2.422620
Name: obs-prior, Length: 22590, dtype: float64
0        1.188046
1        0.365038
2       -0.560939
3       -0.107708
4        1.568767
           ...   
22585    0.894661
22586   -0.211665
22587    0.383618
22588    1.942109
22589   -2.422620
Name: obs-prior, Length: 22590, dtype: float64
0        1.188046
1        0.365038
2       -0.560939
3       -0.107708
4        1.568767
           ...   
22585    0.894661
22586   -0.211665
22587    0.383618
22588    1.942109
22589   -2.422620
Name: obs-prior, Length: 22590, dtype: float64
0        1.188046
1        0.365038
2       -0.560939
3       -0.107708
4        1.568767
           ...   
22585    0.894661
22586   -0.211665
22587    0.383618
22588    1.942109
22589   -2.422620
Name: obs-prior, Length: 22590, dtype: float64
0        1.188046
1        0.365038
2       -0.560939
3       -0.107708
4        1.568767
           ...   
22585    0.894661
22586   -0.211665
22587    0.383618
22588    1.942109
22589   -2.422620
Name: obs-prior, Length: 22590, dtype: float64
0        1.188046
1        0.365038
2       -0.560939
3       -0.107708
4        1.568767
           ...   
22585    0.894661
22586   -0.211665
22587    0.383618
22588    1.942109
22589   -2.422620
Name: obs-prior, Length: 22590, dtype: float64
0        1.188046
1        0.365038
2       -0.560939
3       -0.107708
4        1.568767
           ...   
22585    0.894661
22586   -0.211665
22587    0.383618
22588    1.942109
22589   -2.422620
Name: obs-prior, Length: 22590, dtype: float64
0        1.188046
1        0.365038
2       -0.560939
3       -0.107708
4        1.568767
           ...   
22585    0.894661
22586   -0.211665
22587    0.383618
22588    1.942109
22589   -2.422620
Name: obs-prior, Length: 22590, dtype: float64
0        1.188046
1        0.365038
2       -0.560939
3       -0.107708
4        1.568767
           ...   
22585    0.894661
22586   -0.211665
22587    0.383618
22588    1.942109
22589   -2.422620
Name: obs-prior, Length: 22590, dtype: float64
0        1.188046
1        0.365038
2       -0.560939
3       -0.107708
4        1.568767
           ...   
22585    0.894661
22586   -0.211665
22587    0.383618
22588    1.942109
22589   -2.422620
Name: obs-prior, Length: 22590, dtype: float64
0        1.188046
1        0.365038
2       -0.560939
3       -0.107708
4        1.568767
           ...   
22585    0.894661
22586   -0.211665
22587    0.383618
22588    1.942109
22589   -2.422620
Name: obs-prior, Length: 22590, dtype: float64
0        1.188046
1        0.365038
2       -0.560939
3       -0.107708
4        1.568767
           ...   
22585    0.894661
22586   -0.211665
22587    0.383618
22588    1.942109
22589   -2.422620
Name: obs-prior, Length: 22590, dtype: float64
0        1.188046
1        0.365038
2       -0.560939
3       -0.107708
4        1.568767
           ...   
22585    0.894661
22586   -0.211665
22587    0.383618
22588    1.942109
22589   -2.422620
Name: obs-prior, Length: 22590, dtype: float64
0        1.188046
1        0.365038
2       -0.560939
3       -0.107708
4        1.568767
           ...   
22585    0.894661
22586   -0.211665
22587    0.383618
22588    1.942109
22589   -2.422620
Name: obs-prior, Length: 22590, dtype: float64
0        1.188046
1        0.365038
2       -0.560939
3       -0.107708
4        1.568767
           ...   
22585    0.894661
22586   -0.211665
22587    0.383618
22588    1.942109
22589   -2.422620
Name: obs-prior, Length: 22590, dtype: float64
0        1.188046
1        0.365038
2       -0.560939
3       -0.107708
4        1.568767
           ...   
22585    0.894661
22586   -0.211665
22587    0.383618
22588    1.942109
22589   -2.422620
Name: obs-prior, Length: 22590, dtype: float64
0        1.188046
1        0.365038
2       -0.560939
3       -0.107708
4        1.568767
           ...   
22585    0.894661
22586   -0.211665
22587    0.383618
22588    1.942109
22589   -2.422620
Name: obs-prior, Length: 22590, dtype: float64
 region:  SH
0     -1.653809
1      0.679323
2     -4.356594
3      0.384142
4      0.399340
         ...   
296   -9.218085
297    1.664161
298   -1.368519
299    0.593999
300    0.968265
Name: obs-prior, Length: 301, dtype: float64
0     -1.653809
1      0.679323
2     -4.356594
3      0.384142
4      0.399340
         ...   
296   -9.218085
297    1.664161
298   -1.368519
299    0.593999
300    0.968265
Name: obs-prior, Length: 301, dtype: float64
0     -1.653809
1      0.679323
2     -4.356594
3      0.384142
4      0.399340
         ...   
296   -9.218085
297    1.664161
298   -1.368519
299    0.593999
300    0.968265
Name: obs-prior, Length: 301, dtype: float64
0     -1.653809
1      0.679323
2     -4.356594
3      0.384142
4      0.399340
         ...   
296   -9.218085
297    1.664161
298   -1.368519
299    0.593999
300    0.968265
Name: obs-prior, Length: 301, dtype: float64
0     -1.653809
1      0.679323
2     -4.356594
3      0.384142
4      0.399340
         ...   
296   -9.218085
297    1.664161
298   -1.368519
299    0.593999
300    0.968265
Name: obs-prior, Length: 301, dtype: float64
0     -1.653809
1      0.679323
2     -4.356594
3      0.384142
4      0.399340
         ...   
296   -9.218085
297    1.664161
298   -1.368519
299    0.593999
300    0.968265
Name: obs-prior, Length: 301, dtype: float64
0     -1.653809
1      0.679323
2     -4.356594
3      0.384142
4      0.399340
         ...   
296   -9.218085
297    1.664161
298   -1.368519
299    0.593999
300    0.968265
Name: obs-prior, Length: 301, dtype: float64
0     -1.653809
1      0.679323
2     -4.356594
3      0.384142
4      0.399340
         ...   
296   -9.218085
297    1.664161
298   -1.368519
299    0.593999
300    0.968265
Name: obs-prior, Length: 301, dtype: float64
0     -1.653809
1      0.679323
2     -4.356594
3      0.384142
4      0.399340
         ...   
296   -9.218085
297    1.664161
298   -1.368519
299    0.593999
300    0.968265
Name: obs-prior, Length: 301, dtype: float64
0     -1.653809
1      0.679323
2     -4.356594
3      0.384142
4      0.399340
         ...   
296   -9.218085
297    1.664161
298   -1.368519
299    0.593999
300    0.968265
Name: obs-prior, Length: 301, dtype: float64
0     -1.653809
1      0.679323
2     -4.356594
3      0.384142
4      0.399340
         ...   
296   -9.218085
297    1.664161
298   -1.368519
299    0.593999
300    0.968265
Name: obs-prior, Length: 301, dtype: float64
0     -1.653809
1      0.679323
2     -4.356594
3      0.384142
4      0.399340
         ...   
296   -9.218085
297    1.664161
298   -1.368519
299    0.593999
300    0.968265
Name: obs-prior, Length: 301, dtype: float64
0     -1.653809
1      0.679323
2     -4.356594
3      0.384142
4      0.399340
         ...   
296   -9.218085
297    1.664161
298   -1.368519
299    0.593999
300    0.968265
Name: obs-prior, Length: 301, dtype: float64
0     -1.653809
1      0.679323
2     -4.356594
3      0.384142
4      0.399340
         ...   
296   -9.218085
297    1.664161
298   -1.368519
299    0.593999
300    0.968265
Name: obs-prior, Length: 301, dtype: float64
0     -1.653809
1      0.679323
2     -4.356594
3      0.384142
4      0.399340
         ...   
296   -9.218085
297    1.664161
298   -1.368519
299    0.593999
300    0.968265
Name: obs-prior, Length: 301, dtype: float64
0     -1.653809
1      0.679323
2     -4.356594
3      0.384142
4      0.399340
         ...   
296   -9.218085
297    1.664161
298   -1.368519
299    0.593999
300    0.968265
Name: obs-prior, Length: 301, dtype: float64
 region:  TR
0       1.764389
1      -1.160568
2      -1.736377
3       0.972048
4      -2.017469
          ...   
5803    0.393703
5804   -2.842658
5805    0.610961
5806    0.606100
5807   -0.369407
Name: obs-prior, Length: 5808, dtype: float64
0       1.764389
1      -1.160568
2      -1.736377
3       0.972048
4      -2.017469
          ...   
5803    0.393703
5804   -2.842658
5805    0.610961
5806    0.606100
5807   -0.369407
Name: obs-prior, Length: 5808, dtype: float64
0       1.764389
1      -1.160568
2      -1.736377
3       0.972048
4      -2.017469
          ...   
5803    0.393703
5804   -2.842658
5805    0.610961
5806    0.606100
5807   -0.369407
Name: obs-prior, Length: 5808, dtype: float64
0       1.764389
1      -1.160568
2      -1.736377
3       0.972048
4      -2.017469
          ...   
5803    0.393703
5804   -2.842658
5805    0.610961
5806    0.606100
5807   -0.369407
Name: obs-prior, Length: 5808, dtype: float64
0       1.764389
1      -1.160568
2      -1.736377
3       0.972048
4      -2.017469
          ...   
5803    0.393703
5804   -2.842658
5805    0.610961
5806    0.606100
5807   -0.369407
Name: obs-prior, Length: 5808, dtype: float64
0       1.764389
1      -1.160568
2      -1.736377
3       0.972048
4      -2.017469
          ...   
5803    0.393703
5804   -2.842658
5805    0.610961
5806    0.606100
5807   -0.369407
Name: obs-prior, Length: 5808, dtype: float64
0       1.764389
1      -1.160568
2      -1.736377
3       0.972048
4      -2.017469
          ...   
5803    0.393703
5804   -2.842658
5805    0.610961
5806    0.606100
5807   -0.369407
Name: obs-prior, Length: 5808, dtype: float64
0       1.764389
1      -1.160568
2      -1.736377
3       0.972048
4      -2.017469
          ...   
5803    0.393703
5804   -2.842658
5805    0.610961
5806    0.606100
5807   -0.369407
Name: obs-prior, Length: 5808, dtype: float64
0       1.764389
1      -1.160568
2      -1.736377
3       0.972048
4      -2.017469
          ...   
5803    0.393703
5804   -2.842658
5805    0.610961
5806    0.606100
5807   -0.369407
Name: obs-prior, Length: 5808, dtype: float64
0       1.764389
1      -1.160568
2      -1.736377
3       0.972048
4      -2.017469
          ...   
5803    0.393703
5804   -2.842658
5805    0.610961
5806    0.606100
5807   -0.369407
Name: obs-prior, Length: 5808, dtype: float64
0       1.764389
1      -1.160568
2      -1.736377
3       0.972048
4      -2.017469
          ...   
5803    0.393703
5804   -2.842658
5805    0.610961
5806    0.606100
5807   -0.369407
Name: obs-prior, Length: 5808, dtype: float64
0       1.764389
1      -1.160568
2      -1.736377
3       0.972048
4      -2.017469
          ...   
5803    0.393703
5804   -2.842658
5805    0.610961
5806    0.606100
5807   -0.369407
Name: obs-prior, Length: 5808, dtype: float64
0       1.764389
1      -1.160568
2      -1.736377
3       0.972048
4      -2.017469
          ...   
5803    0.393703
5804   -2.842658
5805    0.610961
5806    0.606100
5807   -0.369407
Name: obs-prior, Length: 5808, dtype: float64
0       1.764389
1      -1.160568
2      -1.736377
3       0.972048
4      -2.017469
          ...   
5803    0.393703
5804   -2.842658
5805    0.610961
5806    0.606100
5807   -0.369407
Name: obs-prior, Length: 5808, dtype: float64
0       1.764389
1      -1.160568
2      -1.736377
3       0.972048
4      -2.017469
          ...   
5803    0.393703
5804   -2.842658
5805    0.610961
5806    0.606100
5807   -0.369407
Name: obs-prior, Length: 5808, dtype: float64
0       1.764389
1      -1.160568
2      -1.736377
3       0.972048
4      -2.017469
          ...   
5803    0.393703
5804   -2.842658
5805    0.610961
5806    0.606100
5807   -0.369407
Name: obs-prior, Length: 5808, dtype: float64
0       1.764389
1      -1.160568
2      -1.736377
3       0.972048
4      -2.017469
          ...   
5803    0.393703
5804   -2.842658
5805    0.610961
5806    0.606100
5807   -0.369407
Name: obs-prior, Length: 5808, dtype: float64

 processing obs:  ACARS_V_WIND_COMPONENT
 region:  Global
0        0.630225
1       -1.161111
2       -1.138497
3        0.491586
4       -0.814121
           ...   
25063    2.401839
25064    0.453144
25065   -2.019401
25066    0.436921
25067    1.643825
Name: obs-prior, Length: 25068, dtype: float64
0        0.630225
1       -1.161111
2       -1.138497
3        0.491586
4       -0.814121
           ...   
25063    2.401839
25064    0.453144
25065   -2.019401
25066    0.436921
25067    1.643825
Name: obs-prior, Length: 25068, dtype: float64
0        0.630225
1       -1.161111
2       -1.138497
3        0.491586
4       -0.814121
           ...   
25063    2.401839
25064    0.453144
25065   -2.019401
25066    0.436921
25067    1.643825
Name: obs-prior, Length: 25068, dtype: float64
0        0.630225
1       -1.161111
2       -1.138497
3        0.491586
4       -0.814121
           ...   
25063    2.401839
25064    0.453144
25065   -2.019401
25066    0.436921
25067    1.643825
Name: obs-prior, Length: 25068, dtype: float64
0        0.630225
1       -1.161111
2       -1.138497
3        0.491586
4       -0.814121
           ...   
25063    2.401839
25064    0.453144
25065   -2.019401
25066    0.436921
25067    1.643825
Name: obs-prior, Length: 25068, dtype: float64
0        0.630225
1       -1.161111
2       -1.138497
3        0.491586
4       -0.814121
           ...   
25063    2.401839
25064    0.453144
25065   -2.019401
25066    0.436921
25067    1.643825
Name: obs-prior, Length: 25068, dtype: float64
0        0.630225
1       -1.161111
2       -1.138497
3        0.491586
4       -0.814121
           ...   
25063    2.401839
25064    0.453144
25065   -2.019401
25066    0.436921
25067    1.643825
Name: obs-prior, Length: 25068, dtype: float64
0        0.630225
1       -1.161111
2       -1.138497
3        0.491586
4       -0.814121
           ...   
25063    2.401839
25064    0.453144
25065   -2.019401
25066    0.436921
25067    1.643825
Name: obs-prior, Length: 25068, dtype: float64
0        0.630225
1       -1.161111
2       -1.138497
3        0.491586
4       -0.814121
           ...   
25063    2.401839
25064    0.453144
25065   -2.019401
25066    0.436921
25067    1.643825
Name: obs-prior, Length: 25068, dtype: float64
0        0.630225
1       -1.161111
2       -1.138497
3        0.491586
4       -0.814121
           ...   
25063    2.401839
25064    0.453144
25065   -2.019401
25066    0.436921
25067    1.643825
Name: obs-prior, Length: 25068, dtype: float64
0        0.630225
1       -1.161111
2       -1.138497
3        0.491586
4       -0.814121
           ...   
25063    2.401839
25064    0.453144
25065   -2.019401
25066    0.436921
25067    1.643825
Name: obs-prior, Length: 25068, dtype: float64
0        0.630225
1       -1.161111
2       -1.138497
3        0.491586
4       -0.814121
           ...   
25063    2.401839
25064    0.453144
25065   -2.019401
25066    0.436921
25067    1.643825
Name: obs-prior, Length: 25068, dtype: float64
0        0.630225
1       -1.161111
2       -1.138497
3        0.491586
4       -0.814121
           ...   
25063    2.401839
25064    0.453144
25065   -2.019401
25066    0.436921
25067    1.643825
Name: obs-prior, Length: 25068, dtype: float64
0        0.630225
1       -1.161111
2       -1.138497
3        0.491586
4       -0.814121
           ...   
25063    2.401839
25064    0.453144
25065   -2.019401
25066    0.436921
25067    1.643825
Name: obs-prior, Length: 25068, dtype: float64
0        0.630225
1       -1.161111
2       -1.138497
3        0.491586
4       -0.814121
           ...   
25063    2.401839
25064    0.453144
25065   -2.019401
25066    0.436921
25067    1.643825
Name: obs-prior, Length: 25068, dtype: float64
0        0.630225
1       -1.161111
2       -1.138497
3        0.491586
4       -0.814121
           ...   
25063    2.401839
25064    0.453144
25065   -2.019401
25066    0.436921
25067    1.643825
Name: obs-prior, Length: 25068, dtype: float64
0        0.630225
1       -1.161111
2       -1.138497
3        0.491586
4       -0.814121
           ...   
25063    2.401839
25064    0.453144
25065   -2.019401
25066    0.436921
25067    1.643825
Name: obs-prior, Length: 25068, dtype: float64
 region:  NH
0        0.630225
1       -1.161111
2       -1.138497
3       -1.235690
4        2.060043
           ...   
19499   -1.451328
19500   -1.713279
19501    2.401839
19502   -2.019401
19503    0.436921
Name: obs-prior, Length: 19504, dtype: float64
0        0.630225
1       -1.161111
2       -1.138497
3       -1.235690
4        2.060043
           ...   
19499   -1.451328
19500   -1.713279
19501    2.401839
19502   -2.019401
19503    0.436921
Name: obs-prior, Length: 19504, dtype: float64
0        0.630225
1       -1.161111
2       -1.138497
3       -1.235690
4        2.060043
           ...   
19499   -1.451328
19500   -1.713279
19501    2.401839
19502   -2.019401
19503    0.436921
Name: obs-prior, Length: 19504, dtype: float64
0        0.630225
1       -1.161111
2       -1.138497
3       -1.235690
4        2.060043
           ...   
19499   -1.451328
19500   -1.713279
19501    2.401839
19502   -2.019401
19503    0.436921
Name: obs-prior, Length: 19504, dtype: float64
0        0.630225
1       -1.161111
2       -1.138497
3       -1.235690
4        2.060043
           ...   
19499   -1.451328
19500   -1.713279
19501    2.401839
19502   -2.019401
19503    0.436921
Name: obs-prior, Length: 19504, dtype: float64
0        0.630225
1       -1.161111
2       -1.138497
3       -1.235690
4        2.060043
           ...   
19499   -1.451328
19500   -1.713279
19501    2.401839
19502   -2.019401
19503    0.436921
Name: obs-prior, Length: 19504, dtype: float64
0        0.630225
1       -1.161111
2       -1.138497
3       -1.235690
4        2.060043
           ...   
19499   -1.451328
19500   -1.713279
19501    2.401839
19502   -2.019401
19503    0.436921
Name: obs-prior, Length: 19504, dtype: float64
0        0.630225
1       -1.161111
2       -1.138497
3       -1.235690
4        2.060043
           ...   
19499   -1.451328
19500   -1.713279
19501    2.401839
19502   -2.019401
19503    0.436921
Name: obs-prior, Length: 19504, dtype: float64
0        0.630225
1       -1.161111
2       -1.138497
3       -1.235690
4        2.060043
           ...   
19499   -1.451328
19500   -1.713279
19501    2.401839
19502   -2.019401
19503    0.436921
Name: obs-prior, Length: 19504, dtype: float64
0        0.630225
1       -1.161111
2       -1.138497
3       -1.235690
4        2.060043
           ...   
19499   -1.451328
19500   -1.713279
19501    2.401839
19502   -2.019401
19503    0.436921
Name: obs-prior, Length: 19504, dtype: float64
0        0.630225
1       -1.161111
2       -1.138497
3       -1.235690
4        2.060043
           ...   
19499   -1.451328
19500   -1.713279
19501    2.401839
19502   -2.019401
19503    0.436921
Name: obs-prior, Length: 19504, dtype: float64
0        0.630225
1       -1.161111
2       -1.138497
3       -1.235690
4        2.060043
           ...   
19499   -1.451328
19500   -1.713279
19501    2.401839
19502   -2.019401
19503    0.436921
Name: obs-prior, Length: 19504, dtype: float64
0        0.630225
1       -1.161111
2       -1.138497
3       -1.235690
4        2.060043
           ...   
19499   -1.451328
19500   -1.713279
19501    2.401839
19502   -2.019401
19503    0.436921
Name: obs-prior, Length: 19504, dtype: float64
0        0.630225
1       -1.161111
2       -1.138497
3       -1.235690
4        2.060043
           ...   
19499   -1.451328
19500   -1.713279
19501    2.401839
19502   -2.019401
19503    0.436921
Name: obs-prior, Length: 19504, dtype: float64
0        0.630225
1       -1.161111
2       -1.138497
3       -1.235690
4        2.060043
           ...   
19499   -1.451328
19500   -1.713279
19501    2.401839
19502   -2.019401
19503    0.436921
Name: obs-prior, Length: 19504, dtype: float64
0        0.630225
1       -1.161111
2       -1.138497
3       -1.235690
4        2.060043
           ...   
19499   -1.451328
19500   -1.713279
19501    2.401839
19502   -2.019401
19503    0.436921
Name: obs-prior, Length: 19504, dtype: float64
0        0.630225
1       -1.161111
2       -1.138497
3       -1.235690
4        2.060043
           ...   
19499   -1.451328
19500   -1.713279
19501    2.401839
19502   -2.019401
19503    0.436921
Name: obs-prior, Length: 19504, dtype: float64
 region:  SH
0      0.734837
1     -3.144535
2     -0.496293
3      2.222515
4      1.790198
         ...   
348    0.589508
349    1.532103
350    0.994856
351   -0.601467
352    1.452860
Name: obs-prior, Length: 353, dtype: float64
0      0.734837
1     -3.144535
2     -0.496293
3      2.222515
4      1.790198
         ...   
348    0.589508
349    1.532103
350    0.994856
351   -0.601467
352    1.452860
Name: obs-prior, Length: 353, dtype: float64
0      0.734837
1     -3.144535
2     -0.496293
3      2.222515
4      1.790198
         ...   
348    0.589508
349    1.532103
350    0.994856
351   -0.601467
352    1.452860
Name: obs-prior, Length: 353, dtype: float64
0      0.734837
1     -3.144535
2     -0.496293
3      2.222515
4      1.790198
         ...   
348    0.589508
349    1.532103
350    0.994856
351   -0.601467
352    1.452860
Name: obs-prior, Length: 353, dtype: float64
0      0.734837
1     -3.144535
2     -0.496293
3      2.222515
4      1.790198
         ...   
348    0.589508
349    1.532103
350    0.994856
351   -0.601467
352    1.452860
Name: obs-prior, Length: 353, dtype: float64
0      0.734837
1     -3.144535
2     -0.496293
3      2.222515
4      1.790198
         ...   
348    0.589508
349    1.532103
350    0.994856
351   -0.601467
352    1.452860
Name: obs-prior, Length: 353, dtype: float64
0      0.734837
1     -3.144535
2     -0.496293
3      2.222515
4      1.790198
         ...   
348    0.589508
349    1.532103
350    0.994856
351   -0.601467
352    1.452860
Name: obs-prior, Length: 353, dtype: float64
0      0.734837
1     -3.144535
2     -0.496293
3      2.222515
4      1.790198
         ...   
348    0.589508
349    1.532103
350    0.994856
351   -0.601467
352    1.452860
Name: obs-prior, Length: 353, dtype: float64
0      0.734837
1     -3.144535
2     -0.496293
3      2.222515
4      1.790198
         ...   
348    0.589508
349    1.532103
350    0.994856
351   -0.601467
352    1.452860
Name: obs-prior, Length: 353, dtype: float64
0      0.734837
1     -3.144535
2     -0.496293
3      2.222515
4      1.790198
         ...   
348    0.589508
349    1.532103
350    0.994856
351   -0.601467
352    1.452860
Name: obs-prior, Length: 353, dtype: float64
0      0.734837
1     -3.144535
2     -0.496293
3      2.222515
4      1.790198
         ...   
348    0.589508
349    1.532103
350    0.994856
351   -0.601467
352    1.452860
Name: obs-prior, Length: 353, dtype: float64
0      0.734837
1     -3.144535
2     -0.496293
3      2.222515
4      1.790198
         ...   
348    0.589508
349    1.532103
350    0.994856
351   -0.601467
352    1.452860
Name: obs-prior, Length: 353, dtype: float64
0      0.734837
1     -3.144535
2     -0.496293
3      2.222515
4      1.790198
         ...   
348    0.589508
349    1.532103
350    0.994856
351   -0.601467
352    1.452860
Name: obs-prior, Length: 353, dtype: float64
0      0.734837
1     -3.144535
2     -0.496293
3      2.222515
4      1.790198
         ...   
348    0.589508
349    1.532103
350    0.994856
351   -0.601467
352    1.452860
Name: obs-prior, Length: 353, dtype: float64
0      0.734837
1     -3.144535
2     -0.496293
3      2.222515
4      1.790198
         ...   
348    0.589508
349    1.532103
350    0.994856
351   -0.601467
352    1.452860
Name: obs-prior, Length: 353, dtype: float64
0      0.734837
1     -3.144535
2     -0.496293
3      2.222515
4      1.790198
         ...   
348    0.589508
349    1.532103
350    0.994856
351   -0.601467
352    1.452860
Name: obs-prior, Length: 353, dtype: float64
 region:  TR
0       0.491586
1      -0.814121
2       0.986883
3       0.798375
4      -0.671692
          ...   
5206   -0.864348
5207    0.515057
5208   -0.373463
5209    0.453144
5210    1.643825
Name: obs-prior, Length: 5211, dtype: float64
0       0.491586
1      -0.814121
2       0.986883
3       0.798375
4      -0.671692
          ...   
5206   -0.864348
5207    0.515057
5208   -0.373463
5209    0.453144
5210    1.643825
Name: obs-prior, Length: 5211, dtype: float64
0       0.491586
1      -0.814121
2       0.986883
3       0.798375
4      -0.671692
          ...   
5206   -0.864348
5207    0.515057
5208   -0.373463
5209    0.453144
5210    1.643825
Name: obs-prior, Length: 5211, dtype: float64
0       0.491586
1      -0.814121
2       0.986883
3       0.798375
4      -0.671692
          ...   
5206   -0.864348
5207    0.515057
5208   -0.373463
5209    0.453144
5210    1.643825
Name: obs-prior, Length: 5211, dtype: float64
0       0.491586
1      -0.814121
2       0.986883
3       0.798375
4      -0.671692
          ...   
5206   -0.864348
5207    0.515057
5208   -0.373463
5209    0.453144
5210    1.643825
Name: obs-prior, Length: 5211, dtype: float64
0       0.491586
1      -0.814121
2       0.986883
3       0.798375
4      -0.671692
          ...   
5206   -0.864348
5207    0.515057
5208   -0.373463
5209    0.453144
5210    1.643825
Name: obs-prior, Length: 5211, dtype: float64
0       0.491586
1      -0.814121
2       0.986883
3       0.798375
4      -0.671692
          ...   
5206   -0.864348
5207    0.515057
5208   -0.373463
5209    0.453144
5210    1.643825
Name: obs-prior, Length: 5211, dtype: float64
0       0.491586
1      -0.814121
2       0.986883
3       0.798375
4      -0.671692
          ...   
5206   -0.864348
5207    0.515057
5208   -0.373463
5209    0.453144
5210    1.643825
Name: obs-prior, Length: 5211, dtype: float64
0       0.491586
1      -0.814121
2       0.986883
3       0.798375
4      -0.671692
          ...   
5206   -0.864348
5207    0.515057
5208   -0.373463
5209    0.453144
5210    1.643825
Name: obs-prior, Length: 5211, dtype: float64
0       0.491586
1      -0.814121
2       0.986883
3       0.798375
4      -0.671692
          ...   
5206   -0.864348
5207    0.515057
5208   -0.373463
5209    0.453144
5210    1.643825
Name: obs-prior, Length: 5211, dtype: float64
0       0.491586
1      -0.814121
2       0.986883
3       0.798375
4      -0.671692
          ...   
5206   -0.864348
5207    0.515057
5208   -0.373463
5209    0.453144
5210    1.643825
Name: obs-prior, Length: 5211, dtype: float64
0       0.491586
1      -0.814121
2       0.986883
3       0.798375
4      -0.671692
          ...   
5206   -0.864348
5207    0.515057
5208   -0.373463
5209    0.453144
5210    1.643825
Name: obs-prior, Length: 5211, dtype: float64
0       0.491586
1      -0.814121
2       0.986883
3       0.798375
4      -0.671692
          ...   
5206   -0.864348
5207    0.515057
5208   -0.373463
5209    0.453144
5210    1.643825
Name: obs-prior, Length: 5211, dtype: float64
0       0.491586
1      -0.814121
2       0.986883
3       0.798375
4      -0.671692
          ...   
5206   -0.864348
5207    0.515057
5208   -0.373463
5209    0.453144
5210    1.643825
Name: obs-prior, Length: 5211, dtype: float64
0       0.491586
1      -0.814121
2       0.986883
3       0.798375
4      -0.671692
          ...   
5206   -0.864348
5207    0.515057
5208   -0.373463
5209    0.453144
5210    1.643825
Name: obs-prior, Length: 5211, dtype: float64
0       0.491586
1      -0.814121
2       0.986883
3       0.798375
4      -0.671692
          ...   
5206   -0.864348
5207    0.515057
5208   -0.373463
5209    0.453144
5210    1.643825
Name: obs-prior, Length: 5211, dtype: float64
0       0.491586
1      -0.814121
2       0.986883
3       0.798375
4      -0.671692
          ...   
5206   -0.864348
5207    0.515057
5208   -0.373463
5209    0.453144
5210    1.643825
Name: obs-prior, Length: 5211, dtype: float64

 processing obs:  ACARS_TEMPERATURE
 region:  Global
0        0.171854
1       -0.075239
2        0.292150
3        0.544898
4        0.303990
           ...   
32198    0.455396
32199   -0.194533
32200    0.845204
32201    0.357611
32202    0.628587
Name: obs-prior, Length: 32203, dtype: float64
0        0.171854
1       -0.075239
2        0.292150
3        0.544898
4        0.303990
           ...   
32198    0.455396
32199   -0.194533
32200    0.845204
32201    0.357611
32202    0.628587
Name: obs-prior, Length: 32203, dtype: float64
0        0.171854
1       -0.075239
2        0.292150
3        0.544898
4        0.303990
           ...   
32198    0.455396
32199   -0.194533
32200    0.845204
32201    0.357611
32202    0.628587
Name: obs-prior, Length: 32203, dtype: float64
0        0.171854
1       -0.075239
2        0.292150
3        0.544898
4        0.303990
           ...   
32198    0.455396
32199   -0.194533
32200    0.845204
32201    0.357611
32202    0.628587
Name: obs-prior, Length: 32203, dtype: float64
0        0.171854
1       -0.075239
2        0.292150
3        0.544898
4        0.303990
           ...   
32198    0.455396
32199   -0.194533
32200    0.845204
32201    0.357611
32202    0.628587
Name: obs-prior, Length: 32203, dtype: float64
0        0.171854
1       -0.075239
2        0.292150
3        0.544898
4        0.303990
           ...   
32198    0.455396
32199   -0.194533
32200    0.845204
32201    0.357611
32202    0.628587
Name: obs-prior, Length: 32203, dtype: float64
0        0.171854
1       -0.075239
2        0.292150
3        0.544898
4        0.303990
           ...   
32198    0.455396
32199   -0.194533
32200    0.845204
32201    0.357611
32202    0.628587
Name: obs-prior, Length: 32203, dtype: float64
0        0.171854
1       -0.075239
2        0.292150
3        0.544898
4        0.303990
           ...   
32198    0.455396
32199   -0.194533
32200    0.845204
32201    0.357611
32202    0.628587
Name: obs-prior, Length: 32203, dtype: float64
0        0.171854
1       -0.075239
2        0.292150
3        0.544898
4        0.303990
           ...   
32198    0.455396
32199   -0.194533
32200    0.845204
32201    0.357611
32202    0.628587
Name: obs-prior, Length: 32203, dtype: float64
0        0.171854
1       -0.075239
2        0.292150
3        0.544898
4        0.303990
           ...   
32198    0.455396
32199   -0.194533
32200    0.845204
32201    0.357611
32202    0.628587
Name: obs-prior, Length: 32203, dtype: float64
0        0.171854
1       -0.075239
2        0.292150
3        0.544898
4        0.303990
           ...   
32198    0.455396
32199   -0.194533
32200    0.845204
32201    0.357611
32202    0.628587
Name: obs-prior, Length: 32203, dtype: float64
0        0.171854
1       -0.075239
2        0.292150
3        0.544898
4        0.303990
           ...   
32198    0.455396
32199   -0.194533
32200    0.845204
32201    0.357611
32202    0.628587
Name: obs-prior, Length: 32203, dtype: float64
0        0.171854
1       -0.075239
2        0.292150
3        0.544898
4        0.303990
           ...   
32198    0.455396
32199   -0.194533
32200    0.845204
32201    0.357611
32202    0.628587
Name: obs-prior, Length: 32203, dtype: float64
0        0.171854
1       -0.075239
2        0.292150
3        0.544898
4        0.303990
           ...   
32198    0.455396
32199   -0.194533
32200    0.845204
32201    0.357611
32202    0.628587
Name: obs-prior, Length: 32203, dtype: float64
0        0.171854
1       -0.075239
2        0.292150
3        0.544898
4        0.303990
           ...   
32198    0.455396
32199   -0.194533
32200    0.845204
32201    0.357611
32202    0.628587
Name: obs-prior, Length: 32203, dtype: float64
0        0.171854
1       -0.075239
2        0.292150
3        0.544898
4        0.303990
           ...   
32198    0.455396
32199   -0.194533
32200    0.845204
32201    0.357611
32202    0.628587
Name: obs-prior, Length: 32203, dtype: float64
0        0.171854
1       -0.075239
2        0.292150
3        0.544898
4        0.303990
           ...   
32198    0.455396
32199   -0.194533
32200    0.845204
32201    0.357611
32202    0.628587
Name: obs-prior, Length: 32203, dtype: float64
 region:  NH
0        0.171854
1       -0.075239
2        0.292150
3        0.544898
4        0.303990
           ...   
26118   -0.564957
26119    0.455396
26120   -0.194533
26121    0.845204
26122    0.357611
Name: obs-prior, Length: 26123, dtype: float64
0        0.171854
1       -0.075239
2        0.292150
3        0.544898
4        0.303990
           ...   
26118   -0.564957
26119    0.455396
26120   -0.194533
26121    0.845204
26122    0.357611
Name: obs-prior, Length: 26123, dtype: float64
0        0.171854
1       -0.075239
2        0.292150
3        0.544898
4        0.303990
           ...   
26118   -0.564957
26119    0.455396
26120   -0.194533
26121    0.845204
26122    0.357611
Name: obs-prior, Length: 26123, dtype: float64
0        0.171854
1       -0.075239
2        0.292150
3        0.544898
4        0.303990
           ...   
26118   -0.564957
26119    0.455396
26120   -0.194533
26121    0.845204
26122    0.357611
Name: obs-prior, Length: 26123, dtype: float64
0        0.171854
1       -0.075239
2        0.292150
3        0.544898
4        0.303990
           ...   
26118   -0.564957
26119    0.455396
26120   -0.194533
26121    0.845204
26122    0.357611
Name: obs-prior, Length: 26123, dtype: float64
0        0.171854
1       -0.075239
2        0.292150
3        0.544898
4        0.303990
           ...   
26118   -0.564957
26119    0.455396
26120   -0.194533
26121    0.845204
26122    0.357611
Name: obs-prior, Length: 26123, dtype: float64
0        0.171854
1       -0.075239
2        0.292150
3        0.544898
4        0.303990
           ...   
26118   -0.564957
26119    0.455396
26120   -0.194533
26121    0.845204
26122    0.357611
Name: obs-prior, Length: 26123, dtype: float64
0        0.171854
1       -0.075239
2        0.292150
3        0.544898
4        0.303990
           ...   
26118   -0.564957
26119    0.455396
26120   -0.194533
26121    0.845204
26122    0.357611
Name: obs-prior, Length: 26123, dtype: float64
0        0.171854
1       -0.075239
2        0.292150
3        0.544898
4        0.303990
           ...   
26118   -0.564957
26119    0.455396
26120   -0.194533
26121    0.845204
26122    0.357611
Name: obs-prior, Length: 26123, dtype: float64
0        0.171854
1       -0.075239
2        0.292150
3        0.544898
4        0.303990
           ...   
26118   -0.564957
26119    0.455396
26120   -0.194533
26121    0.845204
26122    0.357611
Name: obs-prior, Length: 26123, dtype: float64
0        0.171854
1       -0.075239
2        0.292150
3        0.544898
4        0.303990
           ...   
26118   -0.564957
26119    0.455396
26120   -0.194533
26121    0.845204
26122    0.357611
Name: obs-prior, Length: 26123, dtype: float64
0        0.171854
1       -0.075239
2        0.292150
3        0.544898
4        0.303990
           ...   
26118   -0.564957
26119    0.455396
26120   -0.194533
26121    0.845204
26122    0.357611
Name: obs-prior, Length: 26123, dtype: float64
0        0.171854
1       -0.075239
2        0.292150
3        0.544898
4        0.303990
           ...   
26118   -0.564957
26119    0.455396
26120   -0.194533
26121    0.845204
26122    0.357611
Name: obs-prior, Length: 26123, dtype: float64
0        0.171854
1       -0.075239
2        0.292150
3        0.544898
4        0.303990
           ...   
26118   -0.564957
26119    0.455396
26120   -0.194533
26121    0.845204
26122    0.357611
Name: obs-prior, Length: 26123, dtype: float64
0        0.171854
1       -0.075239
2        0.292150
3        0.544898
4        0.303990
           ...   
26118   -0.564957
26119    0.455396
26120   -0.194533
26121    0.845204
26122    0.357611
Name: obs-prior, Length: 26123, dtype: float64
0        0.171854
1       -0.075239
2        0.292150
3        0.544898
4        0.303990
           ...   
26118   -0.564957
26119    0.455396
26120   -0.194533
26121    0.845204
26122    0.357611
Name: obs-prior, Length: 26123, dtype: float64
0        0.171854
1       -0.075239
2        0.292150
3        0.544898
4        0.303990
           ...   
26118   -0.564957
26119    0.455396
26120   -0.194533
26121    0.845204
26122    0.357611
Name: obs-prior, Length: 26123, dtype: float64
 region:  SH
0     -0.902067
1     -0.841975
2     -1.361001
3      0.420880
4      0.933607
         ...   
310   -0.515902
311    0.894734
312   -0.354814
313   -0.390365
314   -1.059314
Name: obs-prior, Length: 315, dtype: float64
0     -0.902067
1     -0.841975
2     -1.361001
3      0.420880
4      0.933607
         ...   
310   -0.515902
311    0.894734
312   -0.354814
313   -0.390365
314   -1.059314
Name: obs-prior, Length: 315, dtype: float64
0     -0.902067
1     -0.841975
2     -1.361001
3      0.420880
4      0.933607
         ...   
310   -0.515902
311    0.894734
312   -0.354814
313   -0.390365
314   -1.059314
Name: obs-prior, Length: 315, dtype: float64
0     -0.902067
1     -0.841975
2     -1.361001
3      0.420880
4      0.933607
         ...   
310   -0.515902
311    0.894734
312   -0.354814
313   -0.390365
314   -1.059314
Name: obs-prior, Length: 315, dtype: float64
0     -0.902067
1     -0.841975
2     -1.361001
3      0.420880
4      0.933607
         ...   
310   -0.515902
311    0.894734
312   -0.354814
313   -0.390365
314   -1.059314
Name: obs-prior, Length: 315, dtype: float64
0     -0.902067
1     -0.841975
2     -1.361001
3      0.420880
4      0.933607
         ...   
310   -0.515902
311    0.894734
312   -0.354814
313   -0.390365
314   -1.059314
Name: obs-prior, Length: 315, dtype: float64
0     -0.902067
1     -0.841975
2     -1.361001
3      0.420880
4      0.933607
         ...   
310   -0.515902
311    0.894734
312   -0.354814
313   -0.390365
314   -1.059314
Name: obs-prior, Length: 315, dtype: float64
0     -0.902067
1     -0.841975
2     -1.361001
3      0.420880
4      0.933607
         ...   
310   -0.515902
311    0.894734
312   -0.354814
313   -0.390365
314   -1.059314
Name: obs-prior, Length: 315, dtype: float64
0     -0.902067
1     -0.841975
2     -1.361001
3      0.420880
4      0.933607
         ...   
310   -0.515902
311    0.894734
312   -0.354814
313   -0.390365
314   -1.059314
Name: obs-prior, Length: 315, dtype: float64
0     -0.902067
1     -0.841975
2     -1.361001
3      0.420880
4      0.933607
         ...   
310   -0.515902
311    0.894734
312   -0.354814
313   -0.390365
314   -1.059314
Name: obs-prior, Length: 315, dtype: float64
0     -0.902067
1     -0.841975
2     -1.361001
3      0.420880
4      0.933607
         ...   
310   -0.515902
311    0.894734
312   -0.354814
313   -0.390365
314   -1.059314
Name: obs-prior, Length: 315, dtype: float64
0     -0.902067
1     -0.841975
2     -1.361001
3      0.420880
4      0.933607
         ...   
310   -0.515902
311    0.894734
312   -0.354814
313   -0.390365
314   -1.059314
Name: obs-prior, Length: 315, dtype: float64
0     -0.902067
1     -0.841975
2     -1.361001
3      0.420880
4      0.933607
         ...   
310   -0.515902
311    0.894734
312   -0.354814
313   -0.390365
314   -1.059314
Name: obs-prior, Length: 315, dtype: float64
0     -0.902067
1     -0.841975
2     -1.361001
3      0.420880
4      0.933607
         ...   
310   -0.515902
311    0.894734
312   -0.354814
313   -0.390365
314   -1.059314
Name: obs-prior, Length: 315, dtype: float64
0     -0.902067
1     -0.841975
2     -1.361001
3      0.420880
4      0.933607
         ...   
310   -0.515902
311    0.894734
312   -0.354814
313   -0.390365
314   -1.059314
Name: obs-prior, Length: 315, dtype: float64
0     -0.902067
1     -0.841975
2     -1.361001
3      0.420880
4      0.933607
         ...   
310   -0.515902
311    0.894734
312   -0.354814
313   -0.390365
314   -1.059314
Name: obs-prior, Length: 315, dtype: float64
 region:  TR
0       0.147730
1      -0.656645
2       0.445249
3      -0.740345
4       0.898914
          ...   
5760    0.216900
5761   -0.306461
5762   -0.806123
5763    0.901450
5764    0.628587
Name: obs-prior, Length: 5765, dtype: float64
0       0.147730
1      -0.656645
2       0.445249
3      -0.740345
4       0.898914
          ...   
5760    0.216900
5761   -0.306461
5762   -0.806123
5763    0.901450
5764    0.628587
Name: obs-prior, Length: 5765, dtype: float64
0       0.147730
1      -0.656645
2       0.445249
3      -0.740345
4       0.898914
          ...   
5760    0.216900
5761   -0.306461
5762   -0.806123
5763    0.901450
5764    0.628587
Name: obs-prior, Length: 5765, dtype: float64
0       0.147730
1      -0.656645
2       0.445249
3      -0.740345
4       0.898914
          ...   
5760    0.216900
5761   -0.306461
5762   -0.806123
5763    0.901450
5764    0.628587
Name: obs-prior, Length: 5765, dtype: float64
0       0.147730
1      -0.656645
2       0.445249
3      -0.740345
4       0.898914
          ...   
5760    0.216900
5761   -0.306461
5762   -0.806123
5763    0.901450
5764    0.628587
Name: obs-prior, Length: 5765, dtype: float64
0       0.147730
1      -0.656645
2       0.445249
3      -0.740345
4       0.898914
          ...   
5760    0.216900
5761   -0.306461
5762   -0.806123
5763    0.901450
5764    0.628587
Name: obs-prior, Length: 5765, dtype: float64
0       0.147730
1      -0.656645
2       0.445249
3      -0.740345
4       0.898914
          ...   
5760    0.216900
5761   -0.306461
5762   -0.806123
5763    0.901450
5764    0.628587
Name: obs-prior, Length: 5765, dtype: float64
0       0.147730
1      -0.656645
2       0.445249
3      -0.740345
4       0.898914
          ...   
5760    0.216900
5761   -0.306461
5762   -0.806123
5763    0.901450
5764    0.628587
Name: obs-prior, Length: 5765, dtype: float64
0       0.147730
1      -0.656645
2       0.445249
3      -0.740345
4       0.898914
          ...   
5760    0.216900
5761   -0.306461
5762   -0.806123
5763    0.901450
5764    0.628587
Name: obs-prior, Length: 5765, dtype: float64
0       0.147730
1      -0.656645
2       0.445249
3      -0.740345
4       0.898914
          ...   
5760    0.216900
5761   -0.306461
5762   -0.806123
5763    0.901450
5764    0.628587
Name: obs-prior, Length: 5765, dtype: float64
0       0.147730
1      -0.656645
2       0.445249
3      -0.740345
4       0.898914
          ...   
5760    0.216900
5761   -0.306461
5762   -0.806123
5763    0.901450
5764    0.628587
Name: obs-prior, Length: 5765, dtype: float64
0       0.147730
1      -0.656645
2       0.445249
3      -0.740345
4       0.898914
          ...   
5760    0.216900
5761   -0.306461
5762   -0.806123
5763    0.901450
5764    0.628587
Name: obs-prior, Length: 5765, dtype: float64
0       0.147730
1      -0.656645
2       0.445249
3      -0.740345
4       0.898914
          ...   
5760    0.216900
5761   -0.306461
5762   -0.806123
5763    0.901450
5764    0.628587
Name: obs-prior, Length: 5765, dtype: float64
0       0.147730
1      -0.656645
2       0.445249
3      -0.740345
4       0.898914
          ...   
5760    0.216900
5761   -0.306461
5762   -0.806123
5763    0.901450
5764    0.628587
Name: obs-prior, Length: 5765, dtype: float64
0       0.147730
1      -0.656645
2       0.445249
3      -0.740345
4       0.898914
          ...   
5760    0.216900
5761   -0.306461
5762   -0.806123
5763    0.901450
5764    0.628587
Name: obs-prior, Length: 5765, dtype: float64
0       0.147730
1      -0.656645
2       0.445249
3      -0.740345
4       0.898914
          ...   
5760    0.216900
5761   -0.306461
5762   -0.806123
5763    0.901450
5764    0.628587
Name: obs-prior, Length: 5765, dtype: float64
0       0.147730
1      -0.656645
2       0.445249
3      -0.740345
4       0.898914
          ...   
5760    0.216900
5761   -0.306461
5762   -0.806123
5763    0.901450
5764    0.628587
Name: obs-prior, Length: 5765, dtype: float64

 processing obs:  SAT_U_WIND_COMPONENT
 region:  Global
 No obs:  SAT_U_WIND_COMPONENT  in region:  Global  at this time.
 region:  NH
 No obs:  SAT_U_WIND_COMPONENT  in region:  NH  at this time.
 region:  SH
 No obs:  SAT_U_WIND_COMPONENT  in region:  SH  at this time.
 region:  TR
 No obs:  SAT_U_WIND_COMPONENT  in region:  TR  at this time.

 processing obs:  SAT_V_WIND_COMPONENT
 region:  Global
 No obs:  SAT_V_WIND_COMPONENT  in region:  Global  at this time.
 region:  NH
 No obs:  SAT_V_WIND_COMPONENT  in region:  NH  at this time.
 region:  SH
 No obs:  SAT_V_WIND_COMPONENT  in region:  SH  at this time.
 region:  TR
 No obs:  SAT_V_WIND_COMPONENT  in region:  TR  at this time.

 processing obs:  GPSRO_REFRACTIVITY
 region:  Global
 No obs:  GPSRO_REFRACTIVITY  in region:  Global  at this time.
 region:  NH
 No obs:  GPSRO_REFRACTIVITY  in region:  NH  at this time.
 region:  SH
 No obs:  GPSRO_REFRACTIVITY  in region:  SH  at this time.
 region:  TR
 No obs:  GPSRO_REFRACTIVITY  in region:  TR  at this time.

 processing obs:  EOS_2_AMSUA_TB
 region:  Global
 No obs:  EOS_2_AMSUA_TB  in region:  Global  at this time.
 region:  NH
 No obs:  EOS_2_AMSUA_TB  in region:  NH  at this time.
 region:  SH
 No obs:  EOS_2_AMSUA_TB  in region:  SH  at this time.
 region:  TR
 No obs:  EOS_2_AMSUA_TB  in region:  TR  at this time.

 processing obs:  NOAA_15_AMSUA_TB
 region:  Global
 No obs:  NOAA_15_AMSUA_TB  in region:  Global  at this time.
 region:  NH
 No obs:  NOAA_15_AMSUA_TB  in region:  NH  at this time.
 region:  SH
 No obs:  NOAA_15_AMSUA_TB  in region:  SH  at this time.
 region:  TR
 No obs:  NOAA_15_AMSUA_TB  in region:  TR  at this time.

 processing obs:  NOAA_16_AMSUA_TB
 region:  Global
 No obs:  NOAA_16_AMSUA_TB  in region:  Global  at this time.
 region:  NH
 No obs:  NOAA_16_AMSUA_TB  in region:  NH  at this time.
 region:  SH
 No obs:  NOAA_16_AMSUA_TB  in region:  SH  at this time.
 region:  TR
 No obs:  NOAA_16_AMSUA_TB  in region:  TR  at this time.

 processing obs:  NOAA_17_AMSUA_TB
 region:  Global
 No obs:  NOAA_17_AMSUA_TB  in region:  Global  at this time.
 region:  NH
 No obs:  NOAA_17_AMSUA_TB  in region:  NH  at this time.
 region:  SH
 No obs:  NOAA_17_AMSUA_TB  in region:  SH  at this time.
 region:  TR
 No obs:  NOAA_17_AMSUA_TB  in region:  TR  at this time.

 processing obs:  NOAA_18_AMSUA_TB
 region:  Global
 No obs:  NOAA_18_AMSUA_TB  in region:  Global  at this time.
 region:  NH
 No obs:  NOAA_18_AMSUA_TB  in region:  NH  at this time.
 region:  SH
 No obs:  NOAA_18_AMSUA_TB  in region:  SH  at this time.
 region:  TR
 No obs:  NOAA_18_AMSUA_TB  in region:  TR  at this time.

 processing obs:  NOAA_19_AMSUA_TB
 region:  Global
 No obs:  NOAA_19_AMSUA_TB  in region:  Global  at this time.
 region:  NH
 No obs:  NOAA_19_AMSUA_TB  in region:  NH  at this time.
 region:  SH
 No obs:  NOAA_19_AMSUA_TB  in region:  SH  at this time.
 region:  TR
 No obs:  NOAA_19_AMSUA_TB  in region:  TR  at this time.

 processing obs:  METOP_1_AMSUA_TB
 region:  Global
 No obs:  METOP_1_AMSUA_TB  in region:  Global  at this time.
 region:  NH
 No obs:  METOP_1_AMSUA_TB  in region:  NH  at this time.
 region:  SH
 No obs:  METOP_1_AMSUA_TB  in region:  SH  at this time.
 region:  TR
 No obs:  METOP_1_AMSUA_TB  in region:  TR  at this time.

 processing obs:  METOP_2_AMSUA_TB
 region:  Global
 No obs:  METOP_2_AMSUA_TB  in region:  Global  at this time.
 region:  NH
 No obs:  METOP_2_AMSUA_TB  in region:  NH  at this time.
 region:  SH
 No obs:  METOP_2_AMSUA_TB  in region:  SH  at this time.
 region:  TR
 No obs:  METOP_2_AMSUA_TB  in region:  TR  at this time.

 processing obs:  VADWND_U_WIND_COMPONENT
 region:  Global
 No obs:  VADWND_U_WIND_COMPONENT  in region:  Global  at this time.
 region:  NH
 No obs:  VADWND_U_WIND_COMPONENT  in region:  NH  at this time.
 region:  SH
 No obs:  VADWND_U_WIND_COMPONENT  in region:  SH  at this time.
 region:  TR
 No obs:  VADWND_U_WIND_COMPONENT  in region:  TR  at this time.

 processing obs:  VADWND_V_WIND_COMPONENT
 region:  Global
 No obs:  VADWND_V_WIND_COMPONENT  in region:  Global  at this time.
 region:  NH
 No obs:  VADWND_V_WIND_COMPONENT  in region:  NH  at this time.
 region:  SH
 No obs:  VADWND_V_WIND_COMPONENT  in region:  SH  at this time.
 region:  TR
 No obs:  VADWND_V_WIND_COMPONENT  in region:  TR  at this time.

 processing obs:  LAND_SFC_PRESSURE
 region:  Global
 No obs:  LAND_SFC_PRESSURE  in region:  Global  at this time.
 region:  NH
 No obs:  LAND_SFC_PRESSURE  in region:  NH  at this time.
 region:  SH
 No obs:  LAND_SFC_PRESSURE  in region:  SH  at this time.
 region:  TR
 No obs:  LAND_SFC_PRESSURE  in region:  TR  at this time.

 processing obs:  MARINE_SFC_PRESSURE
 region:  Global
 No obs:  MARINE_SFC_PRESSURE  in region:  Global  at this time.
 region:  NH
 No obs:  MARINE_SFC_PRESSURE  in region:  NH  at this time.
 region:  SH
 No obs:  MARINE_SFC_PRESSURE  in region:  SH  at this time.
 region:  TR
 No obs:  MARINE_SFC_PRESSURE  in region:  TR  at this time.
Save assimilated: Global
Save assimilated: SH
Save assimilated: NH
Save assimilated: TR

 2024-03-25 13:47:26.880976
Execution Time:  0:00:11.732607

 -------------------- END ------------------- 

	Command being timed: "/work/cmcc/mg20022/.conda/envs/guatura/bin/python ./quick_spreads_diag.py"
	User time (seconds): 10.09
	System time (seconds): 7.03
	Percent of CPU this job got: 138%
	Elapsed (wall clock) time (h:mm:ss or m:ss): 0:12.36
	Average shared text size (kbytes): 0
	Average unshared data size (kbytes): 0
	Average stack size (kbytes): 0
	Average total size (kbytes): 0
	Maximum resident set size (kbytes): 565300
	Average resident set size (kbytes): 0
	Major (requiring I/O) page faults: 0
	Minor (reclaiming a frame) page faults: 70665
	Voluntary context switches: 2078
	Involuntary context switches: 135
	Swaps: 0
	File system inputs: 8
	File system outputs: 0
	Socket messages sent: 0
	Socket messages received: 0
	Signals delivered: 0
	Page size (bytes): 4096
	Exit status: 0
