STARTING

 2024-03-25 13:47:10.619516

 Computation parameters:
 Experiment name:  arc2
 Start date:  2017-10-05-21600
 End date:  2017-10-05-21600
 Path archive:  /work/cmcc/gc02720/CMCC-CM/archive
 Path experiment:  /work/cmcc/gc02720/CMCC-CM/archive/arc2
 Path save:  /work/cmcc/gc02720/CMCC-CM/basic_diag/arc2/2017-10-05-21600
 Observation to process:  ['RADIOSONDE_U_WIND_COMPONENT', 'RADIOSONDE_V_WIND_COMPONENT', 'RADIOSONDE_TEMPERATURE', 'AIRCRAFT_U_WIND_COMPONENT', 'AIRCRAFT_V_WIND_COMPONENT', 'AIRCRAFT_TEMPERATURE', 'ACARS_U_WIND_COMPONENT', 'ACARS_V_WIND_COMPONENT', 'ACARS_TEMPERATURE', 'SAT_U_WIND_COMPONENT', 'SAT_V_WIND_COMPONENT', 'GPSRO_REFRACTIVITY', 'EOS_2_AMSUA_TB', 'NOAA_15_AMSUA_TB', 'NOAA_16_AMSUA_TB', 'NOAA_17_AMSUA_TB', 'NOAA_18_AMSUA_TB', 'NOAA_19_AMSUA_TB', 'METOP_1_AMSUA_TB', 'METOP_2_AMSUA_TB', 'VADWND_U_WIND_COMPONENT', 'VADWND_V_WIND_COMPONENT', 'LAND_SFC_PRESSURE', 'MARINE_SFC_PRESSURE']
 Reference levels:  (1014, 950, 900, 850, 800, 750, 700, 650, 600, 550, 500, 450, 400, 350, 300, 250, 200, 150, 90, 50, 25, 10, 5, 2.5, 1)

 Successfully created the directory /work/cmcc/gc02720/CMCC-CM/basic_diag/arc2/2017-10-05-21600 
 Center layers:  [982.0, 925.0, 875.0, 825.0, 775.0, 725.0, 675.0, 625.0, 575.0, 525.0, 475.0, 425.0, 375.0, 325.0, 275.0, 225.0, 175.0, 120.0, 70.0, 37.5, 17.5, 7.5, 3.75, 1.75]

 Start the computation...

 dir to process:  ['arc2-2017-10-05-21600']

 dir:  /work/cmcc/gc02720/CMCC-CM/archive/arc2/arc2-2017-10-05-21600
 dir number  1  out of  1
 listdb=  ['/work/cmcc/gc02720/CMCC-CM/archive/arc2/arc2-2017-10-05-21600/arc2.spreads.ARC.1.2017-10-05-21600.db', '/work/cmcc/gc02720/CMCC-CM/archive/arc2/arc2-2017-10-05-21600/arc2.spreads.ARC.2.2017-10-05-21600.db', '/work/cmcc/gc02720/CMCC-CM/archive/arc2/arc2-2017-10-05-21600/arc2.spreads.ARC.3.2017-10-05-21600.db']
 listdb len=  3
 maskdb=  [1, 1, 1]
 maskdb len=  3
 loading info from:  /work/cmcc/gc02720/CMCC-CM/archive/arc2/arc2-2017-10-05-21600/arc2.spreads.ARC.1.2017-10-05-21600.db
 loading info from:  /work/cmcc/gc02720/CMCC-CM/archive/arc2/arc2-2017-10-05-21600/arc2.spreads.ARC.2.2017-10-05-21600.db
 loading info from:  /work/cmcc/gc02720/CMCC-CM/archive/arc2/arc2-2017-10-05-21600/arc2.spreads.ARC.3.2017-10-05-21600.db

 processing obs:  RADIOSONDE_U_WIND_COMPONENT
 region:  Global
 No obs:  RADIOSONDE_U_WIND_COMPONENT  in region:  Global  at this time.
 region:  NH
 No obs:  RADIOSONDE_U_WIND_COMPONENT  in region:  NH  at this time.
 region:  SH
 No obs:  RADIOSONDE_U_WIND_COMPONENT  in region:  SH  at this time.
 region:  TR
 No obs:  RADIOSONDE_U_WIND_COMPONENT  in region:  TR  at this time.

 processing obs:  RADIOSONDE_V_WIND_COMPONENT
 region:  Global
 No obs:  RADIOSONDE_V_WIND_COMPONENT  in region:  Global  at this time.
 region:  NH
 No obs:  RADIOSONDE_V_WIND_COMPONENT  in region:  NH  at this time.
 region:  SH
 No obs:  RADIOSONDE_V_WIND_COMPONENT  in region:  SH  at this time.
 region:  TR
 No obs:  RADIOSONDE_V_WIND_COMPONENT  in region:  TR  at this time.

 processing obs:  RADIOSONDE_TEMPERATURE
 region:  Global
 No obs:  RADIOSONDE_TEMPERATURE  in region:  Global  at this time.
 region:  NH
 No obs:  RADIOSONDE_TEMPERATURE  in region:  NH  at this time.
 region:  SH
 No obs:  RADIOSONDE_TEMPERATURE  in region:  SH  at this time.
 region:  TR
 No obs:  RADIOSONDE_TEMPERATURE  in region:  TR  at this time.

 processing obs:  AIRCRAFT_U_WIND_COMPONENT
 region:  Global
0       1.275547
1       0.924205
2      -1.009404
3       0.470125
4       1.681103
          ...   
3389    0.090659
3390    3.445133
3391    1.840981
3392    3.145369
3393   -0.329761
Name: obs-prior, Length: 3394, dtype: float64
0       1.275547
1       0.924205
2      -1.009404
3       0.470125
4       1.681103
          ...   
3389    0.090659
3390    3.445133
3391    1.840981
3392    3.145369
3393   -0.329761
Name: obs-prior, Length: 3394, dtype: float64
0       1.275547
1       0.924205
2      -1.009404
3       0.470125
4       1.681103
          ...   
3389    0.090659
3390    3.445133
3391    1.840981
3392    3.145369
3393   -0.329761
Name: obs-prior, Length: 3394, dtype: float64
0       1.275547
1       0.924205
2      -1.009404
3       0.470125
4       1.681103
          ...   
3389    0.090659
3390    3.445133
3391    1.840981
3392    3.145369
3393   -0.329761
Name: obs-prior, Length: 3394, dtype: float64
0       1.275547
1       0.924205
2      -1.009404
3       0.470125
4       1.681103
          ...   
3389    0.090659
3390    3.445133
3391    1.840981
3392    3.145369
3393   -0.329761
Name: obs-prior, Length: 3394, dtype: float64
0       1.275547
1       0.924205
2      -1.009404
3       0.470125
4       1.681103
          ...   
3389    0.090659
3390    3.445133
3391    1.840981
3392    3.145369
3393   -0.329761
Name: obs-prior, Length: 3394, dtype: float64
0       1.275547
1       0.924205
2      -1.009404
3       0.470125
4       1.681103
          ...   
3389    0.090659
3390    3.445133
3391    1.840981
3392    3.145369
3393   -0.329761
Name: obs-prior, Length: 3394, dtype: float64
0       1.275547
1       0.924205
2      -1.009404
3       0.470125
4       1.681103
          ...   
3389    0.090659
3390    3.445133
3391    1.840981
3392    3.145369
3393   -0.329761
Name: obs-prior, Length: 3394, dtype: float64
0       1.275547
1       0.924205
2      -1.009404
3       0.470125
4       1.681103
          ...   
3389    0.090659
3390    3.445133
3391    1.840981
3392    3.145369
3393   -0.329761
Name: obs-prior, Length: 3394, dtype: float64
0       1.275547
1       0.924205
2      -1.009404
3       0.470125
4       1.681103
          ...   
3389    0.090659
3390    3.445133
3391    1.840981
3392    3.145369
3393   -0.329761
Name: obs-prior, Length: 3394, dtype: float64
0       1.275547
1       0.924205
2      -1.009404
3       0.470125
4       1.681103
          ...   
3389    0.090659
3390    3.445133
3391    1.840981
3392    3.145369
3393   -0.329761
Name: obs-prior, Length: 3394, dtype: float64
0       1.275547
1       0.924205
2      -1.009404
3       0.470125
4       1.681103
          ...   
3389    0.090659
3390    3.445133
3391    1.840981
3392    3.145369
3393   -0.329761
Name: obs-prior, Length: 3394, dtype: float64
0       1.275547
1       0.924205
2      -1.009404
3       0.470125
4       1.681103
          ...   
3389    0.090659
3390    3.445133
3391    1.840981
3392    3.145369
3393   -0.329761
Name: obs-prior, Length: 3394, dtype: float64
0       1.275547
1       0.924205
2      -1.009404
3       0.470125
4       1.681103
          ...   
3389    0.090659
3390    3.445133
3391    1.840981
3392    3.145369
3393   -0.329761
Name: obs-prior, Length: 3394, dtype: float64
0       1.275547
1       0.924205
2      -1.009404
3       0.470125
4       1.681103
          ...   
3389    0.090659
3390    3.445133
3391    1.840981
3392    3.145369
3393   -0.329761
Name: obs-prior, Length: 3394, dtype: float64
0       1.275547
1       0.924205
2      -1.009404
3       0.470125
4       1.681103
          ...   
3389    0.090659
3390    3.445133
3391    1.840981
3392    3.145369
3393   -0.329761
Name: obs-prior, Length: 3394, dtype: float64
0       1.275547
1       0.924205
2      -1.009404
3       0.470125
4       1.681103
          ...   
3389    0.090659
3390    3.445133
3391    1.840981
3392    3.145369
3393   -0.329761
Name: obs-prior, Length: 3394, dtype: float64
0       1.275547
1       0.924205
2      -1.009404
3       0.470125
4       1.681103
          ...   
3389    0.090659
3390    3.445133
3391    1.840981
3392    3.145369
3393   -0.329761
Name: obs-prior, Length: 3394, dtype: float64
 region:  NH
0       0.470125
1       0.777405
2      -1.755407
3      -1.978742
4       0.891769
          ...   
1530   -2.279284
1531    3.169198
1532    0.090659
1533    3.445133
1534   -0.329761
Name: obs-prior, Length: 1535, dtype: float64
0       0.470125
1       0.777405
2      -1.755407
3      -1.978742
4       0.891769
          ...   
1530   -2.279284
1531    3.169198
1532    0.090659
1533    3.445133
1534   -0.329761
Name: obs-prior, Length: 1535, dtype: float64
0       0.470125
1       0.777405
2      -1.755407
3      -1.978742
4       0.891769
          ...   
1530   -2.279284
1531    3.169198
1532    0.090659
1533    3.445133
1534   -0.329761
Name: obs-prior, Length: 1535, dtype: float64
0       0.470125
1       0.777405
2      -1.755407
3      -1.978742
4       0.891769
          ...   
1530   -2.279284
1531    3.169198
1532    0.090659
1533    3.445133
1534   -0.329761
Name: obs-prior, Length: 1535, dtype: float64
0       0.470125
1       0.777405
2      -1.755407
3      -1.978742
4       0.891769
          ...   
1530   -2.279284
1531    3.169198
1532    0.090659
1533    3.445133
1534   -0.329761
Name: obs-prior, Length: 1535, dtype: float64
0       0.470125
1       0.777405
2      -1.755407
3      -1.978742
4       0.891769
          ...   
1530   -2.279284
1531    3.169198
1532    0.090659
1533    3.445133
1534   -0.329761
Name: obs-prior, Length: 1535, dtype: float64
0       0.470125
1       0.777405
2      -1.755407
3      -1.978742
4       0.891769
          ...   
1530   -2.279284
1531    3.169198
1532    0.090659
1533    3.445133
1534   -0.329761
Name: obs-prior, Length: 1535, dtype: float64
0       0.470125
1       0.777405
2      -1.755407
3      -1.978742
4       0.891769
          ...   
1530   -2.279284
1531    3.169198
1532    0.090659
1533    3.445133
1534   -0.329761
Name: obs-prior, Length: 1535, dtype: float64
0       0.470125
1       0.777405
2      -1.755407
3      -1.978742
4       0.891769
          ...   
1530   -2.279284
1531    3.169198
1532    0.090659
1533    3.445133
1534   -0.329761
Name: obs-prior, Length: 1535, dtype: float64
0       0.470125
1       0.777405
2      -1.755407
3      -1.978742
4       0.891769
          ...   
1530   -2.279284
1531    3.169198
1532    0.090659
1533    3.445133
1534   -0.329761
Name: obs-prior, Length: 1535, dtype: float64
0       0.470125
1       0.777405
2      -1.755407
3      -1.978742
4       0.891769
          ...   
1530   -2.279284
1531    3.169198
1532    0.090659
1533    3.445133
1534   -0.329761
Name: obs-prior, Length: 1535, dtype: float64
0       0.470125
1       0.777405
2      -1.755407
3      -1.978742
4       0.891769
          ...   
1530   -2.279284
1531    3.169198
1532    0.090659
1533    3.445133
1534   -0.329761
Name: obs-prior, Length: 1535, dtype: float64
0       0.470125
1       0.777405
2      -1.755407
3      -1.978742
4       0.891769
          ...   
1530   -2.279284
1531    3.169198
1532    0.090659
1533    3.445133
1534   -0.329761
Name: obs-prior, Length: 1535, dtype: float64
0       0.470125
1       0.777405
2      -1.755407
3      -1.978742
4       0.891769
          ...   
1530   -2.279284
1531    3.169198
1532    0.090659
1533    3.445133
1534   -0.329761
Name: obs-prior, Length: 1535, dtype: float64
0       0.470125
1       0.777405
2      -1.755407
3      -1.978742
4       0.891769
          ...   
1530   -2.279284
1531    3.169198
1532    0.090659
1533    3.445133
1534   -0.329761
Name: obs-prior, Length: 1535, dtype: float64
0       0.470125
1       0.777405
2      -1.755407
3      -1.978742
4       0.891769
          ...   
1530   -2.279284
1531    3.169198
1532    0.090659
1533    3.445133
1534   -0.329761
Name: obs-prior, Length: 1535, dtype: float64
0       0.470125
1       0.777405
2      -1.755407
3      -1.978742
4       0.891769
          ...   
1530   -2.279284
1531    3.169198
1532    0.090659
1533    3.445133
1534   -0.329761
Name: obs-prior, Length: 1535, dtype: float64
0       0.470125
1       0.777405
2      -1.755407
3      -1.978742
4       0.891769
          ...   
1530   -2.279284
1531    3.169198
1532    0.090659
1533    3.445133
1534   -0.329761
Name: obs-prior, Length: 1535, dtype: float64
 region:  SH
0      0.722432
1     -2.979885
2     -2.304547
3      1.103506
4     -0.035054
         ...   
573    1.737211
574    1.934823
575    2.254571
576    1.115560
577   -2.176052
Name: obs-prior, Length: 578, dtype: float64
0      0.722432
1     -2.979885
2     -2.304547
3      1.103506
4     -0.035054
         ...   
573    1.737211
574    1.934823
575    2.254571
576    1.115560
577   -2.176052
Name: obs-prior, Length: 578, dtype: float64
0      0.722432
1     -2.979885
2     -2.304547
3      1.103506
4     -0.035054
         ...   
573    1.737211
574    1.934823
575    2.254571
576    1.115560
577   -2.176052
Name: obs-prior, Length: 578, dtype: float64
0      0.722432
1     -2.979885
2     -2.304547
3      1.103506
4     -0.035054
         ...   
573    1.737211
574    1.934823
575    2.254571
576    1.115560
577   -2.176052
Name: obs-prior, Length: 578, dtype: float64
0      0.722432
1     -2.979885
2     -2.304547
3      1.103506
4     -0.035054
         ...   
573    1.737211
574    1.934823
575    2.254571
576    1.115560
577   -2.176052
Name: obs-prior, Length: 578, dtype: float64
0      0.722432
1     -2.979885
2     -2.304547
3      1.103506
4     -0.035054
         ...   
573    1.737211
574    1.934823
575    2.254571
576    1.115560
577   -2.176052
Name: obs-prior, Length: 578, dtype: float64
0      0.722432
1     -2.979885
2     -2.304547
3      1.103506
4     -0.035054
         ...   
573    1.737211
574    1.934823
575    2.254571
576    1.115560
577   -2.176052
Name: obs-prior, Length: 578, dtype: float64
0      0.722432
1     -2.979885
2     -2.304547
3      1.103506
4     -0.035054
         ...   
573    1.737211
574    1.934823
575    2.254571
576    1.115560
577   -2.176052
Name: obs-prior, Length: 578, dtype: float64
0      0.722432
1     -2.979885
2     -2.304547
3      1.103506
4     -0.035054
         ...   
573    1.737211
574    1.934823
575    2.254571
576    1.115560
577   -2.176052
Name: obs-prior, Length: 578, dtype: float64
0      0.722432
1     -2.979885
2     -2.304547
3      1.103506
4     -0.035054
         ...   
573    1.737211
574    1.934823
575    2.254571
576    1.115560
577   -2.176052
Name: obs-prior, Length: 578, dtype: float64
0      0.722432
1     -2.979885
2     -2.304547
3      1.103506
4     -0.035054
         ...   
573    1.737211
574    1.934823
575    2.254571
576    1.115560
577   -2.176052
Name: obs-prior, Length: 578, dtype: float64
0      0.722432
1     -2.979885
2     -2.304547
3      1.103506
4     -0.035054
         ...   
573    1.737211
574    1.934823
575    2.254571
576    1.115560
577   -2.176052
Name: obs-prior, Length: 578, dtype: float64
0      0.722432
1     -2.979885
2     -2.304547
3      1.103506
4     -0.035054
         ...   
573    1.737211
574    1.934823
575    2.254571
576    1.115560
577   -2.176052
Name: obs-prior, Length: 578, dtype: float64
0      0.722432
1     -2.979885
2     -2.304547
3      1.103506
4     -0.035054
         ...   
573    1.737211
574    1.934823
575    2.254571
576    1.115560
577   -2.176052
Name: obs-prior, Length: 578, dtype: float64
0      0.722432
1     -2.979885
2     -2.304547
3      1.103506
4     -0.035054
         ...   
573    1.737211
574    1.934823
575    2.254571
576    1.115560
577   -2.176052
Name: obs-prior, Length: 578, dtype: float64
0      0.722432
1     -2.979885
2     -2.304547
3      1.103506
4     -0.035054
         ...   
573    1.737211
574    1.934823
575    2.254571
576    1.115560
577   -2.176052
Name: obs-prior, Length: 578, dtype: float64
0      0.722432
1     -2.979885
2     -2.304547
3      1.103506
4     -0.035054
         ...   
573    1.737211
574    1.934823
575    2.254571
576    1.115560
577   -2.176052
Name: obs-prior, Length: 578, dtype: float64
 region:  TR
0       1.275547
1       0.924205
2      -1.009404
3       1.681103
4      -0.698988
          ...   
1276    2.841383
1277   -1.408424
1278    2.059457
1279    1.840981
1280    3.145369
Name: obs-prior, Length: 1281, dtype: float64
0       1.275547
1       0.924205
2      -1.009404
3       1.681103
4      -0.698988
          ...   
1276    2.841383
1277   -1.408424
1278    2.059457
1279    1.840981
1280    3.145369
Name: obs-prior, Length: 1281, dtype: float64
0       1.275547
1       0.924205
2      -1.009404
3       1.681103
4      -0.698988
          ...   
1276    2.841383
1277   -1.408424
1278    2.059457
1279    1.840981
1280    3.145369
Name: obs-prior, Length: 1281, dtype: float64
0       1.275547
1       0.924205
2      -1.009404
3       1.681103
4      -0.698988
          ...   
1276    2.841383
1277   -1.408424
1278    2.059457
1279    1.840981
1280    3.145369
Name: obs-prior, Length: 1281, dtype: float64
0       1.275547
1       0.924205
2      -1.009404
3       1.681103
4      -0.698988
          ...   
1276    2.841383
1277   -1.408424
1278    2.059457
1279    1.840981
1280    3.145369
Name: obs-prior, Length: 1281, dtype: float64
0       1.275547
1       0.924205
2      -1.009404
3       1.681103
4      -0.698988
          ...   
1276    2.841383
1277   -1.408424
1278    2.059457
1279    1.840981
1280    3.145369
Name: obs-prior, Length: 1281, dtype: float64
0       1.275547
1       0.924205
2      -1.009404
3       1.681103
4      -0.698988
          ...   
1276    2.841383
1277   -1.408424
1278    2.059457
1279    1.840981
1280    3.145369
Name: obs-prior, Length: 1281, dtype: float64
0       1.275547
1       0.924205
2      -1.009404
3       1.681103
4      -0.698988
          ...   
1276    2.841383
1277   -1.408424
1278    2.059457
1279    1.840981
1280    3.145369
Name: obs-prior, Length: 1281, dtype: float64
0       1.275547
1       0.924205
2      -1.009404
3       1.681103
4      -0.698988
          ...   
1276    2.841383
1277   -1.408424
1278    2.059457
1279    1.840981
1280    3.145369
Name: obs-prior, Length: 1281, dtype: float64
0       1.275547
1       0.924205
2      -1.009404
3       1.681103
4      -0.698988
          ...   
1276    2.841383
1277   -1.408424
1278    2.059457
1279    1.840981
1280    3.145369
Name: obs-prior, Length: 1281, dtype: float64
0       1.275547
1       0.924205
2      -1.009404
3       1.681103
4      -0.698988
          ...   
1276    2.841383
1277   -1.408424
1278    2.059457
1279    1.840981
1280    3.145369
Name: obs-prior, Length: 1281, dtype: float64
0       1.275547
1       0.924205
2      -1.009404
3       1.681103
4      -0.698988
          ...   
1276    2.841383
1277   -1.408424
1278    2.059457
1279    1.840981
1280    3.145369
Name: obs-prior, Length: 1281, dtype: float64
0       1.275547
1       0.924205
2      -1.009404
3       1.681103
4      -0.698988
          ...   
1276    2.841383
1277   -1.408424
1278    2.059457
1279    1.840981
1280    3.145369
Name: obs-prior, Length: 1281, dtype: float64
0       1.275547
1       0.924205
2      -1.009404
3       1.681103
4      -0.698988
          ...   
1276    2.841383
1277   -1.408424
1278    2.059457
1279    1.840981
1280    3.145369
Name: obs-prior, Length: 1281, dtype: float64
0       1.275547
1       0.924205
2      -1.009404
3       1.681103
4      -0.698988
          ...   
1276    2.841383
1277   -1.408424
1278    2.059457
1279    1.840981
1280    3.145369
Name: obs-prior, Length: 1281, dtype: float64
0       1.275547
1       0.924205
2      -1.009404
3       1.681103
4      -0.698988
          ...   
1276    2.841383
1277   -1.408424
1278    2.059457
1279    1.840981
1280    3.145369
Name: obs-prior, Length: 1281, dtype: float64
0       1.275547
1       0.924205
2      -1.009404
3       1.681103
4      -0.698988
          ...   
1276    2.841383
1277   -1.408424
1278    2.059457
1279    1.840981
1280    3.145369
Name: obs-prior, Length: 1281, dtype: float64
0       1.275547
1       0.924205
2      -1.009404
3       1.681103
4      -0.698988
          ...   
1276    2.841383
1277   -1.408424
1278    2.059457
1279    1.840981
1280    3.145369
Name: obs-prior, Length: 1281, dtype: float64

 processing obs:  AIRCRAFT_V_WIND_COMPONENT
 region:  Global
0       1.707812
1      -1.394970
2      -0.079444
3       1.602620
4      -1.107046
          ...   
3206   -3.329000
3207    2.567728
3208    1.886944
3209    2.282326
3210    1.669833
Name: obs-prior, Length: 3211, dtype: float64
0       1.707812
1      -1.394970
2      -0.079444
3       1.602620
4      -1.107046
          ...   
3206   -3.329000
3207    2.567728
3208    1.886944
3209    2.282326
3210    1.669833
Name: obs-prior, Length: 3211, dtype: float64
0       1.707812
1      -1.394970
2      -0.079444
3       1.602620
4      -1.107046
          ...   
3206   -3.329000
3207    2.567728
3208    1.886944
3209    2.282326
3210    1.669833
Name: obs-prior, Length: 3211, dtype: float64
0       1.707812
1      -1.394970
2      -0.079444
3       1.602620
4      -1.107046
          ...   
3206   -3.329000
3207    2.567728
3208    1.886944
3209    2.282326
3210    1.669833
Name: obs-prior, Length: 3211, dtype: float64
0       1.707812
1      -1.394970
2      -0.079444
3       1.602620
4      -1.107046
          ...   
3206   -3.329000
3207    2.567728
3208    1.886944
3209    2.282326
3210    1.669833
Name: obs-prior, Length: 3211, dtype: float64
0       1.707812
1      -1.394970
2      -0.079444
3       1.602620
4      -1.107046
          ...   
3206   -3.329000
3207    2.567728
3208    1.886944
3209    2.282326
3210    1.669833
Name: obs-prior, Length: 3211, dtype: float64
0       1.707812
1      -1.394970
2      -0.079444
3       1.602620
4      -1.107046
          ...   
3206   -3.329000
3207    2.567728
3208    1.886944
3209    2.282326
3210    1.669833
Name: obs-prior, Length: 3211, dtype: float64
0       1.707812
1      -1.394970
2      -0.079444
3       1.602620
4      -1.107046
          ...   
3206   -3.329000
3207    2.567728
3208    1.886944
3209    2.282326
3210    1.669833
Name: obs-prior, Length: 3211, dtype: float64
0       1.707812
1      -1.394970
2      -0.079444
3       1.602620
4      -1.107046
          ...   
3206   -3.329000
3207    2.567728
3208    1.886944
3209    2.282326
3210    1.669833
Name: obs-prior, Length: 3211, dtype: float64
0       1.707812
1      -1.394970
2      -0.079444
3       1.602620
4      -1.107046
          ...   
3206   -3.329000
3207    2.567728
3208    1.886944
3209    2.282326
3210    1.669833
Name: obs-prior, Length: 3211, dtype: float64
0       1.707812
1      -1.394970
2      -0.079444
3       1.602620
4      -1.107046
          ...   
3206   -3.329000
3207    2.567728
3208    1.886944
3209    2.282326
3210    1.669833
Name: obs-prior, Length: 3211, dtype: float64
0       1.707812
1      -1.394970
2      -0.079444
3       1.602620
4      -1.107046
          ...   
3206   -3.329000
3207    2.567728
3208    1.886944
3209    2.282326
3210    1.669833
Name: obs-prior, Length: 3211, dtype: float64
0       1.707812
1      -1.394970
2      -0.079444
3       1.602620
4      -1.107046
          ...   
3206   -3.329000
3207    2.567728
3208    1.886944
3209    2.282326
3210    1.669833
Name: obs-prior, Length: 3211, dtype: float64
0       1.707812
1      -1.394970
2      -0.079444
3       1.602620
4      -1.107046
          ...   
3206   -3.329000
3207    2.567728
3208    1.886944
3209    2.282326
3210    1.669833
Name: obs-prior, Length: 3211, dtype: float64
0       1.707812
1      -1.394970
2      -0.079444
3       1.602620
4      -1.107046
          ...   
3206   -3.329000
3207    2.567728
3208    1.886944
3209    2.282326
3210    1.669833
Name: obs-prior, Length: 3211, dtype: float64
0       1.707812
1      -1.394970
2      -0.079444
3       1.602620
4      -1.107046
          ...   
3206   -3.329000
3207    2.567728
3208    1.886944
3209    2.282326
3210    1.669833
Name: obs-prior, Length: 3211, dtype: float64
0       1.707812
1      -1.394970
2      -0.079444
3       1.602620
4      -1.107046
          ...   
3206   -3.329000
3207    2.567728
3208    1.886944
3209    2.282326
3210    1.669833
Name: obs-prior, Length: 3211, dtype: float64
0       1.707812
1      -1.394970
2      -0.079444
3       1.602620
4      -1.107046
          ...   
3206   -3.329000
3207    2.567728
3208    1.886944
3209    2.282326
3210    1.669833
Name: obs-prior, Length: 3211, dtype: float64
 region:  NH
0      -1.107046
1       0.349415
2       1.247175
3       2.020117
4       0.454198
          ...   
1630    1.852976
1631   -3.329000
1632    2.567728
1633    2.282326
1634    1.669833
Name: obs-prior, Length: 1635, dtype: float64
0      -1.107046
1       0.349415
2       1.247175
3       2.020117
4       0.454198
          ...   
1630    1.852976
1631   -3.329000
1632    2.567728
1633    2.282326
1634    1.669833
Name: obs-prior, Length: 1635, dtype: float64
0      -1.107046
1       0.349415
2       1.247175
3       2.020117
4       0.454198
          ...   
1630    1.852976
1631   -3.329000
1632    2.567728
1633    2.282326
1634    1.669833
Name: obs-prior, Length: 1635, dtype: float64
0      -1.107046
1       0.349415
2       1.247175
3       2.020117
4       0.454198
          ...   
1630    1.852976
1631   -3.329000
1632    2.567728
1633    2.282326
1634    1.669833
Name: obs-prior, Length: 1635, dtype: float64
0      -1.107046
1       0.349415
2       1.247175
3       2.020117
4       0.454198
          ...   
1630    1.852976
1631   -3.329000
1632    2.567728
1633    2.282326
1634    1.669833
Name: obs-prior, Length: 1635, dtype: float64
0      -1.107046
1       0.349415
2       1.247175
3       2.020117
4       0.454198
          ...   
1630    1.852976
1631   -3.329000
1632    2.567728
1633    2.282326
1634    1.669833
Name: obs-prior, Length: 1635, dtype: float64
0      -1.107046
1       0.349415
2       1.247175
3       2.020117
4       0.454198
          ...   
1630    1.852976
1631   -3.329000
1632    2.567728
1633    2.282326
1634    1.669833
Name: obs-prior, Length: 1635, dtype: float64
0      -1.107046
1       0.349415
2       1.247175
3       2.020117
4       0.454198
          ...   
1630    1.852976
1631   -3.329000
1632    2.567728
1633    2.282326
1634    1.669833
Name: obs-prior, Length: 1635, dtype: float64
0      -1.107046
1       0.349415
2       1.247175
3       2.020117
4       0.454198
          ...   
1630    1.852976
1631   -3.329000
1632    2.567728
1633    2.282326
1634    1.669833
Name: obs-prior, Length: 1635, dtype: float64
0      -1.107046
1       0.349415
2       1.247175
3       2.020117
4       0.454198
          ...   
1630    1.852976
1631   -3.329000
1632    2.567728
1633    2.282326
1634    1.669833
Name: obs-prior, Length: 1635, dtype: float64
0      -1.107046
1       0.349415
2       1.247175
3       2.020117
4       0.454198
          ...   
1630    1.852976
1631   -3.329000
1632    2.567728
1633    2.282326
1634    1.669833
Name: obs-prior, Length: 1635, dtype: float64
0      -1.107046
1       0.349415
2       1.247175
3       2.020117
4       0.454198
          ...   
1630    1.852976
1631   -3.329000
1632    2.567728
1633    2.282326
1634    1.669833
Name: obs-prior, Length: 1635, dtype: float64
0      -1.107046
1       0.349415
2       1.247175
3       2.020117
4       0.454198
          ...   
1630    1.852976
1631   -3.329000
1632    2.567728
1633    2.282326
1634    1.669833
Name: obs-prior, Length: 1635, dtype: float64
0      -1.107046
1       0.349415
2       1.247175
3       2.020117
4       0.454198
          ...   
1630    1.852976
1631   -3.329000
1632    2.567728
1633    2.282326
1634    1.669833
Name: obs-prior, Length: 1635, dtype: float64
0      -1.107046
1       0.349415
2       1.247175
3       2.020117
4       0.454198
          ...   
1630    1.852976
1631   -3.329000
1632    2.567728
1633    2.282326
1634    1.669833
Name: obs-prior, Length: 1635, dtype: float64
0      -1.107046
1       0.349415
2       1.247175
3       2.020117
4       0.454198
          ...   
1630    1.852976
1631   -3.329000
1632    2.567728
1633    2.282326
1634    1.669833
Name: obs-prior, Length: 1635, dtype: float64
0      -1.107046
1       0.349415
2       1.247175
3       2.020117
4       0.454198
          ...   
1630    1.852976
1631   -3.329000
1632    2.567728
1633    2.282326
1634    1.669833
Name: obs-prior, Length: 1635, dtype: float64
0      -1.107046
1       0.349415
2       1.247175
3       2.020117
4       0.454198
          ...   
1630    1.852976
1631   -3.329000
1632    2.567728
1633    2.282326
1634    1.669833
Name: obs-prior, Length: 1635, dtype: float64
 region:  SH
0     -2.125749
1     -1.406586
2     -3.443889
3      0.014723
4      0.057400
         ...   
367   -1.290973
368    0.423278
369   -0.933060
370    0.009261
371   -2.288787
Name: obs-prior, Length: 372, dtype: float64
0     -2.125749
1     -1.406586
2     -3.443889
3      0.014723
4      0.057400
         ...   
367   -1.290973
368    0.423278
369   -0.933060
370    0.009261
371   -2.288787
Name: obs-prior, Length: 372, dtype: float64
0     -2.125749
1     -1.406586
2     -3.443889
3      0.014723
4      0.057400
         ...   
367   -1.290973
368    0.423278
369   -0.933060
370    0.009261
371   -2.288787
Name: obs-prior, Length: 372, dtype: float64
0     -2.125749
1     -1.406586
2     -3.443889
3      0.014723
4      0.057400
         ...   
367   -1.290973
368    0.423278
369   -0.933060
370    0.009261
371   -2.288787
Name: obs-prior, Length: 372, dtype: float64
0     -2.125749
1     -1.406586
2     -3.443889
3      0.014723
4      0.057400
         ...   
367   -1.290973
368    0.423278
369   -0.933060
370    0.009261
371   -2.288787
Name: obs-prior, Length: 372, dtype: float64
0     -2.125749
1     -1.406586
2     -3.443889
3      0.014723
4      0.057400
         ...   
367   -1.290973
368    0.423278
369   -0.933060
370    0.009261
371   -2.288787
Name: obs-prior, Length: 372, dtype: float64
0     -2.125749
1     -1.406586
2     -3.443889
3      0.014723
4      0.057400
         ...   
367   -1.290973
368    0.423278
369   -0.933060
370    0.009261
371   -2.288787
Name: obs-prior, Length: 372, dtype: float64
0     -2.125749
1     -1.406586
2     -3.443889
3      0.014723
4      0.057400
         ...   
367   -1.290973
368    0.423278
369   -0.933060
370    0.009261
371   -2.288787
Name: obs-prior, Length: 372, dtype: float64
0     -2.125749
1     -1.406586
2     -3.443889
3      0.014723
4      0.057400
         ...   
367   -1.290973
368    0.423278
369   -0.933060
370    0.009261
371   -2.288787
Name: obs-prior, Length: 372, dtype: float64
0     -2.125749
1     -1.406586
2     -3.443889
3      0.014723
4      0.057400
         ...   
367   -1.290973
368    0.423278
369   -0.933060
370    0.009261
371   -2.288787
Name: obs-prior, Length: 372, dtype: float64
0     -2.125749
1     -1.406586
2     -3.443889
3      0.014723
4      0.057400
         ...   
367   -1.290973
368    0.423278
369   -0.933060
370    0.009261
371   -2.288787
Name: obs-prior, Length: 372, dtype: float64
0     -2.125749
1     -1.406586
2     -3.443889
3      0.014723
4      0.057400
         ...   
367   -1.290973
368    0.423278
369   -0.933060
370    0.009261
371   -2.288787
Name: obs-prior, Length: 372, dtype: float64
0     -2.125749
1     -1.406586
2     -3.443889
3      0.014723
4      0.057400
         ...   
367   -1.290973
368    0.423278
369   -0.933060
370    0.009261
371   -2.288787
Name: obs-prior, Length: 372, dtype: float64
0     -2.125749
1     -1.406586
2     -3.443889
3      0.014723
4      0.057400
         ...   
367   -1.290973
368    0.423278
369   -0.933060
370    0.009261
371   -2.288787
Name: obs-prior, Length: 372, dtype: float64
0     -2.125749
1     -1.406586
2     -3.443889
3      0.014723
4      0.057400
         ...   
367   -1.290973
368    0.423278
369   -0.933060
370    0.009261
371   -2.288787
Name: obs-prior, Length: 372, dtype: float64
0     -2.125749
1     -1.406586
2     -3.443889
3      0.014723
4      0.057400
         ...   
367   -1.290973
368    0.423278
369   -0.933060
370    0.009261
371   -2.288787
Name: obs-prior, Length: 372, dtype: float64
0     -2.125749
1     -1.406586
2     -3.443889
3      0.014723
4      0.057400
         ...   
367   -1.290973
368    0.423278
369   -0.933060
370    0.009261
371   -2.288787
Name: obs-prior, Length: 372, dtype: float64
 region:  TR
0       1.707812
1      -1.394970
2      -0.079444
3       1.602620
4      -1.794468
          ...   
1199   -2.614476
1200   -1.904801
1201    0.637456
1202   -2.580459
1203    1.886944
Name: obs-prior, Length: 1204, dtype: float64
0       1.707812
1      -1.394970
2      -0.079444
3       1.602620
4      -1.794468
          ...   
1199   -2.614476
1200   -1.904801
1201    0.637456
1202   -2.580459
1203    1.886944
Name: obs-prior, Length: 1204, dtype: float64
0       1.707812
1      -1.394970
2      -0.079444
3       1.602620
4      -1.794468
          ...   
1199   -2.614476
1200   -1.904801
1201    0.637456
1202   -2.580459
1203    1.886944
Name: obs-prior, Length: 1204, dtype: float64
0       1.707812
1      -1.394970
2      -0.079444
3       1.602620
4      -1.794468
          ...   
1199   -2.614476
1200   -1.904801
1201    0.637456
1202   -2.580459
1203    1.886944
Name: obs-prior, Length: 1204, dtype: float64
0       1.707812
1      -1.394970
2      -0.079444
3       1.602620
4      -1.794468
          ...   
1199   -2.614476
1200   -1.904801
1201    0.637456
1202   -2.580459
1203    1.886944
Name: obs-prior, Length: 1204, dtype: float64
0       1.707812
1      -1.394970
2      -0.079444
3       1.602620
4      -1.794468
          ...   
1199   -2.614476
1200   -1.904801
1201    0.637456
1202   -2.580459
1203    1.886944
Name: obs-prior, Length: 1204, dtype: float64
0       1.707812
1      -1.394970
2      -0.079444
3       1.602620
4      -1.794468
          ...   
1199   -2.614476
1200   -1.904801
1201    0.637456
1202   -2.580459
1203    1.886944
Name: obs-prior, Length: 1204, dtype: float64
0       1.707812
1      -1.394970
2      -0.079444
3       1.602620
4      -1.794468
          ...   
1199   -2.614476
1200   -1.904801
1201    0.637456
1202   -2.580459
1203    1.886944
Name: obs-prior, Length: 1204, dtype: float64
0       1.707812
1      -1.394970
2      -0.079444
3       1.602620
4      -1.794468
          ...   
1199   -2.614476
1200   -1.904801
1201    0.637456
1202   -2.580459
1203    1.886944
Name: obs-prior, Length: 1204, dtype: float64
0       1.707812
1      -1.394970
2      -0.079444
3       1.602620
4      -1.794468
          ...   
1199   -2.614476
1200   -1.904801
1201    0.637456
1202   -2.580459
1203    1.886944
Name: obs-prior, Length: 1204, dtype: float64
0       1.707812
1      -1.394970
2      -0.079444
3       1.602620
4      -1.794468
          ...   
1199   -2.614476
1200   -1.904801
1201    0.637456
1202   -2.580459
1203    1.886944
Name: obs-prior, Length: 1204, dtype: float64
0       1.707812
1      -1.394970
2      -0.079444
3       1.602620
4      -1.794468
          ...   
1199   -2.614476
1200   -1.904801
1201    0.637456
1202   -2.580459
1203    1.886944
Name: obs-prior, Length: 1204, dtype: float64
0       1.707812
1      -1.394970
2      -0.079444
3       1.602620
4      -1.794468
          ...   
1199   -2.614476
1200   -1.904801
1201    0.637456
1202   -2.580459
1203    1.886944
Name: obs-prior, Length: 1204, dtype: float64
0       1.707812
1      -1.394970
2      -0.079444
3       1.602620
4      -1.794468
          ...   
1199   -2.614476
1200   -1.904801
1201    0.637456
1202   -2.580459
1203    1.886944
Name: obs-prior, Length: 1204, dtype: float64
0       1.707812
1      -1.394970
2      -0.079444
3       1.602620
4      -1.794468
          ...   
1199   -2.614476
1200   -1.904801
1201    0.637456
1202   -2.580459
1203    1.886944
Name: obs-prior, Length: 1204, dtype: float64
0       1.707812
1      -1.394970
2      -0.079444
3       1.602620
4      -1.794468
          ...   
1199   -2.614476
1200   -1.904801
1201    0.637456
1202   -2.580459
1203    1.886944
Name: obs-prior, Length: 1204, dtype: float64
0       1.707812
1      -1.394970
2      -0.079444
3       1.602620
4      -1.794468
          ...   
1199   -2.614476
1200   -1.904801
1201    0.637456
1202   -2.580459
1203    1.886944
Name: obs-prior, Length: 1204, dtype: float64
0       1.707812
1      -1.394970
2      -0.079444
3       1.602620
4      -1.794468
          ...   
1199   -2.614476
1200   -1.904801
1201    0.637456
1202   -2.580459
1203    1.886944
Name: obs-prior, Length: 1204, dtype: float64

 processing obs:  AIRCRAFT_TEMPERATURE
 region:  Global
0       0.683737
1      -0.096008
2       0.790812
3       0.549816
4       0.688407
          ...   
3407    0.489458
3408   -0.423004
3409   -0.249158
3410   -0.448446
3411   -0.242383
Name: obs-prior, Length: 3412, dtype: float64
0       0.683737
1      -0.096008
2       0.790812
3       0.549816
4       0.688407
          ...   
3407    0.489458
3408   -0.423004
3409   -0.249158
3410   -0.448446
3411   -0.242383
Name: obs-prior, Length: 3412, dtype: float64
0       0.683737
1      -0.096008
2       0.790812
3       0.549816
4       0.688407
          ...   
3407    0.489458
3408   -0.423004
3409   -0.249158
3410   -0.448446
3411   -0.242383
Name: obs-prior, Length: 3412, dtype: float64
0       0.683737
1      -0.096008
2       0.790812
3       0.549816
4       0.688407
          ...   
3407    0.489458
3408   -0.423004
3409   -0.249158
3410   -0.448446
3411   -0.242383
Name: obs-prior, Length: 3412, dtype: float64
0       0.683737
1      -0.096008
2       0.790812
3       0.549816
4       0.688407
          ...   
3407    0.489458
3408   -0.423004
3409   -0.249158
3410   -0.448446
3411   -0.242383
Name: obs-prior, Length: 3412, dtype: float64
0       0.683737
1      -0.096008
2       0.790812
3       0.549816
4       0.688407
          ...   
3407    0.489458
3408   -0.423004
3409   -0.249158
3410   -0.448446
3411   -0.242383
Name: obs-prior, Length: 3412, dtype: float64
0       0.683737
1      -0.096008
2       0.790812
3       0.549816
4       0.688407
          ...   
3407    0.489458
3408   -0.423004
3409   -0.249158
3410   -0.448446
3411   -0.242383
Name: obs-prior, Length: 3412, dtype: float64
0       0.683737
1      -0.096008
2       0.790812
3       0.549816
4       0.688407
          ...   
3407    0.489458
3408   -0.423004
3409   -0.249158
3410   -0.448446
3411   -0.242383
Name: obs-prior, Length: 3412, dtype: float64
0       0.683737
1      -0.096008
2       0.790812
3       0.549816
4       0.688407
          ...   
3407    0.489458
3408   -0.423004
3409   -0.249158
3410   -0.448446
3411   -0.242383
Name: obs-prior, Length: 3412, dtype: float64
0       0.683737
1      -0.096008
2       0.790812
3       0.549816
4       0.688407
          ...   
3407    0.489458
3408   -0.423004
3409   -0.249158
3410   -0.448446
3411   -0.242383
Name: obs-prior, Length: 3412, dtype: float64
0       0.683737
1      -0.096008
2       0.790812
3       0.549816
4       0.688407
          ...   
3407    0.489458
3408   -0.423004
3409   -0.249158
3410   -0.448446
3411   -0.242383
Name: obs-prior, Length: 3412, dtype: float64
0       0.683737
1      -0.096008
2       0.790812
3       0.549816
4       0.688407
          ...   
3407    0.489458
3408   -0.423004
3409   -0.249158
3410   -0.448446
3411   -0.242383
Name: obs-prior, Length: 3412, dtype: float64
0       0.683737
1      -0.096008
2       0.790812
3       0.549816
4       0.688407
          ...   
3407    0.489458
3408   -0.423004
3409   -0.249158
3410   -0.448446
3411   -0.242383
Name: obs-prior, Length: 3412, dtype: float64
0       0.683737
1      -0.096008
2       0.790812
3       0.549816
4       0.688407
          ...   
3407    0.489458
3408   -0.423004
3409   -0.249158
3410   -0.448446
3411   -0.242383
Name: obs-prior, Length: 3412, dtype: float64
0       0.683737
1      -0.096008
2       0.790812
3       0.549816
4       0.688407
          ...   
3407    0.489458
3408   -0.423004
3409   -0.249158
3410   -0.448446
3411   -0.242383
Name: obs-prior, Length: 3412, dtype: float64
0       0.683737
1      -0.096008
2       0.790812
3       0.549816
4       0.688407
          ...   
3407    0.489458
3408   -0.423004
3409   -0.249158
3410   -0.448446
3411   -0.242383
Name: obs-prior, Length: 3412, dtype: float64
0       0.683737
1      -0.096008
2       0.790812
3       0.549816
4       0.688407
          ...   
3407    0.489458
3408   -0.423004
3409   -0.249158
3410   -0.448446
3411   -0.242383
Name: obs-prior, Length: 3412, dtype: float64
0       0.683737
1      -0.096008
2       0.790812
3       0.549816
4       0.688407
          ...   
3407    0.489458
3408   -0.423004
3409   -0.249158
3410   -0.448446
3411   -0.242383
Name: obs-prior, Length: 3412, dtype: float64
 region:  NH
0       0.683737
1       0.549816
2       0.414411
3       0.444471
4       0.142003
          ...   
1857   -0.986481
1858    0.489458
1859   -0.423004
1860   -0.249158
1861   -0.242383
Name: obs-prior, Length: 1862, dtype: float64
0       0.683737
1       0.549816
2       0.414411
3       0.444471
4       0.142003
          ...   
1857   -0.986481
1858    0.489458
1859   -0.423004
1860   -0.249158
1861   -0.242383
Name: obs-prior, Length: 1862, dtype: float64
0       0.683737
1       0.549816
2       0.414411
3       0.444471
4       0.142003
          ...   
1857   -0.986481
1858    0.489458
1859   -0.423004
1860   -0.249158
1861   -0.242383
Name: obs-prior, Length: 1862, dtype: float64
0       0.683737
1       0.549816
2       0.414411
3       0.444471
4       0.142003
          ...   
1857   -0.986481
1858    0.489458
1859   -0.423004
1860   -0.249158
1861   -0.242383
Name: obs-prior, Length: 1862, dtype: float64
0       0.683737
1       0.549816
2       0.414411
3       0.444471
4       0.142003
          ...   
1857   -0.986481
1858    0.489458
1859   -0.423004
1860   -0.249158
1861   -0.242383
Name: obs-prior, Length: 1862, dtype: float64
0       0.683737
1       0.549816
2       0.414411
3       0.444471
4       0.142003
          ...   
1857   -0.986481
1858    0.489458
1859   -0.423004
1860   -0.249158
1861   -0.242383
Name: obs-prior, Length: 1862, dtype: float64
0       0.683737
1       0.549816
2       0.414411
3       0.444471
4       0.142003
          ...   
1857   -0.986481
1858    0.489458
1859   -0.423004
1860   -0.249158
1861   -0.242383
Name: obs-prior, Length: 1862, dtype: float64
0       0.683737
1       0.549816
2       0.414411
3       0.444471
4       0.142003
          ...   
1857   -0.986481
1858    0.489458
1859   -0.423004
1860   -0.249158
1861   -0.242383
Name: obs-prior, Length: 1862, dtype: float64
0       0.683737
1       0.549816
2       0.414411
3       0.444471
4       0.142003
          ...   
1857   -0.986481
1858    0.489458
1859   -0.423004
1860   -0.249158
1861   -0.242383
Name: obs-prior, Length: 1862, dtype: float64
0       0.683737
1       0.549816
2       0.414411
3       0.444471
4       0.142003
          ...   
1857   -0.986481
1858    0.489458
1859   -0.423004
1860   -0.249158
1861   -0.242383
Name: obs-prior, Length: 1862, dtype: float64
0       0.683737
1       0.549816
2       0.414411
3       0.444471
4       0.142003
          ...   
1857   -0.986481
1858    0.489458
1859   -0.423004
1860   -0.249158
1861   -0.242383
Name: obs-prior, Length: 1862, dtype: float64
0       0.683737
1       0.549816
2       0.414411
3       0.444471
4       0.142003
          ...   
1857   -0.986481
1858    0.489458
1859   -0.423004
1860   -0.249158
1861   -0.242383
Name: obs-prior, Length: 1862, dtype: float64
0       0.683737
1       0.549816
2       0.414411
3       0.444471
4       0.142003
          ...   
1857   -0.986481
1858    0.489458
1859   -0.423004
1860   -0.249158
1861   -0.242383
Name: obs-prior, Length: 1862, dtype: float64
0       0.683737
1       0.549816
2       0.414411
3       0.444471
4       0.142003
          ...   
1857   -0.986481
1858    0.489458
1859   -0.423004
1860   -0.249158
1861   -0.242383
Name: obs-prior, Length: 1862, dtype: float64
0       0.683737
1       0.549816
2       0.414411
3       0.444471
4       0.142003
          ...   
1857   -0.986481
1858    0.489458
1859   -0.423004
1860   -0.249158
1861   -0.242383
Name: obs-prior, Length: 1862, dtype: float64
0       0.683737
1       0.549816
2       0.414411
3       0.444471
4       0.142003
          ...   
1857   -0.986481
1858    0.489458
1859   -0.423004
1860   -0.249158
1861   -0.242383
Name: obs-prior, Length: 1862, dtype: float64
0       0.683737
1       0.549816
2       0.414411
3       0.444471
4       0.142003
          ...   
1857   -0.986481
1858    0.489458
1859   -0.423004
1860   -0.249158
1861   -0.242383
Name: obs-prior, Length: 1862, dtype: float64
0       0.683737
1       0.549816
2       0.414411
3       0.444471
4       0.142003
          ...   
1857   -0.986481
1858    0.489458
1859   -0.423004
1860   -0.249158
1861   -0.242383
Name: obs-prior, Length: 1862, dtype: float64
 region:  SH
0     -1.306276
1      0.017428
2     -0.796850
3      0.966124
4     -0.247311
         ...   
434   -1.197036
435   -0.814193
436    0.650673
437   -0.755055
438   -0.448446
Name: obs-prior, Length: 439, dtype: float64
0     -1.306276
1      0.017428
2     -0.796850
3      0.966124
4     -0.247311
         ...   
434   -1.197036
435   -0.814193
436    0.650673
437   -0.755055
438   -0.448446
Name: obs-prior, Length: 439, dtype: float64
0     -1.306276
1      0.017428
2     -0.796850
3      0.966124
4     -0.247311
         ...   
434   -1.197036
435   -0.814193
436    0.650673
437   -0.755055
438   -0.448446
Name: obs-prior, Length: 439, dtype: float64
0     -1.306276
1      0.017428
2     -0.796850
3      0.966124
4     -0.247311
         ...   
434   -1.197036
435   -0.814193
436    0.650673
437   -0.755055
438   -0.448446
Name: obs-prior, Length: 439, dtype: float64
0     -1.306276
1      0.017428
2     -0.796850
3      0.966124
4     -0.247311
         ...   
434   -1.197036
435   -0.814193
436    0.650673
437   -0.755055
438   -0.448446
Name: obs-prior, Length: 439, dtype: float64
0     -1.306276
1      0.017428
2     -0.796850
3      0.966124
4     -0.247311
         ...   
434   -1.197036
435   -0.814193
436    0.650673
437   -0.755055
438   -0.448446
Name: obs-prior, Length: 439, dtype: float64
0     -1.306276
1      0.017428
2     -0.796850
3      0.966124
4     -0.247311
         ...   
434   -1.197036
435   -0.814193
436    0.650673
437   -0.755055
438   -0.448446
Name: obs-prior, Length: 439, dtype: float64
0     -1.306276
1      0.017428
2     -0.796850
3      0.966124
4     -0.247311
         ...   
434   -1.197036
435   -0.814193
436    0.650673
437   -0.755055
438   -0.448446
Name: obs-prior, Length: 439, dtype: float64
0     -1.306276
1      0.017428
2     -0.796850
3      0.966124
4     -0.247311
         ...   
434   -1.197036
435   -0.814193
436    0.650673
437   -0.755055
438   -0.448446
Name: obs-prior, Length: 439, dtype: float64
0     -1.306276
1      0.017428
2     -0.796850
3      0.966124
4     -0.247311
         ...   
434   -1.197036
435   -0.814193
436    0.650673
437   -0.755055
438   -0.448446
Name: obs-prior, Length: 439, dtype: float64
0     -1.306276
1      0.017428
2     -0.796850
3      0.966124
4     -0.247311
         ...   
434   -1.197036
435   -0.814193
436    0.650673
437   -0.755055
438   -0.448446
Name: obs-prior, Length: 439, dtype: float64
0     -1.306276
1      0.017428
2     -0.796850
3      0.966124
4     -0.247311
         ...   
434   -1.197036
435   -0.814193
436    0.650673
437   -0.755055
438   -0.448446
Name: obs-prior, Length: 439, dtype: float64
0     -1.306276
1      0.017428
2     -0.796850
3      0.966124
4     -0.247311
         ...   
434   -1.197036
435   -0.814193
436    0.650673
437   -0.755055
438   -0.448446
Name: obs-prior, Length: 439, dtype: float64
0     -1.306276
1      0.017428
2     -0.796850
3      0.966124
4     -0.247311
         ...   
434   -1.197036
435   -0.814193
436    0.650673
437   -0.755055
438   -0.448446
Name: obs-prior, Length: 439, dtype: float64
0     -1.306276
1      0.017428
2     -0.796850
3      0.966124
4     -0.247311
         ...   
434   -1.197036
435   -0.814193
436    0.650673
437   -0.755055
438   -0.448446
Name: obs-prior, Length: 439, dtype: float64
0     -1.306276
1      0.017428
2     -0.796850
3      0.966124
4     -0.247311
         ...   
434   -1.197036
435   -0.814193
436    0.650673
437   -0.755055
438   -0.448446
Name: obs-prior, Length: 439, dtype: float64
0     -1.306276
1      0.017428
2     -0.796850
3      0.966124
4     -0.247311
         ...   
434   -1.197036
435   -0.814193
436    0.650673
437   -0.755055
438   -0.448446
Name: obs-prior, Length: 439, dtype: float64
 region:  TR
0      -0.096008
1       0.790812
2       0.688407
3      -0.706512
4       0.377330
          ...   
1106   -0.808448
1107    2.031265
1108   -0.122413
1109    1.147861
1110    0.692264
Name: obs-prior, Length: 1111, dtype: float64
0      -0.096008
1       0.790812
2       0.688407
3      -0.706512
4       0.377330
          ...   
1106   -0.808448
1107    2.031265
1108   -0.122413
1109    1.147861
1110    0.692264
Name: obs-prior, Length: 1111, dtype: float64
0      -0.096008
1       0.790812
2       0.688407
3      -0.706512
4       0.377330
          ...   
1106   -0.808448
1107    2.031265
1108   -0.122413
1109    1.147861
1110    0.692264
Name: obs-prior, Length: 1111, dtype: float64
0      -0.096008
1       0.790812
2       0.688407
3      -0.706512
4       0.377330
          ...   
1106   -0.808448
1107    2.031265
1108   -0.122413
1109    1.147861
1110    0.692264
Name: obs-prior, Length: 1111, dtype: float64
0      -0.096008
1       0.790812
2       0.688407
3      -0.706512
4       0.377330
          ...   
1106   -0.808448
1107    2.031265
1108   -0.122413
1109    1.147861
1110    0.692264
Name: obs-prior, Length: 1111, dtype: float64
0      -0.096008
1       0.790812
2       0.688407
3      -0.706512
4       0.377330
          ...   
1106   -0.808448
1107    2.031265
1108   -0.122413
1109    1.147861
1110    0.692264
Name: obs-prior, Length: 1111, dtype: float64
0      -0.096008
1       0.790812
2       0.688407
3      -0.706512
4       0.377330
          ...   
1106   -0.808448
1107    2.031265
1108   -0.122413
1109    1.147861
1110    0.692264
Name: obs-prior, Length: 1111, dtype: float64
0      -0.096008
1       0.790812
2       0.688407
3      -0.706512
4       0.377330
          ...   
1106   -0.808448
1107    2.031265
1108   -0.122413
1109    1.147861
1110    0.692264
Name: obs-prior, Length: 1111, dtype: float64
0      -0.096008
1       0.790812
2       0.688407
3      -0.706512
4       0.377330
          ...   
1106   -0.808448
1107    2.031265
1108   -0.122413
1109    1.147861
1110    0.692264
Name: obs-prior, Length: 1111, dtype: float64
0      -0.096008
1       0.790812
2       0.688407
3      -0.706512
4       0.377330
          ...   
1106   -0.808448
1107    2.031265
1108   -0.122413
1109    1.147861
1110    0.692264
Name: obs-prior, Length: 1111, dtype: float64
0      -0.096008
1       0.790812
2       0.688407
3      -0.706512
4       0.377330
          ...   
1106   -0.808448
1107    2.031265
1108   -0.122413
1109    1.147861
1110    0.692264
Name: obs-prior, Length: 1111, dtype: float64
0      -0.096008
1       0.790812
2       0.688407
3      -0.706512
4       0.377330
          ...   
1106   -0.808448
1107    2.031265
1108   -0.122413
1109    1.147861
1110    0.692264
Name: obs-prior, Length: 1111, dtype: float64
0      -0.096008
1       0.790812
2       0.688407
3      -0.706512
4       0.377330
          ...   
1106   -0.808448
1107    2.031265
1108   -0.122413
1109    1.147861
1110    0.692264
Name: obs-prior, Length: 1111, dtype: float64
0      -0.096008
1       0.790812
2       0.688407
3      -0.706512
4       0.377330
          ...   
1106   -0.808448
1107    2.031265
1108   -0.122413
1109    1.147861
1110    0.692264
Name: obs-prior, Length: 1111, dtype: float64
0      -0.096008
1       0.790812
2       0.688407
3      -0.706512
4       0.377330
          ...   
1106   -0.808448
1107    2.031265
1108   -0.122413
1109    1.147861
1110    0.692264
Name: obs-prior, Length: 1111, dtype: float64
0      -0.096008
1       0.790812
2       0.688407
3      -0.706512
4       0.377330
          ...   
1106   -0.808448
1107    2.031265
1108   -0.122413
1109    1.147861
1110    0.692264
Name: obs-prior, Length: 1111, dtype: float64
0      -0.096008
1       0.790812
2       0.688407
3      -0.706512
4       0.377330
          ...   
1106   -0.808448
1107    2.031265
1108   -0.122413
1109    1.147861
1110    0.692264
Name: obs-prior, Length: 1111, dtype: float64
0      -0.096008
1       0.790812
2       0.688407
3      -0.706512
4       0.377330
          ...   
1106   -0.808448
1107    2.031265
1108   -0.122413
1109    1.147861
1110    0.692264
Name: obs-prior, Length: 1111, dtype: float64

 processing obs:  ACARS_U_WIND_COMPONENT
 region:  Global
0       1.126885
1       2.207139
2      -0.177416
3       0.791124
4       0.107664
          ...   
9953    0.455227
9954    1.896208
9955    1.658404
9956    0.912915
9957    2.049315
Name: obs-prior, Length: 9958, dtype: float64
0       1.126885
1       2.207139
2      -0.177416
3       0.791124
4       0.107664
          ...   
9953    0.455227
9954    1.896208
9955    1.658404
9956    0.912915
9957    2.049315
Name: obs-prior, Length: 9958, dtype: float64
0       1.126885
1       2.207139
2      -0.177416
3       0.791124
4       0.107664
          ...   
9953    0.455227
9954    1.896208
9955    1.658404
9956    0.912915
9957    2.049315
Name: obs-prior, Length: 9958, dtype: float64
0       1.126885
1       2.207139
2      -0.177416
3       0.791124
4       0.107664
          ...   
9953    0.455227
9954    1.896208
9955    1.658404
9956    0.912915
9957    2.049315
Name: obs-prior, Length: 9958, dtype: float64
0       1.126885
1       2.207139
2      -0.177416
3       0.791124
4       0.107664
          ...   
9953    0.455227
9954    1.896208
9955    1.658404
9956    0.912915
9957    2.049315
Name: obs-prior, Length: 9958, dtype: float64
0       1.126885
1       2.207139
2      -0.177416
3       0.791124
4       0.107664
          ...   
9953    0.455227
9954    1.896208
9955    1.658404
9956    0.912915
9957    2.049315
Name: obs-prior, Length: 9958, dtype: float64
0       1.126885
1       2.207139
2      -0.177416
3       0.791124
4       0.107664
          ...   
9953    0.455227
9954    1.896208
9955    1.658404
9956    0.912915
9957    2.049315
Name: obs-prior, Length: 9958, dtype: float64
0       1.126885
1       2.207139
2      -0.177416
3       0.791124
4       0.107664
          ...   
9953    0.455227
9954    1.896208
9955    1.658404
9956    0.912915
9957    2.049315
Name: obs-prior, Length: 9958, dtype: float64
0       1.126885
1       2.207139
2      -0.177416
3       0.791124
4       0.107664
          ...   
9953    0.455227
9954    1.896208
9955    1.658404
9956    0.912915
9957    2.049315
Name: obs-prior, Length: 9958, dtype: float64
0       1.126885
1       2.207139
2      -0.177416
3       0.791124
4       0.107664
          ...   
9953    0.455227
9954    1.896208
9955    1.658404
9956    0.912915
9957    2.049315
Name: obs-prior, Length: 9958, dtype: float64
0       1.126885
1       2.207139
2      -0.177416
3       0.791124
4       0.107664
          ...   
9953    0.455227
9954    1.896208
9955    1.658404
9956    0.912915
9957    2.049315
Name: obs-prior, Length: 9958, dtype: float64
0       1.126885
1       2.207139
2      -0.177416
3       0.791124
4       0.107664
          ...   
9953    0.455227
9954    1.896208
9955    1.658404
9956    0.912915
9957    2.049315
Name: obs-prior, Length: 9958, dtype: float64
0       1.126885
1       2.207139
2      -0.177416
3       0.791124
4       0.107664
          ...   
9953    0.455227
9954    1.896208
9955    1.658404
9956    0.912915
9957    2.049315
Name: obs-prior, Length: 9958, dtype: float64
0       1.126885
1       2.207139
2      -0.177416
3       0.791124
4       0.107664
          ...   
9953    0.455227
9954    1.896208
9955    1.658404
9956    0.912915
9957    2.049315
Name: obs-prior, Length: 9958, dtype: float64
0       1.126885
1       2.207139
2      -0.177416
3       0.791124
4       0.107664
          ...   
9953    0.455227
9954    1.896208
9955    1.658404
9956    0.912915
9957    2.049315
Name: obs-prior, Length: 9958, dtype: float64
0       1.126885
1       2.207139
2      -0.177416
3       0.791124
4       0.107664
          ...   
9953    0.455227
9954    1.896208
9955    1.658404
9956    0.912915
9957    2.049315
Name: obs-prior, Length: 9958, dtype: float64
0       1.126885
1       2.207139
2      -0.177416
3       0.791124
4       0.107664
          ...   
9953    0.455227
9954    1.896208
9955    1.658404
9956    0.912915
9957    2.049315
Name: obs-prior, Length: 9958, dtype: float64
 region:  NH
0       1.126885
1       2.207139
2      -0.177416
3       0.791124
4       0.107664
          ...   
8295   -1.315654
8296    1.896208
8297    1.658404
8298    0.912915
8299    2.049315
Name: obs-prior, Length: 8300, dtype: float64
0       1.126885
1       2.207139
2      -0.177416
3       0.791124
4       0.107664
          ...   
8295   -1.315654
8296    1.896208
8297    1.658404
8298    0.912915
8299    2.049315
Name: obs-prior, Length: 8300, dtype: float64
0       1.126885
1       2.207139
2      -0.177416
3       0.791124
4       0.107664
          ...   
8295   -1.315654
8296    1.896208
8297    1.658404
8298    0.912915
8299    2.049315
Name: obs-prior, Length: 8300, dtype: float64
0       1.126885
1       2.207139
2      -0.177416
3       0.791124
4       0.107664
          ...   
8295   -1.315654
8296    1.896208
8297    1.658404
8298    0.912915
8299    2.049315
Name: obs-prior, Length: 8300, dtype: float64
0       1.126885
1       2.207139
2      -0.177416
3       0.791124
4       0.107664
          ...   
8295   -1.315654
8296    1.896208
8297    1.658404
8298    0.912915
8299    2.049315
Name: obs-prior, Length: 8300, dtype: float64
0       1.126885
1       2.207139
2      -0.177416
3       0.791124
4       0.107664
          ...   
8295   -1.315654
8296    1.896208
8297    1.658404
8298    0.912915
8299    2.049315
Name: obs-prior, Length: 8300, dtype: float64
0       1.126885
1       2.207139
2      -0.177416
3       0.791124
4       0.107664
          ...   
8295   -1.315654
8296    1.896208
8297    1.658404
8298    0.912915
8299    2.049315
Name: obs-prior, Length: 8300, dtype: float64
0       1.126885
1       2.207139
2      -0.177416
3       0.791124
4       0.107664
          ...   
8295   -1.315654
8296    1.896208
8297    1.658404
8298    0.912915
8299    2.049315
Name: obs-prior, Length: 8300, dtype: float64
0       1.126885
1       2.207139
2      -0.177416
3       0.791124
4       0.107664
          ...   
8295   -1.315654
8296    1.896208
8297    1.658404
8298    0.912915
8299    2.049315
Name: obs-prior, Length: 8300, dtype: float64
0       1.126885
1       2.207139
2      -0.177416
3       0.791124
4       0.107664
          ...   
8295   -1.315654
8296    1.896208
8297    1.658404
8298    0.912915
8299    2.049315
Name: obs-prior, Length: 8300, dtype: float64
0       1.126885
1       2.207139
2      -0.177416
3       0.791124
4       0.107664
          ...   
8295   -1.315654
8296    1.896208
8297    1.658404
8298    0.912915
8299    2.049315
Name: obs-prior, Length: 8300, dtype: float64
0       1.126885
1       2.207139
2      -0.177416
3       0.791124
4       0.107664
          ...   
8295   -1.315654
8296    1.896208
8297    1.658404
8298    0.912915
8299    2.049315
Name: obs-prior, Length: 8300, dtype: float64
0       1.126885
1       2.207139
2      -0.177416
3       0.791124
4       0.107664
          ...   
8295   -1.315654
8296    1.896208
8297    1.658404
8298    0.912915
8299    2.049315
Name: obs-prior, Length: 8300, dtype: float64
0       1.126885
1       2.207139
2      -0.177416
3       0.791124
4       0.107664
          ...   
8295   -1.315654
8296    1.896208
8297    1.658404
8298    0.912915
8299    2.049315
Name: obs-prior, Length: 8300, dtype: float64
0       1.126885
1       2.207139
2      -0.177416
3       0.791124
4       0.107664
          ...   
8295   -1.315654
8296    1.896208
8297    1.658404
8298    0.912915
8299    2.049315
Name: obs-prior, Length: 8300, dtype: float64
0       1.126885
1       2.207139
2      -0.177416
3       0.791124
4       0.107664
          ...   
8295   -1.315654
8296    1.896208
8297    1.658404
8298    0.912915
8299    2.049315
Name: obs-prior, Length: 8300, dtype: float64
0       1.126885
1       2.207139
2      -0.177416
3       0.791124
4       0.107664
          ...   
8295   -1.315654
8296    1.896208
8297    1.658404
8298    0.912915
8299    2.049315
Name: obs-prior, Length: 8300, dtype: float64
 region:  SH
0      1.922394
1      0.843313
2     -1.403160
3      0.062973
4     -1.629390
         ...   
142    0.154324
143   -4.670338
144   -1.139436
145   -4.979480
146    1.007977
Name: obs-prior, Length: 147, dtype: float64
0      1.922394
1      0.843313
2     -1.403160
3      0.062973
4     -1.629390
         ...   
142    0.154324
143   -4.670338
144   -1.139436
145   -4.979480
146    1.007977
Name: obs-prior, Length: 147, dtype: float64
0      1.922394
1      0.843313
2     -1.403160
3      0.062973
4     -1.629390
         ...   
142    0.154324
143   -4.670338
144   -1.139436
145   -4.979480
146    1.007977
Name: obs-prior, Length: 147, dtype: float64
0      1.922394
1      0.843313
2     -1.403160
3      0.062973
4     -1.629390
         ...   
142    0.154324
143   -4.670338
144   -1.139436
145   -4.979480
146    1.007977
Name: obs-prior, Length: 147, dtype: float64
0      1.922394
1      0.843313
2     -1.403160
3      0.062973
4     -1.629390
         ...   
142    0.154324
143   -4.670338
144   -1.139436
145   -4.979480
146    1.007977
Name: obs-prior, Length: 147, dtype: float64
0      1.922394
1      0.843313
2     -1.403160
3      0.062973
4     -1.629390
         ...   
142    0.154324
143   -4.670338
144   -1.139436
145   -4.979480
146    1.007977
Name: obs-prior, Length: 147, dtype: float64
0      1.922394
1      0.843313
2     -1.403160
3      0.062973
4     -1.629390
         ...   
142    0.154324
143   -4.670338
144   -1.139436
145   -4.979480
146    1.007977
Name: obs-prior, Length: 147, dtype: float64
0      1.922394
1      0.843313
2     -1.403160
3      0.062973
4     -1.629390
         ...   
142    0.154324
143   -4.670338
144   -1.139436
145   -4.979480
146    1.007977
Name: obs-prior, Length: 147, dtype: float64
0      1.922394
1      0.843313
2     -1.403160
3      0.062973
4     -1.629390
         ...   
142    0.154324
143   -4.670338
144   -1.139436
145   -4.979480
146    1.007977
Name: obs-prior, Length: 147, dtype: float64
0      1.922394
1      0.843313
2     -1.403160
3      0.062973
4     -1.629390
         ...   
142    0.154324
143   -4.670338
144   -1.139436
145   -4.979480
146    1.007977
Name: obs-prior, Length: 147, dtype: float64
0      1.922394
1      0.843313
2     -1.403160
3      0.062973
4     -1.629390
         ...   
142    0.154324
143   -4.670338
144   -1.139436
145   -4.979480
146    1.007977
Name: obs-prior, Length: 147, dtype: float64
0      1.922394
1      0.843313
2     -1.403160
3      0.062973
4     -1.629390
         ...   
142    0.154324
143   -4.670338
144   -1.139436
145   -4.979480
146    1.007977
Name: obs-prior, Length: 147, dtype: float64
0      1.922394
1      0.843313
2     -1.403160
3      0.062973
4     -1.629390
         ...   
142    0.154324
143   -4.670338
144   -1.139436
145   -4.979480
146    1.007977
Name: obs-prior, Length: 147, dtype: float64
0      1.922394
1      0.843313
2     -1.403160
3      0.062973
4     -1.629390
         ...   
142    0.154324
143   -4.670338
144   -1.139436
145   -4.979480
146    1.007977
Name: obs-prior, Length: 147, dtype: float64
0      1.922394
1      0.843313
2     -1.403160
3      0.062973
4     -1.629390
         ...   
142    0.154324
143   -4.670338
144   -1.139436
145   -4.979480
146    1.007977
Name: obs-prior, Length: 147, dtype: float64
0      1.922394
1      0.843313
2     -1.403160
3      0.062973
4     -1.629390
         ...   
142    0.154324
143   -4.670338
144   -1.139436
145   -4.979480
146    1.007977
Name: obs-prior, Length: 147, dtype: float64
0      1.922394
1      0.843313
2     -1.403160
3      0.062973
4     -1.629390
         ...   
142    0.154324
143   -4.670338
144   -1.139436
145   -4.979480
146    1.007977
Name: obs-prior, Length: 147, dtype: float64
 region:  TR
0      -0.786091
1       2.414154
2       1.505932
3      -2.274220
4       0.373262
          ...   
1506    2.069223
1507   -1.940699
1508    1.976101
1509   -1.359808
1510    0.455227
Name: obs-prior, Length: 1511, dtype: float64
0      -0.786091
1       2.414154
2       1.505932
3      -2.274220
4       0.373262
          ...   
1506    2.069223
1507   -1.940699
1508    1.976101
1509   -1.359808
1510    0.455227
Name: obs-prior, Length: 1511, dtype: float64
0      -0.786091
1       2.414154
2       1.505932
3      -2.274220
4       0.373262
          ...   
1506    2.069223
1507   -1.940699
1508    1.976101
1509   -1.359808
1510    0.455227
Name: obs-prior, Length: 1511, dtype: float64
0      -0.786091
1       2.414154
2       1.505932
3      -2.274220
4       0.373262
          ...   
1506    2.069223
1507   -1.940699
1508    1.976101
1509   -1.359808
1510    0.455227
Name: obs-prior, Length: 1511, dtype: float64
0      -0.786091
1       2.414154
2       1.505932
3      -2.274220
4       0.373262
          ...   
1506    2.069223
1507   -1.940699
1508    1.976101
1509   -1.359808
1510    0.455227
Name: obs-prior, Length: 1511, dtype: float64
0      -0.786091
1       2.414154
2       1.505932
3      -2.274220
4       0.373262
          ...   
1506    2.069223
1507   -1.940699
1508    1.976101
1509   -1.359808
1510    0.455227
Name: obs-prior, Length: 1511, dtype: float64
0      -0.786091
1       2.414154
2       1.505932
3      -2.274220
4       0.373262
          ...   
1506    2.069223
1507   -1.940699
1508    1.976101
1509   -1.359808
1510    0.455227
Name: obs-prior, Length: 1511, dtype: float64
0      -0.786091
1       2.414154
2       1.505932
3      -2.274220
4       0.373262
          ...   
1506    2.069223
1507   -1.940699
1508    1.976101
1509   -1.359808
1510    0.455227
Name: obs-prior, Length: 1511, dtype: float64
0      -0.786091
1       2.414154
2       1.505932
3      -2.274220
4       0.373262
          ...   
1506    2.069223
1507   -1.940699
1508    1.976101
1509   -1.359808
1510    0.455227
Name: obs-prior, Length: 1511, dtype: float64
0      -0.786091
1       2.414154
2       1.505932
3      -2.274220
4       0.373262
          ...   
1506    2.069223
1507   -1.940699
1508    1.976101
1509   -1.359808
1510    0.455227
Name: obs-prior, Length: 1511, dtype: float64
0      -0.786091
1       2.414154
2       1.505932
3      -2.274220
4       0.373262
          ...   
1506    2.069223
1507   -1.940699
1508    1.976101
1509   -1.359808
1510    0.455227
Name: obs-prior, Length: 1511, dtype: float64
0      -0.786091
1       2.414154
2       1.505932
3      -2.274220
4       0.373262
          ...   
1506    2.069223
1507   -1.940699
1508    1.976101
1509   -1.359808
1510    0.455227
Name: obs-prior, Length: 1511, dtype: float64
0      -0.786091
1       2.414154
2       1.505932
3      -2.274220
4       0.373262
          ...   
1506    2.069223
1507   -1.940699
1508    1.976101
1509   -1.359808
1510    0.455227
Name: obs-prior, Length: 1511, dtype: float64
0      -0.786091
1       2.414154
2       1.505932
3      -2.274220
4       0.373262
          ...   
1506    2.069223
1507   -1.940699
1508    1.976101
1509   -1.359808
1510    0.455227
Name: obs-prior, Length: 1511, dtype: float64
0      -0.786091
1       2.414154
2       1.505932
3      -2.274220
4       0.373262
          ...   
1506    2.069223
1507   -1.940699
1508    1.976101
1509   -1.359808
1510    0.455227
Name: obs-prior, Length: 1511, dtype: float64
0      -0.786091
1       2.414154
2       1.505932
3      -2.274220
4       0.373262
          ...   
1506    2.069223
1507   -1.940699
1508    1.976101
1509   -1.359808
1510    0.455227
Name: obs-prior, Length: 1511, dtype: float64
0      -0.786091
1       2.414154
2       1.505932
3      -2.274220
4       0.373262
          ...   
1506    2.069223
1507   -1.940699
1508    1.976101
1509   -1.359808
1510    0.455227
Name: obs-prior, Length: 1511, dtype: float64

 processing obs:  ACARS_V_WIND_COMPONENT
 region:  Global
0       -1.349926
1        1.213869
2        1.977364
3        1.866419
4        1.491029
           ...   
10240    0.197073
10241   -0.596928
10242    0.481125
10243   -1.022984
10244    0.660643
Name: obs-prior, Length: 10245, dtype: float64
0       -1.349926
1        1.213869
2        1.977364
3        1.866419
4        1.491029
           ...   
10240    0.197073
10241   -0.596928
10242    0.481125
10243   -1.022984
10244    0.660643
Name: obs-prior, Length: 10245, dtype: float64
0       -1.349926
1        1.213869
2        1.977364
3        1.866419
4        1.491029
           ...   
10240    0.197073
10241   -0.596928
10242    0.481125
10243   -1.022984
10244    0.660643
Name: obs-prior, Length: 10245, dtype: float64
0       -1.349926
1        1.213869
2        1.977364
3        1.866419
4        1.491029
           ...   
10240    0.197073
10241   -0.596928
10242    0.481125
10243   -1.022984
10244    0.660643
Name: obs-prior, Length: 10245, dtype: float64
0       -1.349926
1        1.213869
2        1.977364
3        1.866419
4        1.491029
           ...   
10240    0.197073
10241   -0.596928
10242    0.481125
10243   -1.022984
10244    0.660643
Name: obs-prior, Length: 10245, dtype: float64
0       -1.349926
1        1.213869
2        1.977364
3        1.866419
4        1.491029
           ...   
10240    0.197073
10241   -0.596928
10242    0.481125
10243   -1.022984
10244    0.660643
Name: obs-prior, Length: 10245, dtype: float64
0       -1.349926
1        1.213869
2        1.977364
3        1.866419
4        1.491029
           ...   
10240    0.197073
10241   -0.596928
10242    0.481125
10243   -1.022984
10244    0.660643
Name: obs-prior, Length: 10245, dtype: float64
0       -1.349926
1        1.213869
2        1.977364
3        1.866419
4        1.491029
           ...   
10240    0.197073
10241   -0.596928
10242    0.481125
10243   -1.022984
10244    0.660643
Name: obs-prior, Length: 10245, dtype: float64
0       -1.349926
1        1.213869
2        1.977364
3        1.866419
4        1.491029
           ...   
10240    0.197073
10241   -0.596928
10242    0.481125
10243   -1.022984
10244    0.660643
Name: obs-prior, Length: 10245, dtype: float64
0       -1.349926
1        1.213869
2        1.977364
3        1.866419
4        1.491029
           ...   
10240    0.197073
10241   -0.596928
10242    0.481125
10243   -1.022984
10244    0.660643
Name: obs-prior, Length: 10245, dtype: float64
0       -1.349926
1        1.213869
2        1.977364
3        1.866419
4        1.491029
           ...   
10240    0.197073
10241   -0.596928
10242    0.481125
10243   -1.022984
10244    0.660643
Name: obs-prior, Length: 10245, dtype: float64
0       -1.349926
1        1.213869
2        1.977364
3        1.866419
4        1.491029
           ...   
10240    0.197073
10241   -0.596928
10242    0.481125
10243   -1.022984
10244    0.660643
Name: obs-prior, Length: 10245, dtype: float64
0       -1.349926
1        1.213869
2        1.977364
3        1.866419
4        1.491029
           ...   
10240    0.197073
10241   -0.596928
10242    0.481125
10243   -1.022984
10244    0.660643
Name: obs-prior, Length: 10245, dtype: float64
0       -1.349926
1        1.213869
2        1.977364
3        1.866419
4        1.491029
           ...   
10240    0.197073
10241   -0.596928
10242    0.481125
10243   -1.022984
10244    0.660643
Name: obs-prior, Length: 10245, dtype: float64
0       -1.349926
1        1.213869
2        1.977364
3        1.866419
4        1.491029
           ...   
10240    0.197073
10241   -0.596928
10242    0.481125
10243   -1.022984
10244    0.660643
Name: obs-prior, Length: 10245, dtype: float64
0       -1.349926
1        1.213869
2        1.977364
3        1.866419
4        1.491029
           ...   
10240    0.197073
10241   -0.596928
10242    0.481125
10243   -1.022984
10244    0.660643
Name: obs-prior, Length: 10245, dtype: float64
0       -1.349926
1        1.213869
2        1.977364
3        1.866419
4        1.491029
           ...   
10240    0.197073
10241   -0.596928
10242    0.481125
10243   -1.022984
10244    0.660643
Name: obs-prior, Length: 10245, dtype: float64
 region:  NH
0      -1.349926
1       1.213869
2       1.977364
3       1.866419
4       1.491029
          ...   
8442    0.986118
8443    0.197073
8444   -0.596928
8445    0.481125
8446   -1.022984
Name: obs-prior, Length: 8447, dtype: float64
0      -1.349926
1       1.213869
2       1.977364
3       1.866419
4       1.491029
          ...   
8442    0.986118
8443    0.197073
8444   -0.596928
8445    0.481125
8446   -1.022984
Name: obs-prior, Length: 8447, dtype: float64
0      -1.349926
1       1.213869
2       1.977364
3       1.866419
4       1.491029
          ...   
8442    0.986118
8443    0.197073
8444   -0.596928
8445    0.481125
8446   -1.022984
Name: obs-prior, Length: 8447, dtype: float64
0      -1.349926
1       1.213869
2       1.977364
3       1.866419
4       1.491029
          ...   
8442    0.986118
8443    0.197073
8444   -0.596928
8445    0.481125
8446   -1.022984
Name: obs-prior, Length: 8447, dtype: float64
0      -1.349926
1       1.213869
2       1.977364
3       1.866419
4       1.491029
          ...   
8442    0.986118
8443    0.197073
8444   -0.596928
8445    0.481125
8446   -1.022984
Name: obs-prior, Length: 8447, dtype: float64
0      -1.349926
1       1.213869
2       1.977364
3       1.866419
4       1.491029
          ...   
8442    0.986118
8443    0.197073
8444   -0.596928
8445    0.481125
8446   -1.022984
Name: obs-prior, Length: 8447, dtype: float64
0      -1.349926
1       1.213869
2       1.977364
3       1.866419
4       1.491029
          ...   
8442    0.986118
8443    0.197073
8444   -0.596928
8445    0.481125
8446   -1.022984
Name: obs-prior, Length: 8447, dtype: float64
0      -1.349926
1       1.213869
2       1.977364
3       1.866419
4       1.491029
          ...   
8442    0.986118
8443    0.197073
8444   -0.596928
8445    0.481125
8446   -1.022984
Name: obs-prior, Length: 8447, dtype: float64
0      -1.349926
1       1.213869
2       1.977364
3       1.866419
4       1.491029
          ...   
8442    0.986118
8443    0.197073
8444   -0.596928
8445    0.481125
8446   -1.022984
Name: obs-prior, Length: 8447, dtype: float64
0      -1.349926
1       1.213869
2       1.977364
3       1.866419
4       1.491029
          ...   
8442    0.986118
8443    0.197073
8444   -0.596928
8445    0.481125
8446   -1.022984
Name: obs-prior, Length: 8447, dtype: float64
0      -1.349926
1       1.213869
2       1.977364
3       1.866419
4       1.491029
          ...   
8442    0.986118
8443    0.197073
8444   -0.596928
8445    0.481125
8446   -1.022984
Name: obs-prior, Length: 8447, dtype: float64
0      -1.349926
1       1.213869
2       1.977364
3       1.866419
4       1.491029
          ...   
8442    0.986118
8443    0.197073
8444   -0.596928
8445    0.481125
8446   -1.022984
Name: obs-prior, Length: 8447, dtype: float64
0      -1.349926
1       1.213869
2       1.977364
3       1.866419
4       1.491029
          ...   
8442    0.986118
8443    0.197073
8444   -0.596928
8445    0.481125
8446   -1.022984
Name: obs-prior, Length: 8447, dtype: float64
0      -1.349926
1       1.213869
2       1.977364
3       1.866419
4       1.491029
          ...   
8442    0.986118
8443    0.197073
8444   -0.596928
8445    0.481125
8446   -1.022984
Name: obs-prior, Length: 8447, dtype: float64
0      -1.349926
1       1.213869
2       1.977364
3       1.866419
4       1.491029
          ...   
8442    0.986118
8443    0.197073
8444   -0.596928
8445    0.481125
8446   -1.022984
Name: obs-prior, Length: 8447, dtype: float64
0      -1.349926
1       1.213869
2       1.977364
3       1.866419
4       1.491029
          ...   
8442    0.986118
8443    0.197073
8444   -0.596928
8445    0.481125
8446   -1.022984
Name: obs-prior, Length: 8447, dtype: float64
0      -1.349926
1       1.213869
2       1.977364
3       1.866419
4       1.491029
          ...   
8442    0.986118
8443    0.197073
8444   -0.596928
8445    0.481125
8446   -1.022984
Name: obs-prior, Length: 8447, dtype: float64
 region:  SH
0     -1.530889
1     -1.479130
2      2.858663
3     -1.203757
4     -7.408416
         ...   
142   -2.382096
143    0.259903
144   -1.923822
145   -1.261624
146    0.776977
Name: obs-prior, Length: 147, dtype: float64
0     -1.530889
1     -1.479130
2      2.858663
3     -1.203757
4     -7.408416
         ...   
142   -2.382096
143    0.259903
144   -1.923822
145   -1.261624
146    0.776977
Name: obs-prior, Length: 147, dtype: float64
0     -1.530889
1     -1.479130
2      2.858663
3     -1.203757
4     -7.408416
         ...   
142   -2.382096
143    0.259903
144   -1.923822
145   -1.261624
146    0.776977
Name: obs-prior, Length: 147, dtype: float64
0     -1.530889
1     -1.479130
2      2.858663
3     -1.203757
4     -7.408416
         ...   
142   -2.382096
143    0.259903
144   -1.923822
145   -1.261624
146    0.776977
Name: obs-prior, Length: 147, dtype: float64
0     -1.530889
1     -1.479130
2      2.858663
3     -1.203757
4     -7.408416
         ...   
142   -2.382096
143    0.259903
144   -1.923822
145   -1.261624
146    0.776977
Name: obs-prior, Length: 147, dtype: float64
0     -1.530889
1     -1.479130
2      2.858663
3     -1.203757
4     -7.408416
         ...   
142   -2.382096
143    0.259903
144   -1.923822
145   -1.261624
146    0.776977
Name: obs-prior, Length: 147, dtype: float64
0     -1.530889
1     -1.479130
2      2.858663
3     -1.203757
4     -7.408416
         ...   
142   -2.382096
143    0.259903
144   -1.923822
145   -1.261624
146    0.776977
Name: obs-prior, Length: 147, dtype: float64
0     -1.530889
1     -1.479130
2      2.858663
3     -1.203757
4     -7.408416
         ...   
142   -2.382096
143    0.259903
144   -1.923822
145   -1.261624
146    0.776977
Name: obs-prior, Length: 147, dtype: float64
0     -1.530889
1     -1.479130
2      2.858663
3     -1.203757
4     -7.408416
         ...   
142   -2.382096
143    0.259903
144   -1.923822
145   -1.261624
146    0.776977
Name: obs-prior, Length: 147, dtype: float64
0     -1.530889
1     -1.479130
2      2.858663
3     -1.203757
4     -7.408416
         ...   
142   -2.382096
143    0.259903
144   -1.923822
145   -1.261624
146    0.776977
Name: obs-prior, Length: 147, dtype: float64
0     -1.530889
1     -1.479130
2      2.858663
3     -1.203757
4     -7.408416
         ...   
142   -2.382096
143    0.259903
144   -1.923822
145   -1.261624
146    0.776977
Name: obs-prior, Length: 147, dtype: float64
0     -1.530889
1     -1.479130
2      2.858663
3     -1.203757
4     -7.408416
         ...   
142   -2.382096
143    0.259903
144   -1.923822
145   -1.261624
146    0.776977
Name: obs-prior, Length: 147, dtype: float64
0     -1.530889
1     -1.479130
2      2.858663
3     -1.203757
4     -7.408416
         ...   
142   -2.382096
143    0.259903
144   -1.923822
145   -1.261624
146    0.776977
Name: obs-prior, Length: 147, dtype: float64
0     -1.530889
1     -1.479130
2      2.858663
3     -1.203757
4     -7.408416
         ...   
142   -2.382096
143    0.259903
144   -1.923822
145   -1.261624
146    0.776977
Name: obs-prior, Length: 147, dtype: float64
0     -1.530889
1     -1.479130
2      2.858663
3     -1.203757
4     -7.408416
         ...   
142   -2.382096
143    0.259903
144   -1.923822
145   -1.261624
146    0.776977
Name: obs-prior, Length: 147, dtype: float64
0     -1.530889
1     -1.479130
2      2.858663
3     -1.203757
4     -7.408416
         ...   
142   -2.382096
143    0.259903
144   -1.923822
145   -1.261624
146    0.776977
Name: obs-prior, Length: 147, dtype: float64
0     -1.530889
1     -1.479130
2      2.858663
3     -1.203757
4     -7.408416
         ...   
142   -2.382096
143    0.259903
144   -1.923822
145   -1.261624
146    0.776977
Name: obs-prior, Length: 147, dtype: float64
 region:  TR
0       1.630057
1       0.298273
2      -2.192409
3      -0.335801
4       4.318609
          ...   
1646   -1.211521
1647   -1.395286
1648    2.404810
1649   -2.191892
1650    0.660643
Name: obs-prior, Length: 1651, dtype: float64
0       1.630057
1       0.298273
2      -2.192409
3      -0.335801
4       4.318609
          ...   
1646   -1.211521
1647   -1.395286
1648    2.404810
1649   -2.191892
1650    0.660643
Name: obs-prior, Length: 1651, dtype: float64
0       1.630057
1       0.298273
2      -2.192409
3      -0.335801
4       4.318609
          ...   
1646   -1.211521
1647   -1.395286
1648    2.404810
1649   -2.191892
1650    0.660643
Name: obs-prior, Length: 1651, dtype: float64
0       1.630057
1       0.298273
2      -2.192409
3      -0.335801
4       4.318609
          ...   
1646   -1.211521
1647   -1.395286
1648    2.404810
1649   -2.191892
1650    0.660643
Name: obs-prior, Length: 1651, dtype: float64
0       1.630057
1       0.298273
2      -2.192409
3      -0.335801
4       4.318609
          ...   
1646   -1.211521
1647   -1.395286
1648    2.404810
1649   -2.191892
1650    0.660643
Name: obs-prior, Length: 1651, dtype: float64
0       1.630057
1       0.298273
2      -2.192409
3      -0.335801
4       4.318609
          ...   
1646   -1.211521
1647   -1.395286
1648    2.404810
1649   -2.191892
1650    0.660643
Name: obs-prior, Length: 1651, dtype: float64
0       1.630057
1       0.298273
2      -2.192409
3      -0.335801
4       4.318609
          ...   
1646   -1.211521
1647   -1.395286
1648    2.404810
1649   -2.191892
1650    0.660643
Name: obs-prior, Length: 1651, dtype: float64
0       1.630057
1       0.298273
2      -2.192409
3      -0.335801
4       4.318609
          ...   
1646   -1.211521
1647   -1.395286
1648    2.404810
1649   -2.191892
1650    0.660643
Name: obs-prior, Length: 1651, dtype: float64
0       1.630057
1       0.298273
2      -2.192409
3      -0.335801
4       4.318609
          ...   
1646   -1.211521
1647   -1.395286
1648    2.404810
1649   -2.191892
1650    0.660643
Name: obs-prior, Length: 1651, dtype: float64
0       1.630057
1       0.298273
2      -2.192409
3      -0.335801
4       4.318609
          ...   
1646   -1.211521
1647   -1.395286
1648    2.404810
1649   -2.191892
1650    0.660643
Name: obs-prior, Length: 1651, dtype: float64
0       1.630057
1       0.298273
2      -2.192409
3      -0.335801
4       4.318609
          ...   
1646   -1.211521
1647   -1.395286
1648    2.404810
1649   -2.191892
1650    0.660643
Name: obs-prior, Length: 1651, dtype: float64
0       1.630057
1       0.298273
2      -2.192409
3      -0.335801
4       4.318609
          ...   
1646   -1.211521
1647   -1.395286
1648    2.404810
1649   -2.191892
1650    0.660643
Name: obs-prior, Length: 1651, dtype: float64
0       1.630057
1       0.298273
2      -2.192409
3      -0.335801
4       4.318609
          ...   
1646   -1.211521
1647   -1.395286
1648    2.404810
1649   -2.191892
1650    0.660643
Name: obs-prior, Length: 1651, dtype: float64
0       1.630057
1       0.298273
2      -2.192409
3      -0.335801
4       4.318609
          ...   
1646   -1.211521
1647   -1.395286
1648    2.404810
1649   -2.191892
1650    0.660643
Name: obs-prior, Length: 1651, dtype: float64
0       1.630057
1       0.298273
2      -2.192409
3      -0.335801
4       4.318609
          ...   
1646   -1.211521
1647   -1.395286
1648    2.404810
1649   -2.191892
1650    0.660643
Name: obs-prior, Length: 1651, dtype: float64
0       1.630057
1       0.298273
2      -2.192409
3      -0.335801
4       4.318609
          ...   
1646   -1.211521
1647   -1.395286
1648    2.404810
1649   -2.191892
1650    0.660643
Name: obs-prior, Length: 1651, dtype: float64
0       1.630057
1       0.298273
2      -2.192409
3      -0.335801
4       4.318609
          ...   
1646   -1.211521
1647   -1.395286
1648    2.404810
1649   -2.191892
1650    0.660643
Name: obs-prior, Length: 1651, dtype: float64

 processing obs:  ACARS_TEMPERATURE
 region:  Global
0        0.524580
1       -0.766671
2        0.360726
3        0.957665
4        0.649347
           ...   
12618   -0.827293
12619    0.835648
12620    0.005184
12621   -0.672568
12622   -2.078472
Name: obs-prior, Length: 12623, dtype: float64
0        0.524580
1       -0.766671
2        0.360726
3        0.957665
4        0.649347
           ...   
12618   -0.827293
12619    0.835648
12620    0.005184
12621   -0.672568
12622   -2.078472
Name: obs-prior, Length: 12623, dtype: float64
0        0.524580
1       -0.766671
2        0.360726
3        0.957665
4        0.649347
           ...   
12618   -0.827293
12619    0.835648
12620    0.005184
12621   -0.672568
12622   -2.078472
Name: obs-prior, Length: 12623, dtype: float64
0        0.524580
1       -0.766671
2        0.360726
3        0.957665
4        0.649347
           ...   
12618   -0.827293
12619    0.835648
12620    0.005184
12621   -0.672568
12622   -2.078472
Name: obs-prior, Length: 12623, dtype: float64
0        0.524580
1       -0.766671
2        0.360726
3        0.957665
4        0.649347
           ...   
12618   -0.827293
12619    0.835648
12620    0.005184
12621   -0.672568
12622   -2.078472
Name: obs-prior, Length: 12623, dtype: float64
0        0.524580
1       -0.766671
2        0.360726
3        0.957665
4        0.649347
           ...   
12618   -0.827293
12619    0.835648
12620    0.005184
12621   -0.672568
12622   -2.078472
Name: obs-prior, Length: 12623, dtype: float64
0        0.524580
1       -0.766671
2        0.360726
3        0.957665
4        0.649347
           ...   
12618   -0.827293
12619    0.835648
12620    0.005184
12621   -0.672568
12622   -2.078472
Name: obs-prior, Length: 12623, dtype: float64
0        0.524580
1       -0.766671
2        0.360726
3        0.957665
4        0.649347
           ...   
12618   -0.827293
12619    0.835648
12620    0.005184
12621   -0.672568
12622   -2.078472
Name: obs-prior, Length: 12623, dtype: float64
0        0.524580
1       -0.766671
2        0.360726
3        0.957665
4        0.649347
           ...   
12618   -0.827293
12619    0.835648
12620    0.005184
12621   -0.672568
12622   -2.078472
Name: obs-prior, Length: 12623, dtype: float64
0        0.524580
1       -0.766671
2        0.360726
3        0.957665
4        0.649347
           ...   
12618   -0.827293
12619    0.835648
12620    0.005184
12621   -0.672568
12622   -2.078472
Name: obs-prior, Length: 12623, dtype: float64
0        0.524580
1       -0.766671
2        0.360726
3        0.957665
4        0.649347
           ...   
12618   -0.827293
12619    0.835648
12620    0.005184
12621   -0.672568
12622   -2.078472
Name: obs-prior, Length: 12623, dtype: float64
0        0.524580
1       -0.766671
2        0.360726
3        0.957665
4        0.649347
           ...   
12618   -0.827293
12619    0.835648
12620    0.005184
12621   -0.672568
12622   -2.078472
Name: obs-prior, Length: 12623, dtype: float64
0        0.524580
1       -0.766671
2        0.360726
3        0.957665
4        0.649347
           ...   
12618   -0.827293
12619    0.835648
12620    0.005184
12621   -0.672568
12622   -2.078472
Name: obs-prior, Length: 12623, dtype: float64
0        0.524580
1       -0.766671
2        0.360726
3        0.957665
4        0.649347
           ...   
12618   -0.827293
12619    0.835648
12620    0.005184
12621   -0.672568
12622   -2.078472
Name: obs-prior, Length: 12623, dtype: float64
0        0.524580
1       -0.766671
2        0.360726
3        0.957665
4        0.649347
           ...   
12618   -0.827293
12619    0.835648
12620    0.005184
12621   -0.672568
12622   -2.078472
Name: obs-prior, Length: 12623, dtype: float64
0        0.524580
1       -0.766671
2        0.360726
3        0.957665
4        0.649347
           ...   
12618   -0.827293
12619    0.835648
12620    0.005184
12621   -0.672568
12622   -2.078472
Name: obs-prior, Length: 12623, dtype: float64
0        0.524580
1       -0.766671
2        0.360726
3        0.957665
4        0.649347
           ...   
12618   -0.827293
12619    0.835648
12620    0.005184
12621   -0.672568
12622   -2.078472
Name: obs-prior, Length: 12623, dtype: float64
 region:  NH
0        0.524580
1       -0.766671
2        0.360726
3        0.957665
4        0.649347
           ...   
10941    0.530479
10942    0.835648
10943    0.005184
10944   -0.672568
10945   -2.078472
Name: obs-prior, Length: 10946, dtype: float64
0        0.524580
1       -0.766671
2        0.360726
3        0.957665
4        0.649347
           ...   
10941    0.530479
10942    0.835648
10943    0.005184
10944   -0.672568
10945   -2.078472
Name: obs-prior, Length: 10946, dtype: float64
0        0.524580
1       -0.766671
2        0.360726
3        0.957665
4        0.649347
           ...   
10941    0.530479
10942    0.835648
10943    0.005184
10944   -0.672568
10945   -2.078472
Name: obs-prior, Length: 10946, dtype: float64
0        0.524580
1       -0.766671
2        0.360726
3        0.957665
4        0.649347
           ...   
10941    0.530479
10942    0.835648
10943    0.005184
10944   -0.672568
10945   -2.078472
Name: obs-prior, Length: 10946, dtype: float64
0        0.524580
1       -0.766671
2        0.360726
3        0.957665
4        0.649347
           ...   
10941    0.530479
10942    0.835648
10943    0.005184
10944   -0.672568
10945   -2.078472
Name: obs-prior, Length: 10946, dtype: float64
0        0.524580
1       -0.766671
2        0.360726
3        0.957665
4        0.649347
           ...   
10941    0.530479
10942    0.835648
10943    0.005184
10944   -0.672568
10945   -2.078472
Name: obs-prior, Length: 10946, dtype: float64
0        0.524580
1       -0.766671
2        0.360726
3        0.957665
4        0.649347
           ...   
10941    0.530479
10942    0.835648
10943    0.005184
10944   -0.672568
10945   -2.078472
Name: obs-prior, Length: 10946, dtype: float64
0        0.524580
1       -0.766671
2        0.360726
3        0.957665
4        0.649347
           ...   
10941    0.530479
10942    0.835648
10943    0.005184
10944   -0.672568
10945   -2.078472
Name: obs-prior, Length: 10946, dtype: float64
0        0.524580
1       -0.766671
2        0.360726
3        0.957665
4        0.649347
           ...   
10941    0.530479
10942    0.835648
10943    0.005184
10944   -0.672568
10945   -2.078472
Name: obs-prior, Length: 10946, dtype: float64
0        0.524580
1       -0.766671
2        0.360726
3        0.957665
4        0.649347
           ...   
10941    0.530479
10942    0.835648
10943    0.005184
10944   -0.672568
10945   -2.078472
Name: obs-prior, Length: 10946, dtype: float64
0        0.524580
1       -0.766671
2        0.360726
3        0.957665
4        0.649347
           ...   
10941    0.530479
10942    0.835648
10943    0.005184
10944   -0.672568
10945   -2.078472
Name: obs-prior, Length: 10946, dtype: float64
0        0.524580
1       -0.766671
2        0.360726
3        0.957665
4        0.649347
           ...   
10941    0.530479
10942    0.835648
10943    0.005184
10944   -0.672568
10945   -2.078472
Name: obs-prior, Length: 10946, dtype: float64
0        0.524580
1       -0.766671
2        0.360726
3        0.957665
4        0.649347
           ...   
10941    0.530479
10942    0.835648
10943    0.005184
10944   -0.672568
10945   -2.078472
Name: obs-prior, Length: 10946, dtype: float64
0        0.524580
1       -0.766671
2        0.360726
3        0.957665
4        0.649347
           ...   
10941    0.530479
10942    0.835648
10943    0.005184
10944   -0.672568
10945   -2.078472
Name: obs-prior, Length: 10946, dtype: float64
0        0.524580
1       -0.766671
2        0.360726
3        0.957665
4        0.649347
           ...   
10941    0.530479
10942    0.835648
10943    0.005184
10944   -0.672568
10945   -2.078472
Name: obs-prior, Length: 10946, dtype: float64
0        0.524580
1       -0.766671
2        0.360726
3        0.957665
4        0.649347
           ...   
10941    0.530479
10942    0.835648
10943    0.005184
10944   -0.672568
10945   -2.078472
Name: obs-prior, Length: 10946, dtype: float64
0        0.524580
1       -0.766671
2        0.360726
3        0.957665
4        0.649347
           ...   
10941    0.530479
10942    0.835648
10943    0.005184
10944   -0.672568
10945   -2.078472
Name: obs-prior, Length: 10946, dtype: float64
 region:  SH
0      0.523526
1     -0.934992
2     -0.573457
3      0.088595
4      0.034574
         ...   
119    0.972632
120    1.225928
121    1.200896
122   -0.840881
123   -0.288095
Name: obs-prior, Length: 124, dtype: float64
0      0.523526
1     -0.934992
2     -0.573457
3      0.088595
4      0.034574
         ...   
119    0.972632
120    1.225928
121    1.200896
122   -0.840881
123   -0.288095
Name: obs-prior, Length: 124, dtype: float64
0      0.523526
1     -0.934992
2     -0.573457
3      0.088595
4      0.034574
         ...   
119    0.972632
120    1.225928
121    1.200896
122   -0.840881
123   -0.288095
Name: obs-prior, Length: 124, dtype: float64
0      0.523526
1     -0.934992
2     -0.573457
3      0.088595
4      0.034574
         ...   
119    0.972632
120    1.225928
121    1.200896
122   -0.840881
123   -0.288095
Name: obs-prior, Length: 124, dtype: float64
0      0.523526
1     -0.934992
2     -0.573457
3      0.088595
4      0.034574
         ...   
119    0.972632
120    1.225928
121    1.200896
122   -0.840881
123   -0.288095
Name: obs-prior, Length: 124, dtype: float64
0      0.523526
1     -0.934992
2     -0.573457
3      0.088595
4      0.034574
         ...   
119    0.972632
120    1.225928
121    1.200896
122   -0.840881
123   -0.288095
Name: obs-prior, Length: 124, dtype: float64
0      0.523526
1     -0.934992
2     -0.573457
3      0.088595
4      0.034574
         ...   
119    0.972632
120    1.225928
121    1.200896
122   -0.840881
123   -0.288095
Name: obs-prior, Length: 124, dtype: float64
0      0.523526
1     -0.934992
2     -0.573457
3      0.088595
4      0.034574
         ...   
119    0.972632
120    1.225928
121    1.200896
122   -0.840881
123   -0.288095
Name: obs-prior, Length: 124, dtype: float64
0      0.523526
1     -0.934992
2     -0.573457
3      0.088595
4      0.034574
         ...   
119    0.972632
120    1.225928
121    1.200896
122   -0.840881
123   -0.288095
Name: obs-prior, Length: 124, dtype: float64
0      0.523526
1     -0.934992
2     -0.573457
3      0.088595
4      0.034574
         ...   
119    0.972632
120    1.225928
121    1.200896
122   -0.840881
123   -0.288095
Name: obs-prior, Length: 124, dtype: float64
0      0.523526
1     -0.934992
2     -0.573457
3      0.088595
4      0.034574
         ...   
119    0.972632
120    1.225928
121    1.200896
122   -0.840881
123   -0.288095
Name: obs-prior, Length: 124, dtype: float64
0      0.523526
1     -0.934992
2     -0.573457
3      0.088595
4      0.034574
         ...   
119    0.972632
120    1.225928
121    1.200896
122   -0.840881
123   -0.288095
Name: obs-prior, Length: 124, dtype: float64
0      0.523526
1     -0.934992
2     -0.573457
3      0.088595
4      0.034574
         ...   
119    0.972632
120    1.225928
121    1.200896
122   -0.840881
123   -0.288095
Name: obs-prior, Length: 124, dtype: float64
0      0.523526
1     -0.934992
2     -0.573457
3      0.088595
4      0.034574
         ...   
119    0.972632
120    1.225928
121    1.200896
122   -0.840881
123   -0.288095
Name: obs-prior, Length: 124, dtype: float64
0      0.523526
1     -0.934992
2     -0.573457
3      0.088595
4      0.034574
         ...   
119    0.972632
120    1.225928
121    1.200896
122   -0.840881
123   -0.288095
Name: obs-prior, Length: 124, dtype: float64
0      0.523526
1     -0.934992
2     -0.573457
3      0.088595
4      0.034574
         ...   
119    0.972632
120    1.225928
121    1.200896
122   -0.840881
123   -0.288095
Name: obs-prior, Length: 124, dtype: float64
0      0.523526
1     -0.934992
2     -0.573457
3      0.088595
4      0.034574
         ...   
119    0.972632
120    1.225928
121    1.200896
122   -0.840881
123   -0.288095
Name: obs-prior, Length: 124, dtype: float64
 region:  TR
0       0.708777
1       0.249549
2       0.085578
3       0.946313
4       0.115137
          ...   
1548   -0.574680
1549   -0.308722
1550    0.483829
1551   -0.522406
1552   -0.827293
Name: obs-prior, Length: 1553, dtype: float64
0       0.708777
1       0.249549
2       0.085578
3       0.946313
4       0.115137
          ...   
1548   -0.574680
1549   -0.308722
1550    0.483829
1551   -0.522406
1552   -0.827293
Name: obs-prior, Length: 1553, dtype: float64
0       0.708777
1       0.249549
2       0.085578
3       0.946313
4       0.115137
          ...   
1548   -0.574680
1549   -0.308722
1550    0.483829
1551   -0.522406
1552   -0.827293
Name: obs-prior, Length: 1553, dtype: float64
0       0.708777
1       0.249549
2       0.085578
3       0.946313
4       0.115137
          ...   
1548   -0.574680
1549   -0.308722
1550    0.483829
1551   -0.522406
1552   -0.827293
Name: obs-prior, Length: 1553, dtype: float64
0       0.708777
1       0.249549
2       0.085578
3       0.946313
4       0.115137
          ...   
1548   -0.574680
1549   -0.308722
1550    0.483829
1551   -0.522406
1552   -0.827293
Name: obs-prior, Length: 1553, dtype: float64
0       0.708777
1       0.249549
2       0.085578
3       0.946313
4       0.115137
          ...   
1548   -0.574680
1549   -0.308722
1550    0.483829
1551   -0.522406
1552   -0.827293
Name: obs-prior, Length: 1553, dtype: float64
0       0.708777
1       0.249549
2       0.085578
3       0.946313
4       0.115137
          ...   
1548   -0.574680
1549   -0.308722
1550    0.483829
1551   -0.522406
1552   -0.827293
Name: obs-prior, Length: 1553, dtype: float64
0       0.708777
1       0.249549
2       0.085578
3       0.946313
4       0.115137
          ...   
1548   -0.574680
1549   -0.308722
1550    0.483829
1551   -0.522406
1552   -0.827293
Name: obs-prior, Length: 1553, dtype: float64
0       0.708777
1       0.249549
2       0.085578
3       0.946313
4       0.115137
          ...   
1548   -0.574680
1549   -0.308722
1550    0.483829
1551   -0.522406
1552   -0.827293
Name: obs-prior, Length: 1553, dtype: float64
0       0.708777
1       0.249549
2       0.085578
3       0.946313
4       0.115137
          ...   
1548   -0.574680
1549   -0.308722
1550    0.483829
1551   -0.522406
1552   -0.827293
Name: obs-prior, Length: 1553, dtype: float64
0       0.708777
1       0.249549
2       0.085578
3       0.946313
4       0.115137
          ...   
1548   -0.574680
1549   -0.308722
1550    0.483829
1551   -0.522406
1552   -0.827293
Name: obs-prior, Length: 1553, dtype: float64
0       0.708777
1       0.249549
2       0.085578
3       0.946313
4       0.115137
          ...   
1548   -0.574680
1549   -0.308722
1550    0.483829
1551   -0.522406
1552   -0.827293
Name: obs-prior, Length: 1553, dtype: float64
0       0.708777
1       0.249549
2       0.085578
3       0.946313
4       0.115137
          ...   
1548   -0.574680
1549   -0.308722
1550    0.483829
1551   -0.522406
1552   -0.827293
Name: obs-prior, Length: 1553, dtype: float64
0       0.708777
1       0.249549
2       0.085578
3       0.946313
4       0.115137
          ...   
1548   -0.574680
1549   -0.308722
1550    0.483829
1551   -0.522406
1552   -0.827293
Name: obs-prior, Length: 1553, dtype: float64
0       0.708777
1       0.249549
2       0.085578
3       0.946313
4       0.115137
          ...   
1548   -0.574680
1549   -0.308722
1550    0.483829
1551   -0.522406
1552   -0.827293
Name: obs-prior, Length: 1553, dtype: float64
0       0.708777
1       0.249549
2       0.085578
3       0.946313
4       0.115137
          ...   
1548   -0.574680
1549   -0.308722
1550    0.483829
1551   -0.522406
1552   -0.827293
Name: obs-prior, Length: 1553, dtype: float64
0       0.708777
1       0.249549
2       0.085578
3       0.946313
4       0.115137
          ...   
1548   -0.574680
1549   -0.308722
1550    0.483829
1551   -0.522406
1552   -0.827293
Name: obs-prior, Length: 1553, dtype: float64

 processing obs:  SAT_U_WIND_COMPONENT
 region:  Global
 No obs:  SAT_U_WIND_COMPONENT  in region:  Global  at this time.
 region:  NH
 No obs:  SAT_U_WIND_COMPONENT  in region:  NH  at this time.
 region:  SH
 No obs:  SAT_U_WIND_COMPONENT  in region:  SH  at this time.
 region:  TR
 No obs:  SAT_U_WIND_COMPONENT  in region:  TR  at this time.

 processing obs:  SAT_V_WIND_COMPONENT
 region:  Global
 No obs:  SAT_V_WIND_COMPONENT  in region:  Global  at this time.
 region:  NH
 No obs:  SAT_V_WIND_COMPONENT  in region:  NH  at this time.
 region:  SH
 No obs:  SAT_V_WIND_COMPONENT  in region:  SH  at this time.
 region:  TR
 No obs:  SAT_V_WIND_COMPONENT  in region:  TR  at this time.

 processing obs:  GPSRO_REFRACTIVITY
 region:  Global
 No obs:  GPSRO_REFRACTIVITY  in region:  Global  at this time.
 region:  NH
 No obs:  GPSRO_REFRACTIVITY  in region:  NH  at this time.
 region:  SH
 No obs:  GPSRO_REFRACTIVITY  in region:  SH  at this time.
 region:  TR
 No obs:  GPSRO_REFRACTIVITY  in region:  TR  at this time.

 processing obs:  EOS_2_AMSUA_TB
 region:  Global
 No obs:  EOS_2_AMSUA_TB  in region:  Global  at this time.
 region:  NH
 No obs:  EOS_2_AMSUA_TB  in region:  NH  at this time.
 region:  SH
 No obs:  EOS_2_AMSUA_TB  in region:  SH  at this time.
 region:  TR
 No obs:  EOS_2_AMSUA_TB  in region:  TR  at this time.

 processing obs:  NOAA_15_AMSUA_TB
 region:  Global
 No obs:  NOAA_15_AMSUA_TB  in region:  Global  at this time.
 region:  NH
 No obs:  NOAA_15_AMSUA_TB  in region:  NH  at this time.
 region:  SH
 No obs:  NOAA_15_AMSUA_TB  in region:  SH  at this time.
 region:  TR
 No obs:  NOAA_15_AMSUA_TB  in region:  TR  at this time.

 processing obs:  NOAA_16_AMSUA_TB
 region:  Global
 No obs:  NOAA_16_AMSUA_TB  in region:  Global  at this time.
 region:  NH
 No obs:  NOAA_16_AMSUA_TB  in region:  NH  at this time.
 region:  SH
 No obs:  NOAA_16_AMSUA_TB  in region:  SH  at this time.
 region:  TR
 No obs:  NOAA_16_AMSUA_TB  in region:  TR  at this time.

 processing obs:  NOAA_17_AMSUA_TB
 region:  Global
 No obs:  NOAA_17_AMSUA_TB  in region:  Global  at this time.
 region:  NH
 No obs:  NOAA_17_AMSUA_TB  in region:  NH  at this time.
 region:  SH
 No obs:  NOAA_17_AMSUA_TB  in region:  SH  at this time.
 region:  TR
 No obs:  NOAA_17_AMSUA_TB  in region:  TR  at this time.

 processing obs:  NOAA_18_AMSUA_TB
 region:  Global
 No obs:  NOAA_18_AMSUA_TB  in region:  Global  at this time.
 region:  NH
 No obs:  NOAA_18_AMSUA_TB  in region:  NH  at this time.
 region:  SH
 No obs:  NOAA_18_AMSUA_TB  in region:  SH  at this time.
 region:  TR
 No obs:  NOAA_18_AMSUA_TB  in region:  TR  at this time.

 processing obs:  NOAA_19_AMSUA_TB
 region:  Global
 No obs:  NOAA_19_AMSUA_TB  in region:  Global  at this time.
 region:  NH
 No obs:  NOAA_19_AMSUA_TB  in region:  NH  at this time.
 region:  SH
 No obs:  NOAA_19_AMSUA_TB  in region:  SH  at this time.
 region:  TR
 No obs:  NOAA_19_AMSUA_TB  in region:  TR  at this time.

 processing obs:  METOP_1_AMSUA_TB
 region:  Global
 No obs:  METOP_1_AMSUA_TB  in region:  Global  at this time.
 region:  NH
 No obs:  METOP_1_AMSUA_TB  in region:  NH  at this time.
 region:  SH
 No obs:  METOP_1_AMSUA_TB  in region:  SH  at this time.
 region:  TR
 No obs:  METOP_1_AMSUA_TB  in region:  TR  at this time.

 processing obs:  METOP_2_AMSUA_TB
 region:  Global
 No obs:  METOP_2_AMSUA_TB  in region:  Global  at this time.
 region:  NH
 No obs:  METOP_2_AMSUA_TB  in region:  NH  at this time.
 region:  SH
 No obs:  METOP_2_AMSUA_TB  in region:  SH  at this time.
 region:  TR
 No obs:  METOP_2_AMSUA_TB  in region:  TR  at this time.

 processing obs:  VADWND_U_WIND_COMPONENT
 region:  Global
 No obs:  VADWND_U_WIND_COMPONENT  in region:  Global  at this time.
 region:  NH
 No obs:  VADWND_U_WIND_COMPONENT  in region:  NH  at this time.
 region:  SH
 No obs:  VADWND_U_WIND_COMPONENT  in region:  SH  at this time.
 region:  TR
 No obs:  VADWND_U_WIND_COMPONENT  in region:  TR  at this time.

 processing obs:  VADWND_V_WIND_COMPONENT
 region:  Global
 No obs:  VADWND_V_WIND_COMPONENT  in region:  Global  at this time.
 region:  NH
 No obs:  VADWND_V_WIND_COMPONENT  in region:  NH  at this time.
 region:  SH
 No obs:  VADWND_V_WIND_COMPONENT  in region:  SH  at this time.
 region:  TR
 No obs:  VADWND_V_WIND_COMPONENT  in region:  TR  at this time.

 processing obs:  LAND_SFC_PRESSURE
 region:  Global
 No obs:  LAND_SFC_PRESSURE  in region:  Global  at this time.
 region:  NH
 No obs:  LAND_SFC_PRESSURE  in region:  NH  at this time.
 region:  SH
 No obs:  LAND_SFC_PRESSURE  in region:  SH  at this time.
 region:  TR
 No obs:  LAND_SFC_PRESSURE  in region:  TR  at this time.

 processing obs:  MARINE_SFC_PRESSURE
 region:  Global
 No obs:  MARINE_SFC_PRESSURE  in region:  Global  at this time.
 region:  NH
 No obs:  MARINE_SFC_PRESSURE  in region:  NH  at this time.
 region:  SH
 No obs:  MARINE_SFC_PRESSURE  in region:  SH  at this time.
 region:  TR
 No obs:  MARINE_SFC_PRESSURE  in region:  TR  at this time.
Save assimilated: Global
Save assimilated: SH
Save assimilated: NH
Save assimilated: TR

 2024-03-25 13:47:18.663473
Execution Time:  0:00:08.043957

 -------------------- END ------------------- 

	Command being timed: "/work/cmcc/mg20022/.conda/envs/guatura/bin/python ./quick_spreads_diag.py"
	User time (seconds): 6.35
	System time (seconds): 3.52
	Percent of CPU this job got: 113%
	Elapsed (wall clock) time (h:mm:ss or m:ss): 0:08.70
	Average shared text size (kbytes): 0
	Average unshared data size (kbytes): 0
	Average stack size (kbytes): 0
	Average total size (kbytes): 0
	Maximum resident set size (kbytes): 378800
	Average resident set size (kbytes): 0
	Major (requiring I/O) page faults: 0
	Minor (reclaiming a frame) page faults: 50916
	Voluntary context switches: 4405
	Involuntary context switches: 1008464
	Swaps: 0
	File system inputs: 0
	File system outputs: 0
	Socket messages sent: 0
	Socket messages received: 0
	Signals delivered: 0
	Page size (bytes): 4096
	Exit status: 0
