STARTING

 2024-03-25 13:47:02.533638

 Computation parameters:
 Experiment name:  arc2
 Start date:  2017-10-04-00000
 End date:  2017-10-04-00000
 Path archive:  /work/cmcc/gc02720/CMCC-CM/archive
 Path experiment:  /work/cmcc/gc02720/CMCC-CM/archive/arc2
 Path save:  /work/cmcc/gc02720/CMCC-CM/basic_diag/arc2/2017-10-04-00000
 Observation to process:  ['RADIOSONDE_U_WIND_COMPONENT', 'RADIOSONDE_V_WIND_COMPONENT', 'RADIOSONDE_TEMPERATURE', 'AIRCRAFT_U_WIND_COMPONENT', 'AIRCRAFT_V_WIND_COMPONENT', 'AIRCRAFT_TEMPERATURE', 'ACARS_U_WIND_COMPONENT', 'ACARS_V_WIND_COMPONENT', 'ACARS_TEMPERATURE', 'SAT_U_WIND_COMPONENT', 'SAT_V_WIND_COMPONENT', 'GPSRO_REFRACTIVITY', 'EOS_2_AMSUA_TB', 'NOAA_15_AMSUA_TB', 'NOAA_16_AMSUA_TB', 'NOAA_17_AMSUA_TB', 'NOAA_18_AMSUA_TB', 'NOAA_19_AMSUA_TB', 'METOP_1_AMSUA_TB', 'METOP_2_AMSUA_TB', 'VADWND_U_WIND_COMPONENT', 'VADWND_V_WIND_COMPONENT', 'LAND_SFC_PRESSURE', 'MARINE_SFC_PRESSURE']
 Reference levels:  (1014, 950, 900, 850, 800, 750, 700, 650, 600, 550, 500, 450, 400, 350, 300, 250, 200, 150, 90, 50, 25, 10, 5, 2.5, 1)

 Successfully created the directory /work/cmcc/gc02720/CMCC-CM/basic_diag/arc2/2017-10-04-00000 
 Center layers:  [982.0, 925.0, 875.0, 825.0, 775.0, 725.0, 675.0, 625.0, 575.0, 525.0, 475.0, 425.0, 375.0, 325.0, 275.0, 225.0, 175.0, 120.0, 70.0, 37.5, 17.5, 7.5, 3.75, 1.75]

 Start the computation...

 dir to process:  ['arc2-2017-10-04-00000']

 dir:  /work/cmcc/gc02720/CMCC-CM/archive/arc2/arc2-2017-10-04-00000
 dir number  1  out of  1
 listdb=  ['/work/cmcc/gc02720/CMCC-CM/archive/arc2/arc2-2017-10-04-00000/arc2.spreads.ARC.1.2017-10-04-00000.db', '/work/cmcc/gc02720/CMCC-CM/archive/arc2/arc2-2017-10-04-00000/arc2.spreads.ARC.3.2017-10-04-00000.db']
 listdb len=  2
 maskdb=  [1, 1]
 maskdb len=  2
 loading info from:  /work/cmcc/gc02720/CMCC-CM/archive/arc2/arc2-2017-10-04-00000/arc2.spreads.ARC.1.2017-10-04-00000.db
 loading info from:  /work/cmcc/gc02720/CMCC-CM/archive/arc2/arc2-2017-10-04-00000/arc2.spreads.ARC.3.2017-10-04-00000.db

 processing obs:  RADIOSONDE_U_WIND_COMPONENT
 region:  Global
 No obs:  RADIOSONDE_U_WIND_COMPONENT  in region:  Global  at this time.
 region:  NH
 No obs:  RADIOSONDE_U_WIND_COMPONENT  in region:  NH  at this time.
 region:  SH
 No obs:  RADIOSONDE_U_WIND_COMPONENT  in region:  SH  at this time.
 region:  TR
 No obs:  RADIOSONDE_U_WIND_COMPONENT  in region:  TR  at this time.

 processing obs:  RADIOSONDE_V_WIND_COMPONENT
 region:  Global
 No obs:  RADIOSONDE_V_WIND_COMPONENT  in region:  Global  at this time.
 region:  NH
 No obs:  RADIOSONDE_V_WIND_COMPONENT  in region:  NH  at this time.
 region:  SH
 No obs:  RADIOSONDE_V_WIND_COMPONENT  in region:  SH  at this time.
 region:  TR
 No obs:  RADIOSONDE_V_WIND_COMPONENT  in region:  TR  at this time.

 processing obs:  RADIOSONDE_TEMPERATURE
 region:  Global
 No obs:  RADIOSONDE_TEMPERATURE  in region:  Global  at this time.
 region:  NH
 No obs:  RADIOSONDE_TEMPERATURE  in region:  NH  at this time.
 region:  SH
 No obs:  RADIOSONDE_TEMPERATURE  in region:  SH  at this time.
 region:  TR
 No obs:  RADIOSONDE_TEMPERATURE  in region:  TR  at this time.

 processing obs:  AIRCRAFT_U_WIND_COMPONENT
 region:  Global
0       3.090670
1       1.997810
2       0.400820
3       2.207383
4      -2.491408
          ...   
3376    0.609152
3377    3.273634
3378    2.521559
3379    2.802356
3380    1.198896
Name: obs-prior, Length: 3381, dtype: float64
0       3.090670
1       1.997810
2       0.400820
3       2.207383
4      -2.491408
          ...   
3376    0.609152
3377    3.273634
3378    2.521559
3379    2.802356
3380    1.198896
Name: obs-prior, Length: 3381, dtype: float64
0       3.090670
1       1.997810
2       0.400820
3       2.207383
4      -2.491408
          ...   
3376    0.609152
3377    3.273634
3378    2.521559
3379    2.802356
3380    1.198896
Name: obs-prior, Length: 3381, dtype: float64
0       3.090670
1       1.997810
2       0.400820
3       2.207383
4      -2.491408
          ...   
3376    0.609152
3377    3.273634
3378    2.521559
3379    2.802356
3380    1.198896
Name: obs-prior, Length: 3381, dtype: float64
0       3.090670
1       1.997810
2       0.400820
3       2.207383
4      -2.491408
          ...   
3376    0.609152
3377    3.273634
3378    2.521559
3379    2.802356
3380    1.198896
Name: obs-prior, Length: 3381, dtype: float64
0       3.090670
1       1.997810
2       0.400820
3       2.207383
4      -2.491408
          ...   
3376    0.609152
3377    3.273634
3378    2.521559
3379    2.802356
3380    1.198896
Name: obs-prior, Length: 3381, dtype: float64
0       3.090670
1       1.997810
2       0.400820
3       2.207383
4      -2.491408
          ...   
3376    0.609152
3377    3.273634
3378    2.521559
3379    2.802356
3380    1.198896
Name: obs-prior, Length: 3381, dtype: float64
0       3.090670
1       1.997810
2       0.400820
3       2.207383
4      -2.491408
          ...   
3376    0.609152
3377    3.273634
3378    2.521559
3379    2.802356
3380    1.198896
Name: obs-prior, Length: 3381, dtype: float64
0       3.090670
1       1.997810
2       0.400820
3       2.207383
4      -2.491408
          ...   
3376    0.609152
3377    3.273634
3378    2.521559
3379    2.802356
3380    1.198896
Name: obs-prior, Length: 3381, dtype: float64
0       3.090670
1       1.997810
2       0.400820
3       2.207383
4      -2.491408
          ...   
3376    0.609152
3377    3.273634
3378    2.521559
3379    2.802356
3380    1.198896
Name: obs-prior, Length: 3381, dtype: float64
0       3.090670
1       1.997810
2       0.400820
3       2.207383
4      -2.491408
          ...   
3376    0.609152
3377    3.273634
3378    2.521559
3379    2.802356
3380    1.198896
Name: obs-prior, Length: 3381, dtype: float64
0       3.090670
1       1.997810
2       0.400820
3       2.207383
4      -2.491408
          ...   
3376    0.609152
3377    3.273634
3378    2.521559
3379    2.802356
3380    1.198896
Name: obs-prior, Length: 3381, dtype: float64
0       3.090670
1       1.997810
2       0.400820
3       2.207383
4      -2.491408
          ...   
3376    0.609152
3377    3.273634
3378    2.521559
3379    2.802356
3380    1.198896
Name: obs-prior, Length: 3381, dtype: float64
0       3.090670
1       1.997810
2       0.400820
3       2.207383
4      -2.491408
          ...   
3376    0.609152
3377    3.273634
3378    2.521559
3379    2.802356
3380    1.198896
Name: obs-prior, Length: 3381, dtype: float64
0       3.090670
1       1.997810
2       0.400820
3       2.207383
4      -2.491408
          ...   
3376    0.609152
3377    3.273634
3378    2.521559
3379    2.802356
3380    1.198896
Name: obs-prior, Length: 3381, dtype: float64
0       3.090670
1       1.997810
2       0.400820
3       2.207383
4      -2.491408
          ...   
3376    0.609152
3377    3.273634
3378    2.521559
3379    2.802356
3380    1.198896
Name: obs-prior, Length: 3381, dtype: float64
0       3.090670
1       1.997810
2       0.400820
3       2.207383
4      -2.491408
          ...   
3376    0.609152
3377    3.273634
3378    2.521559
3379    2.802356
3380    1.198896
Name: obs-prior, Length: 3381, dtype: float64
0       3.090670
1       1.997810
2       0.400820
3       2.207383
4      -2.491408
          ...   
3376    0.609152
3377    3.273634
3378    2.521559
3379    2.802356
3380    1.198896
Name: obs-prior, Length: 3381, dtype: float64
 region:  NH
0       0.848989
1       0.544014
2      -1.016441
3      -0.818702
4       2.488923
          ...   
1776   -2.864362
1777    1.117921
1778    2.521559
1779    2.802356
1780    1.198896
Name: obs-prior, Length: 1781, dtype: float64
0       0.848989
1       0.544014
2      -1.016441
3      -0.818702
4       2.488923
          ...   
1776   -2.864362
1777    1.117921
1778    2.521559
1779    2.802356
1780    1.198896
Name: obs-prior, Length: 1781, dtype: float64
0       0.848989
1       0.544014
2      -1.016441
3      -0.818702
4       2.488923
          ...   
1776   -2.864362
1777    1.117921
1778    2.521559
1779    2.802356
1780    1.198896
Name: obs-prior, Length: 1781, dtype: float64
0       0.848989
1       0.544014
2      -1.016441
3      -0.818702
4       2.488923
          ...   
1776   -2.864362
1777    1.117921
1778    2.521559
1779    2.802356
1780    1.198896
Name: obs-prior, Length: 1781, dtype: float64
0       0.848989
1       0.544014
2      -1.016441
3      -0.818702
4       2.488923
          ...   
1776   -2.864362
1777    1.117921
1778    2.521559
1779    2.802356
1780    1.198896
Name: obs-prior, Length: 1781, dtype: float64
0       0.848989
1       0.544014
2      -1.016441
3      -0.818702
4       2.488923
          ...   
1776   -2.864362
1777    1.117921
1778    2.521559
1779    2.802356
1780    1.198896
Name: obs-prior, Length: 1781, dtype: float64
0       0.848989
1       0.544014
2      -1.016441
3      -0.818702
4       2.488923
          ...   
1776   -2.864362
1777    1.117921
1778    2.521559
1779    2.802356
1780    1.198896
Name: obs-prior, Length: 1781, dtype: float64
0       0.848989
1       0.544014
2      -1.016441
3      -0.818702
4       2.488923
          ...   
1776   -2.864362
1777    1.117921
1778    2.521559
1779    2.802356
1780    1.198896
Name: obs-prior, Length: 1781, dtype: float64
0       0.848989
1       0.544014
2      -1.016441
3      -0.818702
4       2.488923
          ...   
1776   -2.864362
1777    1.117921
1778    2.521559
1779    2.802356
1780    1.198896
Name: obs-prior, Length: 1781, dtype: float64
0       0.848989
1       0.544014
2      -1.016441
3      -0.818702
4       2.488923
          ...   
1776   -2.864362
1777    1.117921
1778    2.521559
1779    2.802356
1780    1.198896
Name: obs-prior, Length: 1781, dtype: float64
0       0.848989
1       0.544014
2      -1.016441
3      -0.818702
4       2.488923
          ...   
1776   -2.864362
1777    1.117921
1778    2.521559
1779    2.802356
1780    1.198896
Name: obs-prior, Length: 1781, dtype: float64
0       0.848989
1       0.544014
2      -1.016441
3      -0.818702
4       2.488923
          ...   
1776   -2.864362
1777    1.117921
1778    2.521559
1779    2.802356
1780    1.198896
Name: obs-prior, Length: 1781, dtype: float64
0       0.848989
1       0.544014
2      -1.016441
3      -0.818702
4       2.488923
          ...   
1776   -2.864362
1777    1.117921
1778    2.521559
1779    2.802356
1780    1.198896
Name: obs-prior, Length: 1781, dtype: float64
0       0.848989
1       0.544014
2      -1.016441
3      -0.818702
4       2.488923
          ...   
1776   -2.864362
1777    1.117921
1778    2.521559
1779    2.802356
1780    1.198896
Name: obs-prior, Length: 1781, dtype: float64
0       0.848989
1       0.544014
2      -1.016441
3      -0.818702
4       2.488923
          ...   
1776   -2.864362
1777    1.117921
1778    2.521559
1779    2.802356
1780    1.198896
Name: obs-prior, Length: 1781, dtype: float64
0       0.848989
1       0.544014
2      -1.016441
3      -0.818702
4       2.488923
          ...   
1776   -2.864362
1777    1.117921
1778    2.521559
1779    2.802356
1780    1.198896
Name: obs-prior, Length: 1781, dtype: float64
0       0.848989
1       0.544014
2      -1.016441
3      -0.818702
4       2.488923
          ...   
1776   -2.864362
1777    1.117921
1778    2.521559
1779    2.802356
1780    1.198896
Name: obs-prior, Length: 1781, dtype: float64
0       0.848989
1       0.544014
2      -1.016441
3      -0.818702
4       2.488923
          ...   
1776   -2.864362
1777    1.117921
1778    2.521559
1779    2.802356
1780    1.198896
Name: obs-prior, Length: 1781, dtype: float64
 region:  SH
0      1.553359
1     -0.001732
2      1.486586
3      0.441313
4      1.379155
         ...   
628   -0.134503
629   -0.568742
630   -1.213564
631   -0.256686
632    3.273634
Name: obs-prior, Length: 633, dtype: float64
0      1.553359
1     -0.001732
2      1.486586
3      0.441313
4      1.379155
         ...   
628   -0.134503
629   -0.568742
630   -1.213564
631   -0.256686
632    3.273634
Name: obs-prior, Length: 633, dtype: float64
0      1.553359
1     -0.001732
2      1.486586
3      0.441313
4      1.379155
         ...   
628   -0.134503
629   -0.568742
630   -1.213564
631   -0.256686
632    3.273634
Name: obs-prior, Length: 633, dtype: float64
0      1.553359
1     -0.001732
2      1.486586
3      0.441313
4      1.379155
         ...   
628   -0.134503
629   -0.568742
630   -1.213564
631   -0.256686
632    3.273634
Name: obs-prior, Length: 633, dtype: float64
0      1.553359
1     -0.001732
2      1.486586
3      0.441313
4      1.379155
         ...   
628   -0.134503
629   -0.568742
630   -1.213564
631   -0.256686
632    3.273634
Name: obs-prior, Length: 633, dtype: float64
0      1.553359
1     -0.001732
2      1.486586
3      0.441313
4      1.379155
         ...   
628   -0.134503
629   -0.568742
630   -1.213564
631   -0.256686
632    3.273634
Name: obs-prior, Length: 633, dtype: float64
0      1.553359
1     -0.001732
2      1.486586
3      0.441313
4      1.379155
         ...   
628   -0.134503
629   -0.568742
630   -1.213564
631   -0.256686
632    3.273634
Name: obs-prior, Length: 633, dtype: float64
0      1.553359
1     -0.001732
2      1.486586
3      0.441313
4      1.379155
         ...   
628   -0.134503
629   -0.568742
630   -1.213564
631   -0.256686
632    3.273634
Name: obs-prior, Length: 633, dtype: float64
0      1.553359
1     -0.001732
2      1.486586
3      0.441313
4      1.379155
         ...   
628   -0.134503
629   -0.568742
630   -1.213564
631   -0.256686
632    3.273634
Name: obs-prior, Length: 633, dtype: float64
0      1.553359
1     -0.001732
2      1.486586
3      0.441313
4      1.379155
         ...   
628   -0.134503
629   -0.568742
630   -1.213564
631   -0.256686
632    3.273634
Name: obs-prior, Length: 633, dtype: float64
0      1.553359
1     -0.001732
2      1.486586
3      0.441313
4      1.379155
         ...   
628   -0.134503
629   -0.568742
630   -1.213564
631   -0.256686
632    3.273634
Name: obs-prior, Length: 633, dtype: float64
0      1.553359
1     -0.001732
2      1.486586
3      0.441313
4      1.379155
         ...   
628   -0.134503
629   -0.568742
630   -1.213564
631   -0.256686
632    3.273634
Name: obs-prior, Length: 633, dtype: float64
0      1.553359
1     -0.001732
2      1.486586
3      0.441313
4      1.379155
         ...   
628   -0.134503
629   -0.568742
630   -1.213564
631   -0.256686
632    3.273634
Name: obs-prior, Length: 633, dtype: float64
0      1.553359
1     -0.001732
2      1.486586
3      0.441313
4      1.379155
         ...   
628   -0.134503
629   -0.568742
630   -1.213564
631   -0.256686
632    3.273634
Name: obs-prior, Length: 633, dtype: float64
0      1.553359
1     -0.001732
2      1.486586
3      0.441313
4      1.379155
         ...   
628   -0.134503
629   -0.568742
630   -1.213564
631   -0.256686
632    3.273634
Name: obs-prior, Length: 633, dtype: float64
0      1.553359
1     -0.001732
2      1.486586
3      0.441313
4      1.379155
         ...   
628   -0.134503
629   -0.568742
630   -1.213564
631   -0.256686
632    3.273634
Name: obs-prior, Length: 633, dtype: float64
0      1.553359
1     -0.001732
2      1.486586
3      0.441313
4      1.379155
         ...   
628   -0.134503
629   -0.568742
630   -1.213564
631   -0.256686
632    3.273634
Name: obs-prior, Length: 633, dtype: float64
 region:  TR
0      3.090670
1      1.997810
2      0.400820
3      2.207383
4     -2.491408
         ...   
962    0.517797
963   -1.172727
964    2.988619
965    2.279328
966    0.609152
Name: obs-prior, Length: 967, dtype: float64
0      3.090670
1      1.997810
2      0.400820
3      2.207383
4     -2.491408
         ...   
962    0.517797
963   -1.172727
964    2.988619
965    2.279328
966    0.609152
Name: obs-prior, Length: 967, dtype: float64
0      3.090670
1      1.997810
2      0.400820
3      2.207383
4     -2.491408
         ...   
962    0.517797
963   -1.172727
964    2.988619
965    2.279328
966    0.609152
Name: obs-prior, Length: 967, dtype: float64
0      3.090670
1      1.997810
2      0.400820
3      2.207383
4     -2.491408
         ...   
962    0.517797
963   -1.172727
964    2.988619
965    2.279328
966    0.609152
Name: obs-prior, Length: 967, dtype: float64
0      3.090670
1      1.997810
2      0.400820
3      2.207383
4     -2.491408
         ...   
962    0.517797
963   -1.172727
964    2.988619
965    2.279328
966    0.609152
Name: obs-prior, Length: 967, dtype: float64
0      3.090670
1      1.997810
2      0.400820
3      2.207383
4     -2.491408
         ...   
962    0.517797
963   -1.172727
964    2.988619
965    2.279328
966    0.609152
Name: obs-prior, Length: 967, dtype: float64
0      3.090670
1      1.997810
2      0.400820
3      2.207383
4     -2.491408
         ...   
962    0.517797
963   -1.172727
964    2.988619
965    2.279328
966    0.609152
Name: obs-prior, Length: 967, dtype: float64
0      3.090670
1      1.997810
2      0.400820
3      2.207383
4     -2.491408
         ...   
962    0.517797
963   -1.172727
964    2.988619
965    2.279328
966    0.609152
Name: obs-prior, Length: 967, dtype: float64
0      3.090670
1      1.997810
2      0.400820
3      2.207383
4     -2.491408
         ...   
962    0.517797
963   -1.172727
964    2.988619
965    2.279328
966    0.609152
Name: obs-prior, Length: 967, dtype: float64
0      3.090670
1      1.997810
2      0.400820
3      2.207383
4     -2.491408
         ...   
962    0.517797
963   -1.172727
964    2.988619
965    2.279328
966    0.609152
Name: obs-prior, Length: 967, dtype: float64
0      3.090670
1      1.997810
2      0.400820
3      2.207383
4     -2.491408
         ...   
962    0.517797
963   -1.172727
964    2.988619
965    2.279328
966    0.609152
Name: obs-prior, Length: 967, dtype: float64
0      3.090670
1      1.997810
2      0.400820
3      2.207383
4     -2.491408
         ...   
962    0.517797
963   -1.172727
964    2.988619
965    2.279328
966    0.609152
Name: obs-prior, Length: 967, dtype: float64
0      3.090670
1      1.997810
2      0.400820
3      2.207383
4     -2.491408
         ...   
962    0.517797
963   -1.172727
964    2.988619
965    2.279328
966    0.609152
Name: obs-prior, Length: 967, dtype: float64
0      3.090670
1      1.997810
2      0.400820
3      2.207383
4     -2.491408
         ...   
962    0.517797
963   -1.172727
964    2.988619
965    2.279328
966    0.609152
Name: obs-prior, Length: 967, dtype: float64
0      3.090670
1      1.997810
2      0.400820
3      2.207383
4     -2.491408
         ...   
962    0.517797
963   -1.172727
964    2.988619
965    2.279328
966    0.609152
Name: obs-prior, Length: 967, dtype: float64
0      3.090670
1      1.997810
2      0.400820
3      2.207383
4     -2.491408
         ...   
962    0.517797
963   -1.172727
964    2.988619
965    2.279328
966    0.609152
Name: obs-prior, Length: 967, dtype: float64
0      3.090670
1      1.997810
2      0.400820
3      2.207383
4     -2.491408
         ...   
962    0.517797
963   -1.172727
964    2.988619
965    2.279328
966    0.609152
Name: obs-prior, Length: 967, dtype: float64

 processing obs:  AIRCRAFT_V_WIND_COMPONENT
 region:  Global
0      -2.103893
1       1.970423
2      -1.404692
3       0.567097
4      -1.419651
          ...   
3196   -0.880705
3197   -1.525336
3198   -0.412891
3199   -0.666395
3200    1.457687
Name: obs-prior, Length: 3201, dtype: float64
0      -2.103893
1       1.970423
2      -1.404692
3       0.567097
4      -1.419651
          ...   
3196   -0.880705
3197   -1.525336
3198   -0.412891
3199   -0.666395
3200    1.457687
Name: obs-prior, Length: 3201, dtype: float64
0      -2.103893
1       1.970423
2      -1.404692
3       0.567097
4      -1.419651
          ...   
3196   -0.880705
3197   -1.525336
3198   -0.412891
3199   -0.666395
3200    1.457687
Name: obs-prior, Length: 3201, dtype: float64
0      -2.103893
1       1.970423
2      -1.404692
3       0.567097
4      -1.419651
          ...   
3196   -0.880705
3197   -1.525336
3198   -0.412891
3199   -0.666395
3200    1.457687
Name: obs-prior, Length: 3201, dtype: float64
0      -2.103893
1       1.970423
2      -1.404692
3       0.567097
4      -1.419651
          ...   
3196   -0.880705
3197   -1.525336
3198   -0.412891
3199   -0.666395
3200    1.457687
Name: obs-prior, Length: 3201, dtype: float64
0      -2.103893
1       1.970423
2      -1.404692
3       0.567097
4      -1.419651
          ...   
3196   -0.880705
3197   -1.525336
3198   -0.412891
3199   -0.666395
3200    1.457687
Name: obs-prior, Length: 3201, dtype: float64
0      -2.103893
1       1.970423
2      -1.404692
3       0.567097
4      -1.419651
          ...   
3196   -0.880705
3197   -1.525336
3198   -0.412891
3199   -0.666395
3200    1.457687
Name: obs-prior, Length: 3201, dtype: float64
0      -2.103893
1       1.970423
2      -1.404692
3       0.567097
4      -1.419651
          ...   
3196   -0.880705
3197   -1.525336
3198   -0.412891
3199   -0.666395
3200    1.457687
Name: obs-prior, Length: 3201, dtype: float64
0      -2.103893
1       1.970423
2      -1.404692
3       0.567097
4      -1.419651
          ...   
3196   -0.880705
3197   -1.525336
3198   -0.412891
3199   -0.666395
3200    1.457687
Name: obs-prior, Length: 3201, dtype: float64
0      -2.103893
1       1.970423
2      -1.404692
3       0.567097
4      -1.419651
          ...   
3196   -0.880705
3197   -1.525336
3198   -0.412891
3199   -0.666395
3200    1.457687
Name: obs-prior, Length: 3201, dtype: float64
0      -2.103893
1       1.970423
2      -1.404692
3       0.567097
4      -1.419651
          ...   
3196   -0.880705
3197   -1.525336
3198   -0.412891
3199   -0.666395
3200    1.457687
Name: obs-prior, Length: 3201, dtype: float64
0      -2.103893
1       1.970423
2      -1.404692
3       0.567097
4      -1.419651
          ...   
3196   -0.880705
3197   -1.525336
3198   -0.412891
3199   -0.666395
3200    1.457687
Name: obs-prior, Length: 3201, dtype: float64
0      -2.103893
1       1.970423
2      -1.404692
3       0.567097
4      -1.419651
          ...   
3196   -0.880705
3197   -1.525336
3198   -0.412891
3199   -0.666395
3200    1.457687
Name: obs-prior, Length: 3201, dtype: float64
0      -2.103893
1       1.970423
2      -1.404692
3       0.567097
4      -1.419651
          ...   
3196   -0.880705
3197   -1.525336
3198   -0.412891
3199   -0.666395
3200    1.457687
Name: obs-prior, Length: 3201, dtype: float64
0      -2.103893
1       1.970423
2      -1.404692
3       0.567097
4      -1.419651
          ...   
3196   -0.880705
3197   -1.525336
3198   -0.412891
3199   -0.666395
3200    1.457687
Name: obs-prior, Length: 3201, dtype: float64
0      -2.103893
1       1.970423
2      -1.404692
3       0.567097
4      -1.419651
          ...   
3196   -0.880705
3197   -1.525336
3198   -0.412891
3199   -0.666395
3200    1.457687
Name: obs-prior, Length: 3201, dtype: float64
0      -2.103893
1       1.970423
2      -1.404692
3       0.567097
4      -1.419651
          ...   
3196   -0.880705
3197   -1.525336
3198   -0.412891
3199   -0.666395
3200    1.457687
Name: obs-prior, Length: 3201, dtype: float64
0      -2.103893
1       1.970423
2      -1.404692
3       0.567097
4      -1.419651
          ...   
3196   -0.880705
3197   -1.525336
3198   -0.412891
3199   -0.666395
3200    1.457687
Name: obs-prior, Length: 3201, dtype: float64
 region:  NH
0       0.838793
1      -2.809733
2       0.742044
3      -0.240352
4       1.999461
          ...   
1576   -0.883014
1577    1.685405
1578   -0.633467
1579   -0.666395
1580    1.457687
Name: obs-prior, Length: 1581, dtype: float64
0       0.838793
1      -2.809733
2       0.742044
3      -0.240352
4       1.999461
          ...   
1576   -0.883014
1577    1.685405
1578   -0.633467
1579   -0.666395
1580    1.457687
Name: obs-prior, Length: 1581, dtype: float64
0       0.838793
1      -2.809733
2       0.742044
3      -0.240352
4       1.999461
          ...   
1576   -0.883014
1577    1.685405
1578   -0.633467
1579   -0.666395
1580    1.457687
Name: obs-prior, Length: 1581, dtype: float64
0       0.838793
1      -2.809733
2       0.742044
3      -0.240352
4       1.999461
          ...   
1576   -0.883014
1577    1.685405
1578   -0.633467
1579   -0.666395
1580    1.457687
Name: obs-prior, Length: 1581, dtype: float64
0       0.838793
1      -2.809733
2       0.742044
3      -0.240352
4       1.999461
          ...   
1576   -0.883014
1577    1.685405
1578   -0.633467
1579   -0.666395
1580    1.457687
Name: obs-prior, Length: 1581, dtype: float64
0       0.838793
1      -2.809733
2       0.742044
3      -0.240352
4       1.999461
          ...   
1576   -0.883014
1577    1.685405
1578   -0.633467
1579   -0.666395
1580    1.457687
Name: obs-prior, Length: 1581, dtype: float64
0       0.838793
1      -2.809733
2       0.742044
3      -0.240352
4       1.999461
          ...   
1576   -0.883014
1577    1.685405
1578   -0.633467
1579   -0.666395
1580    1.457687
Name: obs-prior, Length: 1581, dtype: float64
0       0.838793
1      -2.809733
2       0.742044
3      -0.240352
4       1.999461
          ...   
1576   -0.883014
1577    1.685405
1578   -0.633467
1579   -0.666395
1580    1.457687
Name: obs-prior, Length: 1581, dtype: float64
0       0.838793
1      -2.809733
2       0.742044
3      -0.240352
4       1.999461
          ...   
1576   -0.883014
1577    1.685405
1578   -0.633467
1579   -0.666395
1580    1.457687
Name: obs-prior, Length: 1581, dtype: float64
0       0.838793
1      -2.809733
2       0.742044
3      -0.240352
4       1.999461
          ...   
1576   -0.883014
1577    1.685405
1578   -0.633467
1579   -0.666395
1580    1.457687
Name: obs-prior, Length: 1581, dtype: float64
0       0.838793
1      -2.809733
2       0.742044
3      -0.240352
4       1.999461
          ...   
1576   -0.883014
1577    1.685405
1578   -0.633467
1579   -0.666395
1580    1.457687
Name: obs-prior, Length: 1581, dtype: float64
0       0.838793
1      -2.809733
2       0.742044
3      -0.240352
4       1.999461
          ...   
1576   -0.883014
1577    1.685405
1578   -0.633467
1579   -0.666395
1580    1.457687
Name: obs-prior, Length: 1581, dtype: float64
0       0.838793
1      -2.809733
2       0.742044
3      -0.240352
4       1.999461
          ...   
1576   -0.883014
1577    1.685405
1578   -0.633467
1579   -0.666395
1580    1.457687
Name: obs-prior, Length: 1581, dtype: float64
0       0.838793
1      -2.809733
2       0.742044
3      -0.240352
4       1.999461
          ...   
1576   -0.883014
1577    1.685405
1578   -0.633467
1579   -0.666395
1580    1.457687
Name: obs-prior, Length: 1581, dtype: float64
0       0.838793
1      -2.809733
2       0.742044
3      -0.240352
4       1.999461
          ...   
1576   -0.883014
1577    1.685405
1578   -0.633467
1579   -0.666395
1580    1.457687
Name: obs-prior, Length: 1581, dtype: float64
0       0.838793
1      -2.809733
2       0.742044
3      -0.240352
4       1.999461
          ...   
1576   -0.883014
1577    1.685405
1578   -0.633467
1579   -0.666395
1580    1.457687
Name: obs-prior, Length: 1581, dtype: float64
0       0.838793
1      -2.809733
2       0.742044
3      -0.240352
4       1.999461
          ...   
1576   -0.883014
1577    1.685405
1578   -0.633467
1579   -0.666395
1580    1.457687
Name: obs-prior, Length: 1581, dtype: float64
0       0.838793
1      -2.809733
2       0.742044
3      -0.240352
4       1.999461
          ...   
1576   -0.883014
1577    1.685405
1578   -0.633467
1579   -0.666395
1580    1.457687
Name: obs-prior, Length: 1581, dtype: float64
 region:  SH
0     -1.419651
1      2.243016
2     -0.716680
3      1.565772
4     -2.567000
         ...   
695   -1.131394
696    2.343366
697    1.700482
698   -0.880705
699   -1.525336
Name: obs-prior, Length: 700, dtype: float64
0     -1.419651
1      2.243016
2     -0.716680
3      1.565772
4     -2.567000
         ...   
695   -1.131394
696    2.343366
697    1.700482
698   -0.880705
699   -1.525336
Name: obs-prior, Length: 700, dtype: float64
0     -1.419651
1      2.243016
2     -0.716680
3      1.565772
4     -2.567000
         ...   
695   -1.131394
696    2.343366
697    1.700482
698   -0.880705
699   -1.525336
Name: obs-prior, Length: 700, dtype: float64
0     -1.419651
1      2.243016
2     -0.716680
3      1.565772
4     -2.567000
         ...   
695   -1.131394
696    2.343366
697    1.700482
698   -0.880705
699   -1.525336
Name: obs-prior, Length: 700, dtype: float64
0     -1.419651
1      2.243016
2     -0.716680
3      1.565772
4     -2.567000
         ...   
695   -1.131394
696    2.343366
697    1.700482
698   -0.880705
699   -1.525336
Name: obs-prior, Length: 700, dtype: float64
0     -1.419651
1      2.243016
2     -0.716680
3      1.565772
4     -2.567000
         ...   
695   -1.131394
696    2.343366
697    1.700482
698   -0.880705
699   -1.525336
Name: obs-prior, Length: 700, dtype: float64
0     -1.419651
1      2.243016
2     -0.716680
3      1.565772
4     -2.567000
         ...   
695   -1.131394
696    2.343366
697    1.700482
698   -0.880705
699   -1.525336
Name: obs-prior, Length: 700, dtype: float64
0     -1.419651
1      2.243016
2     -0.716680
3      1.565772
4     -2.567000
         ...   
695   -1.131394
696    2.343366
697    1.700482
698   -0.880705
699   -1.525336
Name: obs-prior, Length: 700, dtype: float64
0     -1.419651
1      2.243016
2     -0.716680
3      1.565772
4     -2.567000
         ...   
695   -1.131394
696    2.343366
697    1.700482
698   -0.880705
699   -1.525336
Name: obs-prior, Length: 700, dtype: float64
0     -1.419651
1      2.243016
2     -0.716680
3      1.565772
4     -2.567000
         ...   
695   -1.131394
696    2.343366
697    1.700482
698   -0.880705
699   -1.525336
Name: obs-prior, Length: 700, dtype: float64
0     -1.419651
1      2.243016
2     -0.716680
3      1.565772
4     -2.567000
         ...   
695   -1.131394
696    2.343366
697    1.700482
698   -0.880705
699   -1.525336
Name: obs-prior, Length: 700, dtype: float64
0     -1.419651
1      2.243016
2     -0.716680
3      1.565772
4     -2.567000
         ...   
695   -1.131394
696    2.343366
697    1.700482
698   -0.880705
699   -1.525336
Name: obs-prior, Length: 700, dtype: float64
0     -1.419651
1      2.243016
2     -0.716680
3      1.565772
4     -2.567000
         ...   
695   -1.131394
696    2.343366
697    1.700482
698   -0.880705
699   -1.525336
Name: obs-prior, Length: 700, dtype: float64
0     -1.419651
1      2.243016
2     -0.716680
3      1.565772
4     -2.567000
         ...   
695   -1.131394
696    2.343366
697    1.700482
698   -0.880705
699   -1.525336
Name: obs-prior, Length: 700, dtype: float64
0     -1.419651
1      2.243016
2     -0.716680
3      1.565772
4     -2.567000
         ...   
695   -1.131394
696    2.343366
697    1.700482
698   -0.880705
699   -1.525336
Name: obs-prior, Length: 700, dtype: float64
0     -1.419651
1      2.243016
2     -0.716680
3      1.565772
4     -2.567000
         ...   
695   -1.131394
696    2.343366
697    1.700482
698   -0.880705
699   -1.525336
Name: obs-prior, Length: 700, dtype: float64
0     -1.419651
1      2.243016
2     -0.716680
3      1.565772
4     -2.567000
         ...   
695   -1.131394
696    2.343366
697    1.700482
698   -0.880705
699   -1.525336
Name: obs-prior, Length: 700, dtype: float64
 region:  TR
0     -2.103893
1      1.970423
2     -1.404692
3      0.567097
4     -0.826449
         ...   
915   -1.195988
916    1.909715
917    2.834504
918    0.247430
919   -0.412891
Name: obs-prior, Length: 920, dtype: float64
0     -2.103893
1      1.970423
2     -1.404692
3      0.567097
4     -0.826449
         ...   
915   -1.195988
916    1.909715
917    2.834504
918    0.247430
919   -0.412891
Name: obs-prior, Length: 920, dtype: float64
0     -2.103893
1      1.970423
2     -1.404692
3      0.567097
4     -0.826449
         ...   
915   -1.195988
916    1.909715
917    2.834504
918    0.247430
919   -0.412891
Name: obs-prior, Length: 920, dtype: float64
0     -2.103893
1      1.970423
2     -1.404692
3      0.567097
4     -0.826449
         ...   
915   -1.195988
916    1.909715
917    2.834504
918    0.247430
919   -0.412891
Name: obs-prior, Length: 920, dtype: float64
0     -2.103893
1      1.970423
2     -1.404692
3      0.567097
4     -0.826449
         ...   
915   -1.195988
916    1.909715
917    2.834504
918    0.247430
919   -0.412891
Name: obs-prior, Length: 920, dtype: float64
0     -2.103893
1      1.970423
2     -1.404692
3      0.567097
4     -0.826449
         ...   
915   -1.195988
916    1.909715
917    2.834504
918    0.247430
919   -0.412891
Name: obs-prior, Length: 920, dtype: float64
0     -2.103893
1      1.970423
2     -1.404692
3      0.567097
4     -0.826449
         ...   
915   -1.195988
916    1.909715
917    2.834504
918    0.247430
919   -0.412891
Name: obs-prior, Length: 920, dtype: float64
0     -2.103893
1      1.970423
2     -1.404692
3      0.567097
4     -0.826449
         ...   
915   -1.195988
916    1.909715
917    2.834504
918    0.247430
919   -0.412891
Name: obs-prior, Length: 920, dtype: float64
0     -2.103893
1      1.970423
2     -1.404692
3      0.567097
4     -0.826449
         ...   
915   -1.195988
916    1.909715
917    2.834504
918    0.247430
919   -0.412891
Name: obs-prior, Length: 920, dtype: float64
0     -2.103893
1      1.970423
2     -1.404692
3      0.567097
4     -0.826449
         ...   
915   -1.195988
916    1.909715
917    2.834504
918    0.247430
919   -0.412891
Name: obs-prior, Length: 920, dtype: float64
0     -2.103893
1      1.970423
2     -1.404692
3      0.567097
4     -0.826449
         ...   
915   -1.195988
916    1.909715
917    2.834504
918    0.247430
919   -0.412891
Name: obs-prior, Length: 920, dtype: float64
0     -2.103893
1      1.970423
2     -1.404692
3      0.567097
4     -0.826449
         ...   
915   -1.195988
916    1.909715
917    2.834504
918    0.247430
919   -0.412891
Name: obs-prior, Length: 920, dtype: float64
0     -2.103893
1      1.970423
2     -1.404692
3      0.567097
4     -0.826449
         ...   
915   -1.195988
916    1.909715
917    2.834504
918    0.247430
919   -0.412891
Name: obs-prior, Length: 920, dtype: float64
0     -2.103893
1      1.970423
2     -1.404692
3      0.567097
4     -0.826449
         ...   
915   -1.195988
916    1.909715
917    2.834504
918    0.247430
919   -0.412891
Name: obs-prior, Length: 920, dtype: float64
0     -2.103893
1      1.970423
2     -1.404692
3      0.567097
4     -0.826449
         ...   
915   -1.195988
916    1.909715
917    2.834504
918    0.247430
919   -0.412891
Name: obs-prior, Length: 920, dtype: float64
0     -2.103893
1      1.970423
2     -1.404692
3      0.567097
4     -0.826449
         ...   
915   -1.195988
916    1.909715
917    2.834504
918    0.247430
919   -0.412891
Name: obs-prior, Length: 920, dtype: float64
0     -2.103893
1      1.970423
2     -1.404692
3      0.567097
4     -0.826449
         ...   
915   -1.195988
916    1.909715
917    2.834504
918    0.247430
919   -0.412891
Name: obs-prior, Length: 920, dtype: float64

 processing obs:  AIRCRAFT_TEMPERATURE
 region:  Global
0      -0.707484
1       0.619905
2       0.583860
3       0.147532
4       1.008434
          ...   
3343    0.961003
3344   -0.621808
3345   -0.140440
3346   -0.699956
3347    0.481925
Name: obs-prior, Length: 3348, dtype: float64
0      -0.707484
1       0.619905
2       0.583860
3       0.147532
4       1.008434
          ...   
3343    0.961003
3344   -0.621808
3345   -0.140440
3346   -0.699956
3347    0.481925
Name: obs-prior, Length: 3348, dtype: float64
0      -0.707484
1       0.619905
2       0.583860
3       0.147532
4       1.008434
          ...   
3343    0.961003
3344   -0.621808
3345   -0.140440
3346   -0.699956
3347    0.481925
Name: obs-prior, Length: 3348, dtype: float64
0      -0.707484
1       0.619905
2       0.583860
3       0.147532
4       1.008434
          ...   
3343    0.961003
3344   -0.621808
3345   -0.140440
3346   -0.699956
3347    0.481925
Name: obs-prior, Length: 3348, dtype: float64
0      -0.707484
1       0.619905
2       0.583860
3       0.147532
4       1.008434
          ...   
3343    0.961003
3344   -0.621808
3345   -0.140440
3346   -0.699956
3347    0.481925
Name: obs-prior, Length: 3348, dtype: float64
0      -0.707484
1       0.619905
2       0.583860
3       0.147532
4       1.008434
          ...   
3343    0.961003
3344   -0.621808
3345   -0.140440
3346   -0.699956
3347    0.481925
Name: obs-prior, Length: 3348, dtype: float64
0      -0.707484
1       0.619905
2       0.583860
3       0.147532
4       1.008434
          ...   
3343    0.961003
3344   -0.621808
3345   -0.140440
3346   -0.699956
3347    0.481925
Name: obs-prior, Length: 3348, dtype: float64
0      -0.707484
1       0.619905
2       0.583860
3       0.147532
4       1.008434
          ...   
3343    0.961003
3344   -0.621808
3345   -0.140440
3346   -0.699956
3347    0.481925
Name: obs-prior, Length: 3348, dtype: float64
0      -0.707484
1       0.619905
2       0.583860
3       0.147532
4       1.008434
          ...   
3343    0.961003
3344   -0.621808
3345   -0.140440
3346   -0.699956
3347    0.481925
Name: obs-prior, Length: 3348, dtype: float64
0      -0.707484
1       0.619905
2       0.583860
3       0.147532
4       1.008434
          ...   
3343    0.961003
3344   -0.621808
3345   -0.140440
3346   -0.699956
3347    0.481925
Name: obs-prior, Length: 3348, dtype: float64
0      -0.707484
1       0.619905
2       0.583860
3       0.147532
4       1.008434
          ...   
3343    0.961003
3344   -0.621808
3345   -0.140440
3346   -0.699956
3347    0.481925
Name: obs-prior, Length: 3348, dtype: float64
0      -0.707484
1       0.619905
2       0.583860
3       0.147532
4       1.008434
          ...   
3343    0.961003
3344   -0.621808
3345   -0.140440
3346   -0.699956
3347    0.481925
Name: obs-prior, Length: 3348, dtype: float64
0      -0.707484
1       0.619905
2       0.583860
3       0.147532
4       1.008434
          ...   
3343    0.961003
3344   -0.621808
3345   -0.140440
3346   -0.699956
3347    0.481925
Name: obs-prior, Length: 3348, dtype: float64
0      -0.707484
1       0.619905
2       0.583860
3       0.147532
4       1.008434
          ...   
3343    0.961003
3344   -0.621808
3345   -0.140440
3346   -0.699956
3347    0.481925
Name: obs-prior, Length: 3348, dtype: float64
0      -0.707484
1       0.619905
2       0.583860
3       0.147532
4       1.008434
          ...   
3343    0.961003
3344   -0.621808
3345   -0.140440
3346   -0.699956
3347    0.481925
Name: obs-prior, Length: 3348, dtype: float64
0      -0.707484
1       0.619905
2       0.583860
3       0.147532
4       1.008434
          ...   
3343    0.961003
3344   -0.621808
3345   -0.140440
3346   -0.699956
3347    0.481925
Name: obs-prior, Length: 3348, dtype: float64
0      -0.707484
1       0.619905
2       0.583860
3       0.147532
4       1.008434
          ...   
3343    0.961003
3344   -0.621808
3345   -0.140440
3346   -0.699956
3347    0.481925
Name: obs-prior, Length: 3348, dtype: float64
0      -0.707484
1       0.619905
2       0.583860
3       0.147532
4       1.008434
          ...   
3343    0.961003
3344   -0.621808
3345   -0.140440
3346   -0.699956
3347    0.481925
Name: obs-prior, Length: 3348, dtype: float64
 region:  NH
0       0.065135
1      -0.252755
2      -0.173743
3      -0.344971
4       0.350755
          ...   
1776    0.521224
1777   -0.563663
1778   -0.525783
1779    0.961003
1780    0.481925
Name: obs-prior, Length: 1781, dtype: float64
0       0.065135
1      -0.252755
2      -0.173743
3      -0.344971
4       0.350755
          ...   
1776    0.521224
1777   -0.563663
1778   -0.525783
1779    0.961003
1780    0.481925
Name: obs-prior, Length: 1781, dtype: float64
0       0.065135
1      -0.252755
2      -0.173743
3      -0.344971
4       0.350755
          ...   
1776    0.521224
1777   -0.563663
1778   -0.525783
1779    0.961003
1780    0.481925
Name: obs-prior, Length: 1781, dtype: float64
0       0.065135
1      -0.252755
2      -0.173743
3      -0.344971
4       0.350755
          ...   
1776    0.521224
1777   -0.563663
1778   -0.525783
1779    0.961003
1780    0.481925
Name: obs-prior, Length: 1781, dtype: float64
0       0.065135
1      -0.252755
2      -0.173743
3      -0.344971
4       0.350755
          ...   
1776    0.521224
1777   -0.563663
1778   -0.525783
1779    0.961003
1780    0.481925
Name: obs-prior, Length: 1781, dtype: float64
0       0.065135
1      -0.252755
2      -0.173743
3      -0.344971
4       0.350755
          ...   
1776    0.521224
1777   -0.563663
1778   -0.525783
1779    0.961003
1780    0.481925
Name: obs-prior, Length: 1781, dtype: float64
0       0.065135
1      -0.252755
2      -0.173743
3      -0.344971
4       0.350755
          ...   
1776    0.521224
1777   -0.563663
1778   -0.525783
1779    0.961003
1780    0.481925
Name: obs-prior, Length: 1781, dtype: float64
0       0.065135
1      -0.252755
2      -0.173743
3      -0.344971
4       0.350755
          ...   
1776    0.521224
1777   -0.563663
1778   -0.525783
1779    0.961003
1780    0.481925
Name: obs-prior, Length: 1781, dtype: float64
0       0.065135
1      -0.252755
2      -0.173743
3      -0.344971
4       0.350755
          ...   
1776    0.521224
1777   -0.563663
1778   -0.525783
1779    0.961003
1780    0.481925
Name: obs-prior, Length: 1781, dtype: float64
0       0.065135
1      -0.252755
2      -0.173743
3      -0.344971
4       0.350755
          ...   
1776    0.521224
1777   -0.563663
1778   -0.525783
1779    0.961003
1780    0.481925
Name: obs-prior, Length: 1781, dtype: float64
0       0.065135
1      -0.252755
2      -0.173743
3      -0.344971
4       0.350755
          ...   
1776    0.521224
1777   -0.563663
1778   -0.525783
1779    0.961003
1780    0.481925
Name: obs-prior, Length: 1781, dtype: float64
0       0.065135
1      -0.252755
2      -0.173743
3      -0.344971
4       0.350755
          ...   
1776    0.521224
1777   -0.563663
1778   -0.525783
1779    0.961003
1780    0.481925
Name: obs-prior, Length: 1781, dtype: float64
0       0.065135
1      -0.252755
2      -0.173743
3      -0.344971
4       0.350755
          ...   
1776    0.521224
1777   -0.563663
1778   -0.525783
1779    0.961003
1780    0.481925
Name: obs-prior, Length: 1781, dtype: float64
0       0.065135
1      -0.252755
2      -0.173743
3      -0.344971
4       0.350755
          ...   
1776    0.521224
1777   -0.563663
1778   -0.525783
1779    0.961003
1780    0.481925
Name: obs-prior, Length: 1781, dtype: float64
0       0.065135
1      -0.252755
2      -0.173743
3      -0.344971
4       0.350755
          ...   
1776    0.521224
1777   -0.563663
1778   -0.525783
1779    0.961003
1780    0.481925
Name: obs-prior, Length: 1781, dtype: float64
0       0.065135
1      -0.252755
2      -0.173743
3      -0.344971
4       0.350755
          ...   
1776    0.521224
1777   -0.563663
1778   -0.525783
1779    0.961003
1780    0.481925
Name: obs-prior, Length: 1781, dtype: float64
0       0.065135
1      -0.252755
2      -0.173743
3      -0.344971
4       0.350755
          ...   
1776    0.521224
1777   -0.563663
1778   -0.525783
1779    0.961003
1780    0.481925
Name: obs-prior, Length: 1781, dtype: float64
0       0.065135
1      -0.252755
2      -0.173743
3      -0.344971
4       0.350755
          ...   
1776    0.521224
1777   -0.563663
1778   -0.525783
1779    0.961003
1780    0.481925
Name: obs-prior, Length: 1781, dtype: float64
 region:  SH
0      0.558125
1      0.903425
2      0.513961
3      1.089905
4     -0.218449
         ...   
623    0.611532
624    1.231067
625    0.708708
626   -0.223224
627   -0.140440
Name: obs-prior, Length: 628, dtype: float64
0      0.558125
1      0.903425
2      0.513961
3      1.089905
4     -0.218449
         ...   
623    0.611532
624    1.231067
625    0.708708
626   -0.223224
627   -0.140440
Name: obs-prior, Length: 628, dtype: float64
0      0.558125
1      0.903425
2      0.513961
3      1.089905
4     -0.218449
         ...   
623    0.611532
624    1.231067
625    0.708708
626   -0.223224
627   -0.140440
Name: obs-prior, Length: 628, dtype: float64
0      0.558125
1      0.903425
2      0.513961
3      1.089905
4     -0.218449
         ...   
623    0.611532
624    1.231067
625    0.708708
626   -0.223224
627   -0.140440
Name: obs-prior, Length: 628, dtype: float64
0      0.558125
1      0.903425
2      0.513961
3      1.089905
4     -0.218449
         ...   
623    0.611532
624    1.231067
625    0.708708
626   -0.223224
627   -0.140440
Name: obs-prior, Length: 628, dtype: float64
0      0.558125
1      0.903425
2      0.513961
3      1.089905
4     -0.218449
         ...   
623    0.611532
624    1.231067
625    0.708708
626   -0.223224
627   -0.140440
Name: obs-prior, Length: 628, dtype: float64
0      0.558125
1      0.903425
2      0.513961
3      1.089905
4     -0.218449
         ...   
623    0.611532
624    1.231067
625    0.708708
626   -0.223224
627   -0.140440
Name: obs-prior, Length: 628, dtype: float64
0      0.558125
1      0.903425
2      0.513961
3      1.089905
4     -0.218449
         ...   
623    0.611532
624    1.231067
625    0.708708
626   -0.223224
627   -0.140440
Name: obs-prior, Length: 628, dtype: float64
0      0.558125
1      0.903425
2      0.513961
3      1.089905
4     -0.218449
         ...   
623    0.611532
624    1.231067
625    0.708708
626   -0.223224
627   -0.140440
Name: obs-prior, Length: 628, dtype: float64
0      0.558125
1      0.903425
2      0.513961
3      1.089905
4     -0.218449
         ...   
623    0.611532
624    1.231067
625    0.708708
626   -0.223224
627   -0.140440
Name: obs-prior, Length: 628, dtype: float64
0      0.558125
1      0.903425
2      0.513961
3      1.089905
4     -0.218449
         ...   
623    0.611532
624    1.231067
625    0.708708
626   -0.223224
627   -0.140440
Name: obs-prior, Length: 628, dtype: float64
0      0.558125
1      0.903425
2      0.513961
3      1.089905
4     -0.218449
         ...   
623    0.611532
624    1.231067
625    0.708708
626   -0.223224
627   -0.140440
Name: obs-prior, Length: 628, dtype: float64
0      0.558125
1      0.903425
2      0.513961
3      1.089905
4     -0.218449
         ...   
623    0.611532
624    1.231067
625    0.708708
626   -0.223224
627   -0.140440
Name: obs-prior, Length: 628, dtype: float64
0      0.558125
1      0.903425
2      0.513961
3      1.089905
4     -0.218449
         ...   
623    0.611532
624    1.231067
625    0.708708
626   -0.223224
627   -0.140440
Name: obs-prior, Length: 628, dtype: float64
0      0.558125
1      0.903425
2      0.513961
3      1.089905
4     -0.218449
         ...   
623    0.611532
624    1.231067
625    0.708708
626   -0.223224
627   -0.140440
Name: obs-prior, Length: 628, dtype: float64
0      0.558125
1      0.903425
2      0.513961
3      1.089905
4     -0.218449
         ...   
623    0.611532
624    1.231067
625    0.708708
626   -0.223224
627   -0.140440
Name: obs-prior, Length: 628, dtype: float64
0      0.558125
1      0.903425
2      0.513961
3      1.089905
4     -0.218449
         ...   
623    0.611532
624    1.231067
625    0.708708
626   -0.223224
627   -0.140440
Name: obs-prior, Length: 628, dtype: float64
 region:  TR
0     -0.707484
1      0.619905
2      0.583860
3      0.147532
4      1.008434
         ...   
934   -0.683781
935   -0.857814
936   -0.683781
937   -0.621808
938   -0.699956
Name: obs-prior, Length: 939, dtype: float64
0     -0.707484
1      0.619905
2      0.583860
3      0.147532
4      1.008434
         ...   
934   -0.683781
935   -0.857814
936   -0.683781
937   -0.621808
938   -0.699956
Name: obs-prior, Length: 939, dtype: float64
0     -0.707484
1      0.619905
2      0.583860
3      0.147532
4      1.008434
         ...   
934   -0.683781
935   -0.857814
936   -0.683781
937   -0.621808
938   -0.699956
Name: obs-prior, Length: 939, dtype: float64
0     -0.707484
1      0.619905
2      0.583860
3      0.147532
4      1.008434
         ...   
934   -0.683781
935   -0.857814
936   -0.683781
937   -0.621808
938   -0.699956
Name: obs-prior, Length: 939, dtype: float64
0     -0.707484
1      0.619905
2      0.583860
3      0.147532
4      1.008434
         ...   
934   -0.683781
935   -0.857814
936   -0.683781
937   -0.621808
938   -0.699956
Name: obs-prior, Length: 939, dtype: float64
0     -0.707484
1      0.619905
2      0.583860
3      0.147532
4      1.008434
         ...   
934   -0.683781
935   -0.857814
936   -0.683781
937   -0.621808
938   -0.699956
Name: obs-prior, Length: 939, dtype: float64
0     -0.707484
1      0.619905
2      0.583860
3      0.147532
4      1.008434
         ...   
934   -0.683781
935   -0.857814
936   -0.683781
937   -0.621808
938   -0.699956
Name: obs-prior, Length: 939, dtype: float64
0     -0.707484
1      0.619905
2      0.583860
3      0.147532
4      1.008434
         ...   
934   -0.683781
935   -0.857814
936   -0.683781
937   -0.621808
938   -0.699956
Name: obs-prior, Length: 939, dtype: float64
0     -0.707484
1      0.619905
2      0.583860
3      0.147532
4      1.008434
         ...   
934   -0.683781
935   -0.857814
936   -0.683781
937   -0.621808
938   -0.699956
Name: obs-prior, Length: 939, dtype: float64
0     -0.707484
1      0.619905
2      0.583860
3      0.147532
4      1.008434
         ...   
934   -0.683781
935   -0.857814
936   -0.683781
937   -0.621808
938   -0.699956
Name: obs-prior, Length: 939, dtype: float64
0     -0.707484
1      0.619905
2      0.583860
3      0.147532
4      1.008434
         ...   
934   -0.683781
935   -0.857814
936   -0.683781
937   -0.621808
938   -0.699956
Name: obs-prior, Length: 939, dtype: float64
0     -0.707484
1      0.619905
2      0.583860
3      0.147532
4      1.008434
         ...   
934   -0.683781
935   -0.857814
936   -0.683781
937   -0.621808
938   -0.699956
Name: obs-prior, Length: 939, dtype: float64
0     -0.707484
1      0.619905
2      0.583860
3      0.147532
4      1.008434
         ...   
934   -0.683781
935   -0.857814
936   -0.683781
937   -0.621808
938   -0.699956
Name: obs-prior, Length: 939, dtype: float64
0     -0.707484
1      0.619905
2      0.583860
3      0.147532
4      1.008434
         ...   
934   -0.683781
935   -0.857814
936   -0.683781
937   -0.621808
938   -0.699956
Name: obs-prior, Length: 939, dtype: float64
0     -0.707484
1      0.619905
2      0.583860
3      0.147532
4      1.008434
         ...   
934   -0.683781
935   -0.857814
936   -0.683781
937   -0.621808
938   -0.699956
Name: obs-prior, Length: 939, dtype: float64
0     -0.707484
1      0.619905
2      0.583860
3      0.147532
4      1.008434
         ...   
934   -0.683781
935   -0.857814
936   -0.683781
937   -0.621808
938   -0.699956
Name: obs-prior, Length: 939, dtype: float64
0     -0.707484
1      0.619905
2      0.583860
3      0.147532
4      1.008434
         ...   
934   -0.683781
935   -0.857814
936   -0.683781
937   -0.621808
938   -0.699956
Name: obs-prior, Length: 939, dtype: float64

 processing obs:  ACARS_U_WIND_COMPONENT
 region:  Global
0        0.907985
1        1.556501
2       -1.060019
3        0.336510
4        1.196715
           ...   
29521   -2.378178
29522    2.880714
29523    1.230219
29524    0.385740
29525    2.276956
Name: obs-prior, Length: 29526, dtype: float64
0        0.907985
1        1.556501
2       -1.060019
3        0.336510
4        1.196715
           ...   
29521   -2.378178
29522    2.880714
29523    1.230219
29524    0.385740
29525    2.276956
Name: obs-prior, Length: 29526, dtype: float64
0        0.907985
1        1.556501
2       -1.060019
3        0.336510
4        1.196715
           ...   
29521   -2.378178
29522    2.880714
29523    1.230219
29524    0.385740
29525    2.276956
Name: obs-prior, Length: 29526, dtype: float64
0        0.907985
1        1.556501
2       -1.060019
3        0.336510
4        1.196715
           ...   
29521   -2.378178
29522    2.880714
29523    1.230219
29524    0.385740
29525    2.276956
Name: obs-prior, Length: 29526, dtype: float64
0        0.907985
1        1.556501
2       -1.060019
3        0.336510
4        1.196715
           ...   
29521   -2.378178
29522    2.880714
29523    1.230219
29524    0.385740
29525    2.276956
Name: obs-prior, Length: 29526, dtype: float64
0        0.907985
1        1.556501
2       -1.060019
3        0.336510
4        1.196715
           ...   
29521   -2.378178
29522    2.880714
29523    1.230219
29524    0.385740
29525    2.276956
Name: obs-prior, Length: 29526, dtype: float64
0        0.907985
1        1.556501
2       -1.060019
3        0.336510
4        1.196715
           ...   
29521   -2.378178
29522    2.880714
29523    1.230219
29524    0.385740
29525    2.276956
Name: obs-prior, Length: 29526, dtype: float64
0        0.907985
1        1.556501
2       -1.060019
3        0.336510
4        1.196715
           ...   
29521   -2.378178
29522    2.880714
29523    1.230219
29524    0.385740
29525    2.276956
Name: obs-prior, Length: 29526, dtype: float64
0        0.907985
1        1.556501
2       -1.060019
3        0.336510
4        1.196715
           ...   
29521   -2.378178
29522    2.880714
29523    1.230219
29524    0.385740
29525    2.276956
Name: obs-prior, Length: 29526, dtype: float64
0        0.907985
1        1.556501
2       -1.060019
3        0.336510
4        1.196715
           ...   
29521   -2.378178
29522    2.880714
29523    1.230219
29524    0.385740
29525    2.276956
Name: obs-prior, Length: 29526, dtype: float64
0        0.907985
1        1.556501
2       -1.060019
3        0.336510
4        1.196715
           ...   
29521   -2.378178
29522    2.880714
29523    1.230219
29524    0.385740
29525    2.276956
Name: obs-prior, Length: 29526, dtype: float64
0        0.907985
1        1.556501
2       -1.060019
3        0.336510
4        1.196715
           ...   
29521   -2.378178
29522    2.880714
29523    1.230219
29524    0.385740
29525    2.276956
Name: obs-prior, Length: 29526, dtype: float64
0        0.907985
1        1.556501
2       -1.060019
3        0.336510
4        1.196715
           ...   
29521   -2.378178
29522    2.880714
29523    1.230219
29524    0.385740
29525    2.276956
Name: obs-prior, Length: 29526, dtype: float64
0        0.907985
1        1.556501
2       -1.060019
3        0.336510
4        1.196715
           ...   
29521   -2.378178
29522    2.880714
29523    1.230219
29524    0.385740
29525    2.276956
Name: obs-prior, Length: 29526, dtype: float64
0        0.907985
1        1.556501
2       -1.060019
3        0.336510
4        1.196715
           ...   
29521   -2.378178
29522    2.880714
29523    1.230219
29524    0.385740
29525    2.276956
Name: obs-prior, Length: 29526, dtype: float64
0        0.907985
1        1.556501
2       -1.060019
3        0.336510
4        1.196715
           ...   
29521   -2.378178
29522    2.880714
29523    1.230219
29524    0.385740
29525    2.276956
Name: obs-prior, Length: 29526, dtype: float64
0        0.907985
1        1.556501
2       -1.060019
3        0.336510
4        1.196715
           ...   
29521   -2.378178
29522    2.880714
29523    1.230219
29524    0.385740
29525    2.276956
Name: obs-prior, Length: 29526, dtype: float64
 region:  NH
0        0.907985
1        1.556501
2       -1.060019
3        0.336510
4        0.083852
           ...   
23164    1.345106
23165   -2.378178
23166    2.880714
23167    1.230219
23168    2.276956
Name: obs-prior, Length: 23169, dtype: float64
0        0.907985
1        1.556501
2       -1.060019
3        0.336510
4        0.083852
           ...   
23164    1.345106
23165   -2.378178
23166    2.880714
23167    1.230219
23168    2.276956
Name: obs-prior, Length: 23169, dtype: float64
0        0.907985
1        1.556501
2       -1.060019
3        0.336510
4        0.083852
           ...   
23164    1.345106
23165   -2.378178
23166    2.880714
23167    1.230219
23168    2.276956
Name: obs-prior, Length: 23169, dtype: float64
0        0.907985
1        1.556501
2       -1.060019
3        0.336510
4        0.083852
           ...   
23164    1.345106
23165   -2.378178
23166    2.880714
23167    1.230219
23168    2.276956
Name: obs-prior, Length: 23169, dtype: float64
0        0.907985
1        1.556501
2       -1.060019
3        0.336510
4        0.083852
           ...   
23164    1.345106
23165   -2.378178
23166    2.880714
23167    1.230219
23168    2.276956
Name: obs-prior, Length: 23169, dtype: float64
0        0.907985
1        1.556501
2       -1.060019
3        0.336510
4        0.083852
           ...   
23164    1.345106
23165   -2.378178
23166    2.880714
23167    1.230219
23168    2.276956
Name: obs-prior, Length: 23169, dtype: float64
0        0.907985
1        1.556501
2       -1.060019
3        0.336510
4        0.083852
           ...   
23164    1.345106
23165   -2.378178
23166    2.880714
23167    1.230219
23168    2.276956
Name: obs-prior, Length: 23169, dtype: float64
0        0.907985
1        1.556501
2       -1.060019
3        0.336510
4        0.083852
           ...   
23164    1.345106
23165   -2.378178
23166    2.880714
23167    1.230219
23168    2.276956
Name: obs-prior, Length: 23169, dtype: float64
0        0.907985
1        1.556501
2       -1.060019
3        0.336510
4        0.083852
           ...   
23164    1.345106
23165   -2.378178
23166    2.880714
23167    1.230219
23168    2.276956
Name: obs-prior, Length: 23169, dtype: float64
0        0.907985
1        1.556501
2       -1.060019
3        0.336510
4        0.083852
           ...   
23164    1.345106
23165   -2.378178
23166    2.880714
23167    1.230219
23168    2.276956
Name: obs-prior, Length: 23169, dtype: float64
0        0.907985
1        1.556501
2       -1.060019
3        0.336510
4        0.083852
           ...   
23164    1.345106
23165   -2.378178
23166    2.880714
23167    1.230219
23168    2.276956
Name: obs-prior, Length: 23169, dtype: float64
0        0.907985
1        1.556501
2       -1.060019
3        0.336510
4        0.083852
           ...   
23164    1.345106
23165   -2.378178
23166    2.880714
23167    1.230219
23168    2.276956
Name: obs-prior, Length: 23169, dtype: float64
0        0.907985
1        1.556501
2       -1.060019
3        0.336510
4        0.083852
           ...   
23164    1.345106
23165   -2.378178
23166    2.880714
23167    1.230219
23168    2.276956
Name: obs-prior, Length: 23169, dtype: float64
0        0.907985
1        1.556501
2       -1.060019
3        0.336510
4        0.083852
           ...   
23164    1.345106
23165   -2.378178
23166    2.880714
23167    1.230219
23168    2.276956
Name: obs-prior, Length: 23169, dtype: float64
0        0.907985
1        1.556501
2       -1.060019
3        0.336510
4        0.083852
           ...   
23164    1.345106
23165   -2.378178
23166    2.880714
23167    1.230219
23168    2.276956
Name: obs-prior, Length: 23169, dtype: float64
0        0.907985
1        1.556501
2       -1.060019
3        0.336510
4        0.083852
           ...   
23164    1.345106
23165   -2.378178
23166    2.880714
23167    1.230219
23168    2.276956
Name: obs-prior, Length: 23169, dtype: float64
0        0.907985
1        1.556501
2       -1.060019
3        0.336510
4        0.083852
           ...   
23164    1.345106
23165   -2.378178
23166    2.880714
23167    1.230219
23168    2.276956
Name: obs-prior, Length: 23169, dtype: float64
 region:  SH
0      2.175698
1      1.999766
2     -0.352044
3      0.946587
4     -0.905465
         ...   
157    2.213292
158    2.072775
159   -0.351194
160   -3.433896
161    1.792067
Name: obs-prior, Length: 162, dtype: float64
0      2.175698
1      1.999766
2     -0.352044
3      0.946587
4     -0.905465
         ...   
157    2.213292
158    2.072775
159   -0.351194
160   -3.433896
161    1.792067
Name: obs-prior, Length: 162, dtype: float64
0      2.175698
1      1.999766
2     -0.352044
3      0.946587
4     -0.905465
         ...   
157    2.213292
158    2.072775
159   -0.351194
160   -3.433896
161    1.792067
Name: obs-prior, Length: 162, dtype: float64
0      2.175698
1      1.999766
2     -0.352044
3      0.946587
4     -0.905465
         ...   
157    2.213292
158    2.072775
159   -0.351194
160   -3.433896
161    1.792067
Name: obs-prior, Length: 162, dtype: float64
0      2.175698
1      1.999766
2     -0.352044
3      0.946587
4     -0.905465
         ...   
157    2.213292
158    2.072775
159   -0.351194
160   -3.433896
161    1.792067
Name: obs-prior, Length: 162, dtype: float64
0      2.175698
1      1.999766
2     -0.352044
3      0.946587
4     -0.905465
         ...   
157    2.213292
158    2.072775
159   -0.351194
160   -3.433896
161    1.792067
Name: obs-prior, Length: 162, dtype: float64
0      2.175698
1      1.999766
2     -0.352044
3      0.946587
4     -0.905465
         ...   
157    2.213292
158    2.072775
159   -0.351194
160   -3.433896
161    1.792067
Name: obs-prior, Length: 162, dtype: float64
0      2.175698
1      1.999766
2     -0.352044
3      0.946587
4     -0.905465
         ...   
157    2.213292
158    2.072775
159   -0.351194
160   -3.433896
161    1.792067
Name: obs-prior, Length: 162, dtype: float64
0      2.175698
1      1.999766
2     -0.352044
3      0.946587
4     -0.905465
         ...   
157    2.213292
158    2.072775
159   -0.351194
160   -3.433896
161    1.792067
Name: obs-prior, Length: 162, dtype: float64
0      2.175698
1      1.999766
2     -0.352044
3      0.946587
4     -0.905465
         ...   
157    2.213292
158    2.072775
159   -0.351194
160   -3.433896
161    1.792067
Name: obs-prior, Length: 162, dtype: float64
0      2.175698
1      1.999766
2     -0.352044
3      0.946587
4     -0.905465
         ...   
157    2.213292
158    2.072775
159   -0.351194
160   -3.433896
161    1.792067
Name: obs-prior, Length: 162, dtype: float64
0      2.175698
1      1.999766
2     -0.352044
3      0.946587
4     -0.905465
         ...   
157    2.213292
158    2.072775
159   -0.351194
160   -3.433896
161    1.792067
Name: obs-prior, Length: 162, dtype: float64
0      2.175698
1      1.999766
2     -0.352044
3      0.946587
4     -0.905465
         ...   
157    2.213292
158    2.072775
159   -0.351194
160   -3.433896
161    1.792067
Name: obs-prior, Length: 162, dtype: float64
0      2.175698
1      1.999766
2     -0.352044
3      0.946587
4     -0.905465
         ...   
157    2.213292
158    2.072775
159   -0.351194
160   -3.433896
161    1.792067
Name: obs-prior, Length: 162, dtype: float64
0      2.175698
1      1.999766
2     -0.352044
3      0.946587
4     -0.905465
         ...   
157    2.213292
158    2.072775
159   -0.351194
160   -3.433896
161    1.792067
Name: obs-prior, Length: 162, dtype: float64
0      2.175698
1      1.999766
2     -0.352044
3      0.946587
4     -0.905465
         ...   
157    2.213292
158    2.072775
159   -0.351194
160   -3.433896
161    1.792067
Name: obs-prior, Length: 162, dtype: float64
 region:  TR
0       1.196715
1       1.083861
2      -0.741155
3       1.900197
4      -0.272985
          ...   
6190    0.185495
6191    0.496390
6192   -0.890562
6193    1.092296
6194    0.385740
Name: obs-prior, Length: 6195, dtype: float64
0       1.196715
1       1.083861
2      -0.741155
3       1.900197
4      -0.272985
          ...   
6190    0.185495
6191    0.496390
6192   -0.890562
6193    1.092296
6194    0.385740
Name: obs-prior, Length: 6195, dtype: float64
0       1.196715
1       1.083861
2      -0.741155
3       1.900197
4      -0.272985
          ...   
6190    0.185495
6191    0.496390
6192   -0.890562
6193    1.092296
6194    0.385740
Name: obs-prior, Length: 6195, dtype: float64
0       1.196715
1       1.083861
2      -0.741155
3       1.900197
4      -0.272985
          ...   
6190    0.185495
6191    0.496390
6192   -0.890562
6193    1.092296
6194    0.385740
Name: obs-prior, Length: 6195, dtype: float64
0       1.196715
1       1.083861
2      -0.741155
3       1.900197
4      -0.272985
          ...   
6190    0.185495
6191    0.496390
6192   -0.890562
6193    1.092296
6194    0.385740
Name: obs-prior, Length: 6195, dtype: float64
0       1.196715
1       1.083861
2      -0.741155
3       1.900197
4      -0.272985
          ...   
6190    0.185495
6191    0.496390
6192   -0.890562
6193    1.092296
6194    0.385740
Name: obs-prior, Length: 6195, dtype: float64
0       1.196715
1       1.083861
2      -0.741155
3       1.900197
4      -0.272985
          ...   
6190    0.185495
6191    0.496390
6192   -0.890562
6193    1.092296
6194    0.385740
Name: obs-prior, Length: 6195, dtype: float64
0       1.196715
1       1.083861
2      -0.741155
3       1.900197
4      -0.272985
          ...   
6190    0.185495
6191    0.496390
6192   -0.890562
6193    1.092296
6194    0.385740
Name: obs-prior, Length: 6195, dtype: float64
0       1.196715
1       1.083861
2      -0.741155
3       1.900197
4      -0.272985
          ...   
6190    0.185495
6191    0.496390
6192   -0.890562
6193    1.092296
6194    0.385740
Name: obs-prior, Length: 6195, dtype: float64
0       1.196715
1       1.083861
2      -0.741155
3       1.900197
4      -0.272985
          ...   
6190    0.185495
6191    0.496390
6192   -0.890562
6193    1.092296
6194    0.385740
Name: obs-prior, Length: 6195, dtype: float64
0       1.196715
1       1.083861
2      -0.741155
3       1.900197
4      -0.272985
          ...   
6190    0.185495
6191    0.496390
6192   -0.890562
6193    1.092296
6194    0.385740
Name: obs-prior, Length: 6195, dtype: float64
0       1.196715
1       1.083861
2      -0.741155
3       1.900197
4      -0.272985
          ...   
6190    0.185495
6191    0.496390
6192   -0.890562
6193    1.092296
6194    0.385740
Name: obs-prior, Length: 6195, dtype: float64
0       1.196715
1       1.083861
2      -0.741155
3       1.900197
4      -0.272985
          ...   
6190    0.185495
6191    0.496390
6192   -0.890562
6193    1.092296
6194    0.385740
Name: obs-prior, Length: 6195, dtype: float64
0       1.196715
1       1.083861
2      -0.741155
3       1.900197
4      -0.272985
          ...   
6190    0.185495
6191    0.496390
6192   -0.890562
6193    1.092296
6194    0.385740
Name: obs-prior, Length: 6195, dtype: float64
0       1.196715
1       1.083861
2      -0.741155
3       1.900197
4      -0.272985
          ...   
6190    0.185495
6191    0.496390
6192   -0.890562
6193    1.092296
6194    0.385740
Name: obs-prior, Length: 6195, dtype: float64
0       1.196715
1       1.083861
2      -0.741155
3       1.900197
4      -0.272985
          ...   
6190    0.185495
6191    0.496390
6192   -0.890562
6193    1.092296
6194    0.385740
Name: obs-prior, Length: 6195, dtype: float64
0       1.196715
1       1.083861
2      -0.741155
3       1.900197
4      -0.272985
          ...   
6190    0.185495
6191    0.496390
6192   -0.890562
6193    1.092296
6194    0.385740
Name: obs-prior, Length: 6195, dtype: float64

 processing obs:  ACARS_V_WIND_COMPONENT
 region:  Global
0       -3.039581
1        0.280165
2       -0.607386
3        2.184908
4        2.689158
           ...   
28070   -1.478366
28071   -0.026800
28072    1.199540
28073   -1.736854
28074   -2.399819
Name: obs-prior, Length: 28075, dtype: float64
0       -3.039581
1        0.280165
2       -0.607386
3        2.184908
4        2.689158
           ...   
28070   -1.478366
28071   -0.026800
28072    1.199540
28073   -1.736854
28074   -2.399819
Name: obs-prior, Length: 28075, dtype: float64
0       -3.039581
1        0.280165
2       -0.607386
3        2.184908
4        2.689158
           ...   
28070   -1.478366
28071   -0.026800
28072    1.199540
28073   -1.736854
28074   -2.399819
Name: obs-prior, Length: 28075, dtype: float64
0       -3.039581
1        0.280165
2       -0.607386
3        2.184908
4        2.689158
           ...   
28070   -1.478366
28071   -0.026800
28072    1.199540
28073   -1.736854
28074   -2.399819
Name: obs-prior, Length: 28075, dtype: float64
0       -3.039581
1        0.280165
2       -0.607386
3        2.184908
4        2.689158
           ...   
28070   -1.478366
28071   -0.026800
28072    1.199540
28073   -1.736854
28074   -2.399819
Name: obs-prior, Length: 28075, dtype: float64
0       -3.039581
1        0.280165
2       -0.607386
3        2.184908
4        2.689158
           ...   
28070   -1.478366
28071   -0.026800
28072    1.199540
28073   -1.736854
28074   -2.399819
Name: obs-prior, Length: 28075, dtype: float64
0       -3.039581
1        0.280165
2       -0.607386
3        2.184908
4        2.689158
           ...   
28070   -1.478366
28071   -0.026800
28072    1.199540
28073   -1.736854
28074   -2.399819
Name: obs-prior, Length: 28075, dtype: float64
0       -3.039581
1        0.280165
2       -0.607386
3        2.184908
4        2.689158
           ...   
28070   -1.478366
28071   -0.026800
28072    1.199540
28073   -1.736854
28074   -2.399819
Name: obs-prior, Length: 28075, dtype: float64
0       -3.039581
1        0.280165
2       -0.607386
3        2.184908
4        2.689158
           ...   
28070   -1.478366
28071   -0.026800
28072    1.199540
28073   -1.736854
28074   -2.399819
Name: obs-prior, Length: 28075, dtype: float64
0       -3.039581
1        0.280165
2       -0.607386
3        2.184908
4        2.689158
           ...   
28070   -1.478366
28071   -0.026800
28072    1.199540
28073   -1.736854
28074   -2.399819
Name: obs-prior, Length: 28075, dtype: float64
0       -3.039581
1        0.280165
2       -0.607386
3        2.184908
4        2.689158
           ...   
28070   -1.478366
28071   -0.026800
28072    1.199540
28073   -1.736854
28074   -2.399819
Name: obs-prior, Length: 28075, dtype: float64
0       -3.039581
1        0.280165
2       -0.607386
3        2.184908
4        2.689158
           ...   
28070   -1.478366
28071   -0.026800
28072    1.199540
28073   -1.736854
28074   -2.399819
Name: obs-prior, Length: 28075, dtype: float64
0       -3.039581
1        0.280165
2       -0.607386
3        2.184908
4        2.689158
           ...   
28070   -1.478366
28071   -0.026800
28072    1.199540
28073   -1.736854
28074   -2.399819
Name: obs-prior, Length: 28075, dtype: float64
0       -3.039581
1        0.280165
2       -0.607386
3        2.184908
4        2.689158
           ...   
28070   -1.478366
28071   -0.026800
28072    1.199540
28073   -1.736854
28074   -2.399819
Name: obs-prior, Length: 28075, dtype: float64
0       -3.039581
1        0.280165
2       -0.607386
3        2.184908
4        2.689158
           ...   
28070   -1.478366
28071   -0.026800
28072    1.199540
28073   -1.736854
28074   -2.399819
Name: obs-prior, Length: 28075, dtype: float64
0       -3.039581
1        0.280165
2       -0.607386
3        2.184908
4        2.689158
           ...   
28070   -1.478366
28071   -0.026800
28072    1.199540
28073   -1.736854
28074   -2.399819
Name: obs-prior, Length: 28075, dtype: float64
0       -3.039581
1        0.280165
2       -0.607386
3        2.184908
4        2.689158
           ...   
28070   -1.478366
28071   -0.026800
28072    1.199540
28073   -1.736854
28074   -2.399819
Name: obs-prior, Length: 28075, dtype: float64
 region:  NH
0       -3.039581
1        0.280165
2       -0.607386
3        2.184908
4        2.689158
           ...   
21801   -2.850913
21802   -1.478366
21803   -0.026800
21804    1.199540
21805   -1.736854
Name: obs-prior, Length: 21806, dtype: float64
0       -3.039581
1        0.280165
2       -0.607386
3        2.184908
4        2.689158
           ...   
21801   -2.850913
21802   -1.478366
21803   -0.026800
21804    1.199540
21805   -1.736854
Name: obs-prior, Length: 21806, dtype: float64
0       -3.039581
1        0.280165
2       -0.607386
3        2.184908
4        2.689158
           ...   
21801   -2.850913
21802   -1.478366
21803   -0.026800
21804    1.199540
21805   -1.736854
Name: obs-prior, Length: 21806, dtype: float64
0       -3.039581
1        0.280165
2       -0.607386
3        2.184908
4        2.689158
           ...   
21801   -2.850913
21802   -1.478366
21803   -0.026800
21804    1.199540
21805   -1.736854
Name: obs-prior, Length: 21806, dtype: float64
0       -3.039581
1        0.280165
2       -0.607386
3        2.184908
4        2.689158
           ...   
21801   -2.850913
21802   -1.478366
21803   -0.026800
21804    1.199540
21805   -1.736854
Name: obs-prior, Length: 21806, dtype: float64
0       -3.039581
1        0.280165
2       -0.607386
3        2.184908
4        2.689158
           ...   
21801   -2.850913
21802   -1.478366
21803   -0.026800
21804    1.199540
21805   -1.736854
Name: obs-prior, Length: 21806, dtype: float64
0       -3.039581
1        0.280165
2       -0.607386
3        2.184908
4        2.689158
           ...   
21801   -2.850913
21802   -1.478366
21803   -0.026800
21804    1.199540
21805   -1.736854
Name: obs-prior, Length: 21806, dtype: float64
0       -3.039581
1        0.280165
2       -0.607386
3        2.184908
4        2.689158
           ...   
21801   -2.850913
21802   -1.478366
21803   -0.026800
21804    1.199540
21805   -1.736854
Name: obs-prior, Length: 21806, dtype: float64
0       -3.039581
1        0.280165
2       -0.607386
3        2.184908
4        2.689158
           ...   
21801   -2.850913
21802   -1.478366
21803   -0.026800
21804    1.199540
21805   -1.736854
Name: obs-prior, Length: 21806, dtype: float64
0       -3.039581
1        0.280165
2       -0.607386
3        2.184908
4        2.689158
           ...   
21801   -2.850913
21802   -1.478366
21803   -0.026800
21804    1.199540
21805   -1.736854
Name: obs-prior, Length: 21806, dtype: float64
0       -3.039581
1        0.280165
2       -0.607386
3        2.184908
4        2.689158
           ...   
21801   -2.850913
21802   -1.478366
21803   -0.026800
21804    1.199540
21805   -1.736854
Name: obs-prior, Length: 21806, dtype: float64
0       -3.039581
1        0.280165
2       -0.607386
3        2.184908
4        2.689158
           ...   
21801   -2.850913
21802   -1.478366
21803   -0.026800
21804    1.199540
21805   -1.736854
Name: obs-prior, Length: 21806, dtype: float64
0       -3.039581
1        0.280165
2       -0.607386
3        2.184908
4        2.689158
           ...   
21801   -2.850913
21802   -1.478366
21803   -0.026800
21804    1.199540
21805   -1.736854
Name: obs-prior, Length: 21806, dtype: float64
0       -3.039581
1        0.280165
2       -0.607386
3        2.184908
4        2.689158
           ...   
21801   -2.850913
21802   -1.478366
21803   -0.026800
21804    1.199540
21805   -1.736854
Name: obs-prior, Length: 21806, dtype: float64
0       -3.039581
1        0.280165
2       -0.607386
3        2.184908
4        2.689158
           ...   
21801   -2.850913
21802   -1.478366
21803   -0.026800
21804    1.199540
21805   -1.736854
Name: obs-prior, Length: 21806, dtype: float64
0       -3.039581
1        0.280165
2       -0.607386
3        2.184908
4        2.689158
           ...   
21801   -2.850913
21802   -1.478366
21803   -0.026800
21804    1.199540
21805   -1.736854
Name: obs-prior, Length: 21806, dtype: float64
0       -3.039581
1        0.280165
2       -0.607386
3        2.184908
4        2.689158
           ...   
21801   -2.850913
21802   -1.478366
21803   -0.026800
21804    1.199540
21805   -1.736854
Name: obs-prior, Length: 21806, dtype: float64
 region:  SH
0     -2.695568
1      0.653222
2      2.185398
3      2.093805
4      3.772047
         ...   
251   -0.601457
252   -1.848618
253   -1.605047
254    1.407277
255   -0.607662
Name: obs-prior, Length: 256, dtype: float64
0     -2.695568
1      0.653222
2      2.185398
3      2.093805
4      3.772047
         ...   
251   -0.601457
252   -1.848618
253   -1.605047
254    1.407277
255   -0.607662
Name: obs-prior, Length: 256, dtype: float64
0     -2.695568
1      0.653222
2      2.185398
3      2.093805
4      3.772047
         ...   
251   -0.601457
252   -1.848618
253   -1.605047
254    1.407277
255   -0.607662
Name: obs-prior, Length: 256, dtype: float64
0     -2.695568
1      0.653222
2      2.185398
3      2.093805
4      3.772047
         ...   
251   -0.601457
252   -1.848618
253   -1.605047
254    1.407277
255   -0.607662
Name: obs-prior, Length: 256, dtype: float64
0     -2.695568
1      0.653222
2      2.185398
3      2.093805
4      3.772047
         ...   
251   -0.601457
252   -1.848618
253   -1.605047
254    1.407277
255   -0.607662
Name: obs-prior, Length: 256, dtype: float64
0     -2.695568
1      0.653222
2      2.185398
3      2.093805
4      3.772047
         ...   
251   -0.601457
252   -1.848618
253   -1.605047
254    1.407277
255   -0.607662
Name: obs-prior, Length: 256, dtype: float64
0     -2.695568
1      0.653222
2      2.185398
3      2.093805
4      3.772047
         ...   
251   -0.601457
252   -1.848618
253   -1.605047
254    1.407277
255   -0.607662
Name: obs-prior, Length: 256, dtype: float64
0     -2.695568
1      0.653222
2      2.185398
3      2.093805
4      3.772047
         ...   
251   -0.601457
252   -1.848618
253   -1.605047
254    1.407277
255   -0.607662
Name: obs-prior, Length: 256, dtype: float64
0     -2.695568
1      0.653222
2      2.185398
3      2.093805
4      3.772047
         ...   
251   -0.601457
252   -1.848618
253   -1.605047
254    1.407277
255   -0.607662
Name: obs-prior, Length: 256, dtype: float64
0     -2.695568
1      0.653222
2      2.185398
3      2.093805
4      3.772047
         ...   
251   -0.601457
252   -1.848618
253   -1.605047
254    1.407277
255   -0.607662
Name: obs-prior, Length: 256, dtype: float64
0     -2.695568
1      0.653222
2      2.185398
3      2.093805
4      3.772047
         ...   
251   -0.601457
252   -1.848618
253   -1.605047
254    1.407277
255   -0.607662
Name: obs-prior, Length: 256, dtype: float64
0     -2.695568
1      0.653222
2      2.185398
3      2.093805
4      3.772047
         ...   
251   -0.601457
252   -1.848618
253   -1.605047
254    1.407277
255   -0.607662
Name: obs-prior, Length: 256, dtype: float64
0     -2.695568
1      0.653222
2      2.185398
3      2.093805
4      3.772047
         ...   
251   -0.601457
252   -1.848618
253   -1.605047
254    1.407277
255   -0.607662
Name: obs-prior, Length: 256, dtype: float64
0     -2.695568
1      0.653222
2      2.185398
3      2.093805
4      3.772047
         ...   
251   -0.601457
252   -1.848618
253   -1.605047
254    1.407277
255   -0.607662
Name: obs-prior, Length: 256, dtype: float64
0     -2.695568
1      0.653222
2      2.185398
3      2.093805
4      3.772047
         ...   
251   -0.601457
252   -1.848618
253   -1.605047
254    1.407277
255   -0.607662
Name: obs-prior, Length: 256, dtype: float64
0     -2.695568
1      0.653222
2      2.185398
3      2.093805
4      3.772047
         ...   
251   -0.601457
252   -1.848618
253   -1.605047
254    1.407277
255   -0.607662
Name: obs-prior, Length: 256, dtype: float64
 region:  TR
0      -0.063441
1      -1.033457
2       0.146186
3      -2.848079
4      -1.133449
          ...   
6008   -1.414635
6009    1.826387
6010   -1.134887
6011    0.205780
6012   -2.399819
Name: obs-prior, Length: 6013, dtype: float64
0      -0.063441
1      -1.033457
2       0.146186
3      -2.848079
4      -1.133449
          ...   
6008   -1.414635
6009    1.826387
6010   -1.134887
6011    0.205780
6012   -2.399819
Name: obs-prior, Length: 6013, dtype: float64
0      -0.063441
1      -1.033457
2       0.146186
3      -2.848079
4      -1.133449
          ...   
6008   -1.414635
6009    1.826387
6010   -1.134887
6011    0.205780
6012   -2.399819
Name: obs-prior, Length: 6013, dtype: float64
0      -0.063441
1      -1.033457
2       0.146186
3      -2.848079
4      -1.133449
          ...   
6008   -1.414635
6009    1.826387
6010   -1.134887
6011    0.205780
6012   -2.399819
Name: obs-prior, Length: 6013, dtype: float64
0      -0.063441
1      -1.033457
2       0.146186
3      -2.848079
4      -1.133449
          ...   
6008   -1.414635
6009    1.826387
6010   -1.134887
6011    0.205780
6012   -2.399819
Name: obs-prior, Length: 6013, dtype: float64
0      -0.063441
1      -1.033457
2       0.146186
3      -2.848079
4      -1.133449
          ...   
6008   -1.414635
6009    1.826387
6010   -1.134887
6011    0.205780
6012   -2.399819
Name: obs-prior, Length: 6013, dtype: float64
0      -0.063441
1      -1.033457
2       0.146186
3      -2.848079
4      -1.133449
          ...   
6008   -1.414635
6009    1.826387
6010   -1.134887
6011    0.205780
6012   -2.399819
Name: obs-prior, Length: 6013, dtype: float64
0      -0.063441
1      -1.033457
2       0.146186
3      -2.848079
4      -1.133449
          ...   
6008   -1.414635
6009    1.826387
6010   -1.134887
6011    0.205780
6012   -2.399819
Name: obs-prior, Length: 6013, dtype: float64
0      -0.063441
1      -1.033457
2       0.146186
3      -2.848079
4      -1.133449
          ...   
6008   -1.414635
6009    1.826387
6010   -1.134887
6011    0.205780
6012   -2.399819
Name: obs-prior, Length: 6013, dtype: float64
0      -0.063441
1      -1.033457
2       0.146186
3      -2.848079
4      -1.133449
          ...   
6008   -1.414635
6009    1.826387
6010   -1.134887
6011    0.205780
6012   -2.399819
Name: obs-prior, Length: 6013, dtype: float64
0      -0.063441
1      -1.033457
2       0.146186
3      -2.848079
4      -1.133449
          ...   
6008   -1.414635
6009    1.826387
6010   -1.134887
6011    0.205780
6012   -2.399819
Name: obs-prior, Length: 6013, dtype: float64
0      -0.063441
1      -1.033457
2       0.146186
3      -2.848079
4      -1.133449
          ...   
6008   -1.414635
6009    1.826387
6010   -1.134887
6011    0.205780
6012   -2.399819
Name: obs-prior, Length: 6013, dtype: float64
0      -0.063441
1      -1.033457
2       0.146186
3      -2.848079
4      -1.133449
          ...   
6008   -1.414635
6009    1.826387
6010   -1.134887
6011    0.205780
6012   -2.399819
Name: obs-prior, Length: 6013, dtype: float64
0      -0.063441
1      -1.033457
2       0.146186
3      -2.848079
4      -1.133449
          ...   
6008   -1.414635
6009    1.826387
6010   -1.134887
6011    0.205780
6012   -2.399819
Name: obs-prior, Length: 6013, dtype: float64
0      -0.063441
1      -1.033457
2       0.146186
3      -2.848079
4      -1.133449
          ...   
6008   -1.414635
6009    1.826387
6010   -1.134887
6011    0.205780
6012   -2.399819
Name: obs-prior, Length: 6013, dtype: float64
0      -0.063441
1      -1.033457
2       0.146186
3      -2.848079
4      -1.133449
          ...   
6008   -1.414635
6009    1.826387
6010   -1.134887
6011    0.205780
6012   -2.399819
Name: obs-prior, Length: 6013, dtype: float64
0      -0.063441
1      -1.033457
2       0.146186
3      -2.848079
4      -1.133449
          ...   
6008   -1.414635
6009    1.826387
6010   -1.134887
6011    0.205780
6012   -2.399819
Name: obs-prior, Length: 6013, dtype: float64

 processing obs:  ACARS_TEMPERATURE
 region:  Global
0        0.611846
1        0.024512
2       -0.973080
3        0.262582
4        0.900710
           ...   
29528    0.775310
29529   -0.709791
29530    0.664663
29531    0.238362
29532   -0.547622
Name: obs-prior, Length: 29533, dtype: float64
0        0.611846
1        0.024512
2       -0.973080
3        0.262582
4        0.900710
           ...   
29528    0.775310
29529   -0.709791
29530    0.664663
29531    0.238362
29532   -0.547622
Name: obs-prior, Length: 29533, dtype: float64
0        0.611846
1        0.024512
2       -0.973080
3        0.262582
4        0.900710
           ...   
29528    0.775310
29529   -0.709791
29530    0.664663
29531    0.238362
29532   -0.547622
Name: obs-prior, Length: 29533, dtype: float64
0        0.611846
1        0.024512
2       -0.973080
3        0.262582
4        0.900710
           ...   
29528    0.775310
29529   -0.709791
29530    0.664663
29531    0.238362
29532   -0.547622
Name: obs-prior, Length: 29533, dtype: float64
0        0.611846
1        0.024512
2       -0.973080
3        0.262582
4        0.900710
           ...   
29528    0.775310
29529   -0.709791
29530    0.664663
29531    0.238362
29532   -0.547622
Name: obs-prior, Length: 29533, dtype: float64
0        0.611846
1        0.024512
2       -0.973080
3        0.262582
4        0.900710
           ...   
29528    0.775310
29529   -0.709791
29530    0.664663
29531    0.238362
29532   -0.547622
Name: obs-prior, Length: 29533, dtype: float64
0        0.611846
1        0.024512
2       -0.973080
3        0.262582
4        0.900710
           ...   
29528    0.775310
29529   -0.709791
29530    0.664663
29531    0.238362
29532   -0.547622
Name: obs-prior, Length: 29533, dtype: float64
0        0.611846
1        0.024512
2       -0.973080
3        0.262582
4        0.900710
           ...   
29528    0.775310
29529   -0.709791
29530    0.664663
29531    0.238362
29532   -0.547622
Name: obs-prior, Length: 29533, dtype: float64
0        0.611846
1        0.024512
2       -0.973080
3        0.262582
4        0.900710
           ...   
29528    0.775310
29529   -0.709791
29530    0.664663
29531    0.238362
29532   -0.547622
Name: obs-prior, Length: 29533, dtype: float64
0        0.611846
1        0.024512
2       -0.973080
3        0.262582
4        0.900710
           ...   
29528    0.775310
29529   -0.709791
29530    0.664663
29531    0.238362
29532   -0.547622
Name: obs-prior, Length: 29533, dtype: float64
0        0.611846
1        0.024512
2       -0.973080
3        0.262582
4        0.900710
           ...   
29528    0.775310
29529   -0.709791
29530    0.664663
29531    0.238362
29532   -0.547622
Name: obs-prior, Length: 29533, dtype: float64
0        0.611846
1        0.024512
2       -0.973080
3        0.262582
4        0.900710
           ...   
29528    0.775310
29529   -0.709791
29530    0.664663
29531    0.238362
29532   -0.547622
Name: obs-prior, Length: 29533, dtype: float64
0        0.611846
1        0.024512
2       -0.973080
3        0.262582
4        0.900710
           ...   
29528    0.775310
29529   -0.709791
29530    0.664663
29531    0.238362
29532   -0.547622
Name: obs-prior, Length: 29533, dtype: float64
0        0.611846
1        0.024512
2       -0.973080
3        0.262582
4        0.900710
           ...   
29528    0.775310
29529   -0.709791
29530    0.664663
29531    0.238362
29532   -0.547622
Name: obs-prior, Length: 29533, dtype: float64
0        0.611846
1        0.024512
2       -0.973080
3        0.262582
4        0.900710
           ...   
29528    0.775310
29529   -0.709791
29530    0.664663
29531    0.238362
29532   -0.547622
Name: obs-prior, Length: 29533, dtype: float64
0        0.611846
1        0.024512
2       -0.973080
3        0.262582
4        0.900710
           ...   
29528    0.775310
29529   -0.709791
29530    0.664663
29531    0.238362
29532   -0.547622
Name: obs-prior, Length: 29533, dtype: float64
0        0.611846
1        0.024512
2       -0.973080
3        0.262582
4        0.900710
           ...   
29528    0.775310
29529   -0.709791
29530    0.664663
29531    0.238362
29532   -0.547622
Name: obs-prior, Length: 29533, dtype: float64
 region:  NH
0        0.611846
1        0.024512
2       -0.973080
3        0.262582
4        0.900710
           ...   
22848   -0.761167
22849    0.775310
22850   -0.709791
22851    0.664663
22852    0.238362
Name: obs-prior, Length: 22853, dtype: float64
0        0.611846
1        0.024512
2       -0.973080
3        0.262582
4        0.900710
           ...   
22848   -0.761167
22849    0.775310
22850   -0.709791
22851    0.664663
22852    0.238362
Name: obs-prior, Length: 22853, dtype: float64
0        0.611846
1        0.024512
2       -0.973080
3        0.262582
4        0.900710
           ...   
22848   -0.761167
22849    0.775310
22850   -0.709791
22851    0.664663
22852    0.238362
Name: obs-prior, Length: 22853, dtype: float64
0        0.611846
1        0.024512
2       -0.973080
3        0.262582
4        0.900710
           ...   
22848   -0.761167
22849    0.775310
22850   -0.709791
22851    0.664663
22852    0.238362
Name: obs-prior, Length: 22853, dtype: float64
0        0.611846
1        0.024512
2       -0.973080
3        0.262582
4        0.900710
           ...   
22848   -0.761167
22849    0.775310
22850   -0.709791
22851    0.664663
22852    0.238362
Name: obs-prior, Length: 22853, dtype: float64
0        0.611846
1        0.024512
2       -0.973080
3        0.262582
4        0.900710
           ...   
22848   -0.761167
22849    0.775310
22850   -0.709791
22851    0.664663
22852    0.238362
Name: obs-prior, Length: 22853, dtype: float64
0        0.611846
1        0.024512
2       -0.973080
3        0.262582
4        0.900710
           ...   
22848   -0.761167
22849    0.775310
22850   -0.709791
22851    0.664663
22852    0.238362
Name: obs-prior, Length: 22853, dtype: float64
0        0.611846
1        0.024512
2       -0.973080
3        0.262582
4        0.900710
           ...   
22848   -0.761167
22849    0.775310
22850   -0.709791
22851    0.664663
22852    0.238362
Name: obs-prior, Length: 22853, dtype: float64
0        0.611846
1        0.024512
2       -0.973080
3        0.262582
4        0.900710
           ...   
22848   -0.761167
22849    0.775310
22850   -0.709791
22851    0.664663
22852    0.238362
Name: obs-prior, Length: 22853, dtype: float64
0        0.611846
1        0.024512
2       -0.973080
3        0.262582
4        0.900710
           ...   
22848   -0.761167
22849    0.775310
22850   -0.709791
22851    0.664663
22852    0.238362
Name: obs-prior, Length: 22853, dtype: float64
0        0.611846
1        0.024512
2       -0.973080
3        0.262582
4        0.900710
           ...   
22848   -0.761167
22849    0.775310
22850   -0.709791
22851    0.664663
22852    0.238362
Name: obs-prior, Length: 22853, dtype: float64
0        0.611846
1        0.024512
2       -0.973080
3        0.262582
4        0.900710
           ...   
22848   -0.761167
22849    0.775310
22850   -0.709791
22851    0.664663
22852    0.238362
Name: obs-prior, Length: 22853, dtype: float64
0        0.611846
1        0.024512
2       -0.973080
3        0.262582
4        0.900710
           ...   
22848   -0.761167
22849    0.775310
22850   -0.709791
22851    0.664663
22852    0.238362
Name: obs-prior, Length: 22853, dtype: float64
0        0.611846
1        0.024512
2       -0.973080
3        0.262582
4        0.900710
           ...   
22848   -0.761167
22849    0.775310
22850   -0.709791
22851    0.664663
22852    0.238362
Name: obs-prior, Length: 22853, dtype: float64
0        0.611846
1        0.024512
2       -0.973080
3        0.262582
4        0.900710
           ...   
22848   -0.761167
22849    0.775310
22850   -0.709791
22851    0.664663
22852    0.238362
Name: obs-prior, Length: 22853, dtype: float64
0        0.611846
1        0.024512
2       -0.973080
3        0.262582
4        0.900710
           ...   
22848   -0.761167
22849    0.775310
22850   -0.709791
22851    0.664663
22852    0.238362
Name: obs-prior, Length: 22853, dtype: float64
0        0.611846
1        0.024512
2       -0.973080
3        0.262582
4        0.900710
           ...   
22848   -0.761167
22849    0.775310
22850   -0.709791
22851    0.664663
22852    0.238362
Name: obs-prior, Length: 22853, dtype: float64
 region:  SH
0     -0.064907
1      0.817835
2      0.853490
3      0.552603
4      0.308743
         ...   
228    0.950173
229    0.037705
230    0.723566
231    0.057460
232   -1.580300
Name: obs-prior, Length: 233, dtype: float64
0     -0.064907
1      0.817835
2      0.853490
3      0.552603
4      0.308743
         ...   
228    0.950173
229    0.037705
230    0.723566
231    0.057460
232   -1.580300
Name: obs-prior, Length: 233, dtype: float64
0     -0.064907
1      0.817835
2      0.853490
3      0.552603
4      0.308743
         ...   
228    0.950173
229    0.037705
230    0.723566
231    0.057460
232   -1.580300
Name: obs-prior, Length: 233, dtype: float64
0     -0.064907
1      0.817835
2      0.853490
3      0.552603
4      0.308743
         ...   
228    0.950173
229    0.037705
230    0.723566
231    0.057460
232   -1.580300
Name: obs-prior, Length: 233, dtype: float64
0     -0.064907
1      0.817835
2      0.853490
3      0.552603
4      0.308743
         ...   
228    0.950173
229    0.037705
230    0.723566
231    0.057460
232   -1.580300
Name: obs-prior, Length: 233, dtype: float64
0     -0.064907
1      0.817835
2      0.853490
3      0.552603
4      0.308743
         ...   
228    0.950173
229    0.037705
230    0.723566
231    0.057460
232   -1.580300
Name: obs-prior, Length: 233, dtype: float64
0     -0.064907
1      0.817835
2      0.853490
3      0.552603
4      0.308743
         ...   
228    0.950173
229    0.037705
230    0.723566
231    0.057460
232   -1.580300
Name: obs-prior, Length: 233, dtype: float64
0     -0.064907
1      0.817835
2      0.853490
3      0.552603
4      0.308743
         ...   
228    0.950173
229    0.037705
230    0.723566
231    0.057460
232   -1.580300
Name: obs-prior, Length: 233, dtype: float64
0     -0.064907
1      0.817835
2      0.853490
3      0.552603
4      0.308743
         ...   
228    0.950173
229    0.037705
230    0.723566
231    0.057460
232   -1.580300
Name: obs-prior, Length: 233, dtype: float64
0     -0.064907
1      0.817835
2      0.853490
3      0.552603
4      0.308743
         ...   
228    0.950173
229    0.037705
230    0.723566
231    0.057460
232   -1.580300
Name: obs-prior, Length: 233, dtype: float64
0     -0.064907
1      0.817835
2      0.853490
3      0.552603
4      0.308743
         ...   
228    0.950173
229    0.037705
230    0.723566
231    0.057460
232   -1.580300
Name: obs-prior, Length: 233, dtype: float64
0     -0.064907
1      0.817835
2      0.853490
3      0.552603
4      0.308743
         ...   
228    0.950173
229    0.037705
230    0.723566
231    0.057460
232   -1.580300
Name: obs-prior, Length: 233, dtype: float64
0     -0.064907
1      0.817835
2      0.853490
3      0.552603
4      0.308743
         ...   
228    0.950173
229    0.037705
230    0.723566
231    0.057460
232   -1.580300
Name: obs-prior, Length: 233, dtype: float64
0     -0.064907
1      0.817835
2      0.853490
3      0.552603
4      0.308743
         ...   
228    0.950173
229    0.037705
230    0.723566
231    0.057460
232   -1.580300
Name: obs-prior, Length: 233, dtype: float64
0     -0.064907
1      0.817835
2      0.853490
3      0.552603
4      0.308743
         ...   
228    0.950173
229    0.037705
230    0.723566
231    0.057460
232   -1.580300
Name: obs-prior, Length: 233, dtype: float64
0     -0.064907
1      0.817835
2      0.853490
3      0.552603
4      0.308743
         ...   
228    0.950173
229    0.037705
230    0.723566
231    0.057460
232   -1.580300
Name: obs-prior, Length: 233, dtype: float64
 region:  TR
0       0.222084
1      -0.586617
2       0.223729
3      -0.501483
4       0.489541
          ...   
6442    0.176352
6443   -0.753268
6444   -0.159214
6445    0.560916
6446   -0.547622
Name: obs-prior, Length: 6447, dtype: float64
0       0.222084
1      -0.586617
2       0.223729
3      -0.501483
4       0.489541
          ...   
6442    0.176352
6443   -0.753268
6444   -0.159214
6445    0.560916
6446   -0.547622
Name: obs-prior, Length: 6447, dtype: float64
0       0.222084
1      -0.586617
2       0.223729
3      -0.501483
4       0.489541
          ...   
6442    0.176352
6443   -0.753268
6444   -0.159214
6445    0.560916
6446   -0.547622
Name: obs-prior, Length: 6447, dtype: float64
0       0.222084
1      -0.586617
2       0.223729
3      -0.501483
4       0.489541
          ...   
6442    0.176352
6443   -0.753268
6444   -0.159214
6445    0.560916
6446   -0.547622
Name: obs-prior, Length: 6447, dtype: float64
0       0.222084
1      -0.586617
2       0.223729
3      -0.501483
4       0.489541
          ...   
6442    0.176352
6443   -0.753268
6444   -0.159214
6445    0.560916
6446   -0.547622
Name: obs-prior, Length: 6447, dtype: float64
0       0.222084
1      -0.586617
2       0.223729
3      -0.501483
4       0.489541
          ...   
6442    0.176352
6443   -0.753268
6444   -0.159214
6445    0.560916
6446   -0.547622
Name: obs-prior, Length: 6447, dtype: float64
0       0.222084
1      -0.586617
2       0.223729
3      -0.501483
4       0.489541
          ...   
6442    0.176352
6443   -0.753268
6444   -0.159214
6445    0.560916
6446   -0.547622
Name: obs-prior, Length: 6447, dtype: float64
0       0.222084
1      -0.586617
2       0.223729
3      -0.501483
4       0.489541
          ...   
6442    0.176352
6443   -0.753268
6444   -0.159214
6445    0.560916
6446   -0.547622
Name: obs-prior, Length: 6447, dtype: float64
0       0.222084
1      -0.586617
2       0.223729
3      -0.501483
4       0.489541
          ...   
6442    0.176352
6443   -0.753268
6444   -0.159214
6445    0.560916
6446   -0.547622
Name: obs-prior, Length: 6447, dtype: float64
0       0.222084
1      -0.586617
2       0.223729
3      -0.501483
4       0.489541
          ...   
6442    0.176352
6443   -0.753268
6444   -0.159214
6445    0.560916
6446   -0.547622
Name: obs-prior, Length: 6447, dtype: float64
0       0.222084
1      -0.586617
2       0.223729
3      -0.501483
4       0.489541
          ...   
6442    0.176352
6443   -0.753268
6444   -0.159214
6445    0.560916
6446   -0.547622
Name: obs-prior, Length: 6447, dtype: float64
0       0.222084
1      -0.586617
2       0.223729
3      -0.501483
4       0.489541
          ...   
6442    0.176352
6443   -0.753268
6444   -0.159214
6445    0.560916
6446   -0.547622
Name: obs-prior, Length: 6447, dtype: float64
0       0.222084
1      -0.586617
2       0.223729
3      -0.501483
4       0.489541
          ...   
6442    0.176352
6443   -0.753268
6444   -0.159214
6445    0.560916
6446   -0.547622
Name: obs-prior, Length: 6447, dtype: float64
0       0.222084
1      -0.586617
2       0.223729
3      -0.501483
4       0.489541
          ...   
6442    0.176352
6443   -0.753268
6444   -0.159214
6445    0.560916
6446   -0.547622
Name: obs-prior, Length: 6447, dtype: float64
0       0.222084
1      -0.586617
2       0.223729
3      -0.501483
4       0.489541
          ...   
6442    0.176352
6443   -0.753268
6444   -0.159214
6445    0.560916
6446   -0.547622
Name: obs-prior, Length: 6447, dtype: float64
0       0.222084
1      -0.586617
2       0.223729
3      -0.501483
4       0.489541
          ...   
6442    0.176352
6443   -0.753268
6444   -0.159214
6445    0.560916
6446   -0.547622
Name: obs-prior, Length: 6447, dtype: float64
0       0.222084
1      -0.586617
2       0.223729
3      -0.501483
4       0.489541
          ...   
6442    0.176352
6443   -0.753268
6444   -0.159214
6445    0.560916
6446   -0.547622
Name: obs-prior, Length: 6447, dtype: float64

 processing obs:  SAT_U_WIND_COMPONENT
 region:  Global
 No obs:  SAT_U_WIND_COMPONENT  in region:  Global  at this time.
 region:  NH
 No obs:  SAT_U_WIND_COMPONENT  in region:  NH  at this time.
 region:  SH
 No obs:  SAT_U_WIND_COMPONENT  in region:  SH  at this time.
 region:  TR
 No obs:  SAT_U_WIND_COMPONENT  in region:  TR  at this time.

 processing obs:  SAT_V_WIND_COMPONENT
 region:  Global
 No obs:  SAT_V_WIND_COMPONENT  in region:  Global  at this time.
 region:  NH
 No obs:  SAT_V_WIND_COMPONENT  in region:  NH  at this time.
 region:  SH
 No obs:  SAT_V_WIND_COMPONENT  in region:  SH  at this time.
 region:  TR
 No obs:  SAT_V_WIND_COMPONENT  in region:  TR  at this time.

 processing obs:  GPSRO_REFRACTIVITY
 region:  Global
 No obs:  GPSRO_REFRACTIVITY  in region:  Global  at this time.
 region:  NH
 No obs:  GPSRO_REFRACTIVITY  in region:  NH  at this time.
 region:  SH
 No obs:  GPSRO_REFRACTIVITY  in region:  SH  at this time.
 region:  TR
 No obs:  GPSRO_REFRACTIVITY  in region:  TR  at this time.

 processing obs:  EOS_2_AMSUA_TB
 region:  Global
 No obs:  EOS_2_AMSUA_TB  in region:  Global  at this time.
 region:  NH
 No obs:  EOS_2_AMSUA_TB  in region:  NH  at this time.
 region:  SH
 No obs:  EOS_2_AMSUA_TB  in region:  SH  at this time.
 region:  TR
 No obs:  EOS_2_AMSUA_TB  in region:  TR  at this time.

 processing obs:  NOAA_15_AMSUA_TB
 region:  Global
 No obs:  NOAA_15_AMSUA_TB  in region:  Global  at this time.
 region:  NH
 No obs:  NOAA_15_AMSUA_TB  in region:  NH  at this time.
 region:  SH
 No obs:  NOAA_15_AMSUA_TB  in region:  SH  at this time.
 region:  TR
 No obs:  NOAA_15_AMSUA_TB  in region:  TR  at this time.

 processing obs:  NOAA_16_AMSUA_TB
 region:  Global
 No obs:  NOAA_16_AMSUA_TB  in region:  Global  at this time.
 region:  NH
 No obs:  NOAA_16_AMSUA_TB  in region:  NH  at this time.
 region:  SH
 No obs:  NOAA_16_AMSUA_TB  in region:  SH  at this time.
 region:  TR
 No obs:  NOAA_16_AMSUA_TB  in region:  TR  at this time.

 processing obs:  NOAA_17_AMSUA_TB
 region:  Global
 No obs:  NOAA_17_AMSUA_TB  in region:  Global  at this time.
 region:  NH
 No obs:  NOAA_17_AMSUA_TB  in region:  NH  at this time.
 region:  SH
 No obs:  NOAA_17_AMSUA_TB  in region:  SH  at this time.
 region:  TR
 No obs:  NOAA_17_AMSUA_TB  in region:  TR  at this time.

 processing obs:  NOAA_18_AMSUA_TB
 region:  Global
 No obs:  NOAA_18_AMSUA_TB  in region:  Global  at this time.
 region:  NH
 No obs:  NOAA_18_AMSUA_TB  in region:  NH  at this time.
 region:  SH
 No obs:  NOAA_18_AMSUA_TB  in region:  SH  at this time.
 region:  TR
 No obs:  NOAA_18_AMSUA_TB  in region:  TR  at this time.

 processing obs:  NOAA_19_AMSUA_TB
 region:  Global
 No obs:  NOAA_19_AMSUA_TB  in region:  Global  at this time.
 region:  NH
 No obs:  NOAA_19_AMSUA_TB  in region:  NH  at this time.
 region:  SH
 No obs:  NOAA_19_AMSUA_TB  in region:  SH  at this time.
 region:  TR
 No obs:  NOAA_19_AMSUA_TB  in region:  TR  at this time.

 processing obs:  METOP_1_AMSUA_TB
 region:  Global
 No obs:  METOP_1_AMSUA_TB  in region:  Global  at this time.
 region:  NH
 No obs:  METOP_1_AMSUA_TB  in region:  NH  at this time.
 region:  SH
 No obs:  METOP_1_AMSUA_TB  in region:  SH  at this time.
 region:  TR
 No obs:  METOP_1_AMSUA_TB  in region:  TR  at this time.

 processing obs:  METOP_2_AMSUA_TB
 region:  Global
 No obs:  METOP_2_AMSUA_TB  in region:  Global  at this time.
 region:  NH
 No obs:  METOP_2_AMSUA_TB  in region:  NH  at this time.
 region:  SH
 No obs:  METOP_2_AMSUA_TB  in region:  SH  at this time.
 region:  TR
 No obs:  METOP_2_AMSUA_TB  in region:  TR  at this time.

 processing obs:  VADWND_U_WIND_COMPONENT
 region:  Global
 No obs:  VADWND_U_WIND_COMPONENT  in region:  Global  at this time.
 region:  NH
 No obs:  VADWND_U_WIND_COMPONENT  in region:  NH  at this time.
 region:  SH
 No obs:  VADWND_U_WIND_COMPONENT  in region:  SH  at this time.
 region:  TR
 No obs:  VADWND_U_WIND_COMPONENT  in region:  TR  at this time.

 processing obs:  VADWND_V_WIND_COMPONENT
 region:  Global
 No obs:  VADWND_V_WIND_COMPONENT  in region:  Global  at this time.
 region:  NH
 No obs:  VADWND_V_WIND_COMPONENT  in region:  NH  at this time.
 region:  SH
 No obs:  VADWND_V_WIND_COMPONENT  in region:  SH  at this time.
 region:  TR
 No obs:  VADWND_V_WIND_COMPONENT  in region:  TR  at this time.

 processing obs:  LAND_SFC_PRESSURE
 region:  Global
 No obs:  LAND_SFC_PRESSURE  in region:  Global  at this time.
 region:  NH
 No obs:  LAND_SFC_PRESSURE  in region:  NH  at this time.
 region:  SH
 No obs:  LAND_SFC_PRESSURE  in region:  SH  at this time.
 region:  TR
 No obs:  LAND_SFC_PRESSURE  in region:  TR  at this time.

 processing obs:  MARINE_SFC_PRESSURE
 region:  Global
 No obs:  MARINE_SFC_PRESSURE  in region:  Global  at this time.
 region:  NH
 No obs:  MARINE_SFC_PRESSURE  in region:  NH  at this time.
 region:  SH
 No obs:  MARINE_SFC_PRESSURE  in region:  SH  at this time.
 region:  TR
 No obs:  MARINE_SFC_PRESSURE  in region:  TR  at this time.
Save assimilated: Global
Save assimilated: SH
Save assimilated: NH
Save assimilated: TR

 2024-03-25 13:47:13.840504
Execution Time:  0:00:11.306866

 -------------------- END ------------------- 

	Command being timed: "/work/cmcc/mg20022/.conda/envs/guatura/bin/python ./quick_spreads_diag.py"
	User time (seconds): 9.15
	System time (seconds): 3.21
	Percent of CPU this job got: 92%
	Elapsed (wall clock) time (h:mm:ss or m:ss): 0:13.43
	Average shared text size (kbytes): 0
	Average unshared data size (kbytes): 0
	Average stack size (kbytes): 0
	Average total size (kbytes): 0
	Maximum resident set size (kbytes): 562724
	Average resident set size (kbytes): 0
	Major (requiring I/O) page faults: 0
	Minor (reclaiming a frame) page faults: 73880
	Voluntary context switches: 13026
	Involuntary context switches: 1166102
	Swaps: 0
	File system inputs: 0
	File system outputs: 0
	Socket messages sent: 0
	Socket messages received: 0
	Signals delivered: 0
	Page size (bytes): 4096
	Exit status: 0
