STARTING

 2024-03-25 13:47:02.533664

 Computation parameters:
 Experiment name:  arc2
 Start date:  2017-10-03-64800
 End date:  2017-10-03-64800
 Path archive:  /work/cmcc/gc02720/CMCC-CM/archive
 Path experiment:  /work/cmcc/gc02720/CMCC-CM/archive/arc2
 Path save:  /work/cmcc/gc02720/CMCC-CM/basic_diag/arc2/2017-10-03-64800
 Observation to process:  ['RADIOSONDE_U_WIND_COMPONENT', 'RADIOSONDE_V_WIND_COMPONENT', 'RADIOSONDE_TEMPERATURE', 'AIRCRAFT_U_WIND_COMPONENT', 'AIRCRAFT_V_WIND_COMPONENT', 'AIRCRAFT_TEMPERATURE', 'ACARS_U_WIND_COMPONENT', 'ACARS_V_WIND_COMPONENT', 'ACARS_TEMPERATURE', 'SAT_U_WIND_COMPONENT', 'SAT_V_WIND_COMPONENT', 'GPSRO_REFRACTIVITY', 'EOS_2_AMSUA_TB', 'NOAA_15_AMSUA_TB', 'NOAA_16_AMSUA_TB', 'NOAA_17_AMSUA_TB', 'NOAA_18_AMSUA_TB', 'NOAA_19_AMSUA_TB', 'METOP_1_AMSUA_TB', 'METOP_2_AMSUA_TB', 'VADWND_U_WIND_COMPONENT', 'VADWND_V_WIND_COMPONENT', 'LAND_SFC_PRESSURE', 'MARINE_SFC_PRESSURE']
 Reference levels:  (1014, 950, 900, 850, 800, 750, 700, 650, 600, 550, 500, 450, 400, 350, 300, 250, 200, 150, 90, 50, 25, 10, 5, 2.5, 1)

 Successfully created the directory /work/cmcc/gc02720/CMCC-CM/basic_diag/arc2/2017-10-03-64800 
 Center layers:  [982.0, 925.0, 875.0, 825.0, 775.0, 725.0, 675.0, 625.0, 575.0, 525.0, 475.0, 425.0, 375.0, 325.0, 275.0, 225.0, 175.0, 120.0, 70.0, 37.5, 17.5, 7.5, 3.75, 1.75]

 Start the computation...

 dir to process:  ['arc2-2017-10-03-64800']

 dir:  /work/cmcc/gc02720/CMCC-CM/archive/arc2/arc2-2017-10-03-64800
 dir number  1  out of  1
 listdb=  ['/work/cmcc/gc02720/CMCC-CM/archive/arc2/arc2-2017-10-03-64800/arc2.spreads.ARC.1.2017-10-03-64800.db', '/work/cmcc/gc02720/CMCC-CM/archive/arc2/arc2-2017-10-03-64800/arc2.spreads.ARC.3.2017-10-03-64800.db']
 listdb len=  2
 maskdb=  [1, 1]
 maskdb len=  2
 loading info from:  /work/cmcc/gc02720/CMCC-CM/archive/arc2/arc2-2017-10-03-64800/arc2.spreads.ARC.1.2017-10-03-64800.db
 loading info from:  /work/cmcc/gc02720/CMCC-CM/archive/arc2/arc2-2017-10-03-64800/arc2.spreads.ARC.3.2017-10-03-64800.db

 processing obs:  RADIOSONDE_U_WIND_COMPONENT
 region:  Global
 No obs:  RADIOSONDE_U_WIND_COMPONENT  in region:  Global  at this time.
 region:  NH
 No obs:  RADIOSONDE_U_WIND_COMPONENT  in region:  NH  at this time.
 region:  SH
 No obs:  RADIOSONDE_U_WIND_COMPONENT  in region:  SH  at this time.
 region:  TR
 No obs:  RADIOSONDE_U_WIND_COMPONENT  in region:  TR  at this time.

 processing obs:  RADIOSONDE_V_WIND_COMPONENT
 region:  Global
 No obs:  RADIOSONDE_V_WIND_COMPONENT  in region:  Global  at this time.
 region:  NH
 No obs:  RADIOSONDE_V_WIND_COMPONENT  in region:  NH  at this time.
 region:  SH
 No obs:  RADIOSONDE_V_WIND_COMPONENT  in region:  SH  at this time.
 region:  TR
 No obs:  RADIOSONDE_V_WIND_COMPONENT  in region:  TR  at this time.

 processing obs:  RADIOSONDE_TEMPERATURE
 region:  Global
 No obs:  RADIOSONDE_TEMPERATURE  in region:  Global  at this time.
 region:  NH
 No obs:  RADIOSONDE_TEMPERATURE  in region:  NH  at this time.
 region:  SH
 No obs:  RADIOSONDE_TEMPERATURE  in region:  SH  at this time.
 region:  TR
 No obs:  RADIOSONDE_TEMPERATURE  in region:  TR  at this time.

 processing obs:  AIRCRAFT_U_WIND_COMPONENT
 region:  Global
0      -2.143331
1      -1.084312
2      -1.675133
3      -0.259344
4      -1.130355
          ...   
1875    1.211132
1876    3.085357
1877   -1.581446
1878   -2.280804
1879   -2.306337
Name: obs-prior, Length: 1880, dtype: float64
0      -2.143331
1      -1.084312
2      -1.675133
3      -0.259344
4      -1.130355
          ...   
1875    1.211132
1876    3.085357
1877   -1.581446
1878   -2.280804
1879   -2.306337
Name: obs-prior, Length: 1880, dtype: float64
0      -2.143331
1      -1.084312
2      -1.675133
3      -0.259344
4      -1.130355
          ...   
1875    1.211132
1876    3.085357
1877   -1.581446
1878   -2.280804
1879   -2.306337
Name: obs-prior, Length: 1880, dtype: float64
0      -2.143331
1      -1.084312
2      -1.675133
3      -0.259344
4      -1.130355
          ...   
1875    1.211132
1876    3.085357
1877   -1.581446
1878   -2.280804
1879   -2.306337
Name: obs-prior, Length: 1880, dtype: float64
0      -2.143331
1      -1.084312
2      -1.675133
3      -0.259344
4      -1.130355
          ...   
1875    1.211132
1876    3.085357
1877   -1.581446
1878   -2.280804
1879   -2.306337
Name: obs-prior, Length: 1880, dtype: float64
0      -2.143331
1      -1.084312
2      -1.675133
3      -0.259344
4      -1.130355
          ...   
1875    1.211132
1876    3.085357
1877   -1.581446
1878   -2.280804
1879   -2.306337
Name: obs-prior, Length: 1880, dtype: float64
0      -2.143331
1      -1.084312
2      -1.675133
3      -0.259344
4      -1.130355
          ...   
1875    1.211132
1876    3.085357
1877   -1.581446
1878   -2.280804
1879   -2.306337
Name: obs-prior, Length: 1880, dtype: float64
0      -2.143331
1      -1.084312
2      -1.675133
3      -0.259344
4      -1.130355
          ...   
1875    1.211132
1876    3.085357
1877   -1.581446
1878   -2.280804
1879   -2.306337
Name: obs-prior, Length: 1880, dtype: float64
0      -2.143331
1      -1.084312
2      -1.675133
3      -0.259344
4      -1.130355
          ...   
1875    1.211132
1876    3.085357
1877   -1.581446
1878   -2.280804
1879   -2.306337
Name: obs-prior, Length: 1880, dtype: float64
0      -2.143331
1      -1.084312
2      -1.675133
3      -0.259344
4      -1.130355
          ...   
1875    1.211132
1876    3.085357
1877   -1.581446
1878   -2.280804
1879   -2.306337
Name: obs-prior, Length: 1880, dtype: float64
0      -2.143331
1      -1.084312
2      -1.675133
3      -0.259344
4      -1.130355
          ...   
1875    1.211132
1876    3.085357
1877   -1.581446
1878   -2.280804
1879   -2.306337
Name: obs-prior, Length: 1880, dtype: float64
0      -2.143331
1      -1.084312
2      -1.675133
3      -0.259344
4      -1.130355
          ...   
1875    1.211132
1876    3.085357
1877   -1.581446
1878   -2.280804
1879   -2.306337
Name: obs-prior, Length: 1880, dtype: float64
0      -2.143331
1      -1.084312
2      -1.675133
3      -0.259344
4      -1.130355
          ...   
1875    1.211132
1876    3.085357
1877   -1.581446
1878   -2.280804
1879   -2.306337
Name: obs-prior, Length: 1880, dtype: float64
0      -2.143331
1      -1.084312
2      -1.675133
3      -0.259344
4      -1.130355
          ...   
1875    1.211132
1876    3.085357
1877   -1.581446
1878   -2.280804
1879   -2.306337
Name: obs-prior, Length: 1880, dtype: float64
0      -2.143331
1      -1.084312
2      -1.675133
3      -0.259344
4      -1.130355
          ...   
1875    1.211132
1876    3.085357
1877   -1.581446
1878   -2.280804
1879   -2.306337
Name: obs-prior, Length: 1880, dtype: float64
0      -2.143331
1      -1.084312
2      -1.675133
3      -0.259344
4      -1.130355
          ...   
1875    1.211132
1876    3.085357
1877   -1.581446
1878   -2.280804
1879   -2.306337
Name: obs-prior, Length: 1880, dtype: float64
0      -2.143331
1      -1.084312
2      -1.675133
3      -0.259344
4      -1.130355
          ...   
1875    1.211132
1876    3.085357
1877   -1.581446
1878   -2.280804
1879   -2.306337
Name: obs-prior, Length: 1880, dtype: float64
0      -2.143331
1      -1.084312
2      -1.675133
3      -0.259344
4      -1.130355
          ...   
1875    1.211132
1876    3.085357
1877   -1.581446
1878   -2.280804
1879   -2.306337
Name: obs-prior, Length: 1880, dtype: float64
 region:  NH
0     -2.143331
1     -1.675133
2     -0.259344
3     -1.130355
4     -1.035583
         ...   
887   -0.108003
888   -1.618925
889   -2.027304
890   -0.175608
891   -2.306337
Name: obs-prior, Length: 892, dtype: float64
0     -2.143331
1     -1.675133
2     -0.259344
3     -1.130355
4     -1.035583
         ...   
887   -0.108003
888   -1.618925
889   -2.027304
890   -0.175608
891   -2.306337
Name: obs-prior, Length: 892, dtype: float64
0     -2.143331
1     -1.675133
2     -0.259344
3     -1.130355
4     -1.035583
         ...   
887   -0.108003
888   -1.618925
889   -2.027304
890   -0.175608
891   -2.306337
Name: obs-prior, Length: 892, dtype: float64
0     -2.143331
1     -1.675133
2     -0.259344
3     -1.130355
4     -1.035583
         ...   
887   -0.108003
888   -1.618925
889   -2.027304
890   -0.175608
891   -2.306337
Name: obs-prior, Length: 892, dtype: float64
0     -2.143331
1     -1.675133
2     -0.259344
3     -1.130355
4     -1.035583
         ...   
887   -0.108003
888   -1.618925
889   -2.027304
890   -0.175608
891   -2.306337
Name: obs-prior, Length: 892, dtype: float64
0     -2.143331
1     -1.675133
2     -0.259344
3     -1.130355
4     -1.035583
         ...   
887   -0.108003
888   -1.618925
889   -2.027304
890   -0.175608
891   -2.306337
Name: obs-prior, Length: 892, dtype: float64
0     -2.143331
1     -1.675133
2     -0.259344
3     -1.130355
4     -1.035583
         ...   
887   -0.108003
888   -1.618925
889   -2.027304
890   -0.175608
891   -2.306337
Name: obs-prior, Length: 892, dtype: float64
0     -2.143331
1     -1.675133
2     -0.259344
3     -1.130355
4     -1.035583
         ...   
887   -0.108003
888   -1.618925
889   -2.027304
890   -0.175608
891   -2.306337
Name: obs-prior, Length: 892, dtype: float64
0     -2.143331
1     -1.675133
2     -0.259344
3     -1.130355
4     -1.035583
         ...   
887   -0.108003
888   -1.618925
889   -2.027304
890   -0.175608
891   -2.306337
Name: obs-prior, Length: 892, dtype: float64
0     -2.143331
1     -1.675133
2     -0.259344
3     -1.130355
4     -1.035583
         ...   
887   -0.108003
888   -1.618925
889   -2.027304
890   -0.175608
891   -2.306337
Name: obs-prior, Length: 892, dtype: float64
0     -2.143331
1     -1.675133
2     -0.259344
3     -1.130355
4     -1.035583
         ...   
887   -0.108003
888   -1.618925
889   -2.027304
890   -0.175608
891   -2.306337
Name: obs-prior, Length: 892, dtype: float64
0     -2.143331
1     -1.675133
2     -0.259344
3     -1.130355
4     -1.035583
         ...   
887   -0.108003
888   -1.618925
889   -2.027304
890   -0.175608
891   -2.306337
Name: obs-prior, Length: 892, dtype: float64
0     -2.143331
1     -1.675133
2     -0.259344
3     -1.130355
4     -1.035583
         ...   
887   -0.108003
888   -1.618925
889   -2.027304
890   -0.175608
891   -2.306337
Name: obs-prior, Length: 892, dtype: float64
0     -2.143331
1     -1.675133
2     -0.259344
3     -1.130355
4     -1.035583
         ...   
887   -0.108003
888   -1.618925
889   -2.027304
890   -0.175608
891   -2.306337
Name: obs-prior, Length: 892, dtype: float64
0     -2.143331
1     -1.675133
2     -0.259344
3     -1.130355
4     -1.035583
         ...   
887   -0.108003
888   -1.618925
889   -2.027304
890   -0.175608
891   -2.306337
Name: obs-prior, Length: 892, dtype: float64
0     -2.143331
1     -1.675133
2     -0.259344
3     -1.130355
4     -1.035583
         ...   
887   -0.108003
888   -1.618925
889   -2.027304
890   -0.175608
891   -2.306337
Name: obs-prior, Length: 892, dtype: float64
0     -2.143331
1     -1.675133
2     -0.259344
3     -1.130355
4     -1.035583
         ...   
887   -0.108003
888   -1.618925
889   -2.027304
890   -0.175608
891   -2.306337
Name: obs-prior, Length: 892, dtype: float64
0     -2.143331
1     -1.675133
2     -0.259344
3     -1.130355
4     -1.035583
         ...   
887   -0.108003
888   -1.618925
889   -2.027304
890   -0.175608
891   -2.306337
Name: obs-prior, Length: 892, dtype: float64
 region:  SH
0      1.025925
1      1.121658
2     -0.123163
3     -0.108952
4     -2.185851
         ...   
364   -1.877116
365    1.217821
366    3.085357
367   -1.581446
368   -2.280804
Name: obs-prior, Length: 369, dtype: float64
0      1.025925
1      1.121658
2     -0.123163
3     -0.108952
4     -2.185851
         ...   
364   -1.877116
365    1.217821
366    3.085357
367   -1.581446
368   -2.280804
Name: obs-prior, Length: 369, dtype: float64
0      1.025925
1      1.121658
2     -0.123163
3     -0.108952
4     -2.185851
         ...   
364   -1.877116
365    1.217821
366    3.085357
367   -1.581446
368   -2.280804
Name: obs-prior, Length: 369, dtype: float64
0      1.025925
1      1.121658
2     -0.123163
3     -0.108952
4     -2.185851
         ...   
364   -1.877116
365    1.217821
366    3.085357
367   -1.581446
368   -2.280804
Name: obs-prior, Length: 369, dtype: float64
0      1.025925
1      1.121658
2     -0.123163
3     -0.108952
4     -2.185851
         ...   
364   -1.877116
365    1.217821
366    3.085357
367   -1.581446
368   -2.280804
Name: obs-prior, Length: 369, dtype: float64
0      1.025925
1      1.121658
2     -0.123163
3     -0.108952
4     -2.185851
         ...   
364   -1.877116
365    1.217821
366    3.085357
367   -1.581446
368   -2.280804
Name: obs-prior, Length: 369, dtype: float64
0      1.025925
1      1.121658
2     -0.123163
3     -0.108952
4     -2.185851
         ...   
364   -1.877116
365    1.217821
366    3.085357
367   -1.581446
368   -2.280804
Name: obs-prior, Length: 369, dtype: float64
0      1.025925
1      1.121658
2     -0.123163
3     -0.108952
4     -2.185851
         ...   
364   -1.877116
365    1.217821
366    3.085357
367   -1.581446
368   -2.280804
Name: obs-prior, Length: 369, dtype: float64
0      1.025925
1      1.121658
2     -0.123163
3     -0.108952
4     -2.185851
         ...   
364   -1.877116
365    1.217821
366    3.085357
367   -1.581446
368   -2.280804
Name: obs-prior, Length: 369, dtype: float64
0      1.025925
1      1.121658
2     -0.123163
3     -0.108952
4     -2.185851
         ...   
364   -1.877116
365    1.217821
366    3.085357
367   -1.581446
368   -2.280804
Name: obs-prior, Length: 369, dtype: float64
0      1.025925
1      1.121658
2     -0.123163
3     -0.108952
4     -2.185851
         ...   
364   -1.877116
365    1.217821
366    3.085357
367   -1.581446
368   -2.280804
Name: obs-prior, Length: 369, dtype: float64
0      1.025925
1      1.121658
2     -0.123163
3     -0.108952
4     -2.185851
         ...   
364   -1.877116
365    1.217821
366    3.085357
367   -1.581446
368   -2.280804
Name: obs-prior, Length: 369, dtype: float64
0      1.025925
1      1.121658
2     -0.123163
3     -0.108952
4     -2.185851
         ...   
364   -1.877116
365    1.217821
366    3.085357
367   -1.581446
368   -2.280804
Name: obs-prior, Length: 369, dtype: float64
0      1.025925
1      1.121658
2     -0.123163
3     -0.108952
4     -2.185851
         ...   
364   -1.877116
365    1.217821
366    3.085357
367   -1.581446
368   -2.280804
Name: obs-prior, Length: 369, dtype: float64
0      1.025925
1      1.121658
2     -0.123163
3     -0.108952
4     -2.185851
         ...   
364   -1.877116
365    1.217821
366    3.085357
367   -1.581446
368   -2.280804
Name: obs-prior, Length: 369, dtype: float64
0      1.025925
1      1.121658
2     -0.123163
3     -0.108952
4     -2.185851
         ...   
364   -1.877116
365    1.217821
366    3.085357
367   -1.581446
368   -2.280804
Name: obs-prior, Length: 369, dtype: float64
0      1.025925
1      1.121658
2     -0.123163
3     -0.108952
4     -2.185851
         ...   
364   -1.877116
365    1.217821
366    3.085357
367   -1.581446
368   -2.280804
Name: obs-prior, Length: 369, dtype: float64
 region:  TR
0     -1.084312
1     -2.512085
2     -2.435717
3     -1.111106
4     -1.350734
         ...   
614   -2.065208
615    0.197588
616    2.050114
617    0.412457
618    1.211132
Name: obs-prior, Length: 619, dtype: float64
0     -1.084312
1     -2.512085
2     -2.435717
3     -1.111106
4     -1.350734
         ...   
614   -2.065208
615    0.197588
616    2.050114
617    0.412457
618    1.211132
Name: obs-prior, Length: 619, dtype: float64
0     -1.084312
1     -2.512085
2     -2.435717
3     -1.111106
4     -1.350734
         ...   
614   -2.065208
615    0.197588
616    2.050114
617    0.412457
618    1.211132
Name: obs-prior, Length: 619, dtype: float64
0     -1.084312
1     -2.512085
2     -2.435717
3     -1.111106
4     -1.350734
         ...   
614   -2.065208
615    0.197588
616    2.050114
617    0.412457
618    1.211132
Name: obs-prior, Length: 619, dtype: float64
0     -1.084312
1     -2.512085
2     -2.435717
3     -1.111106
4     -1.350734
         ...   
614   -2.065208
615    0.197588
616    2.050114
617    0.412457
618    1.211132
Name: obs-prior, Length: 619, dtype: float64
0     -1.084312
1     -2.512085
2     -2.435717
3     -1.111106
4     -1.350734
         ...   
614   -2.065208
615    0.197588
616    2.050114
617    0.412457
618    1.211132
Name: obs-prior, Length: 619, dtype: float64
0     -1.084312
1     -2.512085
2     -2.435717
3     -1.111106
4     -1.350734
         ...   
614   -2.065208
615    0.197588
616    2.050114
617    0.412457
618    1.211132
Name: obs-prior, Length: 619, dtype: float64
0     -1.084312
1     -2.512085
2     -2.435717
3     -1.111106
4     -1.350734
         ...   
614   -2.065208
615    0.197588
616    2.050114
617    0.412457
618    1.211132
Name: obs-prior, Length: 619, dtype: float64
0     -1.084312
1     -2.512085
2     -2.435717
3     -1.111106
4     -1.350734
         ...   
614   -2.065208
615    0.197588
616    2.050114
617    0.412457
618    1.211132
Name: obs-prior, Length: 619, dtype: float64
0     -1.084312
1     -2.512085
2     -2.435717
3     -1.111106
4     -1.350734
         ...   
614   -2.065208
615    0.197588
616    2.050114
617    0.412457
618    1.211132
Name: obs-prior, Length: 619, dtype: float64
0     -1.084312
1     -2.512085
2     -2.435717
3     -1.111106
4     -1.350734
         ...   
614   -2.065208
615    0.197588
616    2.050114
617    0.412457
618    1.211132
Name: obs-prior, Length: 619, dtype: float64
0     -1.084312
1     -2.512085
2     -2.435717
3     -1.111106
4     -1.350734
         ...   
614   -2.065208
615    0.197588
616    2.050114
617    0.412457
618    1.211132
Name: obs-prior, Length: 619, dtype: float64
0     -1.084312
1     -2.512085
2     -2.435717
3     -1.111106
4     -1.350734
         ...   
614   -2.065208
615    0.197588
616    2.050114
617    0.412457
618    1.211132
Name: obs-prior, Length: 619, dtype: float64
0     -1.084312
1     -2.512085
2     -2.435717
3     -1.111106
4     -1.350734
         ...   
614   -2.065208
615    0.197588
616    2.050114
617    0.412457
618    1.211132
Name: obs-prior, Length: 619, dtype: float64
0     -1.084312
1     -2.512085
2     -2.435717
3     -1.111106
4     -1.350734
         ...   
614   -2.065208
615    0.197588
616    2.050114
617    0.412457
618    1.211132
Name: obs-prior, Length: 619, dtype: float64
0     -1.084312
1     -2.512085
2     -2.435717
3     -1.111106
4     -1.350734
         ...   
614   -2.065208
615    0.197588
616    2.050114
617    0.412457
618    1.211132
Name: obs-prior, Length: 619, dtype: float64
0     -1.084312
1     -2.512085
2     -2.435717
3     -1.111106
4     -1.350734
         ...   
614   -2.065208
615    0.197588
616    2.050114
617    0.412457
618    1.211132
Name: obs-prior, Length: 619, dtype: float64

 processing obs:  AIRCRAFT_V_WIND_COMPONENT
 region:  Global
0      -1.860685
1      -0.961383
2      -0.387632
3       0.511325
4       1.633432
          ...   
1508    0.888580
1509   -0.595029
1510    1.941100
1511   -0.902570
1512    2.569121
Name: obs-prior, Length: 1513, dtype: float64
0      -1.860685
1      -0.961383
2      -0.387632
3       0.511325
4       1.633432
          ...   
1508    0.888580
1509   -0.595029
1510    1.941100
1511   -0.902570
1512    2.569121
Name: obs-prior, Length: 1513, dtype: float64
0      -1.860685
1      -0.961383
2      -0.387632
3       0.511325
4       1.633432
          ...   
1508    0.888580
1509   -0.595029
1510    1.941100
1511   -0.902570
1512    2.569121
Name: obs-prior, Length: 1513, dtype: float64
0      -1.860685
1      -0.961383
2      -0.387632
3       0.511325
4       1.633432
          ...   
1508    0.888580
1509   -0.595029
1510    1.941100
1511   -0.902570
1512    2.569121
Name: obs-prior, Length: 1513, dtype: float64
0      -1.860685
1      -0.961383
2      -0.387632
3       0.511325
4       1.633432
          ...   
1508    0.888580
1509   -0.595029
1510    1.941100
1511   -0.902570
1512    2.569121
Name: obs-prior, Length: 1513, dtype: float64
0      -1.860685
1      -0.961383
2      -0.387632
3       0.511325
4       1.633432
          ...   
1508    0.888580
1509   -0.595029
1510    1.941100
1511   -0.902570
1512    2.569121
Name: obs-prior, Length: 1513, dtype: float64
0      -1.860685
1      -0.961383
2      -0.387632
3       0.511325
4       1.633432
          ...   
1508    0.888580
1509   -0.595029
1510    1.941100
1511   -0.902570
1512    2.569121
Name: obs-prior, Length: 1513, dtype: float64
0      -1.860685
1      -0.961383
2      -0.387632
3       0.511325
4       1.633432
          ...   
1508    0.888580
1509   -0.595029
1510    1.941100
1511   -0.902570
1512    2.569121
Name: obs-prior, Length: 1513, dtype: float64
0      -1.860685
1      -0.961383
2      -0.387632
3       0.511325
4       1.633432
          ...   
1508    0.888580
1509   -0.595029
1510    1.941100
1511   -0.902570
1512    2.569121
Name: obs-prior, Length: 1513, dtype: float64
0      -1.860685
1      -0.961383
2      -0.387632
3       0.511325
4       1.633432
          ...   
1508    0.888580
1509   -0.595029
1510    1.941100
1511   -0.902570
1512    2.569121
Name: obs-prior, Length: 1513, dtype: float64
0      -1.860685
1      -0.961383
2      -0.387632
3       0.511325
4       1.633432
          ...   
1508    0.888580
1509   -0.595029
1510    1.941100
1511   -0.902570
1512    2.569121
Name: obs-prior, Length: 1513, dtype: float64
0      -1.860685
1      -0.961383
2      -0.387632
3       0.511325
4       1.633432
          ...   
1508    0.888580
1509   -0.595029
1510    1.941100
1511   -0.902570
1512    2.569121
Name: obs-prior, Length: 1513, dtype: float64
0      -1.860685
1      -0.961383
2      -0.387632
3       0.511325
4       1.633432
          ...   
1508    0.888580
1509   -0.595029
1510    1.941100
1511   -0.902570
1512    2.569121
Name: obs-prior, Length: 1513, dtype: float64
0      -1.860685
1      -0.961383
2      -0.387632
3       0.511325
4       1.633432
          ...   
1508    0.888580
1509   -0.595029
1510    1.941100
1511   -0.902570
1512    2.569121
Name: obs-prior, Length: 1513, dtype: float64
0      -1.860685
1      -0.961383
2      -0.387632
3       0.511325
4       1.633432
          ...   
1508    0.888580
1509   -0.595029
1510    1.941100
1511   -0.902570
1512    2.569121
Name: obs-prior, Length: 1513, dtype: float64
0      -1.860685
1      -0.961383
2      -0.387632
3       0.511325
4       1.633432
          ...   
1508    0.888580
1509   -0.595029
1510    1.941100
1511   -0.902570
1512    2.569121
Name: obs-prior, Length: 1513, dtype: float64
0      -1.860685
1      -0.961383
2      -0.387632
3       0.511325
4       1.633432
          ...   
1508    0.888580
1509   -0.595029
1510    1.941100
1511   -0.902570
1512    2.569121
Name: obs-prior, Length: 1513, dtype: float64
0      -1.860685
1      -0.961383
2      -0.387632
3       0.511325
4       1.633432
          ...   
1508    0.888580
1509   -0.595029
1510    1.941100
1511   -0.902570
1512    2.569121
Name: obs-prior, Length: 1513, dtype: float64
 region:  NH
0     -0.961383
1     -0.387632
2      1.633432
3      1.868948
4      0.828279
         ...   
668   -0.206544
669    0.337563
670   -1.038311
671    1.642770
672   -3.160614
Name: obs-prior, Length: 673, dtype: float64
0     -0.961383
1     -0.387632
2      1.633432
3      1.868948
4      0.828279
         ...   
668   -0.206544
669    0.337563
670   -1.038311
671    1.642770
672   -3.160614
Name: obs-prior, Length: 673, dtype: float64
0     -0.961383
1     -0.387632
2      1.633432
3      1.868948
4      0.828279
         ...   
668   -0.206544
669    0.337563
670   -1.038311
671    1.642770
672   -3.160614
Name: obs-prior, Length: 673, dtype: float64
0     -0.961383
1     -0.387632
2      1.633432
3      1.868948
4      0.828279
         ...   
668   -0.206544
669    0.337563
670   -1.038311
671    1.642770
672   -3.160614
Name: obs-prior, Length: 673, dtype: float64
0     -0.961383
1     -0.387632
2      1.633432
3      1.868948
4      0.828279
         ...   
668   -0.206544
669    0.337563
670   -1.038311
671    1.642770
672   -3.160614
Name: obs-prior, Length: 673, dtype: float64
0     -0.961383
1     -0.387632
2      1.633432
3      1.868948
4      0.828279
         ...   
668   -0.206544
669    0.337563
670   -1.038311
671    1.642770
672   -3.160614
Name: obs-prior, Length: 673, dtype: float64
0     -0.961383
1     -0.387632
2      1.633432
3      1.868948
4      0.828279
         ...   
668   -0.206544
669    0.337563
670   -1.038311
671    1.642770
672   -3.160614
Name: obs-prior, Length: 673, dtype: float64
0     -0.961383
1     -0.387632
2      1.633432
3      1.868948
4      0.828279
         ...   
668   -0.206544
669    0.337563
670   -1.038311
671    1.642770
672   -3.160614
Name: obs-prior, Length: 673, dtype: float64
0     -0.961383
1     -0.387632
2      1.633432
3      1.868948
4      0.828279
         ...   
668   -0.206544
669    0.337563
670   -1.038311
671    1.642770
672   -3.160614
Name: obs-prior, Length: 673, dtype: float64
0     -0.961383
1     -0.387632
2      1.633432
3      1.868948
4      0.828279
         ...   
668   -0.206544
669    0.337563
670   -1.038311
671    1.642770
672   -3.160614
Name: obs-prior, Length: 673, dtype: float64
0     -0.961383
1     -0.387632
2      1.633432
3      1.868948
4      0.828279
         ...   
668   -0.206544
669    0.337563
670   -1.038311
671    1.642770
672   -3.160614
Name: obs-prior, Length: 673, dtype: float64
0     -0.961383
1     -0.387632
2      1.633432
3      1.868948
4      0.828279
         ...   
668   -0.206544
669    0.337563
670   -1.038311
671    1.642770
672   -3.160614
Name: obs-prior, Length: 673, dtype: float64
0     -0.961383
1     -0.387632
2      1.633432
3      1.868948
4      0.828279
         ...   
668   -0.206544
669    0.337563
670   -1.038311
671    1.642770
672   -3.160614
Name: obs-prior, Length: 673, dtype: float64
0     -0.961383
1     -0.387632
2      1.633432
3      1.868948
4      0.828279
         ...   
668   -0.206544
669    0.337563
670   -1.038311
671    1.642770
672   -3.160614
Name: obs-prior, Length: 673, dtype: float64
0     -0.961383
1     -0.387632
2      1.633432
3      1.868948
4      0.828279
         ...   
668   -0.206544
669    0.337563
670   -1.038311
671    1.642770
672   -3.160614
Name: obs-prior, Length: 673, dtype: float64
0     -0.961383
1     -0.387632
2      1.633432
3      1.868948
4      0.828279
         ...   
668   -0.206544
669    0.337563
670   -1.038311
671    1.642770
672   -3.160614
Name: obs-prior, Length: 673, dtype: float64
0     -0.961383
1     -0.387632
2      1.633432
3      1.868948
4      0.828279
         ...   
668   -0.206544
669    0.337563
670   -1.038311
671    1.642770
672   -3.160614
Name: obs-prior, Length: 673, dtype: float64
0     -0.961383
1     -0.387632
2      1.633432
3      1.868948
4      0.828279
         ...   
668   -0.206544
669    0.337563
670   -1.038311
671    1.642770
672   -3.160614
Name: obs-prior, Length: 673, dtype: float64
 region:  SH
0     -0.613865
1     -1.067373
2      4.242647
3      0.335231
4      0.010233
         ...   
352    1.429572
353   -0.595029
354    1.941100
355   -0.902570
356    2.569121
Name: obs-prior, Length: 357, dtype: float64
0     -0.613865
1     -1.067373
2      4.242647
3      0.335231
4      0.010233
         ...   
352    1.429572
353   -0.595029
354    1.941100
355   -0.902570
356    2.569121
Name: obs-prior, Length: 357, dtype: float64
0     -0.613865
1     -1.067373
2      4.242647
3      0.335231
4      0.010233
         ...   
352    1.429572
353   -0.595029
354    1.941100
355   -0.902570
356    2.569121
Name: obs-prior, Length: 357, dtype: float64
0     -0.613865
1     -1.067373
2      4.242647
3      0.335231
4      0.010233
         ...   
352    1.429572
353   -0.595029
354    1.941100
355   -0.902570
356    2.569121
Name: obs-prior, Length: 357, dtype: float64
0     -0.613865
1     -1.067373
2      4.242647
3      0.335231
4      0.010233
         ...   
352    1.429572
353   -0.595029
354    1.941100
355   -0.902570
356    2.569121
Name: obs-prior, Length: 357, dtype: float64
0     -0.613865
1     -1.067373
2      4.242647
3      0.335231
4      0.010233
         ...   
352    1.429572
353   -0.595029
354    1.941100
355   -0.902570
356    2.569121
Name: obs-prior, Length: 357, dtype: float64
0     -0.613865
1     -1.067373
2      4.242647
3      0.335231
4      0.010233
         ...   
352    1.429572
353   -0.595029
354    1.941100
355   -0.902570
356    2.569121
Name: obs-prior, Length: 357, dtype: float64
0     -0.613865
1     -1.067373
2      4.242647
3      0.335231
4      0.010233
         ...   
352    1.429572
353   -0.595029
354    1.941100
355   -0.902570
356    2.569121
Name: obs-prior, Length: 357, dtype: float64
0     -0.613865
1     -1.067373
2      4.242647
3      0.335231
4      0.010233
         ...   
352    1.429572
353   -0.595029
354    1.941100
355   -0.902570
356    2.569121
Name: obs-prior, Length: 357, dtype: float64
0     -0.613865
1     -1.067373
2      4.242647
3      0.335231
4      0.010233
         ...   
352    1.429572
353   -0.595029
354    1.941100
355   -0.902570
356    2.569121
Name: obs-prior, Length: 357, dtype: float64
0     -0.613865
1     -1.067373
2      4.242647
3      0.335231
4      0.010233
         ...   
352    1.429572
353   -0.595029
354    1.941100
355   -0.902570
356    2.569121
Name: obs-prior, Length: 357, dtype: float64
0     -0.613865
1     -1.067373
2      4.242647
3      0.335231
4      0.010233
         ...   
352    1.429572
353   -0.595029
354    1.941100
355   -0.902570
356    2.569121
Name: obs-prior, Length: 357, dtype: float64
0     -0.613865
1     -1.067373
2      4.242647
3      0.335231
4      0.010233
         ...   
352    1.429572
353   -0.595029
354    1.941100
355   -0.902570
356    2.569121
Name: obs-prior, Length: 357, dtype: float64
0     -0.613865
1     -1.067373
2      4.242647
3      0.335231
4      0.010233
         ...   
352    1.429572
353   -0.595029
354    1.941100
355   -0.902570
356    2.569121
Name: obs-prior, Length: 357, dtype: float64
0     -0.613865
1     -1.067373
2      4.242647
3      0.335231
4      0.010233
         ...   
352    1.429572
353   -0.595029
354    1.941100
355   -0.902570
356    2.569121
Name: obs-prior, Length: 357, dtype: float64
0     -0.613865
1     -1.067373
2      4.242647
3      0.335231
4      0.010233
         ...   
352    1.429572
353   -0.595029
354    1.941100
355   -0.902570
356    2.569121
Name: obs-prior, Length: 357, dtype: float64
0     -0.613865
1     -1.067373
2      4.242647
3      0.335231
4      0.010233
         ...   
352    1.429572
353   -0.595029
354    1.941100
355   -0.902570
356    2.569121
Name: obs-prior, Length: 357, dtype: float64
 region:  TR
0     -1.860685
1      0.511325
2     -0.239254
3      0.390612
4      0.893885
         ...   
478    2.171949
479    1.538118
480    0.356819
481    0.825997
482    0.888580
Name: obs-prior, Length: 483, dtype: float64
0     -1.860685
1      0.511325
2     -0.239254
3      0.390612
4      0.893885
         ...   
478    2.171949
479    1.538118
480    0.356819
481    0.825997
482    0.888580
Name: obs-prior, Length: 483, dtype: float64
0     -1.860685
1      0.511325
2     -0.239254
3      0.390612
4      0.893885
         ...   
478    2.171949
479    1.538118
480    0.356819
481    0.825997
482    0.888580
Name: obs-prior, Length: 483, dtype: float64
0     -1.860685
1      0.511325
2     -0.239254
3      0.390612
4      0.893885
         ...   
478    2.171949
479    1.538118
480    0.356819
481    0.825997
482    0.888580
Name: obs-prior, Length: 483, dtype: float64
0     -1.860685
1      0.511325
2     -0.239254
3      0.390612
4      0.893885
         ...   
478    2.171949
479    1.538118
480    0.356819
481    0.825997
482    0.888580
Name: obs-prior, Length: 483, dtype: float64
0     -1.860685
1      0.511325
2     -0.239254
3      0.390612
4      0.893885
         ...   
478    2.171949
479    1.538118
480    0.356819
481    0.825997
482    0.888580
Name: obs-prior, Length: 483, dtype: float64
0     -1.860685
1      0.511325
2     -0.239254
3      0.390612
4      0.893885
         ...   
478    2.171949
479    1.538118
480    0.356819
481    0.825997
482    0.888580
Name: obs-prior, Length: 483, dtype: float64
0     -1.860685
1      0.511325
2     -0.239254
3      0.390612
4      0.893885
         ...   
478    2.171949
479    1.538118
480    0.356819
481    0.825997
482    0.888580
Name: obs-prior, Length: 483, dtype: float64
0     -1.860685
1      0.511325
2     -0.239254
3      0.390612
4      0.893885
         ...   
478    2.171949
479    1.538118
480    0.356819
481    0.825997
482    0.888580
Name: obs-prior, Length: 483, dtype: float64
0     -1.860685
1      0.511325
2     -0.239254
3      0.390612
4      0.893885
         ...   
478    2.171949
479    1.538118
480    0.356819
481    0.825997
482    0.888580
Name: obs-prior, Length: 483, dtype: float64
0     -1.860685
1      0.511325
2     -0.239254
3      0.390612
4      0.893885
         ...   
478    2.171949
479    1.538118
480    0.356819
481    0.825997
482    0.888580
Name: obs-prior, Length: 483, dtype: float64
0     -1.860685
1      0.511325
2     -0.239254
3      0.390612
4      0.893885
         ...   
478    2.171949
479    1.538118
480    0.356819
481    0.825997
482    0.888580
Name: obs-prior, Length: 483, dtype: float64
0     -1.860685
1      0.511325
2     -0.239254
3      0.390612
4      0.893885
         ...   
478    2.171949
479    1.538118
480    0.356819
481    0.825997
482    0.888580
Name: obs-prior, Length: 483, dtype: float64
0     -1.860685
1      0.511325
2     -0.239254
3      0.390612
4      0.893885
         ...   
478    2.171949
479    1.538118
480    0.356819
481    0.825997
482    0.888580
Name: obs-prior, Length: 483, dtype: float64
0     -1.860685
1      0.511325
2     -0.239254
3      0.390612
4      0.893885
         ...   
478    2.171949
479    1.538118
480    0.356819
481    0.825997
482    0.888580
Name: obs-prior, Length: 483, dtype: float64
0     -1.860685
1      0.511325
2     -0.239254
3      0.390612
4      0.893885
         ...   
478    2.171949
479    1.538118
480    0.356819
481    0.825997
482    0.888580
Name: obs-prior, Length: 483, dtype: float64
0     -1.860685
1      0.511325
2     -0.239254
3      0.390612
4      0.893885
         ...   
478    2.171949
479    1.538118
480    0.356819
481    0.825997
482    0.888580
Name: obs-prior, Length: 483, dtype: float64

 processing obs:  AIRCRAFT_TEMPERATURE
 region:  Global
0       0.920308
1      -0.817060
2       0.290698
3      -0.607218
4       0.713953
          ...   
2161   -1.391502
2162   -0.916845
2163    0.665693
2164   -0.151730
2165   -0.606879
Name: obs-prior, Length: 2166, dtype: float64
0       0.920308
1      -0.817060
2       0.290698
3      -0.607218
4       0.713953
          ...   
2161   -1.391502
2162   -0.916845
2163    0.665693
2164   -0.151730
2165   -0.606879
Name: obs-prior, Length: 2166, dtype: float64
0       0.920308
1      -0.817060
2       0.290698
3      -0.607218
4       0.713953
          ...   
2161   -1.391502
2162   -0.916845
2163    0.665693
2164   -0.151730
2165   -0.606879
Name: obs-prior, Length: 2166, dtype: float64
0       0.920308
1      -0.817060
2       0.290698
3      -0.607218
4       0.713953
          ...   
2161   -1.391502
2162   -0.916845
2163    0.665693
2164   -0.151730
2165   -0.606879
Name: obs-prior, Length: 2166, dtype: float64
0       0.920308
1      -0.817060
2       0.290698
3      -0.607218
4       0.713953
          ...   
2161   -1.391502
2162   -0.916845
2163    0.665693
2164   -0.151730
2165   -0.606879
Name: obs-prior, Length: 2166, dtype: float64
0       0.920308
1      -0.817060
2       0.290698
3      -0.607218
4       0.713953
          ...   
2161   -1.391502
2162   -0.916845
2163    0.665693
2164   -0.151730
2165   -0.606879
Name: obs-prior, Length: 2166, dtype: float64
0       0.920308
1      -0.817060
2       0.290698
3      -0.607218
4       0.713953
          ...   
2161   -1.391502
2162   -0.916845
2163    0.665693
2164   -0.151730
2165   -0.606879
Name: obs-prior, Length: 2166, dtype: float64
0       0.920308
1      -0.817060
2       0.290698
3      -0.607218
4       0.713953
          ...   
2161   -1.391502
2162   -0.916845
2163    0.665693
2164   -0.151730
2165   -0.606879
Name: obs-prior, Length: 2166, dtype: float64
0       0.920308
1      -0.817060
2       0.290698
3      -0.607218
4       0.713953
          ...   
2161   -1.391502
2162   -0.916845
2163    0.665693
2164   -0.151730
2165   -0.606879
Name: obs-prior, Length: 2166, dtype: float64
0       0.920308
1      -0.817060
2       0.290698
3      -0.607218
4       0.713953
          ...   
2161   -1.391502
2162   -0.916845
2163    0.665693
2164   -0.151730
2165   -0.606879
Name: obs-prior, Length: 2166, dtype: float64
0       0.920308
1      -0.817060
2       0.290698
3      -0.607218
4       0.713953
          ...   
2161   -1.391502
2162   -0.916845
2163    0.665693
2164   -0.151730
2165   -0.606879
Name: obs-prior, Length: 2166, dtype: float64
0       0.920308
1      -0.817060
2       0.290698
3      -0.607218
4       0.713953
          ...   
2161   -1.391502
2162   -0.916845
2163    0.665693
2164   -0.151730
2165   -0.606879
Name: obs-prior, Length: 2166, dtype: float64
0       0.920308
1      -0.817060
2       0.290698
3      -0.607218
4       0.713953
          ...   
2161   -1.391502
2162   -0.916845
2163    0.665693
2164   -0.151730
2165   -0.606879
Name: obs-prior, Length: 2166, dtype: float64
0       0.920308
1      -0.817060
2       0.290698
3      -0.607218
4       0.713953
          ...   
2161   -1.391502
2162   -0.916845
2163    0.665693
2164   -0.151730
2165   -0.606879
Name: obs-prior, Length: 2166, dtype: float64
0       0.920308
1      -0.817060
2       0.290698
3      -0.607218
4       0.713953
          ...   
2161   -1.391502
2162   -0.916845
2163    0.665693
2164   -0.151730
2165   -0.606879
Name: obs-prior, Length: 2166, dtype: float64
0       0.920308
1      -0.817060
2       0.290698
3      -0.607218
4       0.713953
          ...   
2161   -1.391502
2162   -0.916845
2163    0.665693
2164   -0.151730
2165   -0.606879
Name: obs-prior, Length: 2166, dtype: float64
0       0.920308
1      -0.817060
2       0.290698
3      -0.607218
4       0.713953
          ...   
2161   -1.391502
2162   -0.916845
2163    0.665693
2164   -0.151730
2165   -0.606879
Name: obs-prior, Length: 2166, dtype: float64
0       0.920308
1      -0.817060
2       0.290698
3      -0.607218
4       0.713953
          ...   
2161   -1.391502
2162   -0.916845
2163    0.665693
2164   -0.151730
2165   -0.606879
Name: obs-prior, Length: 2166, dtype: float64
 region:  NH
0       0.920308
1       0.290698
2      -0.607218
3       0.531727
4       0.480891
          ...   
1176    1.099964
1177   -0.577407
1178   -0.547288
1179   -0.300879
1180   -1.391502
Name: obs-prior, Length: 1181, dtype: float64
0       0.920308
1       0.290698
2      -0.607218
3       0.531727
4       0.480891
          ...   
1176    1.099964
1177   -0.577407
1178   -0.547288
1179   -0.300879
1180   -1.391502
Name: obs-prior, Length: 1181, dtype: float64
0       0.920308
1       0.290698
2      -0.607218
3       0.531727
4       0.480891
          ...   
1176    1.099964
1177   -0.577407
1178   -0.547288
1179   -0.300879
1180   -1.391502
Name: obs-prior, Length: 1181, dtype: float64
0       0.920308
1       0.290698
2      -0.607218
3       0.531727
4       0.480891
          ...   
1176    1.099964
1177   -0.577407
1178   -0.547288
1179   -0.300879
1180   -1.391502
Name: obs-prior, Length: 1181, dtype: float64
0       0.920308
1       0.290698
2      -0.607218
3       0.531727
4       0.480891
          ...   
1176    1.099964
1177   -0.577407
1178   -0.547288
1179   -0.300879
1180   -1.391502
Name: obs-prior, Length: 1181, dtype: float64
0       0.920308
1       0.290698
2      -0.607218
3       0.531727
4       0.480891
          ...   
1176    1.099964
1177   -0.577407
1178   -0.547288
1179   -0.300879
1180   -1.391502
Name: obs-prior, Length: 1181, dtype: float64
0       0.920308
1       0.290698
2      -0.607218
3       0.531727
4       0.480891
          ...   
1176    1.099964
1177   -0.577407
1178   -0.547288
1179   -0.300879
1180   -1.391502
Name: obs-prior, Length: 1181, dtype: float64
0       0.920308
1       0.290698
2      -0.607218
3       0.531727
4       0.480891
          ...   
1176    1.099964
1177   -0.577407
1178   -0.547288
1179   -0.300879
1180   -1.391502
Name: obs-prior, Length: 1181, dtype: float64
0       0.920308
1       0.290698
2      -0.607218
3       0.531727
4       0.480891
          ...   
1176    1.099964
1177   -0.577407
1178   -0.547288
1179   -0.300879
1180   -1.391502
Name: obs-prior, Length: 1181, dtype: float64
0       0.920308
1       0.290698
2      -0.607218
3       0.531727
4       0.480891
          ...   
1176    1.099964
1177   -0.577407
1178   -0.547288
1179   -0.300879
1180   -1.391502
Name: obs-prior, Length: 1181, dtype: float64
0       0.920308
1       0.290698
2      -0.607218
3       0.531727
4       0.480891
          ...   
1176    1.099964
1177   -0.577407
1178   -0.547288
1179   -0.300879
1180   -1.391502
Name: obs-prior, Length: 1181, dtype: float64
0       0.920308
1       0.290698
2      -0.607218
3       0.531727
4       0.480891
          ...   
1176    1.099964
1177   -0.577407
1178   -0.547288
1179   -0.300879
1180   -1.391502
Name: obs-prior, Length: 1181, dtype: float64
0       0.920308
1       0.290698
2      -0.607218
3       0.531727
4       0.480891
          ...   
1176    1.099964
1177   -0.577407
1178   -0.547288
1179   -0.300879
1180   -1.391502
Name: obs-prior, Length: 1181, dtype: float64
0       0.920308
1       0.290698
2      -0.607218
3       0.531727
4       0.480891
          ...   
1176    1.099964
1177   -0.577407
1178   -0.547288
1179   -0.300879
1180   -1.391502
Name: obs-prior, Length: 1181, dtype: float64
0       0.920308
1       0.290698
2      -0.607218
3       0.531727
4       0.480891
          ...   
1176    1.099964
1177   -0.577407
1178   -0.547288
1179   -0.300879
1180   -1.391502
Name: obs-prior, Length: 1181, dtype: float64
0       0.920308
1       0.290698
2      -0.607218
3       0.531727
4       0.480891
          ...   
1176    1.099964
1177   -0.577407
1178   -0.547288
1179   -0.300879
1180   -1.391502
Name: obs-prior, Length: 1181, dtype: float64
0       0.920308
1       0.290698
2      -0.607218
3       0.531727
4       0.480891
          ...   
1176    1.099964
1177   -0.577407
1178   -0.547288
1179   -0.300879
1180   -1.391502
Name: obs-prior, Length: 1181, dtype: float64
0       0.920308
1       0.290698
2      -0.607218
3       0.531727
4       0.480891
          ...   
1176    1.099964
1177   -0.577407
1178   -0.547288
1179   -0.300879
1180   -1.391502
Name: obs-prior, Length: 1181, dtype: float64
 region:  SH
0      0.749329
1      0.870418
2      0.800515
3     -0.517953
4     -0.343682
         ...   
364    0.246211
365   -0.462432
366    0.665693
367   -0.151730
368   -0.606879
Name: obs-prior, Length: 369, dtype: float64
0      0.749329
1      0.870418
2      0.800515
3     -0.517953
4     -0.343682
         ...   
364    0.246211
365   -0.462432
366    0.665693
367   -0.151730
368   -0.606879
Name: obs-prior, Length: 369, dtype: float64
0      0.749329
1      0.870418
2      0.800515
3     -0.517953
4     -0.343682
         ...   
364    0.246211
365   -0.462432
366    0.665693
367   -0.151730
368   -0.606879
Name: obs-prior, Length: 369, dtype: float64
0      0.749329
1      0.870418
2      0.800515
3     -0.517953
4     -0.343682
         ...   
364    0.246211
365   -0.462432
366    0.665693
367   -0.151730
368   -0.606879
Name: obs-prior, Length: 369, dtype: float64
0      0.749329
1      0.870418
2      0.800515
3     -0.517953
4     -0.343682
         ...   
364    0.246211
365   -0.462432
366    0.665693
367   -0.151730
368   -0.606879
Name: obs-prior, Length: 369, dtype: float64
0      0.749329
1      0.870418
2      0.800515
3     -0.517953
4     -0.343682
         ...   
364    0.246211
365   -0.462432
366    0.665693
367   -0.151730
368   -0.606879
Name: obs-prior, Length: 369, dtype: float64
0      0.749329
1      0.870418
2      0.800515
3     -0.517953
4     -0.343682
         ...   
364    0.246211
365   -0.462432
366    0.665693
367   -0.151730
368   -0.606879
Name: obs-prior, Length: 369, dtype: float64
0      0.749329
1      0.870418
2      0.800515
3     -0.517953
4     -0.343682
         ...   
364    0.246211
365   -0.462432
366    0.665693
367   -0.151730
368   -0.606879
Name: obs-prior, Length: 369, dtype: float64
0      0.749329
1      0.870418
2      0.800515
3     -0.517953
4     -0.343682
         ...   
364    0.246211
365   -0.462432
366    0.665693
367   -0.151730
368   -0.606879
Name: obs-prior, Length: 369, dtype: float64
0      0.749329
1      0.870418
2      0.800515
3     -0.517953
4     -0.343682
         ...   
364    0.246211
365   -0.462432
366    0.665693
367   -0.151730
368   -0.606879
Name: obs-prior, Length: 369, dtype: float64
0      0.749329
1      0.870418
2      0.800515
3     -0.517953
4     -0.343682
         ...   
364    0.246211
365   -0.462432
366    0.665693
367   -0.151730
368   -0.606879
Name: obs-prior, Length: 369, dtype: float64
0      0.749329
1      0.870418
2      0.800515
3     -0.517953
4     -0.343682
         ...   
364    0.246211
365   -0.462432
366    0.665693
367   -0.151730
368   -0.606879
Name: obs-prior, Length: 369, dtype: float64
0      0.749329
1      0.870418
2      0.800515
3     -0.517953
4     -0.343682
         ...   
364    0.246211
365   -0.462432
366    0.665693
367   -0.151730
368   -0.606879
Name: obs-prior, Length: 369, dtype: float64
0      0.749329
1      0.870418
2      0.800515
3     -0.517953
4     -0.343682
         ...   
364    0.246211
365   -0.462432
366    0.665693
367   -0.151730
368   -0.606879
Name: obs-prior, Length: 369, dtype: float64
0      0.749329
1      0.870418
2      0.800515
3     -0.517953
4     -0.343682
         ...   
364    0.246211
365   -0.462432
366    0.665693
367   -0.151730
368   -0.606879
Name: obs-prior, Length: 369, dtype: float64
0      0.749329
1      0.870418
2      0.800515
3     -0.517953
4     -0.343682
         ...   
364    0.246211
365   -0.462432
366    0.665693
367   -0.151730
368   -0.606879
Name: obs-prior, Length: 369, dtype: float64
0      0.749329
1      0.870418
2      0.800515
3     -0.517953
4     -0.343682
         ...   
364    0.246211
365   -0.462432
366    0.665693
367   -0.151730
368   -0.606879
Name: obs-prior, Length: 369, dtype: float64
 region:  TR
0     -0.817060
1      0.713953
2      0.653455
3     -0.888907
4      0.418606
         ...   
611   -0.002029
612   -0.276851
613    0.624178
614    0.696434
615   -0.916845
Name: obs-prior, Length: 616, dtype: float64
0     -0.817060
1      0.713953
2      0.653455
3     -0.888907
4      0.418606
         ...   
611   -0.002029
612   -0.276851
613    0.624178
614    0.696434
615   -0.916845
Name: obs-prior, Length: 616, dtype: float64
0     -0.817060
1      0.713953
2      0.653455
3     -0.888907
4      0.418606
         ...   
611   -0.002029
612   -0.276851
613    0.624178
614    0.696434
615   -0.916845
Name: obs-prior, Length: 616, dtype: float64
0     -0.817060
1      0.713953
2      0.653455
3     -0.888907
4      0.418606
         ...   
611   -0.002029
612   -0.276851
613    0.624178
614    0.696434
615   -0.916845
Name: obs-prior, Length: 616, dtype: float64
0     -0.817060
1      0.713953
2      0.653455
3     -0.888907
4      0.418606
         ...   
611   -0.002029
612   -0.276851
613    0.624178
614    0.696434
615   -0.916845
Name: obs-prior, Length: 616, dtype: float64
0     -0.817060
1      0.713953
2      0.653455
3     -0.888907
4      0.418606
         ...   
611   -0.002029
612   -0.276851
613    0.624178
614    0.696434
615   -0.916845
Name: obs-prior, Length: 616, dtype: float64
0     -0.817060
1      0.713953
2      0.653455
3     -0.888907
4      0.418606
         ...   
611   -0.002029
612   -0.276851
613    0.624178
614    0.696434
615   -0.916845
Name: obs-prior, Length: 616, dtype: float64
0     -0.817060
1      0.713953
2      0.653455
3     -0.888907
4      0.418606
         ...   
611   -0.002029
612   -0.276851
613    0.624178
614    0.696434
615   -0.916845
Name: obs-prior, Length: 616, dtype: float64
0     -0.817060
1      0.713953
2      0.653455
3     -0.888907
4      0.418606
         ...   
611   -0.002029
612   -0.276851
613    0.624178
614    0.696434
615   -0.916845
Name: obs-prior, Length: 616, dtype: float64
0     -0.817060
1      0.713953
2      0.653455
3     -0.888907
4      0.418606
         ...   
611   -0.002029
612   -0.276851
613    0.624178
614    0.696434
615   -0.916845
Name: obs-prior, Length: 616, dtype: float64
0     -0.817060
1      0.713953
2      0.653455
3     -0.888907
4      0.418606
         ...   
611   -0.002029
612   -0.276851
613    0.624178
614    0.696434
615   -0.916845
Name: obs-prior, Length: 616, dtype: float64
0     -0.817060
1      0.713953
2      0.653455
3     -0.888907
4      0.418606
         ...   
611   -0.002029
612   -0.276851
613    0.624178
614    0.696434
615   -0.916845
Name: obs-prior, Length: 616, dtype: float64
0     -0.817060
1      0.713953
2      0.653455
3     -0.888907
4      0.418606
         ...   
611   -0.002029
612   -0.276851
613    0.624178
614    0.696434
615   -0.916845
Name: obs-prior, Length: 616, dtype: float64
0     -0.817060
1      0.713953
2      0.653455
3     -0.888907
4      0.418606
         ...   
611   -0.002029
612   -0.276851
613    0.624178
614    0.696434
615   -0.916845
Name: obs-prior, Length: 616, dtype: float64
0     -0.817060
1      0.713953
2      0.653455
3     -0.888907
4      0.418606
         ...   
611   -0.002029
612   -0.276851
613    0.624178
614    0.696434
615   -0.916845
Name: obs-prior, Length: 616, dtype: float64
0     -0.817060
1      0.713953
2      0.653455
3     -0.888907
4      0.418606
         ...   
611   -0.002029
612   -0.276851
613    0.624178
614    0.696434
615   -0.916845
Name: obs-prior, Length: 616, dtype: float64
0     -0.817060
1      0.713953
2      0.653455
3     -0.888907
4      0.418606
         ...   
611   -0.002029
612   -0.276851
613    0.624178
614    0.696434
615   -0.916845
Name: obs-prior, Length: 616, dtype: float64

 processing obs:  ACARS_U_WIND_COMPONENT
 region:  Global
0       -1.287022
1       -1.185757
2        2.061846
3        0.915021
4        0.942413
           ...   
32318    1.612623
32319    1.063511
32320    0.557466
32321   -0.671432
32322   -2.469917
Name: obs-prior, Length: 32323, dtype: float64
0       -1.287022
1       -1.185757
2        2.061846
3        0.915021
4        0.942413
           ...   
32318    1.612623
32319    1.063511
32320    0.557466
32321   -0.671432
32322   -2.469917
Name: obs-prior, Length: 32323, dtype: float64
0       -1.287022
1       -1.185757
2        2.061846
3        0.915021
4        0.942413
           ...   
32318    1.612623
32319    1.063511
32320    0.557466
32321   -0.671432
32322   -2.469917
Name: obs-prior, Length: 32323, dtype: float64
0       -1.287022
1       -1.185757
2        2.061846
3        0.915021
4        0.942413
           ...   
32318    1.612623
32319    1.063511
32320    0.557466
32321   -0.671432
32322   -2.469917
Name: obs-prior, Length: 32323, dtype: float64
0       -1.287022
1       -1.185757
2        2.061846
3        0.915021
4        0.942413
           ...   
32318    1.612623
32319    1.063511
32320    0.557466
32321   -0.671432
32322   -2.469917
Name: obs-prior, Length: 32323, dtype: float64
0       -1.287022
1       -1.185757
2        2.061846
3        0.915021
4        0.942413
           ...   
32318    1.612623
32319    1.063511
32320    0.557466
32321   -0.671432
32322   -2.469917
Name: obs-prior, Length: 32323, dtype: float64
0       -1.287022
1       -1.185757
2        2.061846
3        0.915021
4        0.942413
           ...   
32318    1.612623
32319    1.063511
32320    0.557466
32321   -0.671432
32322   -2.469917
Name: obs-prior, Length: 32323, dtype: float64
0       -1.287022
1       -1.185757
2        2.061846
3        0.915021
4        0.942413
           ...   
32318    1.612623
32319    1.063511
32320    0.557466
32321   -0.671432
32322   -2.469917
Name: obs-prior, Length: 32323, dtype: float64
0       -1.287022
1       -1.185757
2        2.061846
3        0.915021
4        0.942413
           ...   
32318    1.612623
32319    1.063511
32320    0.557466
32321   -0.671432
32322   -2.469917
Name: obs-prior, Length: 32323, dtype: float64
0       -1.287022
1       -1.185757
2        2.061846
3        0.915021
4        0.942413
           ...   
32318    1.612623
32319    1.063511
32320    0.557466
32321   -0.671432
32322   -2.469917
Name: obs-prior, Length: 32323, dtype: float64
0       -1.287022
1       -1.185757
2        2.061846
3        0.915021
4        0.942413
           ...   
32318    1.612623
32319    1.063511
32320    0.557466
32321   -0.671432
32322   -2.469917
Name: obs-prior, Length: 32323, dtype: float64
0       -1.287022
1       -1.185757
2        2.061846
3        0.915021
4        0.942413
           ...   
32318    1.612623
32319    1.063511
32320    0.557466
32321   -0.671432
32322   -2.469917
Name: obs-prior, Length: 32323, dtype: float64
0       -1.287022
1       -1.185757
2        2.061846
3        0.915021
4        0.942413
           ...   
32318    1.612623
32319    1.063511
32320    0.557466
32321   -0.671432
32322   -2.469917
Name: obs-prior, Length: 32323, dtype: float64
0       -1.287022
1       -1.185757
2        2.061846
3        0.915021
4        0.942413
           ...   
32318    1.612623
32319    1.063511
32320    0.557466
32321   -0.671432
32322   -2.469917
Name: obs-prior, Length: 32323, dtype: float64
0       -1.287022
1       -1.185757
2        2.061846
3        0.915021
4        0.942413
           ...   
32318    1.612623
32319    1.063511
32320    0.557466
32321   -0.671432
32322   -2.469917
Name: obs-prior, Length: 32323, dtype: float64
0       -1.287022
1       -1.185757
2        2.061846
3        0.915021
4        0.942413
           ...   
32318    1.612623
32319    1.063511
32320    0.557466
32321   -0.671432
32322   -2.469917
Name: obs-prior, Length: 32323, dtype: float64
0       -1.287022
1       -1.185757
2        2.061846
3        0.915021
4        0.942413
           ...   
32318    1.612623
32319    1.063511
32320    0.557466
32321   -0.671432
32322   -2.469917
Name: obs-prior, Length: 32323, dtype: float64
 region:  NH
0       -1.185757
1        2.061846
2        0.915021
3        0.942413
4       -1.819114
           ...   
25276   -2.074486
25277    0.304835
25278    0.350196
25279    1.063511
25280    0.557466
Name: obs-prior, Length: 25281, dtype: float64
0       -1.185757
1        2.061846
2        0.915021
3        0.942413
4       -1.819114
           ...   
25276   -2.074486
25277    0.304835
25278    0.350196
25279    1.063511
25280    0.557466
Name: obs-prior, Length: 25281, dtype: float64
0       -1.185757
1        2.061846
2        0.915021
3        0.942413
4       -1.819114
           ...   
25276   -2.074486
25277    0.304835
25278    0.350196
25279    1.063511
25280    0.557466
Name: obs-prior, Length: 25281, dtype: float64
0       -1.185757
1        2.061846
2        0.915021
3        0.942413
4       -1.819114
           ...   
25276   -2.074486
25277    0.304835
25278    0.350196
25279    1.063511
25280    0.557466
Name: obs-prior, Length: 25281, dtype: float64
0       -1.185757
1        2.061846
2        0.915021
3        0.942413
4       -1.819114
           ...   
25276   -2.074486
25277    0.304835
25278    0.350196
25279    1.063511
25280    0.557466
Name: obs-prior, Length: 25281, dtype: float64
0       -1.185757
1        2.061846
2        0.915021
3        0.942413
4       -1.819114
           ...   
25276   -2.074486
25277    0.304835
25278    0.350196
25279    1.063511
25280    0.557466
Name: obs-prior, Length: 25281, dtype: float64
0       -1.185757
1        2.061846
2        0.915021
3        0.942413
4       -1.819114
           ...   
25276   -2.074486
25277    0.304835
25278    0.350196
25279    1.063511
25280    0.557466
Name: obs-prior, Length: 25281, dtype: float64
0       -1.185757
1        2.061846
2        0.915021
3        0.942413
4       -1.819114
           ...   
25276   -2.074486
25277    0.304835
25278    0.350196
25279    1.063511
25280    0.557466
Name: obs-prior, Length: 25281, dtype: float64
0       -1.185757
1        2.061846
2        0.915021
3        0.942413
4       -1.819114
           ...   
25276   -2.074486
25277    0.304835
25278    0.350196
25279    1.063511
25280    0.557466
Name: obs-prior, Length: 25281, dtype: float64
0       -1.185757
1        2.061846
2        0.915021
3        0.942413
4       -1.819114
           ...   
25276   -2.074486
25277    0.304835
25278    0.350196
25279    1.063511
25280    0.557466
Name: obs-prior, Length: 25281, dtype: float64
0       -1.185757
1        2.061846
2        0.915021
3        0.942413
4       -1.819114
           ...   
25276   -2.074486
25277    0.304835
25278    0.350196
25279    1.063511
25280    0.557466
Name: obs-prior, Length: 25281, dtype: float64
0       -1.185757
1        2.061846
2        0.915021
3        0.942413
4       -1.819114
           ...   
25276   -2.074486
25277    0.304835
25278    0.350196
25279    1.063511
25280    0.557466
Name: obs-prior, Length: 25281, dtype: float64
0       -1.185757
1        2.061846
2        0.915021
3        0.942413
4       -1.819114
           ...   
25276   -2.074486
25277    0.304835
25278    0.350196
25279    1.063511
25280    0.557466
Name: obs-prior, Length: 25281, dtype: float64
0       -1.185757
1        2.061846
2        0.915021
3        0.942413
4       -1.819114
           ...   
25276   -2.074486
25277    0.304835
25278    0.350196
25279    1.063511
25280    0.557466
Name: obs-prior, Length: 25281, dtype: float64
0       -1.185757
1        2.061846
2        0.915021
3        0.942413
4       -1.819114
           ...   
25276   -2.074486
25277    0.304835
25278    0.350196
25279    1.063511
25280    0.557466
Name: obs-prior, Length: 25281, dtype: float64
0       -1.185757
1        2.061846
2        0.915021
3        0.942413
4       -1.819114
           ...   
25276   -2.074486
25277    0.304835
25278    0.350196
25279    1.063511
25280    0.557466
Name: obs-prior, Length: 25281, dtype: float64
0       -1.185757
1        2.061846
2        0.915021
3        0.942413
4       -1.819114
           ...   
25276   -2.074486
25277    0.304835
25278    0.350196
25279    1.063511
25280    0.557466
Name: obs-prior, Length: 25281, dtype: float64
 region:  SH
0     -1.136004
1     -2.116720
2     -1.815149
3     -4.209405
4     -1.722454
         ...   
278   -1.555540
279   -5.944819
280   -1.633972
281   -3.828387
282    2.660260
Name: obs-prior, Length: 283, dtype: float64
0     -1.136004
1     -2.116720
2     -1.815149
3     -4.209405
4     -1.722454
         ...   
278   -1.555540
279   -5.944819
280   -1.633972
281   -3.828387
282    2.660260
Name: obs-prior, Length: 283, dtype: float64
0     -1.136004
1     -2.116720
2     -1.815149
3     -4.209405
4     -1.722454
         ...   
278   -1.555540
279   -5.944819
280   -1.633972
281   -3.828387
282    2.660260
Name: obs-prior, Length: 283, dtype: float64
0     -1.136004
1     -2.116720
2     -1.815149
3     -4.209405
4     -1.722454
         ...   
278   -1.555540
279   -5.944819
280   -1.633972
281   -3.828387
282    2.660260
Name: obs-prior, Length: 283, dtype: float64
0     -1.136004
1     -2.116720
2     -1.815149
3     -4.209405
4     -1.722454
         ...   
278   -1.555540
279   -5.944819
280   -1.633972
281   -3.828387
282    2.660260
Name: obs-prior, Length: 283, dtype: float64
0     -1.136004
1     -2.116720
2     -1.815149
3     -4.209405
4     -1.722454
         ...   
278   -1.555540
279   -5.944819
280   -1.633972
281   -3.828387
282    2.660260
Name: obs-prior, Length: 283, dtype: float64
0     -1.136004
1     -2.116720
2     -1.815149
3     -4.209405
4     -1.722454
         ...   
278   -1.555540
279   -5.944819
280   -1.633972
281   -3.828387
282    2.660260
Name: obs-prior, Length: 283, dtype: float64
0     -1.136004
1     -2.116720
2     -1.815149
3     -4.209405
4     -1.722454
         ...   
278   -1.555540
279   -5.944819
280   -1.633972
281   -3.828387
282    2.660260
Name: obs-prior, Length: 283, dtype: float64
0     -1.136004
1     -2.116720
2     -1.815149
3     -4.209405
4     -1.722454
         ...   
278   -1.555540
279   -5.944819
280   -1.633972
281   -3.828387
282    2.660260
Name: obs-prior, Length: 283, dtype: float64
0     -1.136004
1     -2.116720
2     -1.815149
3     -4.209405
4     -1.722454
         ...   
278   -1.555540
279   -5.944819
280   -1.633972
281   -3.828387
282    2.660260
Name: obs-prior, Length: 283, dtype: float64
0     -1.136004
1     -2.116720
2     -1.815149
3     -4.209405
4     -1.722454
         ...   
278   -1.555540
279   -5.944819
280   -1.633972
281   -3.828387
282    2.660260
Name: obs-prior, Length: 283, dtype: float64
0     -1.136004
1     -2.116720
2     -1.815149
3     -4.209405
4     -1.722454
         ...   
278   -1.555540
279   -5.944819
280   -1.633972
281   -3.828387
282    2.660260
Name: obs-prior, Length: 283, dtype: float64
0     -1.136004
1     -2.116720
2     -1.815149
3     -4.209405
4     -1.722454
         ...   
278   -1.555540
279   -5.944819
280   -1.633972
281   -3.828387
282    2.660260
Name: obs-prior, Length: 283, dtype: float64
0     -1.136004
1     -2.116720
2     -1.815149
3     -4.209405
4     -1.722454
         ...   
278   -1.555540
279   -5.944819
280   -1.633972
281   -3.828387
282    2.660260
Name: obs-prior, Length: 283, dtype: float64
0     -1.136004
1     -2.116720
2     -1.815149
3     -4.209405
4     -1.722454
         ...   
278   -1.555540
279   -5.944819
280   -1.633972
281   -3.828387
282    2.660260
Name: obs-prior, Length: 283, dtype: float64
0     -1.136004
1     -2.116720
2     -1.815149
3     -4.209405
4     -1.722454
         ...   
278   -1.555540
279   -5.944819
280   -1.633972
281   -3.828387
282    2.660260
Name: obs-prior, Length: 283, dtype: float64
0     -1.136004
1     -2.116720
2     -1.815149
3     -4.209405
4     -1.722454
         ...   
278   -1.555540
279   -5.944819
280   -1.633972
281   -3.828387
282    2.660260
Name: obs-prior, Length: 283, dtype: float64
 region:  TR
0      -1.287022
1       1.823068
2       1.918313
3      -0.747657
4       0.409400
          ...   
6754   -0.418492
6755    0.583250
6756    1.612623
6757   -0.671432
6758   -2.469917
Name: obs-prior, Length: 6759, dtype: float64
0      -1.287022
1       1.823068
2       1.918313
3      -0.747657
4       0.409400
          ...   
6754   -0.418492
6755    0.583250
6756    1.612623
6757   -0.671432
6758   -2.469917
Name: obs-prior, Length: 6759, dtype: float64
0      -1.287022
1       1.823068
2       1.918313
3      -0.747657
4       0.409400
          ...   
6754   -0.418492
6755    0.583250
6756    1.612623
6757   -0.671432
6758   -2.469917
Name: obs-prior, Length: 6759, dtype: float64
0      -1.287022
1       1.823068
2       1.918313
3      -0.747657
4       0.409400
          ...   
6754   -0.418492
6755    0.583250
6756    1.612623
6757   -0.671432
6758   -2.469917
Name: obs-prior, Length: 6759, dtype: float64
0      -1.287022
1       1.823068
2       1.918313
3      -0.747657
4       0.409400
          ...   
6754   -0.418492
6755    0.583250
6756    1.612623
6757   -0.671432
6758   -2.469917
Name: obs-prior, Length: 6759, dtype: float64
0      -1.287022
1       1.823068
2       1.918313
3      -0.747657
4       0.409400
          ...   
6754   -0.418492
6755    0.583250
6756    1.612623
6757   -0.671432
6758   -2.469917
Name: obs-prior, Length: 6759, dtype: float64
0      -1.287022
1       1.823068
2       1.918313
3      -0.747657
4       0.409400
          ...   
6754   -0.418492
6755    0.583250
6756    1.612623
6757   -0.671432
6758   -2.469917
Name: obs-prior, Length: 6759, dtype: float64
0      -1.287022
1       1.823068
2       1.918313
3      -0.747657
4       0.409400
          ...   
6754   -0.418492
6755    0.583250
6756    1.612623
6757   -0.671432
6758   -2.469917
Name: obs-prior, Length: 6759, dtype: float64
0      -1.287022
1       1.823068
2       1.918313
3      -0.747657
4       0.409400
          ...   
6754   -0.418492
6755    0.583250
6756    1.612623
6757   -0.671432
6758   -2.469917
Name: obs-prior, Length: 6759, dtype: float64
0      -1.287022
1       1.823068
2       1.918313
3      -0.747657
4       0.409400
          ...   
6754   -0.418492
6755    0.583250
6756    1.612623
6757   -0.671432
6758   -2.469917
Name: obs-prior, Length: 6759, dtype: float64
0      -1.287022
1       1.823068
2       1.918313
3      -0.747657
4       0.409400
          ...   
6754   -0.418492
6755    0.583250
6756    1.612623
6757   -0.671432
6758   -2.469917
Name: obs-prior, Length: 6759, dtype: float64
0      -1.287022
1       1.823068
2       1.918313
3      -0.747657
4       0.409400
          ...   
6754   -0.418492
6755    0.583250
6756    1.612623
6757   -0.671432
6758   -2.469917
Name: obs-prior, Length: 6759, dtype: float64
0      -1.287022
1       1.823068
2       1.918313
3      -0.747657
4       0.409400
          ...   
6754   -0.418492
6755    0.583250
6756    1.612623
6757   -0.671432
6758   -2.469917
Name: obs-prior, Length: 6759, dtype: float64
0      -1.287022
1       1.823068
2       1.918313
3      -0.747657
4       0.409400
          ...   
6754   -0.418492
6755    0.583250
6756    1.612623
6757   -0.671432
6758   -2.469917
Name: obs-prior, Length: 6759, dtype: float64
0      -1.287022
1       1.823068
2       1.918313
3      -0.747657
4       0.409400
          ...   
6754   -0.418492
6755    0.583250
6756    1.612623
6757   -0.671432
6758   -2.469917
Name: obs-prior, Length: 6759, dtype: float64
0      -1.287022
1       1.823068
2       1.918313
3      -0.747657
4       0.409400
          ...   
6754   -0.418492
6755    0.583250
6756    1.612623
6757   -0.671432
6758   -2.469917
Name: obs-prior, Length: 6759, dtype: float64
0      -1.287022
1       1.823068
2       1.918313
3      -0.747657
4       0.409400
          ...   
6754   -0.418492
6755    0.583250
6756    1.612623
6757   -0.671432
6758   -2.469917
Name: obs-prior, Length: 6759, dtype: float64

 processing obs:  ACARS_V_WIND_COMPONENT
 region:  Global
0       -1.635099
1       -0.862385
2       -1.767089
3        3.577943
4        2.004165
           ...   
31190   -0.664530
31191    1.831397
31192   -2.406899
31193    0.893832
31194    1.161080
Name: obs-prior, Length: 31195, dtype: float64
0       -1.635099
1       -0.862385
2       -1.767089
3        3.577943
4        2.004165
           ...   
31190   -0.664530
31191    1.831397
31192   -2.406899
31193    0.893832
31194    1.161080
Name: obs-prior, Length: 31195, dtype: float64
0       -1.635099
1       -0.862385
2       -1.767089
3        3.577943
4        2.004165
           ...   
31190   -0.664530
31191    1.831397
31192   -2.406899
31193    0.893832
31194    1.161080
Name: obs-prior, Length: 31195, dtype: float64
0       -1.635099
1       -0.862385
2       -1.767089
3        3.577943
4        2.004165
           ...   
31190   -0.664530
31191    1.831397
31192   -2.406899
31193    0.893832
31194    1.161080
Name: obs-prior, Length: 31195, dtype: float64
0       -1.635099
1       -0.862385
2       -1.767089
3        3.577943
4        2.004165
           ...   
31190   -0.664530
31191    1.831397
31192   -2.406899
31193    0.893832
31194    1.161080
Name: obs-prior, Length: 31195, dtype: float64
0       -1.635099
1       -0.862385
2       -1.767089
3        3.577943
4        2.004165
           ...   
31190   -0.664530
31191    1.831397
31192   -2.406899
31193    0.893832
31194    1.161080
Name: obs-prior, Length: 31195, dtype: float64
0       -1.635099
1       -0.862385
2       -1.767089
3        3.577943
4        2.004165
           ...   
31190   -0.664530
31191    1.831397
31192   -2.406899
31193    0.893832
31194    1.161080
Name: obs-prior, Length: 31195, dtype: float64
0       -1.635099
1       -0.862385
2       -1.767089
3        3.577943
4        2.004165
           ...   
31190   -0.664530
31191    1.831397
31192   -2.406899
31193    0.893832
31194    1.161080
Name: obs-prior, Length: 31195, dtype: float64
0       -1.635099
1       -0.862385
2       -1.767089
3        3.577943
4        2.004165
           ...   
31190   -0.664530
31191    1.831397
31192   -2.406899
31193    0.893832
31194    1.161080
Name: obs-prior, Length: 31195, dtype: float64
0       -1.635099
1       -0.862385
2       -1.767089
3        3.577943
4        2.004165
           ...   
31190   -0.664530
31191    1.831397
31192   -2.406899
31193    0.893832
31194    1.161080
Name: obs-prior, Length: 31195, dtype: float64
0       -1.635099
1       -0.862385
2       -1.767089
3        3.577943
4        2.004165
           ...   
31190   -0.664530
31191    1.831397
31192   -2.406899
31193    0.893832
31194    1.161080
Name: obs-prior, Length: 31195, dtype: float64
0       -1.635099
1       -0.862385
2       -1.767089
3        3.577943
4        2.004165
           ...   
31190   -0.664530
31191    1.831397
31192   -2.406899
31193    0.893832
31194    1.161080
Name: obs-prior, Length: 31195, dtype: float64
0       -1.635099
1       -0.862385
2       -1.767089
3        3.577943
4        2.004165
           ...   
31190   -0.664530
31191    1.831397
31192   -2.406899
31193    0.893832
31194    1.161080
Name: obs-prior, Length: 31195, dtype: float64
0       -1.635099
1       -0.862385
2       -1.767089
3        3.577943
4        2.004165
           ...   
31190   -0.664530
31191    1.831397
31192   -2.406899
31193    0.893832
31194    1.161080
Name: obs-prior, Length: 31195, dtype: float64
0       -1.635099
1       -0.862385
2       -1.767089
3        3.577943
4        2.004165
           ...   
31190   -0.664530
31191    1.831397
31192   -2.406899
31193    0.893832
31194    1.161080
Name: obs-prior, Length: 31195, dtype: float64
0       -1.635099
1       -0.862385
2       -1.767089
3        3.577943
4        2.004165
           ...   
31190   -0.664530
31191    1.831397
31192   -2.406899
31193    0.893832
31194    1.161080
Name: obs-prior, Length: 31195, dtype: float64
0       -1.635099
1       -0.862385
2       -1.767089
3        3.577943
4        2.004165
           ...   
31190   -0.664530
31191    1.831397
31192   -2.406899
31193    0.893832
31194    1.161080
Name: obs-prior, Length: 31195, dtype: float64
 region:  NH
0       -0.862385
1       -1.767089
2        3.577943
3        2.004165
4        1.112069
           ...   
23861   -1.781063
23862   -1.715865
23863    1.428522
23864   -0.664530
23865   -2.406899
Name: obs-prior, Length: 23866, dtype: float64
0       -0.862385
1       -1.767089
2        3.577943
3        2.004165
4        1.112069
           ...   
23861   -1.781063
23862   -1.715865
23863    1.428522
23864   -0.664530
23865   -2.406899
Name: obs-prior, Length: 23866, dtype: float64
0       -0.862385
1       -1.767089
2        3.577943
3        2.004165
4        1.112069
           ...   
23861   -1.781063
23862   -1.715865
23863    1.428522
23864   -0.664530
23865   -2.406899
Name: obs-prior, Length: 23866, dtype: float64
0       -0.862385
1       -1.767089
2        3.577943
3        2.004165
4        1.112069
           ...   
23861   -1.781063
23862   -1.715865
23863    1.428522
23864   -0.664530
23865   -2.406899
Name: obs-prior, Length: 23866, dtype: float64
0       -0.862385
1       -1.767089
2        3.577943
3        2.004165
4        1.112069
           ...   
23861   -1.781063
23862   -1.715865
23863    1.428522
23864   -0.664530
23865   -2.406899
Name: obs-prior, Length: 23866, dtype: float64
0       -0.862385
1       -1.767089
2        3.577943
3        2.004165
4        1.112069
           ...   
23861   -1.781063
23862   -1.715865
23863    1.428522
23864   -0.664530
23865   -2.406899
Name: obs-prior, Length: 23866, dtype: float64
0       -0.862385
1       -1.767089
2        3.577943
3        2.004165
4        1.112069
           ...   
23861   -1.781063
23862   -1.715865
23863    1.428522
23864   -0.664530
23865   -2.406899
Name: obs-prior, Length: 23866, dtype: float64
0       -0.862385
1       -1.767089
2        3.577943
3        2.004165
4        1.112069
           ...   
23861   -1.781063
23862   -1.715865
23863    1.428522
23864   -0.664530
23865   -2.406899
Name: obs-prior, Length: 23866, dtype: float64
0       -0.862385
1       -1.767089
2        3.577943
3        2.004165
4        1.112069
           ...   
23861   -1.781063
23862   -1.715865
23863    1.428522
23864   -0.664530
23865   -2.406899
Name: obs-prior, Length: 23866, dtype: float64
0       -0.862385
1       -1.767089
2        3.577943
3        2.004165
4        1.112069
           ...   
23861   -1.781063
23862   -1.715865
23863    1.428522
23864   -0.664530
23865   -2.406899
Name: obs-prior, Length: 23866, dtype: float64
0       -0.862385
1       -1.767089
2        3.577943
3        2.004165
4        1.112069
           ...   
23861   -1.781063
23862   -1.715865
23863    1.428522
23864   -0.664530
23865   -2.406899
Name: obs-prior, Length: 23866, dtype: float64
0       -0.862385
1       -1.767089
2        3.577943
3        2.004165
4        1.112069
           ...   
23861   -1.781063
23862   -1.715865
23863    1.428522
23864   -0.664530
23865   -2.406899
Name: obs-prior, Length: 23866, dtype: float64
0       -0.862385
1       -1.767089
2        3.577943
3        2.004165
4        1.112069
           ...   
23861   -1.781063
23862   -1.715865
23863    1.428522
23864   -0.664530
23865   -2.406899
Name: obs-prior, Length: 23866, dtype: float64
0       -0.862385
1       -1.767089
2        3.577943
3        2.004165
4        1.112069
           ...   
23861   -1.781063
23862   -1.715865
23863    1.428522
23864   -0.664530
23865   -2.406899
Name: obs-prior, Length: 23866, dtype: float64
0       -0.862385
1       -1.767089
2        3.577943
3        2.004165
4        1.112069
           ...   
23861   -1.781063
23862   -1.715865
23863    1.428522
23864   -0.664530
23865   -2.406899
Name: obs-prior, Length: 23866, dtype: float64
0       -0.862385
1       -1.767089
2        3.577943
3        2.004165
4        1.112069
           ...   
23861   -1.781063
23862   -1.715865
23863    1.428522
23864   -0.664530
23865   -2.406899
Name: obs-prior, Length: 23866, dtype: float64
0       -0.862385
1       -1.767089
2        3.577943
3        2.004165
4        1.112069
           ...   
23861   -1.781063
23862   -1.715865
23863    1.428522
23864   -0.664530
23865   -2.406899
Name: obs-prior, Length: 23866, dtype: float64
 region:  SH
0      0.747922
1      2.340866
2      1.288057
3      1.698772
4      2.347531
         ...   
221    3.069109
222    4.577734
223   -2.146309
224    0.900505
225    5.806820
Name: obs-prior, Length: 226, dtype: float64
0      0.747922
1      2.340866
2      1.288057
3      1.698772
4      2.347531
         ...   
221    3.069109
222    4.577734
223   -2.146309
224    0.900505
225    5.806820
Name: obs-prior, Length: 226, dtype: float64
0      0.747922
1      2.340866
2      1.288057
3      1.698772
4      2.347531
         ...   
221    3.069109
222    4.577734
223   -2.146309
224    0.900505
225    5.806820
Name: obs-prior, Length: 226, dtype: float64
0      0.747922
1      2.340866
2      1.288057
3      1.698772
4      2.347531
         ...   
221    3.069109
222    4.577734
223   -2.146309
224    0.900505
225    5.806820
Name: obs-prior, Length: 226, dtype: float64
0      0.747922
1      2.340866
2      1.288057
3      1.698772
4      2.347531
         ...   
221    3.069109
222    4.577734
223   -2.146309
224    0.900505
225    5.806820
Name: obs-prior, Length: 226, dtype: float64
0      0.747922
1      2.340866
2      1.288057
3      1.698772
4      2.347531
         ...   
221    3.069109
222    4.577734
223   -2.146309
224    0.900505
225    5.806820
Name: obs-prior, Length: 226, dtype: float64
0      0.747922
1      2.340866
2      1.288057
3      1.698772
4      2.347531
         ...   
221    3.069109
222    4.577734
223   -2.146309
224    0.900505
225    5.806820
Name: obs-prior, Length: 226, dtype: float64
0      0.747922
1      2.340866
2      1.288057
3      1.698772
4      2.347531
         ...   
221    3.069109
222    4.577734
223   -2.146309
224    0.900505
225    5.806820
Name: obs-prior, Length: 226, dtype: float64
0      0.747922
1      2.340866
2      1.288057
3      1.698772
4      2.347531
         ...   
221    3.069109
222    4.577734
223   -2.146309
224    0.900505
225    5.806820
Name: obs-prior, Length: 226, dtype: float64
0      0.747922
1      2.340866
2      1.288057
3      1.698772
4      2.347531
         ...   
221    3.069109
222    4.577734
223   -2.146309
224    0.900505
225    5.806820
Name: obs-prior, Length: 226, dtype: float64
0      0.747922
1      2.340866
2      1.288057
3      1.698772
4      2.347531
         ...   
221    3.069109
222    4.577734
223   -2.146309
224    0.900505
225    5.806820
Name: obs-prior, Length: 226, dtype: float64
0      0.747922
1      2.340866
2      1.288057
3      1.698772
4      2.347531
         ...   
221    3.069109
222    4.577734
223   -2.146309
224    0.900505
225    5.806820
Name: obs-prior, Length: 226, dtype: float64
0      0.747922
1      2.340866
2      1.288057
3      1.698772
4      2.347531
         ...   
221    3.069109
222    4.577734
223   -2.146309
224    0.900505
225    5.806820
Name: obs-prior, Length: 226, dtype: float64
0      0.747922
1      2.340866
2      1.288057
3      1.698772
4      2.347531
         ...   
221    3.069109
222    4.577734
223   -2.146309
224    0.900505
225    5.806820
Name: obs-prior, Length: 226, dtype: float64
0      0.747922
1      2.340866
2      1.288057
3      1.698772
4      2.347531
         ...   
221    3.069109
222    4.577734
223   -2.146309
224    0.900505
225    5.806820
Name: obs-prior, Length: 226, dtype: float64
0      0.747922
1      2.340866
2      1.288057
3      1.698772
4      2.347531
         ...   
221    3.069109
222    4.577734
223   -2.146309
224    0.900505
225    5.806820
Name: obs-prior, Length: 226, dtype: float64
0      0.747922
1      2.340866
2      1.288057
3      1.698772
4      2.347531
         ...   
221    3.069109
222    4.577734
223   -2.146309
224    0.900505
225    5.806820
Name: obs-prior, Length: 226, dtype: float64
 region:  TR
0      -1.635099
1      -1.362110
2       2.465732
3      -0.439479
4      -0.298797
          ...   
7098   -2.396674
7099    0.654048
7100    1.831397
7101    0.893832
7102    1.161080
Name: obs-prior, Length: 7103, dtype: float64
0      -1.635099
1      -1.362110
2       2.465732
3      -0.439479
4      -0.298797
          ...   
7098   -2.396674
7099    0.654048
7100    1.831397
7101    0.893832
7102    1.161080
Name: obs-prior, Length: 7103, dtype: float64
0      -1.635099
1      -1.362110
2       2.465732
3      -0.439479
4      -0.298797
          ...   
7098   -2.396674
7099    0.654048
7100    1.831397
7101    0.893832
7102    1.161080
Name: obs-prior, Length: 7103, dtype: float64
0      -1.635099
1      -1.362110
2       2.465732
3      -0.439479
4      -0.298797
          ...   
7098   -2.396674
7099    0.654048
7100    1.831397
7101    0.893832
7102    1.161080
Name: obs-prior, Length: 7103, dtype: float64
0      -1.635099
1      -1.362110
2       2.465732
3      -0.439479
4      -0.298797
          ...   
7098   -2.396674
7099    0.654048
7100    1.831397
7101    0.893832
7102    1.161080
Name: obs-prior, Length: 7103, dtype: float64
0      -1.635099
1      -1.362110
2       2.465732
3      -0.439479
4      -0.298797
          ...   
7098   -2.396674
7099    0.654048
7100    1.831397
7101    0.893832
7102    1.161080
Name: obs-prior, Length: 7103, dtype: float64
0      -1.635099
1      -1.362110
2       2.465732
3      -0.439479
4      -0.298797
          ...   
7098   -2.396674
7099    0.654048
7100    1.831397
7101    0.893832
7102    1.161080
Name: obs-prior, Length: 7103, dtype: float64
0      -1.635099
1      -1.362110
2       2.465732
3      -0.439479
4      -0.298797
          ...   
7098   -2.396674
7099    0.654048
7100    1.831397
7101    0.893832
7102    1.161080
Name: obs-prior, Length: 7103, dtype: float64
0      -1.635099
1      -1.362110
2       2.465732
3      -0.439479
4      -0.298797
          ...   
7098   -2.396674
7099    0.654048
7100    1.831397
7101    0.893832
7102    1.161080
Name: obs-prior, Length: 7103, dtype: float64
0      -1.635099
1      -1.362110
2       2.465732
3      -0.439479
4      -0.298797
          ...   
7098   -2.396674
7099    0.654048
7100    1.831397
7101    0.893832
7102    1.161080
Name: obs-prior, Length: 7103, dtype: float64
0      -1.635099
1      -1.362110
2       2.465732
3      -0.439479
4      -0.298797
          ...   
7098   -2.396674
7099    0.654048
7100    1.831397
7101    0.893832
7102    1.161080
Name: obs-prior, Length: 7103, dtype: float64
0      -1.635099
1      -1.362110
2       2.465732
3      -0.439479
4      -0.298797
          ...   
7098   -2.396674
7099    0.654048
7100    1.831397
7101    0.893832
7102    1.161080
Name: obs-prior, Length: 7103, dtype: float64
0      -1.635099
1      -1.362110
2       2.465732
3      -0.439479
4      -0.298797
          ...   
7098   -2.396674
7099    0.654048
7100    1.831397
7101    0.893832
7102    1.161080
Name: obs-prior, Length: 7103, dtype: float64
0      -1.635099
1      -1.362110
2       2.465732
3      -0.439479
4      -0.298797
          ...   
7098   -2.396674
7099    0.654048
7100    1.831397
7101    0.893832
7102    1.161080
Name: obs-prior, Length: 7103, dtype: float64
0      -1.635099
1      -1.362110
2       2.465732
3      -0.439479
4      -0.298797
          ...   
7098   -2.396674
7099    0.654048
7100    1.831397
7101    0.893832
7102    1.161080
Name: obs-prior, Length: 7103, dtype: float64
0      -1.635099
1      -1.362110
2       2.465732
3      -0.439479
4      -0.298797
          ...   
7098   -2.396674
7099    0.654048
7100    1.831397
7101    0.893832
7102    1.161080
Name: obs-prior, Length: 7103, dtype: float64
0      -1.635099
1      -1.362110
2       2.465732
3      -0.439479
4      -0.298797
          ...   
7098   -2.396674
7099    0.654048
7100    1.831397
7101    0.893832
7102    1.161080
Name: obs-prior, Length: 7103, dtype: float64

 processing obs:  ACARS_TEMPERATURE
 region:  Global
0       -0.316857
1        0.582387
2       -0.352938
3       -0.796547
4        0.505688
           ...   
31521    0.638398
31522   -1.038291
31523   -0.690247
31524    0.146368
31525    0.528143
Name: obs-prior, Length: 31526, dtype: float64
0       -0.316857
1        0.582387
2       -0.352938
3       -0.796547
4        0.505688
           ...   
31521    0.638398
31522   -1.038291
31523   -0.690247
31524    0.146368
31525    0.528143
Name: obs-prior, Length: 31526, dtype: float64
0       -0.316857
1        0.582387
2       -0.352938
3       -0.796547
4        0.505688
           ...   
31521    0.638398
31522   -1.038291
31523   -0.690247
31524    0.146368
31525    0.528143
Name: obs-prior, Length: 31526, dtype: float64
0       -0.316857
1        0.582387
2       -0.352938
3       -0.796547
4        0.505688
           ...   
31521    0.638398
31522   -1.038291
31523   -0.690247
31524    0.146368
31525    0.528143
Name: obs-prior, Length: 31526, dtype: float64
0       -0.316857
1        0.582387
2       -0.352938
3       -0.796547
4        0.505688
           ...   
31521    0.638398
31522   -1.038291
31523   -0.690247
31524    0.146368
31525    0.528143
Name: obs-prior, Length: 31526, dtype: float64
0       -0.316857
1        0.582387
2       -0.352938
3       -0.796547
4        0.505688
           ...   
31521    0.638398
31522   -1.038291
31523   -0.690247
31524    0.146368
31525    0.528143
Name: obs-prior, Length: 31526, dtype: float64
0       -0.316857
1        0.582387
2       -0.352938
3       -0.796547
4        0.505688
           ...   
31521    0.638398
31522   -1.038291
31523   -0.690247
31524    0.146368
31525    0.528143
Name: obs-prior, Length: 31526, dtype: float64
0       -0.316857
1        0.582387
2       -0.352938
3       -0.796547
4        0.505688
           ...   
31521    0.638398
31522   -1.038291
31523   -0.690247
31524    0.146368
31525    0.528143
Name: obs-prior, Length: 31526, dtype: float64
0       -0.316857
1        0.582387
2       -0.352938
3       -0.796547
4        0.505688
           ...   
31521    0.638398
31522   -1.038291
31523   -0.690247
31524    0.146368
31525    0.528143
Name: obs-prior, Length: 31526, dtype: float64
0       -0.316857
1        0.582387
2       -0.352938
3       -0.796547
4        0.505688
           ...   
31521    0.638398
31522   -1.038291
31523   -0.690247
31524    0.146368
31525    0.528143
Name: obs-prior, Length: 31526, dtype: float64
0       -0.316857
1        0.582387
2       -0.352938
3       -0.796547
4        0.505688
           ...   
31521    0.638398
31522   -1.038291
31523   -0.690247
31524    0.146368
31525    0.528143
Name: obs-prior, Length: 31526, dtype: float64
0       -0.316857
1        0.582387
2       -0.352938
3       -0.796547
4        0.505688
           ...   
31521    0.638398
31522   -1.038291
31523   -0.690247
31524    0.146368
31525    0.528143
Name: obs-prior, Length: 31526, dtype: float64
0       -0.316857
1        0.582387
2       -0.352938
3       -0.796547
4        0.505688
           ...   
31521    0.638398
31522   -1.038291
31523   -0.690247
31524    0.146368
31525    0.528143
Name: obs-prior, Length: 31526, dtype: float64
0       -0.316857
1        0.582387
2       -0.352938
3       -0.796547
4        0.505688
           ...   
31521    0.638398
31522   -1.038291
31523   -0.690247
31524    0.146368
31525    0.528143
Name: obs-prior, Length: 31526, dtype: float64
0       -0.316857
1        0.582387
2       -0.352938
3       -0.796547
4        0.505688
           ...   
31521    0.638398
31522   -1.038291
31523   -0.690247
31524    0.146368
31525    0.528143
Name: obs-prior, Length: 31526, dtype: float64
0       -0.316857
1        0.582387
2       -0.352938
3       -0.796547
4        0.505688
           ...   
31521    0.638398
31522   -1.038291
31523   -0.690247
31524    0.146368
31525    0.528143
Name: obs-prior, Length: 31526, dtype: float64
0       -0.316857
1        0.582387
2       -0.352938
3       -0.796547
4        0.505688
           ...   
31521    0.638398
31522   -1.038291
31523   -0.690247
31524    0.146368
31525    0.528143
Name: obs-prior, Length: 31526, dtype: float64
 region:  NH
0       -0.316857
1        0.582387
2       -0.352938
3       -0.796547
4        0.505688
           ...   
24666    0.934605
24667   -0.291306
24668    0.638398
24669   -0.690247
24670    0.528143
Name: obs-prior, Length: 24671, dtype: float64
0       -0.316857
1        0.582387
2       -0.352938
3       -0.796547
4        0.505688
           ...   
24666    0.934605
24667   -0.291306
24668    0.638398
24669   -0.690247
24670    0.528143
Name: obs-prior, Length: 24671, dtype: float64
0       -0.316857
1        0.582387
2       -0.352938
3       -0.796547
4        0.505688
           ...   
24666    0.934605
24667   -0.291306
24668    0.638398
24669   -0.690247
24670    0.528143
Name: obs-prior, Length: 24671, dtype: float64
0       -0.316857
1        0.582387
2       -0.352938
3       -0.796547
4        0.505688
           ...   
24666    0.934605
24667   -0.291306
24668    0.638398
24669   -0.690247
24670    0.528143
Name: obs-prior, Length: 24671, dtype: float64
0       -0.316857
1        0.582387
2       -0.352938
3       -0.796547
4        0.505688
           ...   
24666    0.934605
24667   -0.291306
24668    0.638398
24669   -0.690247
24670    0.528143
Name: obs-prior, Length: 24671, dtype: float64
0       -0.316857
1        0.582387
2       -0.352938
3       -0.796547
4        0.505688
           ...   
24666    0.934605
24667   -0.291306
24668    0.638398
24669   -0.690247
24670    0.528143
Name: obs-prior, Length: 24671, dtype: float64
0       -0.316857
1        0.582387
2       -0.352938
3       -0.796547
4        0.505688
           ...   
24666    0.934605
24667   -0.291306
24668    0.638398
24669   -0.690247
24670    0.528143
Name: obs-prior, Length: 24671, dtype: float64
0       -0.316857
1        0.582387
2       -0.352938
3       -0.796547
4        0.505688
           ...   
24666    0.934605
24667   -0.291306
24668    0.638398
24669   -0.690247
24670    0.528143
Name: obs-prior, Length: 24671, dtype: float64
0       -0.316857
1        0.582387
2       -0.352938
3       -0.796547
4        0.505688
           ...   
24666    0.934605
24667   -0.291306
24668    0.638398
24669   -0.690247
24670    0.528143
Name: obs-prior, Length: 24671, dtype: float64
0       -0.316857
1        0.582387
2       -0.352938
3       -0.796547
4        0.505688
           ...   
24666    0.934605
24667   -0.291306
24668    0.638398
24669   -0.690247
24670    0.528143
Name: obs-prior, Length: 24671, dtype: float64
0       -0.316857
1        0.582387
2       -0.352938
3       -0.796547
4        0.505688
           ...   
24666    0.934605
24667   -0.291306
24668    0.638398
24669   -0.690247
24670    0.528143
Name: obs-prior, Length: 24671, dtype: float64
0       -0.316857
1        0.582387
2       -0.352938
3       -0.796547
4        0.505688
           ...   
24666    0.934605
24667   -0.291306
24668    0.638398
24669   -0.690247
24670    0.528143
Name: obs-prior, Length: 24671, dtype: float64
0       -0.316857
1        0.582387
2       -0.352938
3       -0.796547
4        0.505688
           ...   
24666    0.934605
24667   -0.291306
24668    0.638398
24669   -0.690247
24670    0.528143
Name: obs-prior, Length: 24671, dtype: float64
0       -0.316857
1        0.582387
2       -0.352938
3       -0.796547
4        0.505688
           ...   
24666    0.934605
24667   -0.291306
24668    0.638398
24669   -0.690247
24670    0.528143
Name: obs-prior, Length: 24671, dtype: float64
0       -0.316857
1        0.582387
2       -0.352938
3       -0.796547
4        0.505688
           ...   
24666    0.934605
24667   -0.291306
24668    0.638398
24669   -0.690247
24670    0.528143
Name: obs-prior, Length: 24671, dtype: float64
0       -0.316857
1        0.582387
2       -0.352938
3       -0.796547
4        0.505688
           ...   
24666    0.934605
24667   -0.291306
24668    0.638398
24669   -0.690247
24670    0.528143
Name: obs-prior, Length: 24671, dtype: float64
0       -0.316857
1        0.582387
2       -0.352938
3       -0.796547
4        0.505688
           ...   
24666    0.934605
24667   -0.291306
24668    0.638398
24669   -0.690247
24670    0.528143
Name: obs-prior, Length: 24671, dtype: float64
 region:  SH
0     -0.905080
1     -0.000927
2      0.119623
3      0.283611
4      0.874567
         ...   
360   -1.028999
361   -0.012771
362    1.172119
363   -0.159647
364    0.821471
Name: obs-prior, Length: 365, dtype: float64
0     -0.905080
1     -0.000927
2      0.119623
3      0.283611
4      0.874567
         ...   
360   -1.028999
361   -0.012771
362    1.172119
363   -0.159647
364    0.821471
Name: obs-prior, Length: 365, dtype: float64
0     -0.905080
1     -0.000927
2      0.119623
3      0.283611
4      0.874567
         ...   
360   -1.028999
361   -0.012771
362    1.172119
363   -0.159647
364    0.821471
Name: obs-prior, Length: 365, dtype: float64
0     -0.905080
1     -0.000927
2      0.119623
3      0.283611
4      0.874567
         ...   
360   -1.028999
361   -0.012771
362    1.172119
363   -0.159647
364    0.821471
Name: obs-prior, Length: 365, dtype: float64
0     -0.905080
1     -0.000927
2      0.119623
3      0.283611
4      0.874567
         ...   
360   -1.028999
361   -0.012771
362    1.172119
363   -0.159647
364    0.821471
Name: obs-prior, Length: 365, dtype: float64
0     -0.905080
1     -0.000927
2      0.119623
3      0.283611
4      0.874567
         ...   
360   -1.028999
361   -0.012771
362    1.172119
363   -0.159647
364    0.821471
Name: obs-prior, Length: 365, dtype: float64
0     -0.905080
1     -0.000927
2      0.119623
3      0.283611
4      0.874567
         ...   
360   -1.028999
361   -0.012771
362    1.172119
363   -0.159647
364    0.821471
Name: obs-prior, Length: 365, dtype: float64
0     -0.905080
1     -0.000927
2      0.119623
3      0.283611
4      0.874567
         ...   
360   -1.028999
361   -0.012771
362    1.172119
363   -0.159647
364    0.821471
Name: obs-prior, Length: 365, dtype: float64
0     -0.905080
1     -0.000927
2      0.119623
3      0.283611
4      0.874567
         ...   
360   -1.028999
361   -0.012771
362    1.172119
363   -0.159647
364    0.821471
Name: obs-prior, Length: 365, dtype: float64
0     -0.905080
1     -0.000927
2      0.119623
3      0.283611
4      0.874567
         ...   
360   -1.028999
361   -0.012771
362    1.172119
363   -0.159647
364    0.821471
Name: obs-prior, Length: 365, dtype: float64
0     -0.905080
1     -0.000927
2      0.119623
3      0.283611
4      0.874567
         ...   
360   -1.028999
361   -0.012771
362    1.172119
363   -0.159647
364    0.821471
Name: obs-prior, Length: 365, dtype: float64
0     -0.905080
1     -0.000927
2      0.119623
3      0.283611
4      0.874567
         ...   
360   -1.028999
361   -0.012771
362    1.172119
363   -0.159647
364    0.821471
Name: obs-prior, Length: 365, dtype: float64
0     -0.905080
1     -0.000927
2      0.119623
3      0.283611
4      0.874567
         ...   
360   -1.028999
361   -0.012771
362    1.172119
363   -0.159647
364    0.821471
Name: obs-prior, Length: 365, dtype: float64
0     -0.905080
1     -0.000927
2      0.119623
3      0.283611
4      0.874567
         ...   
360   -1.028999
361   -0.012771
362    1.172119
363   -0.159647
364    0.821471
Name: obs-prior, Length: 365, dtype: float64
0     -0.905080
1     -0.000927
2      0.119623
3      0.283611
4      0.874567
         ...   
360   -1.028999
361   -0.012771
362    1.172119
363   -0.159647
364    0.821471
Name: obs-prior, Length: 365, dtype: float64
0     -0.905080
1     -0.000927
2      0.119623
3      0.283611
4      0.874567
         ...   
360   -1.028999
361   -0.012771
362    1.172119
363   -0.159647
364    0.821471
Name: obs-prior, Length: 365, dtype: float64
0     -0.905080
1     -0.000927
2      0.119623
3      0.283611
4      0.874567
         ...   
360   -1.028999
361   -0.012771
362    1.172119
363   -0.159647
364    0.821471
Name: obs-prior, Length: 365, dtype: float64
 region:  TR
0       0.323079
1      -0.327190
2       0.703327
3       0.795598
4      -0.166840
          ...   
6485    0.445299
6486   -0.911108
6487   -0.858103
6488   -1.038291
6489    0.146368
Name: obs-prior, Length: 6490, dtype: float64
0       0.323079
1      -0.327190
2       0.703327
3       0.795598
4      -0.166840
          ...   
6485    0.445299
6486   -0.911108
6487   -0.858103
6488   -1.038291
6489    0.146368
Name: obs-prior, Length: 6490, dtype: float64
0       0.323079
1      -0.327190
2       0.703327
3       0.795598
4      -0.166840
          ...   
6485    0.445299
6486   -0.911108
6487   -0.858103
6488   -1.038291
6489    0.146368
Name: obs-prior, Length: 6490, dtype: float64
0       0.323079
1      -0.327190
2       0.703327
3       0.795598
4      -0.166840
          ...   
6485    0.445299
6486   -0.911108
6487   -0.858103
6488   -1.038291
6489    0.146368
Name: obs-prior, Length: 6490, dtype: float64
0       0.323079
1      -0.327190
2       0.703327
3       0.795598
4      -0.166840
          ...   
6485    0.445299
6486   -0.911108
6487   -0.858103
6488   -1.038291
6489    0.146368
Name: obs-prior, Length: 6490, dtype: float64
0       0.323079
1      -0.327190
2       0.703327
3       0.795598
4      -0.166840
          ...   
6485    0.445299
6486   -0.911108
6487   -0.858103
6488   -1.038291
6489    0.146368
Name: obs-prior, Length: 6490, dtype: float64
0       0.323079
1      -0.327190
2       0.703327
3       0.795598
4      -0.166840
          ...   
6485    0.445299
6486   -0.911108
6487   -0.858103
6488   -1.038291
6489    0.146368
Name: obs-prior, Length: 6490, dtype: float64
0       0.323079
1      -0.327190
2       0.703327
3       0.795598
4      -0.166840
          ...   
6485    0.445299
6486   -0.911108
6487   -0.858103
6488   -1.038291
6489    0.146368
Name: obs-prior, Length: 6490, dtype: float64
0       0.323079
1      -0.327190
2       0.703327
3       0.795598
4      -0.166840
          ...   
6485    0.445299
6486   -0.911108
6487   -0.858103
6488   -1.038291
6489    0.146368
Name: obs-prior, Length: 6490, dtype: float64
0       0.323079
1      -0.327190
2       0.703327
3       0.795598
4      -0.166840
          ...   
6485    0.445299
6486   -0.911108
6487   -0.858103
6488   -1.038291
6489    0.146368
Name: obs-prior, Length: 6490, dtype: float64
0       0.323079
1      -0.327190
2       0.703327
3       0.795598
4      -0.166840
          ...   
6485    0.445299
6486   -0.911108
6487   -0.858103
6488   -1.038291
6489    0.146368
Name: obs-prior, Length: 6490, dtype: float64
0       0.323079
1      -0.327190
2       0.703327
3       0.795598
4      -0.166840
          ...   
6485    0.445299
6486   -0.911108
6487   -0.858103
6488   -1.038291
6489    0.146368
Name: obs-prior, Length: 6490, dtype: float64
0       0.323079
1      -0.327190
2       0.703327
3       0.795598
4      -0.166840
          ...   
6485    0.445299
6486   -0.911108
6487   -0.858103
6488   -1.038291
6489    0.146368
Name: obs-prior, Length: 6490, dtype: float64
0       0.323079
1      -0.327190
2       0.703327
3       0.795598
4      -0.166840
          ...   
6485    0.445299
6486   -0.911108
6487   -0.858103
6488   -1.038291
6489    0.146368
Name: obs-prior, Length: 6490, dtype: float64
0       0.323079
1      -0.327190
2       0.703327
3       0.795598
4      -0.166840
          ...   
6485    0.445299
6486   -0.911108
6487   -0.858103
6488   -1.038291
6489    0.146368
Name: obs-prior, Length: 6490, dtype: float64
0       0.323079
1      -0.327190
2       0.703327
3       0.795598
4      -0.166840
          ...   
6485    0.445299
6486   -0.911108
6487   -0.858103
6488   -1.038291
6489    0.146368
Name: obs-prior, Length: 6490, dtype: float64
0       0.323079
1      -0.327190
2       0.703327
3       0.795598
4      -0.166840
          ...   
6485    0.445299
6486   -0.911108
6487   -0.858103
6488   -1.038291
6489    0.146368
Name: obs-prior, Length: 6490, dtype: float64

 processing obs:  SAT_U_WIND_COMPONENT
 region:  Global
 No obs:  SAT_U_WIND_COMPONENT  in region:  Global  at this time.
 region:  NH
 No obs:  SAT_U_WIND_COMPONENT  in region:  NH  at this time.
 region:  SH
 No obs:  SAT_U_WIND_COMPONENT  in region:  SH  at this time.
 region:  TR
 No obs:  SAT_U_WIND_COMPONENT  in region:  TR  at this time.

 processing obs:  SAT_V_WIND_COMPONENT
 region:  Global
 No obs:  SAT_V_WIND_COMPONENT  in region:  Global  at this time.
 region:  NH
 No obs:  SAT_V_WIND_COMPONENT  in region:  NH  at this time.
 region:  SH
 No obs:  SAT_V_WIND_COMPONENT  in region:  SH  at this time.
 region:  TR
 No obs:  SAT_V_WIND_COMPONENT  in region:  TR  at this time.

 processing obs:  GPSRO_REFRACTIVITY
 region:  Global
 No obs:  GPSRO_REFRACTIVITY  in region:  Global  at this time.
 region:  NH
 No obs:  GPSRO_REFRACTIVITY  in region:  NH  at this time.
 region:  SH
 No obs:  GPSRO_REFRACTIVITY  in region:  SH  at this time.
 region:  TR
 No obs:  GPSRO_REFRACTIVITY  in region:  TR  at this time.

 processing obs:  EOS_2_AMSUA_TB
 region:  Global
 No obs:  EOS_2_AMSUA_TB  in region:  Global  at this time.
 region:  NH
 No obs:  EOS_2_AMSUA_TB  in region:  NH  at this time.
 region:  SH
 No obs:  EOS_2_AMSUA_TB  in region:  SH  at this time.
 region:  TR
 No obs:  EOS_2_AMSUA_TB  in region:  TR  at this time.

 processing obs:  NOAA_15_AMSUA_TB
 region:  Global
 No obs:  NOAA_15_AMSUA_TB  in region:  Global  at this time.
 region:  NH
 No obs:  NOAA_15_AMSUA_TB  in region:  NH  at this time.
 region:  SH
 No obs:  NOAA_15_AMSUA_TB  in region:  SH  at this time.
 region:  TR
 No obs:  NOAA_15_AMSUA_TB  in region:  TR  at this time.

 processing obs:  NOAA_16_AMSUA_TB
 region:  Global
 No obs:  NOAA_16_AMSUA_TB  in region:  Global  at this time.
 region:  NH
 No obs:  NOAA_16_AMSUA_TB  in region:  NH  at this time.
 region:  SH
 No obs:  NOAA_16_AMSUA_TB  in region:  SH  at this time.
 region:  TR
 No obs:  NOAA_16_AMSUA_TB  in region:  TR  at this time.

 processing obs:  NOAA_17_AMSUA_TB
 region:  Global
 No obs:  NOAA_17_AMSUA_TB  in region:  Global  at this time.
 region:  NH
 No obs:  NOAA_17_AMSUA_TB  in region:  NH  at this time.
 region:  SH
 No obs:  NOAA_17_AMSUA_TB  in region:  SH  at this time.
 region:  TR
 No obs:  NOAA_17_AMSUA_TB  in region:  TR  at this time.

 processing obs:  NOAA_18_AMSUA_TB
 region:  Global
 No obs:  NOAA_18_AMSUA_TB  in region:  Global  at this time.
 region:  NH
 No obs:  NOAA_18_AMSUA_TB  in region:  NH  at this time.
 region:  SH
 No obs:  NOAA_18_AMSUA_TB  in region:  SH  at this time.
 region:  TR
 No obs:  NOAA_18_AMSUA_TB  in region:  TR  at this time.

 processing obs:  NOAA_19_AMSUA_TB
 region:  Global
 No obs:  NOAA_19_AMSUA_TB  in region:  Global  at this time.
 region:  NH
 No obs:  NOAA_19_AMSUA_TB  in region:  NH  at this time.
 region:  SH
 No obs:  NOAA_19_AMSUA_TB  in region:  SH  at this time.
 region:  TR
 No obs:  NOAA_19_AMSUA_TB  in region:  TR  at this time.

 processing obs:  METOP_1_AMSUA_TB
 region:  Global
 No obs:  METOP_1_AMSUA_TB  in region:  Global  at this time.
 region:  NH
 No obs:  METOP_1_AMSUA_TB  in region:  NH  at this time.
 region:  SH
 No obs:  METOP_1_AMSUA_TB  in region:  SH  at this time.
 region:  TR
 No obs:  METOP_1_AMSUA_TB  in region:  TR  at this time.

 processing obs:  METOP_2_AMSUA_TB
 region:  Global
 No obs:  METOP_2_AMSUA_TB  in region:  Global  at this time.
 region:  NH
 No obs:  METOP_2_AMSUA_TB  in region:  NH  at this time.
 region:  SH
 No obs:  METOP_2_AMSUA_TB  in region:  SH  at this time.
 region:  TR
 No obs:  METOP_2_AMSUA_TB  in region:  TR  at this time.

 processing obs:  VADWND_U_WIND_COMPONENT
 region:  Global
 No obs:  VADWND_U_WIND_COMPONENT  in region:  Global  at this time.
 region:  NH
 No obs:  VADWND_U_WIND_COMPONENT  in region:  NH  at this time.
 region:  SH
 No obs:  VADWND_U_WIND_COMPONENT  in region:  SH  at this time.
 region:  TR
 No obs:  VADWND_U_WIND_COMPONENT  in region:  TR  at this time.

 processing obs:  VADWND_V_WIND_COMPONENT
 region:  Global
 No obs:  VADWND_V_WIND_COMPONENT  in region:  Global  at this time.
 region:  NH
 No obs:  VADWND_V_WIND_COMPONENT  in region:  NH  at this time.
 region:  SH
 No obs:  VADWND_V_WIND_COMPONENT  in region:  SH  at this time.
 region:  TR
 No obs:  VADWND_V_WIND_COMPONENT  in region:  TR  at this time.

 processing obs:  LAND_SFC_PRESSURE
 region:  Global
 No obs:  LAND_SFC_PRESSURE  in region:  Global  at this time.
 region:  NH
 No obs:  LAND_SFC_PRESSURE  in region:  NH  at this time.
 region:  SH
 No obs:  LAND_SFC_PRESSURE  in region:  SH  at this time.
 region:  TR
 No obs:  LAND_SFC_PRESSURE  in region:  TR  at this time.

 processing obs:  MARINE_SFC_PRESSURE
 region:  Global
 No obs:  MARINE_SFC_PRESSURE  in region:  Global  at this time.
 region:  NH
 No obs:  MARINE_SFC_PRESSURE  in region:  NH  at this time.
 region:  SH
 No obs:  MARINE_SFC_PRESSURE  in region:  SH  at this time.
 region:  TR
 No obs:  MARINE_SFC_PRESSURE  in region:  TR  at this time.
Save assimilated: Global
Save assimilated: SH
Save assimilated: NH
Save assimilated: TR

 2024-03-25 13:47:14.359292
Execution Time:  0:00:11.825628

 -------------------- END ------------------- 

	Command being timed: "/work/cmcc/mg20022/.conda/envs/guatura/bin/python ./quick_spreads_diag.py"
	User time (seconds): 9.09
	System time (seconds): 2.63
	Percent of CPU this job got: 83%
	Elapsed (wall clock) time (h:mm:ss or m:ss): 0:13.97
	Average shared text size (kbytes): 0
	Average unshared data size (kbytes): 0
	Average stack size (kbytes): 0
	Average total size (kbytes): 0
	Maximum resident set size (kbytes): 569204
	Average resident set size (kbytes): 0
	Major (requiring I/O) page faults: 0
	Minor (reclaiming a frame) page faults: 71214
	Voluntary context switches: 12978
	Involuntary context switches: 705799
	Swaps: 0
	File system inputs: 0
	File system outputs: 0
	Socket messages sent: 0
	Socket messages received: 0
	Signals delivered: 0
	Page size (bytes): 4096
	Exit status: 0
