STARTING

 2024-03-25 13:47:10.619526

 Computation parameters:
 Experiment name:  arc2
 Start date:  2017-10-05-00000
 End date:  2017-10-05-00000
 Path archive:  /work/cmcc/gc02720/CMCC-CM/archive
 Path experiment:  /work/cmcc/gc02720/CMCC-CM/archive/arc2
 Path save:  /work/cmcc/gc02720/CMCC-CM/basic_diag/arc2/2017-10-05-00000
 Observation to process:  ['RADIOSONDE_U_WIND_COMPONENT', 'RADIOSONDE_V_WIND_COMPONENT', 'RADIOSONDE_TEMPERATURE', 'AIRCRAFT_U_WIND_COMPONENT', 'AIRCRAFT_V_WIND_COMPONENT', 'AIRCRAFT_TEMPERATURE', 'ACARS_U_WIND_COMPONENT', 'ACARS_V_WIND_COMPONENT', 'ACARS_TEMPERATURE', 'SAT_U_WIND_COMPONENT', 'SAT_V_WIND_COMPONENT', 'GPSRO_REFRACTIVITY', 'EOS_2_AMSUA_TB', 'NOAA_15_AMSUA_TB', 'NOAA_16_AMSUA_TB', 'NOAA_17_AMSUA_TB', 'NOAA_18_AMSUA_TB', 'NOAA_19_AMSUA_TB', 'METOP_1_AMSUA_TB', 'METOP_2_AMSUA_TB', 'VADWND_U_WIND_COMPONENT', 'VADWND_V_WIND_COMPONENT', 'LAND_SFC_PRESSURE', 'MARINE_SFC_PRESSURE']
 Reference levels:  (1014, 950, 900, 850, 800, 750, 700, 650, 600, 550, 500, 450, 400, 350, 300, 250, 200, 150, 90, 50, 25, 10, 5, 2.5, 1)

 Successfully created the directory /work/cmcc/gc02720/CMCC-CM/basic_diag/arc2/2017-10-05-00000 
 Center layers:  [982.0, 925.0, 875.0, 825.0, 775.0, 725.0, 675.0, 625.0, 575.0, 525.0, 475.0, 425.0, 375.0, 325.0, 275.0, 225.0, 175.0, 120.0, 70.0, 37.5, 17.5, 7.5, 3.75, 1.75]

 Start the computation...

 dir to process:  ['arc2-2017-10-05-00000']

 dir:  /work/cmcc/gc02720/CMCC-CM/archive/arc2/arc2-2017-10-05-00000
 dir number  1  out of  1
 listdb=  ['/work/cmcc/gc02720/CMCC-CM/archive/arc2/arc2-2017-10-05-00000/arc2.spreads.ARC.1.2017-10-05-00000.db', '/work/cmcc/gc02720/CMCC-CM/archive/arc2/arc2-2017-10-05-00000/arc2.spreads.ARC.2.2017-10-05-00000.db', '/work/cmcc/gc02720/CMCC-CM/archive/arc2/arc2-2017-10-05-00000/arc2.spreads.ARC.3.2017-10-05-00000.db']
 listdb len=  3
 maskdb=  [1, 1, 1]
 maskdb len=  3
 loading info from:  /work/cmcc/gc02720/CMCC-CM/archive/arc2/arc2-2017-10-05-00000/arc2.spreads.ARC.1.2017-10-05-00000.db
 loading info from:  /work/cmcc/gc02720/CMCC-CM/archive/arc2/arc2-2017-10-05-00000/arc2.spreads.ARC.2.2017-10-05-00000.db
 loading info from:  /work/cmcc/gc02720/CMCC-CM/archive/arc2/arc2-2017-10-05-00000/arc2.spreads.ARC.3.2017-10-05-00000.db

 processing obs:  RADIOSONDE_U_WIND_COMPONENT
 region:  Global
 No obs:  RADIOSONDE_U_WIND_COMPONENT  in region:  Global  at this time.
 region:  NH
 No obs:  RADIOSONDE_U_WIND_COMPONENT  in region:  NH  at this time.
 region:  SH
 No obs:  RADIOSONDE_U_WIND_COMPONENT  in region:  SH  at this time.
 region:  TR
 No obs:  RADIOSONDE_U_WIND_COMPONENT  in region:  TR  at this time.

 processing obs:  RADIOSONDE_V_WIND_COMPONENT
 region:  Global
 No obs:  RADIOSONDE_V_WIND_COMPONENT  in region:  Global  at this time.
 region:  NH
 No obs:  RADIOSONDE_V_WIND_COMPONENT  in region:  NH  at this time.
 region:  SH
 No obs:  RADIOSONDE_V_WIND_COMPONENT  in region:  SH  at this time.
 region:  TR
 No obs:  RADIOSONDE_V_WIND_COMPONENT  in region:  TR  at this time.

 processing obs:  RADIOSONDE_TEMPERATURE
 region:  Global
 No obs:  RADIOSONDE_TEMPERATURE  in region:  Global  at this time.
 region:  NH
 No obs:  RADIOSONDE_TEMPERATURE  in region:  NH  at this time.
 region:  SH
 No obs:  RADIOSONDE_TEMPERATURE  in region:  SH  at this time.
 region:  TR
 No obs:  RADIOSONDE_TEMPERATURE  in region:  TR  at this time.

 processing obs:  AIRCRAFT_U_WIND_COMPONENT
 region:  Global
0       2.960644
1       1.628290
2       0.090753
3       0.342241
4       2.347090
          ...   
3041    1.618104
3042   -0.745576
3043   -1.999914
3044   -1.172721
3045   -0.883181
Name: obs-prior, Length: 3046, dtype: float64
0       2.960644
1       1.628290
2       0.090753
3       0.342241
4       2.347090
          ...   
3041    1.618104
3042   -0.745576
3043   -1.999914
3044   -1.172721
3045   -0.883181
Name: obs-prior, Length: 3046, dtype: float64
0       2.960644
1       1.628290
2       0.090753
3       0.342241
4       2.347090
          ...   
3041    1.618104
3042   -0.745576
3043   -1.999914
3044   -1.172721
3045   -0.883181
Name: obs-prior, Length: 3046, dtype: float64
0       2.960644
1       1.628290
2       0.090753
3       0.342241
4       2.347090
          ...   
3041    1.618104
3042   -0.745576
3043   -1.999914
3044   -1.172721
3045   -0.883181
Name: obs-prior, Length: 3046, dtype: float64
0       2.960644
1       1.628290
2       0.090753
3       0.342241
4       2.347090
          ...   
3041    1.618104
3042   -0.745576
3043   -1.999914
3044   -1.172721
3045   -0.883181
Name: obs-prior, Length: 3046, dtype: float64
0       2.960644
1       1.628290
2       0.090753
3       0.342241
4       2.347090
          ...   
3041    1.618104
3042   -0.745576
3043   -1.999914
3044   -1.172721
3045   -0.883181
Name: obs-prior, Length: 3046, dtype: float64
0       2.960644
1       1.628290
2       0.090753
3       0.342241
4       2.347090
          ...   
3041    1.618104
3042   -0.745576
3043   -1.999914
3044   -1.172721
3045   -0.883181
Name: obs-prior, Length: 3046, dtype: float64
0       2.960644
1       1.628290
2       0.090753
3       0.342241
4       2.347090
          ...   
3041    1.618104
3042   -0.745576
3043   -1.999914
3044   -1.172721
3045   -0.883181
Name: obs-prior, Length: 3046, dtype: float64
0       2.960644
1       1.628290
2       0.090753
3       0.342241
4       2.347090
          ...   
3041    1.618104
3042   -0.745576
3043   -1.999914
3044   -1.172721
3045   -0.883181
Name: obs-prior, Length: 3046, dtype: float64
0       2.960644
1       1.628290
2       0.090753
3       0.342241
4       2.347090
          ...   
3041    1.618104
3042   -0.745576
3043   -1.999914
3044   -1.172721
3045   -0.883181
Name: obs-prior, Length: 3046, dtype: float64
0       2.960644
1       1.628290
2       0.090753
3       0.342241
4       2.347090
          ...   
3041    1.618104
3042   -0.745576
3043   -1.999914
3044   -1.172721
3045   -0.883181
Name: obs-prior, Length: 3046, dtype: float64
0       2.960644
1       1.628290
2       0.090753
3       0.342241
4       2.347090
          ...   
3041    1.618104
3042   -0.745576
3043   -1.999914
3044   -1.172721
3045   -0.883181
Name: obs-prior, Length: 3046, dtype: float64
0       2.960644
1       1.628290
2       0.090753
3       0.342241
4       2.347090
          ...   
3041    1.618104
3042   -0.745576
3043   -1.999914
3044   -1.172721
3045   -0.883181
Name: obs-prior, Length: 3046, dtype: float64
0       2.960644
1       1.628290
2       0.090753
3       0.342241
4       2.347090
          ...   
3041    1.618104
3042   -0.745576
3043   -1.999914
3044   -1.172721
3045   -0.883181
Name: obs-prior, Length: 3046, dtype: float64
0       2.960644
1       1.628290
2       0.090753
3       0.342241
4       2.347090
          ...   
3041    1.618104
3042   -0.745576
3043   -1.999914
3044   -1.172721
3045   -0.883181
Name: obs-prior, Length: 3046, dtype: float64
0       2.960644
1       1.628290
2       0.090753
3       0.342241
4       2.347090
          ...   
3041    1.618104
3042   -0.745576
3043   -1.999914
3044   -1.172721
3045   -0.883181
Name: obs-prior, Length: 3046, dtype: float64
0       2.960644
1       1.628290
2       0.090753
3       0.342241
4       2.347090
          ...   
3041    1.618104
3042   -0.745576
3043   -1.999914
3044   -1.172721
3045   -0.883181
Name: obs-prior, Length: 3046, dtype: float64
0       2.960644
1       1.628290
2       0.090753
3       0.342241
4       2.347090
          ...   
3041    1.618104
3042   -0.745576
3043   -1.999914
3044   -1.172721
3045   -0.883181
Name: obs-prior, Length: 3046, dtype: float64
 region:  NH
0      -0.786619
1       1.437099
2      -2.290637
3      -2.423573
4      -0.407029
          ...   
1659    1.708461
1660   -0.926271
1661   -0.745576
1662   -1.999914
1663   -0.883181
Name: obs-prior, Length: 1664, dtype: float64
0      -0.786619
1       1.437099
2      -2.290637
3      -2.423573
4      -0.407029
          ...   
1659    1.708461
1660   -0.926271
1661   -0.745576
1662   -1.999914
1663   -0.883181
Name: obs-prior, Length: 1664, dtype: float64
0      -0.786619
1       1.437099
2      -2.290637
3      -2.423573
4      -0.407029
          ...   
1659    1.708461
1660   -0.926271
1661   -0.745576
1662   -1.999914
1663   -0.883181
Name: obs-prior, Length: 1664, dtype: float64
0      -0.786619
1       1.437099
2      -2.290637
3      -2.423573
4      -0.407029
          ...   
1659    1.708461
1660   -0.926271
1661   -0.745576
1662   -1.999914
1663   -0.883181
Name: obs-prior, Length: 1664, dtype: float64
0      -0.786619
1       1.437099
2      -2.290637
3      -2.423573
4      -0.407029
          ...   
1659    1.708461
1660   -0.926271
1661   -0.745576
1662   -1.999914
1663   -0.883181
Name: obs-prior, Length: 1664, dtype: float64
0      -0.786619
1       1.437099
2      -2.290637
3      -2.423573
4      -0.407029
          ...   
1659    1.708461
1660   -0.926271
1661   -0.745576
1662   -1.999914
1663   -0.883181
Name: obs-prior, Length: 1664, dtype: float64
0      -0.786619
1       1.437099
2      -2.290637
3      -2.423573
4      -0.407029
          ...   
1659    1.708461
1660   -0.926271
1661   -0.745576
1662   -1.999914
1663   -0.883181
Name: obs-prior, Length: 1664, dtype: float64
0      -0.786619
1       1.437099
2      -2.290637
3      -2.423573
4      -0.407029
          ...   
1659    1.708461
1660   -0.926271
1661   -0.745576
1662   -1.999914
1663   -0.883181
Name: obs-prior, Length: 1664, dtype: float64
0      -0.786619
1       1.437099
2      -2.290637
3      -2.423573
4      -0.407029
          ...   
1659    1.708461
1660   -0.926271
1661   -0.745576
1662   -1.999914
1663   -0.883181
Name: obs-prior, Length: 1664, dtype: float64
0      -0.786619
1       1.437099
2      -2.290637
3      -2.423573
4      -0.407029
          ...   
1659    1.708461
1660   -0.926271
1661   -0.745576
1662   -1.999914
1663   -0.883181
Name: obs-prior, Length: 1664, dtype: float64
0      -0.786619
1       1.437099
2      -2.290637
3      -2.423573
4      -0.407029
          ...   
1659    1.708461
1660   -0.926271
1661   -0.745576
1662   -1.999914
1663   -0.883181
Name: obs-prior, Length: 1664, dtype: float64
0      -0.786619
1       1.437099
2      -2.290637
3      -2.423573
4      -0.407029
          ...   
1659    1.708461
1660   -0.926271
1661   -0.745576
1662   -1.999914
1663   -0.883181
Name: obs-prior, Length: 1664, dtype: float64
0      -0.786619
1       1.437099
2      -2.290637
3      -2.423573
4      -0.407029
          ...   
1659    1.708461
1660   -0.926271
1661   -0.745576
1662   -1.999914
1663   -0.883181
Name: obs-prior, Length: 1664, dtype: float64
0      -0.786619
1       1.437099
2      -2.290637
3      -2.423573
4      -0.407029
          ...   
1659    1.708461
1660   -0.926271
1661   -0.745576
1662   -1.999914
1663   -0.883181
Name: obs-prior, Length: 1664, dtype: float64
0      -0.786619
1       1.437099
2      -2.290637
3      -2.423573
4      -0.407029
          ...   
1659    1.708461
1660   -0.926271
1661   -0.745576
1662   -1.999914
1663   -0.883181
Name: obs-prior, Length: 1664, dtype: float64
0      -0.786619
1       1.437099
2      -2.290637
3      -2.423573
4      -0.407029
          ...   
1659    1.708461
1660   -0.926271
1661   -0.745576
1662   -1.999914
1663   -0.883181
Name: obs-prior, Length: 1664, dtype: float64
0      -0.786619
1       1.437099
2      -2.290637
3      -2.423573
4      -0.407029
          ...   
1659    1.708461
1660   -0.926271
1661   -0.745576
1662   -1.999914
1663   -0.883181
Name: obs-prior, Length: 1664, dtype: float64
0      -0.786619
1       1.437099
2      -2.290637
3      -2.423573
4      -0.407029
          ...   
1659    1.708461
1660   -0.926271
1661   -0.745576
1662   -1.999914
1663   -0.883181
Name: obs-prior, Length: 1664, dtype: float64
 region:  SH
0      2.347090
1      2.228674
2     -0.968887
3      1.958258
4      0.877671
         ...   
486    0.246164
487    0.267275
488   -1.095429
489    1.618104
490   -1.172721
Name: obs-prior, Length: 491, dtype: float64
0      2.347090
1      2.228674
2     -0.968887
3      1.958258
4      0.877671
         ...   
486    0.246164
487    0.267275
488   -1.095429
489    1.618104
490   -1.172721
Name: obs-prior, Length: 491, dtype: float64
0      2.347090
1      2.228674
2     -0.968887
3      1.958258
4      0.877671
         ...   
486    0.246164
487    0.267275
488   -1.095429
489    1.618104
490   -1.172721
Name: obs-prior, Length: 491, dtype: float64
0      2.347090
1      2.228674
2     -0.968887
3      1.958258
4      0.877671
         ...   
486    0.246164
487    0.267275
488   -1.095429
489    1.618104
490   -1.172721
Name: obs-prior, Length: 491, dtype: float64
0      2.347090
1      2.228674
2     -0.968887
3      1.958258
4      0.877671
         ...   
486    0.246164
487    0.267275
488   -1.095429
489    1.618104
490   -1.172721
Name: obs-prior, Length: 491, dtype: float64
0      2.347090
1      2.228674
2     -0.968887
3      1.958258
4      0.877671
         ...   
486    0.246164
487    0.267275
488   -1.095429
489    1.618104
490   -1.172721
Name: obs-prior, Length: 491, dtype: float64
0      2.347090
1      2.228674
2     -0.968887
3      1.958258
4      0.877671
         ...   
486    0.246164
487    0.267275
488   -1.095429
489    1.618104
490   -1.172721
Name: obs-prior, Length: 491, dtype: float64
0      2.347090
1      2.228674
2     -0.968887
3      1.958258
4      0.877671
         ...   
486    0.246164
487    0.267275
488   -1.095429
489    1.618104
490   -1.172721
Name: obs-prior, Length: 491, dtype: float64
0      2.347090
1      2.228674
2     -0.968887
3      1.958258
4      0.877671
         ...   
486    0.246164
487    0.267275
488   -1.095429
489    1.618104
490   -1.172721
Name: obs-prior, Length: 491, dtype: float64
0      2.347090
1      2.228674
2     -0.968887
3      1.958258
4      0.877671
         ...   
486    0.246164
487    0.267275
488   -1.095429
489    1.618104
490   -1.172721
Name: obs-prior, Length: 491, dtype: float64
0      2.347090
1      2.228674
2     -0.968887
3      1.958258
4      0.877671
         ...   
486    0.246164
487    0.267275
488   -1.095429
489    1.618104
490   -1.172721
Name: obs-prior, Length: 491, dtype: float64
0      2.347090
1      2.228674
2     -0.968887
3      1.958258
4      0.877671
         ...   
486    0.246164
487    0.267275
488   -1.095429
489    1.618104
490   -1.172721
Name: obs-prior, Length: 491, dtype: float64
0      2.347090
1      2.228674
2     -0.968887
3      1.958258
4      0.877671
         ...   
486    0.246164
487    0.267275
488   -1.095429
489    1.618104
490   -1.172721
Name: obs-prior, Length: 491, dtype: float64
0      2.347090
1      2.228674
2     -0.968887
3      1.958258
4      0.877671
         ...   
486    0.246164
487    0.267275
488   -1.095429
489    1.618104
490   -1.172721
Name: obs-prior, Length: 491, dtype: float64
0      2.347090
1      2.228674
2     -0.968887
3      1.958258
4      0.877671
         ...   
486    0.246164
487    0.267275
488   -1.095429
489    1.618104
490   -1.172721
Name: obs-prior, Length: 491, dtype: float64
0      2.347090
1      2.228674
2     -0.968887
3      1.958258
4      0.877671
         ...   
486    0.246164
487    0.267275
488   -1.095429
489    1.618104
490   -1.172721
Name: obs-prior, Length: 491, dtype: float64
0      2.347090
1      2.228674
2     -0.968887
3      1.958258
4      0.877671
         ...   
486    0.246164
487    0.267275
488   -1.095429
489    1.618104
490   -1.172721
Name: obs-prior, Length: 491, dtype: float64
 region:  TR
0      2.960644
1      1.628290
2      0.090753
3      0.342241
4      1.561551
         ...   
886    1.662774
887    0.179420
888   -0.555711
889   -3.948413
890   -4.811032
Name: obs-prior, Length: 891, dtype: float64
0      2.960644
1      1.628290
2      0.090753
3      0.342241
4      1.561551
         ...   
886    1.662774
887    0.179420
888   -0.555711
889   -3.948413
890   -4.811032
Name: obs-prior, Length: 891, dtype: float64
0      2.960644
1      1.628290
2      0.090753
3      0.342241
4      1.561551
         ...   
886    1.662774
887    0.179420
888   -0.555711
889   -3.948413
890   -4.811032
Name: obs-prior, Length: 891, dtype: float64
0      2.960644
1      1.628290
2      0.090753
3      0.342241
4      1.561551
         ...   
886    1.662774
887    0.179420
888   -0.555711
889   -3.948413
890   -4.811032
Name: obs-prior, Length: 891, dtype: float64
0      2.960644
1      1.628290
2      0.090753
3      0.342241
4      1.561551
         ...   
886    1.662774
887    0.179420
888   -0.555711
889   -3.948413
890   -4.811032
Name: obs-prior, Length: 891, dtype: float64
0      2.960644
1      1.628290
2      0.090753
3      0.342241
4      1.561551
         ...   
886    1.662774
887    0.179420
888   -0.555711
889   -3.948413
890   -4.811032
Name: obs-prior, Length: 891, dtype: float64
0      2.960644
1      1.628290
2      0.090753
3      0.342241
4      1.561551
         ...   
886    1.662774
887    0.179420
888   -0.555711
889   -3.948413
890   -4.811032
Name: obs-prior, Length: 891, dtype: float64
0      2.960644
1      1.628290
2      0.090753
3      0.342241
4      1.561551
         ...   
886    1.662774
887    0.179420
888   -0.555711
889   -3.948413
890   -4.811032
Name: obs-prior, Length: 891, dtype: float64
0      2.960644
1      1.628290
2      0.090753
3      0.342241
4      1.561551
         ...   
886    1.662774
887    0.179420
888   -0.555711
889   -3.948413
890   -4.811032
Name: obs-prior, Length: 891, dtype: float64
0      2.960644
1      1.628290
2      0.090753
3      0.342241
4      1.561551
         ...   
886    1.662774
887    0.179420
888   -0.555711
889   -3.948413
890   -4.811032
Name: obs-prior, Length: 891, dtype: float64
0      2.960644
1      1.628290
2      0.090753
3      0.342241
4      1.561551
         ...   
886    1.662774
887    0.179420
888   -0.555711
889   -3.948413
890   -4.811032
Name: obs-prior, Length: 891, dtype: float64
0      2.960644
1      1.628290
2      0.090753
3      0.342241
4      1.561551
         ...   
886    1.662774
887    0.179420
888   -0.555711
889   -3.948413
890   -4.811032
Name: obs-prior, Length: 891, dtype: float64
0      2.960644
1      1.628290
2      0.090753
3      0.342241
4      1.561551
         ...   
886    1.662774
887    0.179420
888   -0.555711
889   -3.948413
890   -4.811032
Name: obs-prior, Length: 891, dtype: float64
0      2.960644
1      1.628290
2      0.090753
3      0.342241
4      1.561551
         ...   
886    1.662774
887    0.179420
888   -0.555711
889   -3.948413
890   -4.811032
Name: obs-prior, Length: 891, dtype: float64
0      2.960644
1      1.628290
2      0.090753
3      0.342241
4      1.561551
         ...   
886    1.662774
887    0.179420
888   -0.555711
889   -3.948413
890   -4.811032
Name: obs-prior, Length: 891, dtype: float64
0      2.960644
1      1.628290
2      0.090753
3      0.342241
4      1.561551
         ...   
886    1.662774
887    0.179420
888   -0.555711
889   -3.948413
890   -4.811032
Name: obs-prior, Length: 891, dtype: float64
0      2.960644
1      1.628290
2      0.090753
3      0.342241
4      1.561551
         ...   
886    1.662774
887    0.179420
888   -0.555711
889   -3.948413
890   -4.811032
Name: obs-prior, Length: 891, dtype: float64

 processing obs:  AIRCRAFT_V_WIND_COMPONENT
 region:  Global
0       1.228421
1      -1.386318
2       1.999116
3      -1.490781
4      -0.819387
          ...   
2939    2.205099
2940    0.502189
2941    0.703696
2942   -0.226595
2943    3.673019
Name: obs-prior, Length: 2944, dtype: float64
0       1.228421
1      -1.386318
2       1.999116
3      -1.490781
4      -0.819387
          ...   
2939    2.205099
2940    0.502189
2941    0.703696
2942   -0.226595
2943    3.673019
Name: obs-prior, Length: 2944, dtype: float64
0       1.228421
1      -1.386318
2       1.999116
3      -1.490781
4      -0.819387
          ...   
2939    2.205099
2940    0.502189
2941    0.703696
2942   -0.226595
2943    3.673019
Name: obs-prior, Length: 2944, dtype: float64
0       1.228421
1      -1.386318
2       1.999116
3      -1.490781
4      -0.819387
          ...   
2939    2.205099
2940    0.502189
2941    0.703696
2942   -0.226595
2943    3.673019
Name: obs-prior, Length: 2944, dtype: float64
0       1.228421
1      -1.386318
2       1.999116
3      -1.490781
4      -0.819387
          ...   
2939    2.205099
2940    0.502189
2941    0.703696
2942   -0.226595
2943    3.673019
Name: obs-prior, Length: 2944, dtype: float64
0       1.228421
1      -1.386318
2       1.999116
3      -1.490781
4      -0.819387
          ...   
2939    2.205099
2940    0.502189
2941    0.703696
2942   -0.226595
2943    3.673019
Name: obs-prior, Length: 2944, dtype: float64
0       1.228421
1      -1.386318
2       1.999116
3      -1.490781
4      -0.819387
          ...   
2939    2.205099
2940    0.502189
2941    0.703696
2942   -0.226595
2943    3.673019
Name: obs-prior, Length: 2944, dtype: float64
0       1.228421
1      -1.386318
2       1.999116
3      -1.490781
4      -0.819387
          ...   
2939    2.205099
2940    0.502189
2941    0.703696
2942   -0.226595
2943    3.673019
Name: obs-prior, Length: 2944, dtype: float64
0       1.228421
1      -1.386318
2       1.999116
3      -1.490781
4      -0.819387
          ...   
2939    2.205099
2940    0.502189
2941    0.703696
2942   -0.226595
2943    3.673019
Name: obs-prior, Length: 2944, dtype: float64
0       1.228421
1      -1.386318
2       1.999116
3      -1.490781
4      -0.819387
          ...   
2939    2.205099
2940    0.502189
2941    0.703696
2942   -0.226595
2943    3.673019
Name: obs-prior, Length: 2944, dtype: float64
0       1.228421
1      -1.386318
2       1.999116
3      -1.490781
4      -0.819387
          ...   
2939    2.205099
2940    0.502189
2941    0.703696
2942   -0.226595
2943    3.673019
Name: obs-prior, Length: 2944, dtype: float64
0       1.228421
1      -1.386318
2       1.999116
3      -1.490781
4      -0.819387
          ...   
2939    2.205099
2940    0.502189
2941    0.703696
2942   -0.226595
2943    3.673019
Name: obs-prior, Length: 2944, dtype: float64
0       1.228421
1      -1.386318
2       1.999116
3      -1.490781
4      -0.819387
          ...   
2939    2.205099
2940    0.502189
2941    0.703696
2942   -0.226595
2943    3.673019
Name: obs-prior, Length: 2944, dtype: float64
0       1.228421
1      -1.386318
2       1.999116
3      -1.490781
4      -0.819387
          ...   
2939    2.205099
2940    0.502189
2941    0.703696
2942   -0.226595
2943    3.673019
Name: obs-prior, Length: 2944, dtype: float64
0       1.228421
1      -1.386318
2       1.999116
3      -1.490781
4      -0.819387
          ...   
2939    2.205099
2940    0.502189
2941    0.703696
2942   -0.226595
2943    3.673019
Name: obs-prior, Length: 2944, dtype: float64
0       1.228421
1      -1.386318
2       1.999116
3      -1.490781
4      -0.819387
          ...   
2939    2.205099
2940    0.502189
2941    0.703696
2942   -0.226595
2943    3.673019
Name: obs-prior, Length: 2944, dtype: float64
0       1.228421
1      -1.386318
2       1.999116
3      -1.490781
4      -0.819387
          ...   
2939    2.205099
2940    0.502189
2941    0.703696
2942   -0.226595
2943    3.673019
Name: obs-prior, Length: 2944, dtype: float64
0       1.228421
1      -1.386318
2       1.999116
3      -1.490781
4      -0.819387
          ...   
2939    2.205099
2940    0.502189
2941    0.703696
2942   -0.226595
2943    3.673019
Name: obs-prior, Length: 2944, dtype: float64
 region:  NH
0      -2.383299
1       0.688025
2       1.618828
3       0.705468
4       1.542588
          ...   
1601    1.940416
1602    2.205099
1603    0.502189
1604   -0.226595
1605    3.673019
Name: obs-prior, Length: 1606, dtype: float64
0      -2.383299
1       0.688025
2       1.618828
3       0.705468
4       1.542588
          ...   
1601    1.940416
1602    2.205099
1603    0.502189
1604   -0.226595
1605    3.673019
Name: obs-prior, Length: 1606, dtype: float64
0      -2.383299
1       0.688025
2       1.618828
3       0.705468
4       1.542588
          ...   
1601    1.940416
1602    2.205099
1603    0.502189
1604   -0.226595
1605    3.673019
Name: obs-prior, Length: 1606, dtype: float64
0      -2.383299
1       0.688025
2       1.618828
3       0.705468
4       1.542588
          ...   
1601    1.940416
1602    2.205099
1603    0.502189
1604   -0.226595
1605    3.673019
Name: obs-prior, Length: 1606, dtype: float64
0      -2.383299
1       0.688025
2       1.618828
3       0.705468
4       1.542588
          ...   
1601    1.940416
1602    2.205099
1603    0.502189
1604   -0.226595
1605    3.673019
Name: obs-prior, Length: 1606, dtype: float64
0      -2.383299
1       0.688025
2       1.618828
3       0.705468
4       1.542588
          ...   
1601    1.940416
1602    2.205099
1603    0.502189
1604   -0.226595
1605    3.673019
Name: obs-prior, Length: 1606, dtype: float64
0      -2.383299
1       0.688025
2       1.618828
3       0.705468
4       1.542588
          ...   
1601    1.940416
1602    2.205099
1603    0.502189
1604   -0.226595
1605    3.673019
Name: obs-prior, Length: 1606, dtype: float64
0      -2.383299
1       0.688025
2       1.618828
3       0.705468
4       1.542588
          ...   
1601    1.940416
1602    2.205099
1603    0.502189
1604   -0.226595
1605    3.673019
Name: obs-prior, Length: 1606, dtype: float64
0      -2.383299
1       0.688025
2       1.618828
3       0.705468
4       1.542588
          ...   
1601    1.940416
1602    2.205099
1603    0.502189
1604   -0.226595
1605    3.673019
Name: obs-prior, Length: 1606, dtype: float64
0      -2.383299
1       0.688025
2       1.618828
3       0.705468
4       1.542588
          ...   
1601    1.940416
1602    2.205099
1603    0.502189
1604   -0.226595
1605    3.673019
Name: obs-prior, Length: 1606, dtype: float64
0      -2.383299
1       0.688025
2       1.618828
3       0.705468
4       1.542588
          ...   
1601    1.940416
1602    2.205099
1603    0.502189
1604   -0.226595
1605    3.673019
Name: obs-prior, Length: 1606, dtype: float64
0      -2.383299
1       0.688025
2       1.618828
3       0.705468
4       1.542588
          ...   
1601    1.940416
1602    2.205099
1603    0.502189
1604   -0.226595
1605    3.673019
Name: obs-prior, Length: 1606, dtype: float64
0      -2.383299
1       0.688025
2       1.618828
3       0.705468
4       1.542588
          ...   
1601    1.940416
1602    2.205099
1603    0.502189
1604   -0.226595
1605    3.673019
Name: obs-prior, Length: 1606, dtype: float64
0      -2.383299
1       0.688025
2       1.618828
3       0.705468
4       1.542588
          ...   
1601    1.940416
1602    2.205099
1603    0.502189
1604   -0.226595
1605    3.673019
Name: obs-prior, Length: 1606, dtype: float64
0      -2.383299
1       0.688025
2       1.618828
3       0.705468
4       1.542588
          ...   
1601    1.940416
1602    2.205099
1603    0.502189
1604   -0.226595
1605    3.673019
Name: obs-prior, Length: 1606, dtype: float64
0      -2.383299
1       0.688025
2       1.618828
3       0.705468
4       1.542588
          ...   
1601    1.940416
1602    2.205099
1603    0.502189
1604   -0.226595
1605    3.673019
Name: obs-prior, Length: 1606, dtype: float64
0      -2.383299
1       0.688025
2       1.618828
3       0.705468
4       1.542588
          ...   
1601    1.940416
1602    2.205099
1603    0.502189
1604   -0.226595
1605    3.673019
Name: obs-prior, Length: 1606, dtype: float64
0      -2.383299
1       0.688025
2       1.618828
3       0.705468
4       1.542588
          ...   
1601    1.940416
1602    2.205099
1603    0.502189
1604   -0.226595
1605    3.673019
Name: obs-prior, Length: 1606, dtype: float64
 region:  SH
0      0.410182
1      2.674769
2     -1.930989
3     -2.535298
4     -0.481995
         ...   
431    1.855390
432   -0.017992
433    0.159986
434   -0.982306
435    0.703696
Name: obs-prior, Length: 436, dtype: float64
0      0.410182
1      2.674769
2     -1.930989
3     -2.535298
4     -0.481995
         ...   
431    1.855390
432   -0.017992
433    0.159986
434   -0.982306
435    0.703696
Name: obs-prior, Length: 436, dtype: float64
0      0.410182
1      2.674769
2     -1.930989
3     -2.535298
4     -0.481995
         ...   
431    1.855390
432   -0.017992
433    0.159986
434   -0.982306
435    0.703696
Name: obs-prior, Length: 436, dtype: float64
0      0.410182
1      2.674769
2     -1.930989
3     -2.535298
4     -0.481995
         ...   
431    1.855390
432   -0.017992
433    0.159986
434   -0.982306
435    0.703696
Name: obs-prior, Length: 436, dtype: float64
0      0.410182
1      2.674769
2     -1.930989
3     -2.535298
4     -0.481995
         ...   
431    1.855390
432   -0.017992
433    0.159986
434   -0.982306
435    0.703696
Name: obs-prior, Length: 436, dtype: float64
0      0.410182
1      2.674769
2     -1.930989
3     -2.535298
4     -0.481995
         ...   
431    1.855390
432   -0.017992
433    0.159986
434   -0.982306
435    0.703696
Name: obs-prior, Length: 436, dtype: float64
0      0.410182
1      2.674769
2     -1.930989
3     -2.535298
4     -0.481995
         ...   
431    1.855390
432   -0.017992
433    0.159986
434   -0.982306
435    0.703696
Name: obs-prior, Length: 436, dtype: float64
0      0.410182
1      2.674769
2     -1.930989
3     -2.535298
4     -0.481995
         ...   
431    1.855390
432   -0.017992
433    0.159986
434   -0.982306
435    0.703696
Name: obs-prior, Length: 436, dtype: float64
0      0.410182
1      2.674769
2     -1.930989
3     -2.535298
4     -0.481995
         ...   
431    1.855390
432   -0.017992
433    0.159986
434   -0.982306
435    0.703696
Name: obs-prior, Length: 436, dtype: float64
0      0.410182
1      2.674769
2     -1.930989
3     -2.535298
4     -0.481995
         ...   
431    1.855390
432   -0.017992
433    0.159986
434   -0.982306
435    0.703696
Name: obs-prior, Length: 436, dtype: float64
0      0.410182
1      2.674769
2     -1.930989
3     -2.535298
4     -0.481995
         ...   
431    1.855390
432   -0.017992
433    0.159986
434   -0.982306
435    0.703696
Name: obs-prior, Length: 436, dtype: float64
0      0.410182
1      2.674769
2     -1.930989
3     -2.535298
4     -0.481995
         ...   
431    1.855390
432   -0.017992
433    0.159986
434   -0.982306
435    0.703696
Name: obs-prior, Length: 436, dtype: float64
0      0.410182
1      2.674769
2     -1.930989
3     -2.535298
4     -0.481995
         ...   
431    1.855390
432   -0.017992
433    0.159986
434   -0.982306
435    0.703696
Name: obs-prior, Length: 436, dtype: float64
0      0.410182
1      2.674769
2     -1.930989
3     -2.535298
4     -0.481995
         ...   
431    1.855390
432   -0.017992
433    0.159986
434   -0.982306
435    0.703696
Name: obs-prior, Length: 436, dtype: float64
0      0.410182
1      2.674769
2     -1.930989
3     -2.535298
4     -0.481995
         ...   
431    1.855390
432   -0.017992
433    0.159986
434   -0.982306
435    0.703696
Name: obs-prior, Length: 436, dtype: float64
0      0.410182
1      2.674769
2     -1.930989
3     -2.535298
4     -0.481995
         ...   
431    1.855390
432   -0.017992
433    0.159986
434   -0.982306
435    0.703696
Name: obs-prior, Length: 436, dtype: float64
0      0.410182
1      2.674769
2     -1.930989
3     -2.535298
4     -0.481995
         ...   
431    1.855390
432   -0.017992
433    0.159986
434   -0.982306
435    0.703696
Name: obs-prior, Length: 436, dtype: float64
 region:  TR
0      1.228421
1     -1.386318
2      1.999116
3     -1.490781
4     -0.819387
         ...   
897    2.650780
898   -0.626032
899    2.240070
900    0.205576
901   -0.089619
Name: obs-prior, Length: 902, dtype: float64
0      1.228421
1     -1.386318
2      1.999116
3     -1.490781
4     -0.819387
         ...   
897    2.650780
898   -0.626032
899    2.240070
900    0.205576
901   -0.089619
Name: obs-prior, Length: 902, dtype: float64
0      1.228421
1     -1.386318
2      1.999116
3     -1.490781
4     -0.819387
         ...   
897    2.650780
898   -0.626032
899    2.240070
900    0.205576
901   -0.089619
Name: obs-prior, Length: 902, dtype: float64
0      1.228421
1     -1.386318
2      1.999116
3     -1.490781
4     -0.819387
         ...   
897    2.650780
898   -0.626032
899    2.240070
900    0.205576
901   -0.089619
Name: obs-prior, Length: 902, dtype: float64
0      1.228421
1     -1.386318
2      1.999116
3     -1.490781
4     -0.819387
         ...   
897    2.650780
898   -0.626032
899    2.240070
900    0.205576
901   -0.089619
Name: obs-prior, Length: 902, dtype: float64
0      1.228421
1     -1.386318
2      1.999116
3     -1.490781
4     -0.819387
         ...   
897    2.650780
898   -0.626032
899    2.240070
900    0.205576
901   -0.089619
Name: obs-prior, Length: 902, dtype: float64
0      1.228421
1     -1.386318
2      1.999116
3     -1.490781
4     -0.819387
         ...   
897    2.650780
898   -0.626032
899    2.240070
900    0.205576
901   -0.089619
Name: obs-prior, Length: 902, dtype: float64
0      1.228421
1     -1.386318
2      1.999116
3     -1.490781
4     -0.819387
         ...   
897    2.650780
898   -0.626032
899    2.240070
900    0.205576
901   -0.089619
Name: obs-prior, Length: 902, dtype: float64
0      1.228421
1     -1.386318
2      1.999116
3     -1.490781
4     -0.819387
         ...   
897    2.650780
898   -0.626032
899    2.240070
900    0.205576
901   -0.089619
Name: obs-prior, Length: 902, dtype: float64
0      1.228421
1     -1.386318
2      1.999116
3     -1.490781
4     -0.819387
         ...   
897    2.650780
898   -0.626032
899    2.240070
900    0.205576
901   -0.089619
Name: obs-prior, Length: 902, dtype: float64
0      1.228421
1     -1.386318
2      1.999116
3     -1.490781
4     -0.819387
         ...   
897    2.650780
898   -0.626032
899    2.240070
900    0.205576
901   -0.089619
Name: obs-prior, Length: 902, dtype: float64
0      1.228421
1     -1.386318
2      1.999116
3     -1.490781
4     -0.819387
         ...   
897    2.650780
898   -0.626032
899    2.240070
900    0.205576
901   -0.089619
Name: obs-prior, Length: 902, dtype: float64
0      1.228421
1     -1.386318
2      1.999116
3     -1.490781
4     -0.819387
         ...   
897    2.650780
898   -0.626032
899    2.240070
900    0.205576
901   -0.089619
Name: obs-prior, Length: 902, dtype: float64
0      1.228421
1     -1.386318
2      1.999116
3     -1.490781
4     -0.819387
         ...   
897    2.650780
898   -0.626032
899    2.240070
900    0.205576
901   -0.089619
Name: obs-prior, Length: 902, dtype: float64
0      1.228421
1     -1.386318
2      1.999116
3     -1.490781
4     -0.819387
         ...   
897    2.650780
898   -0.626032
899    2.240070
900    0.205576
901   -0.089619
Name: obs-prior, Length: 902, dtype: float64
0      1.228421
1     -1.386318
2      1.999116
3     -1.490781
4     -0.819387
         ...   
897    2.650780
898   -0.626032
899    2.240070
900    0.205576
901   -0.089619
Name: obs-prior, Length: 902, dtype: float64
0      1.228421
1     -1.386318
2      1.999116
3     -1.490781
4     -0.819387
         ...   
897    2.650780
898   -0.626032
899    2.240070
900    0.205576
901   -0.089619
Name: obs-prior, Length: 902, dtype: float64

 processing obs:  AIRCRAFT_TEMPERATURE
 region:  Global
0       0.204702
1      -0.735471
2      -0.394932
3       0.474592
4      -0.443343
          ...   
2962   -0.659515
2963   -0.551523
2964    0.285788
2965   -1.064342
2966   -0.978618
Name: obs-prior, Length: 2967, dtype: float64
0       0.204702
1      -0.735471
2      -0.394932
3       0.474592
4      -0.443343
          ...   
2962   -0.659515
2963   -0.551523
2964    0.285788
2965   -1.064342
2966   -0.978618
Name: obs-prior, Length: 2967, dtype: float64
0       0.204702
1      -0.735471
2      -0.394932
3       0.474592
4      -0.443343
          ...   
2962   -0.659515
2963   -0.551523
2964    0.285788
2965   -1.064342
2966   -0.978618
Name: obs-prior, Length: 2967, dtype: float64
0       0.204702
1      -0.735471
2      -0.394932
3       0.474592
4      -0.443343
          ...   
2962   -0.659515
2963   -0.551523
2964    0.285788
2965   -1.064342
2966   -0.978618
Name: obs-prior, Length: 2967, dtype: float64
0       0.204702
1      -0.735471
2      -0.394932
3       0.474592
4      -0.443343
          ...   
2962   -0.659515
2963   -0.551523
2964    0.285788
2965   -1.064342
2966   -0.978618
Name: obs-prior, Length: 2967, dtype: float64
0       0.204702
1      -0.735471
2      -0.394932
3       0.474592
4      -0.443343
          ...   
2962   -0.659515
2963   -0.551523
2964    0.285788
2965   -1.064342
2966   -0.978618
Name: obs-prior, Length: 2967, dtype: float64
0       0.204702
1      -0.735471
2      -0.394932
3       0.474592
4      -0.443343
          ...   
2962   -0.659515
2963   -0.551523
2964    0.285788
2965   -1.064342
2966   -0.978618
Name: obs-prior, Length: 2967, dtype: float64
0       0.204702
1      -0.735471
2      -0.394932
3       0.474592
4      -0.443343
          ...   
2962   -0.659515
2963   -0.551523
2964    0.285788
2965   -1.064342
2966   -0.978618
Name: obs-prior, Length: 2967, dtype: float64
0       0.204702
1      -0.735471
2      -0.394932
3       0.474592
4      -0.443343
          ...   
2962   -0.659515
2963   -0.551523
2964    0.285788
2965   -1.064342
2966   -0.978618
Name: obs-prior, Length: 2967, dtype: float64
0       0.204702
1      -0.735471
2      -0.394932
3       0.474592
4      -0.443343
          ...   
2962   -0.659515
2963   -0.551523
2964    0.285788
2965   -1.064342
2966   -0.978618
Name: obs-prior, Length: 2967, dtype: float64
0       0.204702
1      -0.735471
2      -0.394932
3       0.474592
4      -0.443343
          ...   
2962   -0.659515
2963   -0.551523
2964    0.285788
2965   -1.064342
2966   -0.978618
Name: obs-prior, Length: 2967, dtype: float64
0       0.204702
1      -0.735471
2      -0.394932
3       0.474592
4      -0.443343
          ...   
2962   -0.659515
2963   -0.551523
2964    0.285788
2965   -1.064342
2966   -0.978618
Name: obs-prior, Length: 2967, dtype: float64
0       0.204702
1      -0.735471
2      -0.394932
3       0.474592
4      -0.443343
          ...   
2962   -0.659515
2963   -0.551523
2964    0.285788
2965   -1.064342
2966   -0.978618
Name: obs-prior, Length: 2967, dtype: float64
0       0.204702
1      -0.735471
2      -0.394932
3       0.474592
4      -0.443343
          ...   
2962   -0.659515
2963   -0.551523
2964    0.285788
2965   -1.064342
2966   -0.978618
Name: obs-prior, Length: 2967, dtype: float64
0       0.204702
1      -0.735471
2      -0.394932
3       0.474592
4      -0.443343
          ...   
2962   -0.659515
2963   -0.551523
2964    0.285788
2965   -1.064342
2966   -0.978618
Name: obs-prior, Length: 2967, dtype: float64
0       0.204702
1      -0.735471
2      -0.394932
3       0.474592
4      -0.443343
          ...   
2962   -0.659515
2963   -0.551523
2964    0.285788
2965   -1.064342
2966   -0.978618
Name: obs-prior, Length: 2967, dtype: float64
0       0.204702
1      -0.735471
2      -0.394932
3       0.474592
4      -0.443343
          ...   
2962   -0.659515
2963   -0.551523
2964    0.285788
2965   -1.064342
2966   -0.978618
Name: obs-prior, Length: 2967, dtype: float64
0       0.204702
1      -0.735471
2      -0.394932
3       0.474592
4      -0.443343
          ...   
2962   -0.659515
2963   -0.551523
2964    0.285788
2965   -1.064342
2966   -0.978618
Name: obs-prior, Length: 2967, dtype: float64
 region:  NH
0       0.533446
1       0.881318
2      -0.942667
3       0.458531
4      -0.278910
          ...   
1641   -0.760167
1642   -0.659515
1643   -0.551523
1644   -1.064342
1645   -0.978618
Name: obs-prior, Length: 1646, dtype: float64
0       0.533446
1       0.881318
2      -0.942667
3       0.458531
4      -0.278910
          ...   
1641   -0.760167
1642   -0.659515
1643   -0.551523
1644   -1.064342
1645   -0.978618
Name: obs-prior, Length: 1646, dtype: float64
0       0.533446
1       0.881318
2      -0.942667
3       0.458531
4      -0.278910
          ...   
1641   -0.760167
1642   -0.659515
1643   -0.551523
1644   -1.064342
1645   -0.978618
Name: obs-prior, Length: 1646, dtype: float64
0       0.533446
1       0.881318
2      -0.942667
3       0.458531
4      -0.278910
          ...   
1641   -0.760167
1642   -0.659515
1643   -0.551523
1644   -1.064342
1645   -0.978618
Name: obs-prior, Length: 1646, dtype: float64
0       0.533446
1       0.881318
2      -0.942667
3       0.458531
4      -0.278910
          ...   
1641   -0.760167
1642   -0.659515
1643   -0.551523
1644   -1.064342
1645   -0.978618
Name: obs-prior, Length: 1646, dtype: float64
0       0.533446
1       0.881318
2      -0.942667
3       0.458531
4      -0.278910
          ...   
1641   -0.760167
1642   -0.659515
1643   -0.551523
1644   -1.064342
1645   -0.978618
Name: obs-prior, Length: 1646, dtype: float64
0       0.533446
1       0.881318
2      -0.942667
3       0.458531
4      -0.278910
          ...   
1641   -0.760167
1642   -0.659515
1643   -0.551523
1644   -1.064342
1645   -0.978618
Name: obs-prior, Length: 1646, dtype: float64
0       0.533446
1       0.881318
2      -0.942667
3       0.458531
4      -0.278910
          ...   
1641   -0.760167
1642   -0.659515
1643   -0.551523
1644   -1.064342
1645   -0.978618
Name: obs-prior, Length: 1646, dtype: float64
0       0.533446
1       0.881318
2      -0.942667
3       0.458531
4      -0.278910
          ...   
1641   -0.760167
1642   -0.659515
1643   -0.551523
1644   -1.064342
1645   -0.978618
Name: obs-prior, Length: 1646, dtype: float64
0       0.533446
1       0.881318
2      -0.942667
3       0.458531
4      -0.278910
          ...   
1641   -0.760167
1642   -0.659515
1643   -0.551523
1644   -1.064342
1645   -0.978618
Name: obs-prior, Length: 1646, dtype: float64
0       0.533446
1       0.881318
2      -0.942667
3       0.458531
4      -0.278910
          ...   
1641   -0.760167
1642   -0.659515
1643   -0.551523
1644   -1.064342
1645   -0.978618
Name: obs-prior, Length: 1646, dtype: float64
0       0.533446
1       0.881318
2      -0.942667
3       0.458531
4      -0.278910
          ...   
1641   -0.760167
1642   -0.659515
1643   -0.551523
1644   -1.064342
1645   -0.978618
Name: obs-prior, Length: 1646, dtype: float64
0       0.533446
1       0.881318
2      -0.942667
3       0.458531
4      -0.278910
          ...   
1641   -0.760167
1642   -0.659515
1643   -0.551523
1644   -1.064342
1645   -0.978618
Name: obs-prior, Length: 1646, dtype: float64
0       0.533446
1       0.881318
2      -0.942667
3       0.458531
4      -0.278910
          ...   
1641   -0.760167
1642   -0.659515
1643   -0.551523
1644   -1.064342
1645   -0.978618
Name: obs-prior, Length: 1646, dtype: float64
0       0.533446
1       0.881318
2      -0.942667
3       0.458531
4      -0.278910
          ...   
1641   -0.760167
1642   -0.659515
1643   -0.551523
1644   -1.064342
1645   -0.978618
Name: obs-prior, Length: 1646, dtype: float64
0       0.533446
1       0.881318
2      -0.942667
3       0.458531
4      -0.278910
          ...   
1641   -0.760167
1642   -0.659515
1643   -0.551523
1644   -1.064342
1645   -0.978618
Name: obs-prior, Length: 1646, dtype: float64
0       0.533446
1       0.881318
2      -0.942667
3       0.458531
4      -0.278910
          ...   
1641   -0.760167
1642   -0.659515
1643   -0.551523
1644   -1.064342
1645   -0.978618
Name: obs-prior, Length: 1646, dtype: float64
0       0.533446
1       0.881318
2      -0.942667
3       0.458531
4      -0.278910
          ...   
1641   -0.760167
1642   -0.659515
1643   -0.551523
1644   -1.064342
1645   -0.978618
Name: obs-prior, Length: 1646, dtype: float64
 region:  SH
0     -0.443343
1     -0.060694
2      0.686542
3     -1.184562
4      1.194198
         ...   
395   -0.267720
396   -0.227040
397   -0.814328
398   -0.719022
399    0.606142
Name: obs-prior, Length: 400, dtype: float64
0     -0.443343
1     -0.060694
2      0.686542
3     -1.184562
4      1.194198
         ...   
395   -0.267720
396   -0.227040
397   -0.814328
398   -0.719022
399    0.606142
Name: obs-prior, Length: 400, dtype: float64
0     -0.443343
1     -0.060694
2      0.686542
3     -1.184562
4      1.194198
         ...   
395   -0.267720
396   -0.227040
397   -0.814328
398   -0.719022
399    0.606142
Name: obs-prior, Length: 400, dtype: float64
0     -0.443343
1     -0.060694
2      0.686542
3     -1.184562
4      1.194198
         ...   
395   -0.267720
396   -0.227040
397   -0.814328
398   -0.719022
399    0.606142
Name: obs-prior, Length: 400, dtype: float64
0     -0.443343
1     -0.060694
2      0.686542
3     -1.184562
4      1.194198
         ...   
395   -0.267720
396   -0.227040
397   -0.814328
398   -0.719022
399    0.606142
Name: obs-prior, Length: 400, dtype: float64
0     -0.443343
1     -0.060694
2      0.686542
3     -1.184562
4      1.194198
         ...   
395   -0.267720
396   -0.227040
397   -0.814328
398   -0.719022
399    0.606142
Name: obs-prior, Length: 400, dtype: float64
0     -0.443343
1     -0.060694
2      0.686542
3     -1.184562
4      1.194198
         ...   
395   -0.267720
396   -0.227040
397   -0.814328
398   -0.719022
399    0.606142
Name: obs-prior, Length: 400, dtype: float64
0     -0.443343
1     -0.060694
2      0.686542
3     -1.184562
4      1.194198
         ...   
395   -0.267720
396   -0.227040
397   -0.814328
398   -0.719022
399    0.606142
Name: obs-prior, Length: 400, dtype: float64
0     -0.443343
1     -0.060694
2      0.686542
3     -1.184562
4      1.194198
         ...   
395   -0.267720
396   -0.227040
397   -0.814328
398   -0.719022
399    0.606142
Name: obs-prior, Length: 400, dtype: float64
0     -0.443343
1     -0.060694
2      0.686542
3     -1.184562
4      1.194198
         ...   
395   -0.267720
396   -0.227040
397   -0.814328
398   -0.719022
399    0.606142
Name: obs-prior, Length: 400, dtype: float64
0     -0.443343
1     -0.060694
2      0.686542
3     -1.184562
4      1.194198
         ...   
395   -0.267720
396   -0.227040
397   -0.814328
398   -0.719022
399    0.606142
Name: obs-prior, Length: 400, dtype: float64
0     -0.443343
1     -0.060694
2      0.686542
3     -1.184562
4      1.194198
         ...   
395   -0.267720
396   -0.227040
397   -0.814328
398   -0.719022
399    0.606142
Name: obs-prior, Length: 400, dtype: float64
0     -0.443343
1     -0.060694
2      0.686542
3     -1.184562
4      1.194198
         ...   
395   -0.267720
396   -0.227040
397   -0.814328
398   -0.719022
399    0.606142
Name: obs-prior, Length: 400, dtype: float64
0     -0.443343
1     -0.060694
2      0.686542
3     -1.184562
4      1.194198
         ...   
395   -0.267720
396   -0.227040
397   -0.814328
398   -0.719022
399    0.606142
Name: obs-prior, Length: 400, dtype: float64
0     -0.443343
1     -0.060694
2      0.686542
3     -1.184562
4      1.194198
         ...   
395   -0.267720
396   -0.227040
397   -0.814328
398   -0.719022
399    0.606142
Name: obs-prior, Length: 400, dtype: float64
0     -0.443343
1     -0.060694
2      0.686542
3     -1.184562
4      1.194198
         ...   
395   -0.267720
396   -0.227040
397   -0.814328
398   -0.719022
399    0.606142
Name: obs-prior, Length: 400, dtype: float64
0     -0.443343
1     -0.060694
2      0.686542
3     -1.184562
4      1.194198
         ...   
395   -0.267720
396   -0.227040
397   -0.814328
398   -0.719022
399    0.606142
Name: obs-prior, Length: 400, dtype: float64
 region:  TR
0      0.204702
1     -0.735471
2     -0.394932
3      0.474592
4     -1.032743
         ...   
916   -0.506817
917    0.353129
918   -0.243034
919   -0.163800
920    0.285788
Name: obs-prior, Length: 921, dtype: float64
0      0.204702
1     -0.735471
2     -0.394932
3      0.474592
4     -1.032743
         ...   
916   -0.506817
917    0.353129
918   -0.243034
919   -0.163800
920    0.285788
Name: obs-prior, Length: 921, dtype: float64
0      0.204702
1     -0.735471
2     -0.394932
3      0.474592
4     -1.032743
         ...   
916   -0.506817
917    0.353129
918   -0.243034
919   -0.163800
920    0.285788
Name: obs-prior, Length: 921, dtype: float64
0      0.204702
1     -0.735471
2     -0.394932
3      0.474592
4     -1.032743
         ...   
916   -0.506817
917    0.353129
918   -0.243034
919   -0.163800
920    0.285788
Name: obs-prior, Length: 921, dtype: float64
0      0.204702
1     -0.735471
2     -0.394932
3      0.474592
4     -1.032743
         ...   
916   -0.506817
917    0.353129
918   -0.243034
919   -0.163800
920    0.285788
Name: obs-prior, Length: 921, dtype: float64
0      0.204702
1     -0.735471
2     -0.394932
3      0.474592
4     -1.032743
         ...   
916   -0.506817
917    0.353129
918   -0.243034
919   -0.163800
920    0.285788
Name: obs-prior, Length: 921, dtype: float64
0      0.204702
1     -0.735471
2     -0.394932
3      0.474592
4     -1.032743
         ...   
916   -0.506817
917    0.353129
918   -0.243034
919   -0.163800
920    0.285788
Name: obs-prior, Length: 921, dtype: float64
0      0.204702
1     -0.735471
2     -0.394932
3      0.474592
4     -1.032743
         ...   
916   -0.506817
917    0.353129
918   -0.243034
919   -0.163800
920    0.285788
Name: obs-prior, Length: 921, dtype: float64
0      0.204702
1     -0.735471
2     -0.394932
3      0.474592
4     -1.032743
         ...   
916   -0.506817
917    0.353129
918   -0.243034
919   -0.163800
920    0.285788
Name: obs-prior, Length: 921, dtype: float64
0      0.204702
1     -0.735471
2     -0.394932
3      0.474592
4     -1.032743
         ...   
916   -0.506817
917    0.353129
918   -0.243034
919   -0.163800
920    0.285788
Name: obs-prior, Length: 921, dtype: float64
0      0.204702
1     -0.735471
2     -0.394932
3      0.474592
4     -1.032743
         ...   
916   -0.506817
917    0.353129
918   -0.243034
919   -0.163800
920    0.285788
Name: obs-prior, Length: 921, dtype: float64
0      0.204702
1     -0.735471
2     -0.394932
3      0.474592
4     -1.032743
         ...   
916   -0.506817
917    0.353129
918   -0.243034
919   -0.163800
920    0.285788
Name: obs-prior, Length: 921, dtype: float64
0      0.204702
1     -0.735471
2     -0.394932
3      0.474592
4     -1.032743
         ...   
916   -0.506817
917    0.353129
918   -0.243034
919   -0.163800
920    0.285788
Name: obs-prior, Length: 921, dtype: float64
0      0.204702
1     -0.735471
2     -0.394932
3      0.474592
4     -1.032743
         ...   
916   -0.506817
917    0.353129
918   -0.243034
919   -0.163800
920    0.285788
Name: obs-prior, Length: 921, dtype: float64
0      0.204702
1     -0.735471
2     -0.394932
3      0.474592
4     -1.032743
         ...   
916   -0.506817
917    0.353129
918   -0.243034
919   -0.163800
920    0.285788
Name: obs-prior, Length: 921, dtype: float64
0      0.204702
1     -0.735471
2     -0.394932
3      0.474592
4     -1.032743
         ...   
916   -0.506817
917    0.353129
918   -0.243034
919   -0.163800
920    0.285788
Name: obs-prior, Length: 921, dtype: float64
0      0.204702
1     -0.735471
2     -0.394932
3      0.474592
4     -1.032743
         ...   
916   -0.506817
917    0.353129
918   -0.243034
919   -0.163800
920    0.285788
Name: obs-prior, Length: 921, dtype: float64

 processing obs:  ACARS_U_WIND_COMPONENT
 region:  Global
0       -0.058340
1       -2.415980
2        1.659997
3        0.634819
4        0.108451
           ...   
27143    0.669531
27144    0.308135
27145    0.428339
27146    3.417912
27147   -2.441997
Name: obs-prior, Length: 27148, dtype: float64
0       -0.058340
1       -2.415980
2        1.659997
3        0.634819
4        0.108451
           ...   
27143    0.669531
27144    0.308135
27145    0.428339
27146    3.417912
27147   -2.441997
Name: obs-prior, Length: 27148, dtype: float64
0       -0.058340
1       -2.415980
2        1.659997
3        0.634819
4        0.108451
           ...   
27143    0.669531
27144    0.308135
27145    0.428339
27146    3.417912
27147   -2.441997
Name: obs-prior, Length: 27148, dtype: float64
0       -0.058340
1       -2.415980
2        1.659997
3        0.634819
4        0.108451
           ...   
27143    0.669531
27144    0.308135
27145    0.428339
27146    3.417912
27147   -2.441997
Name: obs-prior, Length: 27148, dtype: float64
0       -0.058340
1       -2.415980
2        1.659997
3        0.634819
4        0.108451
           ...   
27143    0.669531
27144    0.308135
27145    0.428339
27146    3.417912
27147   -2.441997
Name: obs-prior, Length: 27148, dtype: float64
0       -0.058340
1       -2.415980
2        1.659997
3        0.634819
4        0.108451
           ...   
27143    0.669531
27144    0.308135
27145    0.428339
27146    3.417912
27147   -2.441997
Name: obs-prior, Length: 27148, dtype: float64
0       -0.058340
1       -2.415980
2        1.659997
3        0.634819
4        0.108451
           ...   
27143    0.669531
27144    0.308135
27145    0.428339
27146    3.417912
27147   -2.441997
Name: obs-prior, Length: 27148, dtype: float64
0       -0.058340
1       -2.415980
2        1.659997
3        0.634819
4        0.108451
           ...   
27143    0.669531
27144    0.308135
27145    0.428339
27146    3.417912
27147   -2.441997
Name: obs-prior, Length: 27148, dtype: float64
0       -0.058340
1       -2.415980
2        1.659997
3        0.634819
4        0.108451
           ...   
27143    0.669531
27144    0.308135
27145    0.428339
27146    3.417912
27147   -2.441997
Name: obs-prior, Length: 27148, dtype: float64
0       -0.058340
1       -2.415980
2        1.659997
3        0.634819
4        0.108451
           ...   
27143    0.669531
27144    0.308135
27145    0.428339
27146    3.417912
27147   -2.441997
Name: obs-prior, Length: 27148, dtype: float64
0       -0.058340
1       -2.415980
2        1.659997
3        0.634819
4        0.108451
           ...   
27143    0.669531
27144    0.308135
27145    0.428339
27146    3.417912
27147   -2.441997
Name: obs-prior, Length: 27148, dtype: float64
0       -0.058340
1       -2.415980
2        1.659997
3        0.634819
4        0.108451
           ...   
27143    0.669531
27144    0.308135
27145    0.428339
27146    3.417912
27147   -2.441997
Name: obs-prior, Length: 27148, dtype: float64
0       -0.058340
1       -2.415980
2        1.659997
3        0.634819
4        0.108451
           ...   
27143    0.669531
27144    0.308135
27145    0.428339
27146    3.417912
27147   -2.441997
Name: obs-prior, Length: 27148, dtype: float64
0       -0.058340
1       -2.415980
2        1.659997
3        0.634819
4        0.108451
           ...   
27143    0.669531
27144    0.308135
27145    0.428339
27146    3.417912
27147   -2.441997
Name: obs-prior, Length: 27148, dtype: float64
0       -0.058340
1       -2.415980
2        1.659997
3        0.634819
4        0.108451
           ...   
27143    0.669531
27144    0.308135
27145    0.428339
27146    3.417912
27147   -2.441997
Name: obs-prior, Length: 27148, dtype: float64
0       -0.058340
1       -2.415980
2        1.659997
3        0.634819
4        0.108451
           ...   
27143    0.669531
27144    0.308135
27145    0.428339
27146    3.417912
27147   -2.441997
Name: obs-prior, Length: 27148, dtype: float64
0       -0.058340
1       -2.415980
2        1.659997
3        0.634819
4        0.108451
           ...   
27143    0.669531
27144    0.308135
27145    0.428339
27146    3.417912
27147   -2.441997
Name: obs-prior, Length: 27148, dtype: float64
 region:  NH
0       -0.058340
1       -2.415980
2        1.659997
3        0.634819
4        0.108451
           ...   
20963    1.382512
20964   -1.368884
20965    0.669531
20966    0.308135
20967   -2.441997
Name: obs-prior, Length: 20968, dtype: float64
0       -0.058340
1       -2.415980
2        1.659997
3        0.634819
4        0.108451
           ...   
20963    1.382512
20964   -1.368884
20965    0.669531
20966    0.308135
20967   -2.441997
Name: obs-prior, Length: 20968, dtype: float64
0       -0.058340
1       -2.415980
2        1.659997
3        0.634819
4        0.108451
           ...   
20963    1.382512
20964   -1.368884
20965    0.669531
20966    0.308135
20967   -2.441997
Name: obs-prior, Length: 20968, dtype: float64
0       -0.058340
1       -2.415980
2        1.659997
3        0.634819
4        0.108451
           ...   
20963    1.382512
20964   -1.368884
20965    0.669531
20966    0.308135
20967   -2.441997
Name: obs-prior, Length: 20968, dtype: float64
0       -0.058340
1       -2.415980
2        1.659997
3        0.634819
4        0.108451
           ...   
20963    1.382512
20964   -1.368884
20965    0.669531
20966    0.308135
20967   -2.441997
Name: obs-prior, Length: 20968, dtype: float64
0       -0.058340
1       -2.415980
2        1.659997
3        0.634819
4        0.108451
           ...   
20963    1.382512
20964   -1.368884
20965    0.669531
20966    0.308135
20967   -2.441997
Name: obs-prior, Length: 20968, dtype: float64
0       -0.058340
1       -2.415980
2        1.659997
3        0.634819
4        0.108451
           ...   
20963    1.382512
20964   -1.368884
20965    0.669531
20966    0.308135
20967   -2.441997
Name: obs-prior, Length: 20968, dtype: float64
0       -0.058340
1       -2.415980
2        1.659997
3        0.634819
4        0.108451
           ...   
20963    1.382512
20964   -1.368884
20965    0.669531
20966    0.308135
20967   -2.441997
Name: obs-prior, Length: 20968, dtype: float64
0       -0.058340
1       -2.415980
2        1.659997
3        0.634819
4        0.108451
           ...   
20963    1.382512
20964   -1.368884
20965    0.669531
20966    0.308135
20967   -2.441997
Name: obs-prior, Length: 20968, dtype: float64
0       -0.058340
1       -2.415980
2        1.659997
3        0.634819
4        0.108451
           ...   
20963    1.382512
20964   -1.368884
20965    0.669531
20966    0.308135
20967   -2.441997
Name: obs-prior, Length: 20968, dtype: float64
0       -0.058340
1       -2.415980
2        1.659997
3        0.634819
4        0.108451
           ...   
20963    1.382512
20964   -1.368884
20965    0.669531
20966    0.308135
20967   -2.441997
Name: obs-prior, Length: 20968, dtype: float64
0       -0.058340
1       -2.415980
2        1.659997
3        0.634819
4        0.108451
           ...   
20963    1.382512
20964   -1.368884
20965    0.669531
20966    0.308135
20967   -2.441997
Name: obs-prior, Length: 20968, dtype: float64
0       -0.058340
1       -2.415980
2        1.659997
3        0.634819
4        0.108451
           ...   
20963    1.382512
20964   -1.368884
20965    0.669531
20966    0.308135
20967   -2.441997
Name: obs-prior, Length: 20968, dtype: float64
0       -0.058340
1       -2.415980
2        1.659997
3        0.634819
4        0.108451
           ...   
20963    1.382512
20964   -1.368884
20965    0.669531
20966    0.308135
20967   -2.441997
Name: obs-prior, Length: 20968, dtype: float64
0       -0.058340
1       -2.415980
2        1.659997
3        0.634819
4        0.108451
           ...   
20963    1.382512
20964   -1.368884
20965    0.669531
20966    0.308135
20967   -2.441997
Name: obs-prior, Length: 20968, dtype: float64
0       -0.058340
1       -2.415980
2        1.659997
3        0.634819
4        0.108451
           ...   
20963    1.382512
20964   -1.368884
20965    0.669531
20966    0.308135
20967   -2.441997
Name: obs-prior, Length: 20968, dtype: float64
0       -0.058340
1       -2.415980
2        1.659997
3        0.634819
4        0.108451
           ...   
20963    1.382512
20964   -1.368884
20965    0.669531
20966    0.308135
20967   -2.441997
Name: obs-prior, Length: 20968, dtype: float64
 region:  SH
0      2.368518
1      0.251459
2      2.143803
3      2.366085
4     -0.670061
         ...   
345    2.646363
346   -2.365252
347    2.688941
348   -0.150942
349    8.203644
Name: obs-prior, Length: 350, dtype: float64
0      2.368518
1      0.251459
2      2.143803
3      2.366085
4     -0.670061
         ...   
345    2.646363
346   -2.365252
347    2.688941
348   -0.150942
349    8.203644
Name: obs-prior, Length: 350, dtype: float64
0      2.368518
1      0.251459
2      2.143803
3      2.366085
4     -0.670061
         ...   
345    2.646363
346   -2.365252
347    2.688941
348   -0.150942
349    8.203644
Name: obs-prior, Length: 350, dtype: float64
0      2.368518
1      0.251459
2      2.143803
3      2.366085
4     -0.670061
         ...   
345    2.646363
346   -2.365252
347    2.688941
348   -0.150942
349    8.203644
Name: obs-prior, Length: 350, dtype: float64
0      2.368518
1      0.251459
2      2.143803
3      2.366085
4     -0.670061
         ...   
345    2.646363
346   -2.365252
347    2.688941
348   -0.150942
349    8.203644
Name: obs-prior, Length: 350, dtype: float64
0      2.368518
1      0.251459
2      2.143803
3      2.366085
4     -0.670061
         ...   
345    2.646363
346   -2.365252
347    2.688941
348   -0.150942
349    8.203644
Name: obs-prior, Length: 350, dtype: float64
0      2.368518
1      0.251459
2      2.143803
3      2.366085
4     -0.670061
         ...   
345    2.646363
346   -2.365252
347    2.688941
348   -0.150942
349    8.203644
Name: obs-prior, Length: 350, dtype: float64
0      2.368518
1      0.251459
2      2.143803
3      2.366085
4     -0.670061
         ...   
345    2.646363
346   -2.365252
347    2.688941
348   -0.150942
349    8.203644
Name: obs-prior, Length: 350, dtype: float64
0      2.368518
1      0.251459
2      2.143803
3      2.366085
4     -0.670061
         ...   
345    2.646363
346   -2.365252
347    2.688941
348   -0.150942
349    8.203644
Name: obs-prior, Length: 350, dtype: float64
0      2.368518
1      0.251459
2      2.143803
3      2.366085
4     -0.670061
         ...   
345    2.646363
346   -2.365252
347    2.688941
348   -0.150942
349    8.203644
Name: obs-prior, Length: 350, dtype: float64
0      2.368518
1      0.251459
2      2.143803
3      2.366085
4     -0.670061
         ...   
345    2.646363
346   -2.365252
347    2.688941
348   -0.150942
349    8.203644
Name: obs-prior, Length: 350, dtype: float64
0      2.368518
1      0.251459
2      2.143803
3      2.366085
4     -0.670061
         ...   
345    2.646363
346   -2.365252
347    2.688941
348   -0.150942
349    8.203644
Name: obs-prior, Length: 350, dtype: float64
0      2.368518
1      0.251459
2      2.143803
3      2.366085
4     -0.670061
         ...   
345    2.646363
346   -2.365252
347    2.688941
348   -0.150942
349    8.203644
Name: obs-prior, Length: 350, dtype: float64
0      2.368518
1      0.251459
2      2.143803
3      2.366085
4     -0.670061
         ...   
345    2.646363
346   -2.365252
347    2.688941
348   -0.150942
349    8.203644
Name: obs-prior, Length: 350, dtype: float64
0      2.368518
1      0.251459
2      2.143803
3      2.366085
4     -0.670061
         ...   
345    2.646363
346   -2.365252
347    2.688941
348   -0.150942
349    8.203644
Name: obs-prior, Length: 350, dtype: float64
0      2.368518
1      0.251459
2      2.143803
3      2.366085
4     -0.670061
         ...   
345    2.646363
346   -2.365252
347    2.688941
348   -0.150942
349    8.203644
Name: obs-prior, Length: 350, dtype: float64
0      2.368518
1      0.251459
2      2.143803
3      2.366085
4     -0.670061
         ...   
345    2.646363
346   -2.365252
347    2.688941
348   -0.150942
349    8.203644
Name: obs-prior, Length: 350, dtype: float64
 region:  TR
0      -0.565079
1       0.053418
2      -0.217598
3      -1.016760
4      -0.674053
          ...   
5825    2.258466
5826   -2.230068
5827    2.439049
5828    0.428339
5829    3.417912
Name: obs-prior, Length: 5830, dtype: float64
0      -0.565079
1       0.053418
2      -0.217598
3      -1.016760
4      -0.674053
          ...   
5825    2.258466
5826   -2.230068
5827    2.439049
5828    0.428339
5829    3.417912
Name: obs-prior, Length: 5830, dtype: float64
0      -0.565079
1       0.053418
2      -0.217598
3      -1.016760
4      -0.674053
          ...   
5825    2.258466
5826   -2.230068
5827    2.439049
5828    0.428339
5829    3.417912
Name: obs-prior, Length: 5830, dtype: float64
0      -0.565079
1       0.053418
2      -0.217598
3      -1.016760
4      -0.674053
          ...   
5825    2.258466
5826   -2.230068
5827    2.439049
5828    0.428339
5829    3.417912
Name: obs-prior, Length: 5830, dtype: float64
0      -0.565079
1       0.053418
2      -0.217598
3      -1.016760
4      -0.674053
          ...   
5825    2.258466
5826   -2.230068
5827    2.439049
5828    0.428339
5829    3.417912
Name: obs-prior, Length: 5830, dtype: float64
0      -0.565079
1       0.053418
2      -0.217598
3      -1.016760
4      -0.674053
          ...   
5825    2.258466
5826   -2.230068
5827    2.439049
5828    0.428339
5829    3.417912
Name: obs-prior, Length: 5830, dtype: float64
0      -0.565079
1       0.053418
2      -0.217598
3      -1.016760
4      -0.674053
          ...   
5825    2.258466
5826   -2.230068
5827    2.439049
5828    0.428339
5829    3.417912
Name: obs-prior, Length: 5830, dtype: float64
0      -0.565079
1       0.053418
2      -0.217598
3      -1.016760
4      -0.674053
          ...   
5825    2.258466
5826   -2.230068
5827    2.439049
5828    0.428339
5829    3.417912
Name: obs-prior, Length: 5830, dtype: float64
0      -0.565079
1       0.053418
2      -0.217598
3      -1.016760
4      -0.674053
          ...   
5825    2.258466
5826   -2.230068
5827    2.439049
5828    0.428339
5829    3.417912
Name: obs-prior, Length: 5830, dtype: float64
0      -0.565079
1       0.053418
2      -0.217598
3      -1.016760
4      -0.674053
          ...   
5825    2.258466
5826   -2.230068
5827    2.439049
5828    0.428339
5829    3.417912
Name: obs-prior, Length: 5830, dtype: float64
0      -0.565079
1       0.053418
2      -0.217598
3      -1.016760
4      -0.674053
          ...   
5825    2.258466
5826   -2.230068
5827    2.439049
5828    0.428339
5829    3.417912
Name: obs-prior, Length: 5830, dtype: float64
0      -0.565079
1       0.053418
2      -0.217598
3      -1.016760
4      -0.674053
          ...   
5825    2.258466
5826   -2.230068
5827    2.439049
5828    0.428339
5829    3.417912
Name: obs-prior, Length: 5830, dtype: float64
0      -0.565079
1       0.053418
2      -0.217598
3      -1.016760
4      -0.674053
          ...   
5825    2.258466
5826   -2.230068
5827    2.439049
5828    0.428339
5829    3.417912
Name: obs-prior, Length: 5830, dtype: float64
0      -0.565079
1       0.053418
2      -0.217598
3      -1.016760
4      -0.674053
          ...   
5825    2.258466
5826   -2.230068
5827    2.439049
5828    0.428339
5829    3.417912
Name: obs-prior, Length: 5830, dtype: float64
0      -0.565079
1       0.053418
2      -0.217598
3      -1.016760
4      -0.674053
          ...   
5825    2.258466
5826   -2.230068
5827    2.439049
5828    0.428339
5829    3.417912
Name: obs-prior, Length: 5830, dtype: float64
0      -0.565079
1       0.053418
2      -0.217598
3      -1.016760
4      -0.674053
          ...   
5825    2.258466
5826   -2.230068
5827    2.439049
5828    0.428339
5829    3.417912
Name: obs-prior, Length: 5830, dtype: float64
0      -0.565079
1       0.053418
2      -0.217598
3      -1.016760
4      -0.674053
          ...   
5825    2.258466
5826   -2.230068
5827    2.439049
5828    0.428339
5829    3.417912
Name: obs-prior, Length: 5830, dtype: float64

 processing obs:  ACARS_V_WIND_COMPONENT
 region:  Global
0        1.465551
1       -1.614435
2       -0.934466
3       -0.279246
4        0.270653
           ...   
23695   -3.072378
23696    2.383375
23697   -2.442383
23698    1.368637
23699    1.786985
Name: obs-prior, Length: 23700, dtype: float64
0        1.465551
1       -1.614435
2       -0.934466
3       -0.279246
4        0.270653
           ...   
23695   -3.072378
23696    2.383375
23697   -2.442383
23698    1.368637
23699    1.786985
Name: obs-prior, Length: 23700, dtype: float64
0        1.465551
1       -1.614435
2       -0.934466
3       -0.279246
4        0.270653
           ...   
23695   -3.072378
23696    2.383375
23697   -2.442383
23698    1.368637
23699    1.786985
Name: obs-prior, Length: 23700, dtype: float64
0        1.465551
1       -1.614435
2       -0.934466
3       -0.279246
4        0.270653
           ...   
23695   -3.072378
23696    2.383375
23697   -2.442383
23698    1.368637
23699    1.786985
Name: obs-prior, Length: 23700, dtype: float64
0        1.465551
1       -1.614435
2       -0.934466
3       -0.279246
4        0.270653
           ...   
23695   -3.072378
23696    2.383375
23697   -2.442383
23698    1.368637
23699    1.786985
Name: obs-prior, Length: 23700, dtype: float64
0        1.465551
1       -1.614435
2       -0.934466
3       -0.279246
4        0.270653
           ...   
23695   -3.072378
23696    2.383375
23697   -2.442383
23698    1.368637
23699    1.786985
Name: obs-prior, Length: 23700, dtype: float64
0        1.465551
1       -1.614435
2       -0.934466
3       -0.279246
4        0.270653
           ...   
23695   -3.072378
23696    2.383375
23697   -2.442383
23698    1.368637
23699    1.786985
Name: obs-prior, Length: 23700, dtype: float64
0        1.465551
1       -1.614435
2       -0.934466
3       -0.279246
4        0.270653
           ...   
23695   -3.072378
23696    2.383375
23697   -2.442383
23698    1.368637
23699    1.786985
Name: obs-prior, Length: 23700, dtype: float64
0        1.465551
1       -1.614435
2       -0.934466
3       -0.279246
4        0.270653
           ...   
23695   -3.072378
23696    2.383375
23697   -2.442383
23698    1.368637
23699    1.786985
Name: obs-prior, Length: 23700, dtype: float64
0        1.465551
1       -1.614435
2       -0.934466
3       -0.279246
4        0.270653
           ...   
23695   -3.072378
23696    2.383375
23697   -2.442383
23698    1.368637
23699    1.786985
Name: obs-prior, Length: 23700, dtype: float64
0        1.465551
1       -1.614435
2       -0.934466
3       -0.279246
4        0.270653
           ...   
23695   -3.072378
23696    2.383375
23697   -2.442383
23698    1.368637
23699    1.786985
Name: obs-prior, Length: 23700, dtype: float64
0        1.465551
1       -1.614435
2       -0.934466
3       -0.279246
4        0.270653
           ...   
23695   -3.072378
23696    2.383375
23697   -2.442383
23698    1.368637
23699    1.786985
Name: obs-prior, Length: 23700, dtype: float64
0        1.465551
1       -1.614435
2       -0.934466
3       -0.279246
4        0.270653
           ...   
23695   -3.072378
23696    2.383375
23697   -2.442383
23698    1.368637
23699    1.786985
Name: obs-prior, Length: 23700, dtype: float64
0        1.465551
1       -1.614435
2       -0.934466
3       -0.279246
4        0.270653
           ...   
23695   -3.072378
23696    2.383375
23697   -2.442383
23698    1.368637
23699    1.786985
Name: obs-prior, Length: 23700, dtype: float64
0        1.465551
1       -1.614435
2       -0.934466
3       -0.279246
4        0.270653
           ...   
23695   -3.072378
23696    2.383375
23697   -2.442383
23698    1.368637
23699    1.786985
Name: obs-prior, Length: 23700, dtype: float64
0        1.465551
1       -1.614435
2       -0.934466
3       -0.279246
4        0.270653
           ...   
23695   -3.072378
23696    2.383375
23697   -2.442383
23698    1.368637
23699    1.786985
Name: obs-prior, Length: 23700, dtype: float64
0        1.465551
1       -1.614435
2       -0.934466
3       -0.279246
4        0.270653
           ...   
23695   -3.072378
23696    2.383375
23697   -2.442383
23698    1.368637
23699    1.786985
Name: obs-prior, Length: 23700, dtype: float64
 region:  NH
0        1.465551
1       -1.614435
2       -0.934466
3       -0.279246
4        0.270653
           ...   
18133   -1.226373
18134   -0.161549
18135    2.383375
18136   -2.442383
18137    1.786985
Name: obs-prior, Length: 18138, dtype: float64
0        1.465551
1       -1.614435
2       -0.934466
3       -0.279246
4        0.270653
           ...   
18133   -1.226373
18134   -0.161549
18135    2.383375
18136   -2.442383
18137    1.786985
Name: obs-prior, Length: 18138, dtype: float64
0        1.465551
1       -1.614435
2       -0.934466
3       -0.279246
4        0.270653
           ...   
18133   -1.226373
18134   -0.161549
18135    2.383375
18136   -2.442383
18137    1.786985
Name: obs-prior, Length: 18138, dtype: float64
0        1.465551
1       -1.614435
2       -0.934466
3       -0.279246
4        0.270653
           ...   
18133   -1.226373
18134   -0.161549
18135    2.383375
18136   -2.442383
18137    1.786985
Name: obs-prior, Length: 18138, dtype: float64
0        1.465551
1       -1.614435
2       -0.934466
3       -0.279246
4        0.270653
           ...   
18133   -1.226373
18134   -0.161549
18135    2.383375
18136   -2.442383
18137    1.786985
Name: obs-prior, Length: 18138, dtype: float64
0        1.465551
1       -1.614435
2       -0.934466
3       -0.279246
4        0.270653
           ...   
18133   -1.226373
18134   -0.161549
18135    2.383375
18136   -2.442383
18137    1.786985
Name: obs-prior, Length: 18138, dtype: float64
0        1.465551
1       -1.614435
2       -0.934466
3       -0.279246
4        0.270653
           ...   
18133   -1.226373
18134   -0.161549
18135    2.383375
18136   -2.442383
18137    1.786985
Name: obs-prior, Length: 18138, dtype: float64
0        1.465551
1       -1.614435
2       -0.934466
3       -0.279246
4        0.270653
           ...   
18133   -1.226373
18134   -0.161549
18135    2.383375
18136   -2.442383
18137    1.786985
Name: obs-prior, Length: 18138, dtype: float64
0        1.465551
1       -1.614435
2       -0.934466
3       -0.279246
4        0.270653
           ...   
18133   -1.226373
18134   -0.161549
18135    2.383375
18136   -2.442383
18137    1.786985
Name: obs-prior, Length: 18138, dtype: float64
0        1.465551
1       -1.614435
2       -0.934466
3       -0.279246
4        0.270653
           ...   
18133   -1.226373
18134   -0.161549
18135    2.383375
18136   -2.442383
18137    1.786985
Name: obs-prior, Length: 18138, dtype: float64
0        1.465551
1       -1.614435
2       -0.934466
3       -0.279246
4        0.270653
           ...   
18133   -1.226373
18134   -0.161549
18135    2.383375
18136   -2.442383
18137    1.786985
Name: obs-prior, Length: 18138, dtype: float64
0        1.465551
1       -1.614435
2       -0.934466
3       -0.279246
4        0.270653
           ...   
18133   -1.226373
18134   -0.161549
18135    2.383375
18136   -2.442383
18137    1.786985
Name: obs-prior, Length: 18138, dtype: float64
0        1.465551
1       -1.614435
2       -0.934466
3       -0.279246
4        0.270653
           ...   
18133   -1.226373
18134   -0.161549
18135    2.383375
18136   -2.442383
18137    1.786985
Name: obs-prior, Length: 18138, dtype: float64
0        1.465551
1       -1.614435
2       -0.934466
3       -0.279246
4        0.270653
           ...   
18133   -1.226373
18134   -0.161549
18135    2.383375
18136   -2.442383
18137    1.786985
Name: obs-prior, Length: 18138, dtype: float64
0        1.465551
1       -1.614435
2       -0.934466
3       -0.279246
4        0.270653
           ...   
18133   -1.226373
18134   -0.161549
18135    2.383375
18136   -2.442383
18137    1.786985
Name: obs-prior, Length: 18138, dtype: float64
0        1.465551
1       -1.614435
2       -0.934466
3       -0.279246
4        0.270653
           ...   
18133   -1.226373
18134   -0.161549
18135    2.383375
18136   -2.442383
18137    1.786985
Name: obs-prior, Length: 18138, dtype: float64
0        1.465551
1       -1.614435
2       -0.934466
3       -0.279246
4        0.270653
           ...   
18133   -1.226373
18134   -0.161549
18135    2.383375
18136   -2.442383
18137    1.786985
Name: obs-prior, Length: 18138, dtype: float64
 region:  SH
0      -2.585744
1      -7.349742
2      -0.793650
3      -3.675206
4      -3.225709
         ...    
351    -5.674928
352   -11.060824
353    -0.039866
354     3.488041
355    -9.810017
Name: obs-prior, Length: 356, dtype: float64
0      -2.585744
1      -7.349742
2      -0.793650
3      -3.675206
4      -3.225709
         ...    
351    -5.674928
352   -11.060824
353    -0.039866
354     3.488041
355    -9.810017
Name: obs-prior, Length: 356, dtype: float64
0      -2.585744
1      -7.349742
2      -0.793650
3      -3.675206
4      -3.225709
         ...    
351    -5.674928
352   -11.060824
353    -0.039866
354     3.488041
355    -9.810017
Name: obs-prior, Length: 356, dtype: float64
0      -2.585744
1      -7.349742
2      -0.793650
3      -3.675206
4      -3.225709
         ...    
351    -5.674928
352   -11.060824
353    -0.039866
354     3.488041
355    -9.810017
Name: obs-prior, Length: 356, dtype: float64
0      -2.585744
1      -7.349742
2      -0.793650
3      -3.675206
4      -3.225709
         ...    
351    -5.674928
352   -11.060824
353    -0.039866
354     3.488041
355    -9.810017
Name: obs-prior, Length: 356, dtype: float64
0      -2.585744
1      -7.349742
2      -0.793650
3      -3.675206
4      -3.225709
         ...    
351    -5.674928
352   -11.060824
353    -0.039866
354     3.488041
355    -9.810017
Name: obs-prior, Length: 356, dtype: float64
0      -2.585744
1      -7.349742
2      -0.793650
3      -3.675206
4      -3.225709
         ...    
351    -5.674928
352   -11.060824
353    -0.039866
354     3.488041
355    -9.810017
Name: obs-prior, Length: 356, dtype: float64
0      -2.585744
1      -7.349742
2      -0.793650
3      -3.675206
4      -3.225709
         ...    
351    -5.674928
352   -11.060824
353    -0.039866
354     3.488041
355    -9.810017
Name: obs-prior, Length: 356, dtype: float64
0      -2.585744
1      -7.349742
2      -0.793650
3      -3.675206
4      -3.225709
         ...    
351    -5.674928
352   -11.060824
353    -0.039866
354     3.488041
355    -9.810017
Name: obs-prior, Length: 356, dtype: float64
0      -2.585744
1      -7.349742
2      -0.793650
3      -3.675206
4      -3.225709
         ...    
351    -5.674928
352   -11.060824
353    -0.039866
354     3.488041
355    -9.810017
Name: obs-prior, Length: 356, dtype: float64
0      -2.585744
1      -7.349742
2      -0.793650
3      -3.675206
4      -3.225709
         ...    
351    -5.674928
352   -11.060824
353    -0.039866
354     3.488041
355    -9.810017
Name: obs-prior, Length: 356, dtype: float64
0      -2.585744
1      -7.349742
2      -0.793650
3      -3.675206
4      -3.225709
         ...    
351    -5.674928
352   -11.060824
353    -0.039866
354     3.488041
355    -9.810017
Name: obs-prior, Length: 356, dtype: float64
0      -2.585744
1      -7.349742
2      -0.793650
3      -3.675206
4      -3.225709
         ...    
351    -5.674928
352   -11.060824
353    -0.039866
354     3.488041
355    -9.810017
Name: obs-prior, Length: 356, dtype: float64
0      -2.585744
1      -7.349742
2      -0.793650
3      -3.675206
4      -3.225709
         ...    
351    -5.674928
352   -11.060824
353    -0.039866
354     3.488041
355    -9.810017
Name: obs-prior, Length: 356, dtype: float64
0      -2.585744
1      -7.349742
2      -0.793650
3      -3.675206
4      -3.225709
         ...    
351    -5.674928
352   -11.060824
353    -0.039866
354     3.488041
355    -9.810017
Name: obs-prior, Length: 356, dtype: float64
0      -2.585744
1      -7.349742
2      -0.793650
3      -3.675206
4      -3.225709
         ...    
351    -5.674928
352   -11.060824
353    -0.039866
354     3.488041
355    -9.810017
Name: obs-prior, Length: 356, dtype: float64
0      -2.585744
1      -7.349742
2      -0.793650
3      -3.675206
4      -3.225709
         ...    
351    -5.674928
352   -11.060824
353    -0.039866
354     3.488041
355    -9.810017
Name: obs-prior, Length: 356, dtype: float64
 region:  TR
0      -0.400846
1      -0.439510
2       2.419607
3      -2.574034
4      -2.276274
          ...   
5201   -2.339135
5202   -0.437008
5203   -1.778282
5204   -3.072378
5205    1.368637
Name: obs-prior, Length: 5206, dtype: float64
0      -0.400846
1      -0.439510
2       2.419607
3      -2.574034
4      -2.276274
          ...   
5201   -2.339135
5202   -0.437008
5203   -1.778282
5204   -3.072378
5205    1.368637
Name: obs-prior, Length: 5206, dtype: float64
0      -0.400846
1      -0.439510
2       2.419607
3      -2.574034
4      -2.276274
          ...   
5201   -2.339135
5202   -0.437008
5203   -1.778282
5204   -3.072378
5205    1.368637
Name: obs-prior, Length: 5206, dtype: float64
0      -0.400846
1      -0.439510
2       2.419607
3      -2.574034
4      -2.276274
          ...   
5201   -2.339135
5202   -0.437008
5203   -1.778282
5204   -3.072378
5205    1.368637
Name: obs-prior, Length: 5206, dtype: float64
0      -0.400846
1      -0.439510
2       2.419607
3      -2.574034
4      -2.276274
          ...   
5201   -2.339135
5202   -0.437008
5203   -1.778282
5204   -3.072378
5205    1.368637
Name: obs-prior, Length: 5206, dtype: float64
0      -0.400846
1      -0.439510
2       2.419607
3      -2.574034
4      -2.276274
          ...   
5201   -2.339135
5202   -0.437008
5203   -1.778282
5204   -3.072378
5205    1.368637
Name: obs-prior, Length: 5206, dtype: float64
0      -0.400846
1      -0.439510
2       2.419607
3      -2.574034
4      -2.276274
          ...   
5201   -2.339135
5202   -0.437008
5203   -1.778282
5204   -3.072378
5205    1.368637
Name: obs-prior, Length: 5206, dtype: float64
0      -0.400846
1      -0.439510
2       2.419607
3      -2.574034
4      -2.276274
          ...   
5201   -2.339135
5202   -0.437008
5203   -1.778282
5204   -3.072378
5205    1.368637
Name: obs-prior, Length: 5206, dtype: float64
0      -0.400846
1      -0.439510
2       2.419607
3      -2.574034
4      -2.276274
          ...   
5201   -2.339135
5202   -0.437008
5203   -1.778282
5204   -3.072378
5205    1.368637
Name: obs-prior, Length: 5206, dtype: float64
0      -0.400846
1      -0.439510
2       2.419607
3      -2.574034
4      -2.276274
          ...   
5201   -2.339135
5202   -0.437008
5203   -1.778282
5204   -3.072378
5205    1.368637
Name: obs-prior, Length: 5206, dtype: float64
0      -0.400846
1      -0.439510
2       2.419607
3      -2.574034
4      -2.276274
          ...   
5201   -2.339135
5202   -0.437008
5203   -1.778282
5204   -3.072378
5205    1.368637
Name: obs-prior, Length: 5206, dtype: float64
0      -0.400846
1      -0.439510
2       2.419607
3      -2.574034
4      -2.276274
          ...   
5201   -2.339135
5202   -0.437008
5203   -1.778282
5204   -3.072378
5205    1.368637
Name: obs-prior, Length: 5206, dtype: float64
0      -0.400846
1      -0.439510
2       2.419607
3      -2.574034
4      -2.276274
          ...   
5201   -2.339135
5202   -0.437008
5203   -1.778282
5204   -3.072378
5205    1.368637
Name: obs-prior, Length: 5206, dtype: float64
0      -0.400846
1      -0.439510
2       2.419607
3      -2.574034
4      -2.276274
          ...   
5201   -2.339135
5202   -0.437008
5203   -1.778282
5204   -3.072378
5205    1.368637
Name: obs-prior, Length: 5206, dtype: float64
0      -0.400846
1      -0.439510
2       2.419607
3      -2.574034
4      -2.276274
          ...   
5201   -2.339135
5202   -0.437008
5203   -1.778282
5204   -3.072378
5205    1.368637
Name: obs-prior, Length: 5206, dtype: float64
0      -0.400846
1      -0.439510
2       2.419607
3      -2.574034
4      -2.276274
          ...   
5201   -2.339135
5202   -0.437008
5203   -1.778282
5204   -3.072378
5205    1.368637
Name: obs-prior, Length: 5206, dtype: float64
0      -0.400846
1      -0.439510
2       2.419607
3      -2.574034
4      -2.276274
          ...   
5201   -2.339135
5202   -0.437008
5203   -1.778282
5204   -3.072378
5205    1.368637
Name: obs-prior, Length: 5206, dtype: float64

 processing obs:  ACARS_TEMPERATURE
 region:  Global
0        0.854432
1       -0.256327
2        0.340194
3       -0.073589
4       -0.708074
           ...   
31379   -0.597737
31380   -0.680655
31381   -0.459685
31382   -0.245344
31383    0.691419
Name: obs-prior, Length: 31384, dtype: float64
0        0.854432
1       -0.256327
2        0.340194
3       -0.073589
4       -0.708074
           ...   
31379   -0.597737
31380   -0.680655
31381   -0.459685
31382   -0.245344
31383    0.691419
Name: obs-prior, Length: 31384, dtype: float64
0        0.854432
1       -0.256327
2        0.340194
3       -0.073589
4       -0.708074
           ...   
31379   -0.597737
31380   -0.680655
31381   -0.459685
31382   -0.245344
31383    0.691419
Name: obs-prior, Length: 31384, dtype: float64
0        0.854432
1       -0.256327
2        0.340194
3       -0.073589
4       -0.708074
           ...   
31379   -0.597737
31380   -0.680655
31381   -0.459685
31382   -0.245344
31383    0.691419
Name: obs-prior, Length: 31384, dtype: float64
0        0.854432
1       -0.256327
2        0.340194
3       -0.073589
4       -0.708074
           ...   
31379   -0.597737
31380   -0.680655
31381   -0.459685
31382   -0.245344
31383    0.691419
Name: obs-prior, Length: 31384, dtype: float64
0        0.854432
1       -0.256327
2        0.340194
3       -0.073589
4       -0.708074
           ...   
31379   -0.597737
31380   -0.680655
31381   -0.459685
31382   -0.245344
31383    0.691419
Name: obs-prior, Length: 31384, dtype: float64
0        0.854432
1       -0.256327
2        0.340194
3       -0.073589
4       -0.708074
           ...   
31379   -0.597737
31380   -0.680655
31381   -0.459685
31382   -0.245344
31383    0.691419
Name: obs-prior, Length: 31384, dtype: float64
0        0.854432
1       -0.256327
2        0.340194
3       -0.073589
4       -0.708074
           ...   
31379   -0.597737
31380   -0.680655
31381   -0.459685
31382   -0.245344
31383    0.691419
Name: obs-prior, Length: 31384, dtype: float64
0        0.854432
1       -0.256327
2        0.340194
3       -0.073589
4       -0.708074
           ...   
31379   -0.597737
31380   -0.680655
31381   -0.459685
31382   -0.245344
31383    0.691419
Name: obs-prior, Length: 31384, dtype: float64
0        0.854432
1       -0.256327
2        0.340194
3       -0.073589
4       -0.708074
           ...   
31379   -0.597737
31380   -0.680655
31381   -0.459685
31382   -0.245344
31383    0.691419
Name: obs-prior, Length: 31384, dtype: float64
0        0.854432
1       -0.256327
2        0.340194
3       -0.073589
4       -0.708074
           ...   
31379   -0.597737
31380   -0.680655
31381   -0.459685
31382   -0.245344
31383    0.691419
Name: obs-prior, Length: 31384, dtype: float64
0        0.854432
1       -0.256327
2        0.340194
3       -0.073589
4       -0.708074
           ...   
31379   -0.597737
31380   -0.680655
31381   -0.459685
31382   -0.245344
31383    0.691419
Name: obs-prior, Length: 31384, dtype: float64
0        0.854432
1       -0.256327
2        0.340194
3       -0.073589
4       -0.708074
           ...   
31379   -0.597737
31380   -0.680655
31381   -0.459685
31382   -0.245344
31383    0.691419
Name: obs-prior, Length: 31384, dtype: float64
0        0.854432
1       -0.256327
2        0.340194
3       -0.073589
4       -0.708074
           ...   
31379   -0.597737
31380   -0.680655
31381   -0.459685
31382   -0.245344
31383    0.691419
Name: obs-prior, Length: 31384, dtype: float64
0        0.854432
1       -0.256327
2        0.340194
3       -0.073589
4       -0.708074
           ...   
31379   -0.597737
31380   -0.680655
31381   -0.459685
31382   -0.245344
31383    0.691419
Name: obs-prior, Length: 31384, dtype: float64
0        0.854432
1       -0.256327
2        0.340194
3       -0.073589
4       -0.708074
           ...   
31379   -0.597737
31380   -0.680655
31381   -0.459685
31382   -0.245344
31383    0.691419
Name: obs-prior, Length: 31384, dtype: float64
0        0.854432
1       -0.256327
2        0.340194
3       -0.073589
4       -0.708074
           ...   
31379   -0.597737
31380   -0.680655
31381   -0.459685
31382   -0.245344
31383    0.691419
Name: obs-prior, Length: 31384, dtype: float64
 region:  NH
0        0.854432
1       -0.256327
2        0.340194
3       -0.073589
4       -0.708074
           ...   
24960   -0.091166
24961   -0.420886
24962   -0.597737
24963   -0.680655
24964   -0.245344
Name: obs-prior, Length: 24965, dtype: float64
0        0.854432
1       -0.256327
2        0.340194
3       -0.073589
4       -0.708074
           ...   
24960   -0.091166
24961   -0.420886
24962   -0.597737
24963   -0.680655
24964   -0.245344
Name: obs-prior, Length: 24965, dtype: float64
0        0.854432
1       -0.256327
2        0.340194
3       -0.073589
4       -0.708074
           ...   
24960   -0.091166
24961   -0.420886
24962   -0.597737
24963   -0.680655
24964   -0.245344
Name: obs-prior, Length: 24965, dtype: float64
0        0.854432
1       -0.256327
2        0.340194
3       -0.073589
4       -0.708074
           ...   
24960   -0.091166
24961   -0.420886
24962   -0.597737
24963   -0.680655
24964   -0.245344
Name: obs-prior, Length: 24965, dtype: float64
0        0.854432
1       -0.256327
2        0.340194
3       -0.073589
4       -0.708074
           ...   
24960   -0.091166
24961   -0.420886
24962   -0.597737
24963   -0.680655
24964   -0.245344
Name: obs-prior, Length: 24965, dtype: float64
0        0.854432
1       -0.256327
2        0.340194
3       -0.073589
4       -0.708074
           ...   
24960   -0.091166
24961   -0.420886
24962   -0.597737
24963   -0.680655
24964   -0.245344
Name: obs-prior, Length: 24965, dtype: float64
0        0.854432
1       -0.256327
2        0.340194
3       -0.073589
4       -0.708074
           ...   
24960   -0.091166
24961   -0.420886
24962   -0.597737
24963   -0.680655
24964   -0.245344
Name: obs-prior, Length: 24965, dtype: float64
0        0.854432
1       -0.256327
2        0.340194
3       -0.073589
4       -0.708074
           ...   
24960   -0.091166
24961   -0.420886
24962   -0.597737
24963   -0.680655
24964   -0.245344
Name: obs-prior, Length: 24965, dtype: float64
0        0.854432
1       -0.256327
2        0.340194
3       -0.073589
4       -0.708074
           ...   
24960   -0.091166
24961   -0.420886
24962   -0.597737
24963   -0.680655
24964   -0.245344
Name: obs-prior, Length: 24965, dtype: float64
0        0.854432
1       -0.256327
2        0.340194
3       -0.073589
4       -0.708074
           ...   
24960   -0.091166
24961   -0.420886
24962   -0.597737
24963   -0.680655
24964   -0.245344
Name: obs-prior, Length: 24965, dtype: float64
0        0.854432
1       -0.256327
2        0.340194
3       -0.073589
4       -0.708074
           ...   
24960   -0.091166
24961   -0.420886
24962   -0.597737
24963   -0.680655
24964   -0.245344
Name: obs-prior, Length: 24965, dtype: float64
0        0.854432
1       -0.256327
2        0.340194
3       -0.073589
4       -0.708074
           ...   
24960   -0.091166
24961   -0.420886
24962   -0.597737
24963   -0.680655
24964   -0.245344
Name: obs-prior, Length: 24965, dtype: float64
0        0.854432
1       -0.256327
2        0.340194
3       -0.073589
4       -0.708074
           ...   
24960   -0.091166
24961   -0.420886
24962   -0.597737
24963   -0.680655
24964   -0.245344
Name: obs-prior, Length: 24965, dtype: float64
0        0.854432
1       -0.256327
2        0.340194
3       -0.073589
4       -0.708074
           ...   
24960   -0.091166
24961   -0.420886
24962   -0.597737
24963   -0.680655
24964   -0.245344
Name: obs-prior, Length: 24965, dtype: float64
0        0.854432
1       -0.256327
2        0.340194
3       -0.073589
4       -0.708074
           ...   
24960   -0.091166
24961   -0.420886
24962   -0.597737
24963   -0.680655
24964   -0.245344
Name: obs-prior, Length: 24965, dtype: float64
0        0.854432
1       -0.256327
2        0.340194
3       -0.073589
4       -0.708074
           ...   
24960   -0.091166
24961   -0.420886
24962   -0.597737
24963   -0.680655
24964   -0.245344
Name: obs-prior, Length: 24965, dtype: float64
0        0.854432
1       -0.256327
2        0.340194
3       -0.073589
4       -0.708074
           ...   
24960   -0.091166
24961   -0.420886
24962   -0.597737
24963   -0.680655
24964   -0.245344
Name: obs-prior, Length: 24965, dtype: float64
 region:  SH
0      0.840216
1     -0.903681
2      0.815529
3      0.037642
4     -1.207520
         ...   
293    1.348642
294    0.720945
295    1.020509
296    1.228236
297   -1.717046
Name: obs-prior, Length: 298, dtype: float64
0      0.840216
1     -0.903681
2      0.815529
3      0.037642
4     -1.207520
         ...   
293    1.348642
294    0.720945
295    1.020509
296    1.228236
297   -1.717046
Name: obs-prior, Length: 298, dtype: float64
0      0.840216
1     -0.903681
2      0.815529
3      0.037642
4     -1.207520
         ...   
293    1.348642
294    0.720945
295    1.020509
296    1.228236
297   -1.717046
Name: obs-prior, Length: 298, dtype: float64
0      0.840216
1     -0.903681
2      0.815529
3      0.037642
4     -1.207520
         ...   
293    1.348642
294    0.720945
295    1.020509
296    1.228236
297   -1.717046
Name: obs-prior, Length: 298, dtype: float64
0      0.840216
1     -0.903681
2      0.815529
3      0.037642
4     -1.207520
         ...   
293    1.348642
294    0.720945
295    1.020509
296    1.228236
297   -1.717046
Name: obs-prior, Length: 298, dtype: float64
0      0.840216
1     -0.903681
2      0.815529
3      0.037642
4     -1.207520
         ...   
293    1.348642
294    0.720945
295    1.020509
296    1.228236
297   -1.717046
Name: obs-prior, Length: 298, dtype: float64
0      0.840216
1     -0.903681
2      0.815529
3      0.037642
4     -1.207520
         ...   
293    1.348642
294    0.720945
295    1.020509
296    1.228236
297   -1.717046
Name: obs-prior, Length: 298, dtype: float64
0      0.840216
1     -0.903681
2      0.815529
3      0.037642
4     -1.207520
         ...   
293    1.348642
294    0.720945
295    1.020509
296    1.228236
297   -1.717046
Name: obs-prior, Length: 298, dtype: float64
0      0.840216
1     -0.903681
2      0.815529
3      0.037642
4     -1.207520
         ...   
293    1.348642
294    0.720945
295    1.020509
296    1.228236
297   -1.717046
Name: obs-prior, Length: 298, dtype: float64
0      0.840216
1     -0.903681
2      0.815529
3      0.037642
4     -1.207520
         ...   
293    1.348642
294    0.720945
295    1.020509
296    1.228236
297   -1.717046
Name: obs-prior, Length: 298, dtype: float64
0      0.840216
1     -0.903681
2      0.815529
3      0.037642
4     -1.207520
         ...   
293    1.348642
294    0.720945
295    1.020509
296    1.228236
297   -1.717046
Name: obs-prior, Length: 298, dtype: float64
0      0.840216
1     -0.903681
2      0.815529
3      0.037642
4     -1.207520
         ...   
293    1.348642
294    0.720945
295    1.020509
296    1.228236
297   -1.717046
Name: obs-prior, Length: 298, dtype: float64
0      0.840216
1     -0.903681
2      0.815529
3      0.037642
4     -1.207520
         ...   
293    1.348642
294    0.720945
295    1.020509
296    1.228236
297   -1.717046
Name: obs-prior, Length: 298, dtype: float64
0      0.840216
1     -0.903681
2      0.815529
3      0.037642
4     -1.207520
         ...   
293    1.348642
294    0.720945
295    1.020509
296    1.228236
297   -1.717046
Name: obs-prior, Length: 298, dtype: float64
0      0.840216
1     -0.903681
2      0.815529
3      0.037642
4     -1.207520
         ...   
293    1.348642
294    0.720945
295    1.020509
296    1.228236
297   -1.717046
Name: obs-prior, Length: 298, dtype: float64
0      0.840216
1     -0.903681
2      0.815529
3      0.037642
4     -1.207520
         ...   
293    1.348642
294    0.720945
295    1.020509
296    1.228236
297   -1.717046
Name: obs-prior, Length: 298, dtype: float64
0      0.840216
1     -0.903681
2      0.815529
3      0.037642
4     -1.207520
         ...   
293    1.348642
294    0.720945
295    1.020509
296    1.228236
297   -1.717046
Name: obs-prior, Length: 298, dtype: float64
 region:  TR
0      -0.403730
1       0.751189
2       0.655615
3       0.425344
4      -1.020066
          ...   
6116    0.309162
6117    0.248404
6118   -0.047723
6119   -0.459685
6120    0.691419
Name: obs-prior, Length: 6121, dtype: float64
0      -0.403730
1       0.751189
2       0.655615
3       0.425344
4      -1.020066
          ...   
6116    0.309162
6117    0.248404
6118   -0.047723
6119   -0.459685
6120    0.691419
Name: obs-prior, Length: 6121, dtype: float64
0      -0.403730
1       0.751189
2       0.655615
3       0.425344
4      -1.020066
          ...   
6116    0.309162
6117    0.248404
6118   -0.047723
6119   -0.459685
6120    0.691419
Name: obs-prior, Length: 6121, dtype: float64
0      -0.403730
1       0.751189
2       0.655615
3       0.425344
4      -1.020066
          ...   
6116    0.309162
6117    0.248404
6118   -0.047723
6119   -0.459685
6120    0.691419
Name: obs-prior, Length: 6121, dtype: float64
0      -0.403730
1       0.751189
2       0.655615
3       0.425344
4      -1.020066
          ...   
6116    0.309162
6117    0.248404
6118   -0.047723
6119   -0.459685
6120    0.691419
Name: obs-prior, Length: 6121, dtype: float64
0      -0.403730
1       0.751189
2       0.655615
3       0.425344
4      -1.020066
          ...   
6116    0.309162
6117    0.248404
6118   -0.047723
6119   -0.459685
6120    0.691419
Name: obs-prior, Length: 6121, dtype: float64
0      -0.403730
1       0.751189
2       0.655615
3       0.425344
4      -1.020066
          ...   
6116    0.309162
6117    0.248404
6118   -0.047723
6119   -0.459685
6120    0.691419
Name: obs-prior, Length: 6121, dtype: float64
0      -0.403730
1       0.751189
2       0.655615
3       0.425344
4      -1.020066
          ...   
6116    0.309162
6117    0.248404
6118   -0.047723
6119   -0.459685
6120    0.691419
Name: obs-prior, Length: 6121, dtype: float64
0      -0.403730
1       0.751189
2       0.655615
3       0.425344
4      -1.020066
          ...   
6116    0.309162
6117    0.248404
6118   -0.047723
6119   -0.459685
6120    0.691419
Name: obs-prior, Length: 6121, dtype: float64
0      -0.403730
1       0.751189
2       0.655615
3       0.425344
4      -1.020066
          ...   
6116    0.309162
6117    0.248404
6118   -0.047723
6119   -0.459685
6120    0.691419
Name: obs-prior, Length: 6121, dtype: float64
0      -0.403730
1       0.751189
2       0.655615
3       0.425344
4      -1.020066
          ...   
6116    0.309162
6117    0.248404
6118   -0.047723
6119   -0.459685
6120    0.691419
Name: obs-prior, Length: 6121, dtype: float64
0      -0.403730
1       0.751189
2       0.655615
3       0.425344
4      -1.020066
          ...   
6116    0.309162
6117    0.248404
6118   -0.047723
6119   -0.459685
6120    0.691419
Name: obs-prior, Length: 6121, dtype: float64
0      -0.403730
1       0.751189
2       0.655615
3       0.425344
4      -1.020066
          ...   
6116    0.309162
6117    0.248404
6118   -0.047723
6119   -0.459685
6120    0.691419
Name: obs-prior, Length: 6121, dtype: float64
0      -0.403730
1       0.751189
2       0.655615
3       0.425344
4      -1.020066
          ...   
6116    0.309162
6117    0.248404
6118   -0.047723
6119   -0.459685
6120    0.691419
Name: obs-prior, Length: 6121, dtype: float64
0      -0.403730
1       0.751189
2       0.655615
3       0.425344
4      -1.020066
          ...   
6116    0.309162
6117    0.248404
6118   -0.047723
6119   -0.459685
6120    0.691419
Name: obs-prior, Length: 6121, dtype: float64
0      -0.403730
1       0.751189
2       0.655615
3       0.425344
4      -1.020066
          ...   
6116    0.309162
6117    0.248404
6118   -0.047723
6119   -0.459685
6120    0.691419
Name: obs-prior, Length: 6121, dtype: float64
0      -0.403730
1       0.751189
2       0.655615
3       0.425344
4      -1.020066
          ...   
6116    0.309162
6117    0.248404
6118   -0.047723
6119   -0.459685
6120    0.691419
Name: obs-prior, Length: 6121, dtype: float64

 processing obs:  SAT_U_WIND_COMPONENT
 region:  Global
 No obs:  SAT_U_WIND_COMPONENT  in region:  Global  at this time.
 region:  NH
 No obs:  SAT_U_WIND_COMPONENT  in region:  NH  at this time.
 region:  SH
 No obs:  SAT_U_WIND_COMPONENT  in region:  SH  at this time.
 region:  TR
 No obs:  SAT_U_WIND_COMPONENT  in region:  TR  at this time.

 processing obs:  SAT_V_WIND_COMPONENT
 region:  Global
 No obs:  SAT_V_WIND_COMPONENT  in region:  Global  at this time.
 region:  NH
 No obs:  SAT_V_WIND_COMPONENT  in region:  NH  at this time.
 region:  SH
 No obs:  SAT_V_WIND_COMPONENT  in region:  SH  at this time.
 region:  TR
 No obs:  SAT_V_WIND_COMPONENT  in region:  TR  at this time.

 processing obs:  GPSRO_REFRACTIVITY
 region:  Global
 No obs:  GPSRO_REFRACTIVITY  in region:  Global  at this time.
 region:  NH
 No obs:  GPSRO_REFRACTIVITY  in region:  NH  at this time.
 region:  SH
 No obs:  GPSRO_REFRACTIVITY  in region:  SH  at this time.
 region:  TR
 No obs:  GPSRO_REFRACTIVITY  in region:  TR  at this time.

 processing obs:  EOS_2_AMSUA_TB
 region:  Global
 No obs:  EOS_2_AMSUA_TB  in region:  Global  at this time.
 region:  NH
 No obs:  EOS_2_AMSUA_TB  in region:  NH  at this time.
 region:  SH
 No obs:  EOS_2_AMSUA_TB  in region:  SH  at this time.
 region:  TR
 No obs:  EOS_2_AMSUA_TB  in region:  TR  at this time.

 processing obs:  NOAA_15_AMSUA_TB
 region:  Global
 No obs:  NOAA_15_AMSUA_TB  in region:  Global  at this time.
 region:  NH
 No obs:  NOAA_15_AMSUA_TB  in region:  NH  at this time.
 region:  SH
 No obs:  NOAA_15_AMSUA_TB  in region:  SH  at this time.
 region:  TR
 No obs:  NOAA_15_AMSUA_TB  in region:  TR  at this time.

 processing obs:  NOAA_16_AMSUA_TB
 region:  Global
 No obs:  NOAA_16_AMSUA_TB  in region:  Global  at this time.
 region:  NH
 No obs:  NOAA_16_AMSUA_TB  in region:  NH  at this time.
 region:  SH
 No obs:  NOAA_16_AMSUA_TB  in region:  SH  at this time.
 region:  TR
 No obs:  NOAA_16_AMSUA_TB  in region:  TR  at this time.

 processing obs:  NOAA_17_AMSUA_TB
 region:  Global
 No obs:  NOAA_17_AMSUA_TB  in region:  Global  at this time.
 region:  NH
 No obs:  NOAA_17_AMSUA_TB  in region:  NH  at this time.
 region:  SH
 No obs:  NOAA_17_AMSUA_TB  in region:  SH  at this time.
 region:  TR
 No obs:  NOAA_17_AMSUA_TB  in region:  TR  at this time.

 processing obs:  NOAA_18_AMSUA_TB
 region:  Global
 No obs:  NOAA_18_AMSUA_TB  in region:  Global  at this time.
 region:  NH
 No obs:  NOAA_18_AMSUA_TB  in region:  NH  at this time.
 region:  SH
 No obs:  NOAA_18_AMSUA_TB  in region:  SH  at this time.
 region:  TR
 No obs:  NOAA_18_AMSUA_TB  in region:  TR  at this time.

 processing obs:  NOAA_19_AMSUA_TB
 region:  Global
 No obs:  NOAA_19_AMSUA_TB  in region:  Global  at this time.
 region:  NH
 No obs:  NOAA_19_AMSUA_TB  in region:  NH  at this time.
 region:  SH
 No obs:  NOAA_19_AMSUA_TB  in region:  SH  at this time.
 region:  TR
 No obs:  NOAA_19_AMSUA_TB  in region:  TR  at this time.

 processing obs:  METOP_1_AMSUA_TB
 region:  Global
 No obs:  METOP_1_AMSUA_TB  in region:  Global  at this time.
 region:  NH
 No obs:  METOP_1_AMSUA_TB  in region:  NH  at this time.
 region:  SH
 No obs:  METOP_1_AMSUA_TB  in region:  SH  at this time.
 region:  TR
 No obs:  METOP_1_AMSUA_TB  in region:  TR  at this time.

 processing obs:  METOP_2_AMSUA_TB
 region:  Global
 No obs:  METOP_2_AMSUA_TB  in region:  Global  at this time.
 region:  NH
 No obs:  METOP_2_AMSUA_TB  in region:  NH  at this time.
 region:  SH
 No obs:  METOP_2_AMSUA_TB  in region:  SH  at this time.
 region:  TR
 No obs:  METOP_2_AMSUA_TB  in region:  TR  at this time.

 processing obs:  VADWND_U_WIND_COMPONENT
 region:  Global
 No obs:  VADWND_U_WIND_COMPONENT  in region:  Global  at this time.
 region:  NH
 No obs:  VADWND_U_WIND_COMPONENT  in region:  NH  at this time.
 region:  SH
 No obs:  VADWND_U_WIND_COMPONENT  in region:  SH  at this time.
 region:  TR
 No obs:  VADWND_U_WIND_COMPONENT  in region:  TR  at this time.

 processing obs:  VADWND_V_WIND_COMPONENT
 region:  Global
 No obs:  VADWND_V_WIND_COMPONENT  in region:  Global  at this time.
 region:  NH
 No obs:  VADWND_V_WIND_COMPONENT  in region:  NH  at this time.
 region:  SH
 No obs:  VADWND_V_WIND_COMPONENT  in region:  SH  at this time.
 region:  TR
 No obs:  VADWND_V_WIND_COMPONENT  in region:  TR  at this time.

 processing obs:  LAND_SFC_PRESSURE
 region:  Global
 No obs:  LAND_SFC_PRESSURE  in region:  Global  at this time.
 region:  NH
 No obs:  LAND_SFC_PRESSURE  in region:  NH  at this time.
 region:  SH
 No obs:  LAND_SFC_PRESSURE  in region:  SH  at this time.
 region:  TR
 No obs:  LAND_SFC_PRESSURE  in region:  TR  at this time.

 processing obs:  MARINE_SFC_PRESSURE
 region:  Global
 No obs:  MARINE_SFC_PRESSURE  in region:  Global  at this time.
 region:  NH
 No obs:  MARINE_SFC_PRESSURE  in region:  NH  at this time.
 region:  SH
 No obs:  MARINE_SFC_PRESSURE  in region:  SH  at this time.
 region:  TR
 No obs:  MARINE_SFC_PRESSURE  in region:  TR  at this time.
Save assimilated: Global
Save assimilated: SH
Save assimilated: NH
Save assimilated: TR

 2024-03-25 13:47:22.416271
Execution Time:  0:00:11.796745

 -------------------- END ------------------- 

	Command being timed: "/work/cmcc/mg20022/.conda/envs/guatura/bin/python ./quick_spreads_diag.py"
	User time (seconds): 9.37
	System time (seconds): 3.52
	Percent of CPU this job got: 103%
	Elapsed (wall clock) time (h:mm:ss or m:ss): 0:12.50
	Average shared text size (kbytes): 0
	Average unshared data size (kbytes): 0
	Average stack size (kbytes): 0
	Average total size (kbytes): 0
	Maximum resident set size (kbytes): 561120
	Average resident set size (kbytes): 0
	Major (requiring I/O) page faults: 0
	Minor (reclaiming a frame) page faults: 69104
	Voluntary context switches: 4235
	Involuntary context switches: 1133378
	Swaps: 0
	File system inputs: 0
	File system outputs: 0
	Socket messages sent: 0
	Socket messages received: 0
	Signals delivered: 0
	Page size (bytes): 4096
	Exit status: 0
