 type   sat      day     hms     lat     lon     pre   spd   dir
WV10   GOES12  20050825  2245   40.98    73.35   225   25.9  325
WV10   GOES12  20050825  2245   38.94    74.72   325   26.1  321
WV10   GOES12  20050825  2245   37.75    74.60   337   23.6  319
WV10   GOES12  20050825  2245   37.49    73.90   300   22.7  314
WV10   GOES12  20050825  2245   36.98    75.66   137   23.0  305
WV10   GOES12  20050825  2245   36.85    73.90   150   27.0  318
WV10   GOES12  20050825  2245   36.34    75.42   137   21.9  304
WV10   GOES12  20050825  2245   35.71    74.95   150   24.6  308
WV10   GOES12  20050825  2245   32.56    71.30   450   12.5  296
WV10   GOES12  20050825  2245   29.44    89.82   150    9.2   71
WV10   GOES12  20050825  2245   28.90    94.83   175   13.3   96
WV10   GOES12  20050825  2245   28.78    94.57   175   13.7   96
WV10   GOES12  20050825  2245   28.83    87.62   150    7.0   70
WV10   GOES12  20050825  2245   28.23    94.78   175   15.9  101
WV10   GOES12  20050825  2245   28.09    93.61   137   17.8   93
WV10   GOES12  20050825  2245   28.18    92.84   287   14.0   92
WV10   GOES12  20050825  2245   28.28    92.63   275   13.6   88
WV10   GOES12  20050825  2245   28.23    90.83   137   13.5   81
WV10   GOES12  20050825  2245   28.21    90.05   300    7.1   86
WV10   GOES12  20050825  2245   28.16    87.74   275    6.5   86
WV10   GOES12  20050825  2245   27.82    87.04   275    6.6   84
WV10   GOES12  20050825  2245   27.39    92.23   287   14.0   94
WV10   GOES12  20050825  2245   27.31    88.92   262    8.4   96
WV10   GOES12  20050825  2245   27.08    88.34   275    7.1  102
WV10   GOES12  20050825  2245   27.28    87.72   200    6.2   99
WV10   GOES12  20050825  2245   27.14    72.13   312    9.6  343
WV10   GOES12  20050825  2245   26.39    91.38   325   18.2   87
WV10   GOES12  20050825  2245   26.81    90.69   287   13.3   94
WV10   GOES12  20050825  2245   26.75    88.29   212    7.1  102
WV10   GOES12  20050825  2245   26.52    87.41   200    5.5   89
WV10   GOES12  20050825  2245   26.02    93.85   212   13.6   78
WV10   GOES12  20050825  2245   25.90    93.16   212   13.7   80
WV10   GOES12  20050825  2245   25.96    86.06   150    4.6   98
WV10   GOES12  20050825  2245   25.94    94.75   275    8.7   99
WV10   GOES12  20050825  2245   25.58    93.45   212   12.4   78
WV10   GOES12  20050825  2245   25.57    92.90   212   13.5   79
WV10   GOES12  20050825  2245   26.06    91.24   300   18.6   84
WV10   GOES12  20050825  2245   25.76    87.01   225    6.8   91
WV10   GOES12  20050825  2245   25.85    86.07   150    5.1   96
WV10   GOES12  20050825  2245   25.85    85.76   150    4.9  101
WV10   GOES12  20050825  2245   25.83    84.71   150    8.8   97
WV10   GOES12  20050825  2245   25.86    72.29   400    5.3   51
WV10   GOES12  20050825  2245   25.37    93.52   212   13.1   74
WV10   GOES12  20050825  2245   25.15    93.04   212   12.8   75
WV10   GOES12  20050825  2245   25.34    92.09   300   13.7   80
WV10   GOES12  20050825  2245   24.72    87.93   237    9.9  105
WV10   GOES12  20050825  2245   25.23    86.84   225    8.5   91
WV10   GOES12  20050825  2245   25.22    86.21   150    6.1   90
WV10   GOES12  20050825  2245   24.88    84.61   162   11.1   95
WV10   GOES12  20050825  2245   24.62    93.38   175   11.2   72
WV10   GOES12  20050825  2245   23.97    86.80   175   10.9  118
WV10   GOES12  20050825  2245   24.45    83.95   137   12.7   90
WV10   GOES12  20050825  2245   24.27    73.13   250    4.0   42
WV10   GOES12  20050825  2245   24.07    70.62   387    6.8   45
WV10   GOES12  20050825  2245   23.27    93.68   137    8.7   62
WV10   GOES12  20050825  2245   23.46    93.18   312    8.5   66
WV10   GOES12  20050825  2245   23.55    86.75   175   12.9  120
WV10   GOES12  20050825  2245   23.23    86.10   162   15.2  107
WV10   GOES12  20050825  2245   22.87    94.59   137    4.4   74
WV10   GOES12  20050825  2245   22.91    85.96   237   15.0   98
WV10   GOES12  20050825  2245   22.36    94.50   275    5.5   90
WV10   GOES12  20050825  2245   22.23    93.72   275    5.5   90
WV10   GOES12  20050825  2245   21.94    89.04   137   18.5  136
WV10   GOES12  20050825  2245   22.20    85.99   212   16.8  105
WV10   GOES12  20050825  2245   21.43    94.56   287    5.3   99
WV10   GOES12  20050825  2245   21.36    91.15   137   11.2  124
WV10   GOES12  20050825  2245   21.48    85.52   175   18.3  106
WV10   GOES12  20050825  2245   20.35    91.22   312    8.6  106
WV10   GOES12  20050825  2245   20.53    82.56   212   10.7   91
WV10   GOES12  20050825  2245   20.42    81.67   137   15.6   64
WV10   GOES12  20050825  2245   20.50    78.92   162   15.2   62
WV10   GOES12  20050825  2245   19.88    92.72   312    7.4   61
WV10   GOES12  20050825  2245   19.72    81.14   150   28.1   67
WV10   GOES12  20050825  2245   19.99    74.06   237   10.0   19
WV10   GOES12  20050825  2245   19.40    93.92   312    9.1   56
WV10   GOES12  20050825  2245   19.39    93.49   162    8.9   56
WV10   GOES12  20050825  2245   19.27    92.54   162    9.2   65
WV10   GOES12  20050825  2245   19.05    83.55   162   19.7   84
WV10   GOES12  20050825  2245   19.19    73.96   187    6.0   28
WV10   GOES12  20050825  2245   18.71    94.13   237    9.7   55
WV10   GOES12  20050825  2245   18.79    93.41   162    9.5   59
WV10   GOES12  20050825  2245   18.48    86.27   150   24.0  108
WV10   GOES12  20050825  2245   18.38    85.96   150   23.6  108
WV10   GOES12  20050825  2245   17.80    87.00   225   25.7  112
WV10   GOES12  20050825  2245   17.89    86.42   150   22.3  111
WV10   GOES12  20050825  2245   17.68    84.93   187   19.1   93
WV10   GOES12  20050825  2245   17.78    84.64   212   19.4   95
WV10   GOES12  20050825  2245   18.01    75.50   575    7.3   44
WV10   GOES12  20050825  2245   16.83    87.02   200   23.6  108
WV10   GOES12  20050825  2245   17.29    85.19   187   16.0   97
WV10   GOES12  20050825  2245   17.23    75.78   575   11.8   33
WV10   GOES12  20050825  2245   17.23    75.40   575   10.5   39
WV10   GOES12  20050825  2245   16.73    87.01   200   21.5  105
WV10   GOES12  20050825  2245   15.11    72.39   137   10.4   56
WV10   GOES12  20050825  2245   14.92    72.01   137   10.5   52
WV10   GOES12  20050825  2245   15.30    71.16   137   10.5   35
WV10   GOES12  20050825  2245   14.26    78.01   212    8.1   46
WV10   GOES12  20050825  2245   14.45    77.64   137   15.3   51
WV10   GOES12  20050825  2245   14.35    76.98   150   16.4   51
WV10   GOES12  20050825  2245   14.44    76.23   137   13.9   57
WV10   GOES12  20050825  2245   14.44    74.36   187    9.7   54
WV10   GOES12  20050825  2245   14.53    73.61   175    9.8   51
WV10   GOES12  20050825  2245   14.53    73.24   137    9.7   51
WV10   GOES12  20050825  2245   14.34    72.68   212   11.7   51
WV10   GOES12  20050825  2245   14.25    71.93   237   12.3   53
WV10   GOES12  20050825  2245   14.34    71.27   162   12.0   51
WV10   GOES12  20050825  2245   13.88    90.73   137   10.3   88
WV10   GOES12  20050825  2245   13.98    90.44   137   10.9   96
WV10   GOES12  20050825  2245   13.68    76.69   212   13.9   50
WV10   GOES12  20050825  2245   13.68    75.67   137   12.7   53
WV10   GOES12  20050825  2245   13.77    75.11   162   13.3   49
WV10   GOES12  20050825  2245   13.87    74.64   187   10.9   48
WV10   GOES12  20050825  2245   13.68    73.90   162   10.5   56
WV10   GOES12  20050825  2245   13.87    72.96   150   11.5   52
WV10   GOES12  20050825  2245   13.68    72.59   187   12.7   50
WV10   GOES12  20050825  2245   13.77    71.85   237   11.2   54
WV10   GOES12  20050825  2245   13.77    71.38   250   11.9   54
WV10   GOES12  20050825  2245   13.11    76.41   225   12.3   51
WV10   GOES12  20050825  2245   13.30    75.67   137   13.1   52
WV10   GOES12  20050825  2245   13.02    74.83   162   13.3   52
WV10   GOES12  20050825  2245   13.11    74.18   162   11.0   52
WV10   GOES12  20050825  2245   13.20    72.60   175   12.1   55
WV10   GOES12  20050825  2245   13.30    72.22   187   12.0   55
WV11   GOES12  20050825  2245   38.54    72.08   450   17.3  324
WV11   GOES12  20050825  2245   37.88    75.20   325   19.5  314
WV11   GOES12  20050825  2245   37.62    73.90   300   22.4  317
WV11   GOES12  20050825  2245   36.98    75.66   137   22.9  305
WV11   GOES12  20050825  2245   36.85    74.72   150   20.9  311
WV11   GOES12  20050825  2245   36.59    74.26   150   26.1  318
WV11   GOES12  20050825  2245   37.23    72.37   450   13.6  302
WV11   GOES12  20050825  2245   36.09    74.38   150   23.4  318
WV11   GOES12  20050825  2245   36.21    73.80   150   22.9  315
WV11   GOES12  20050825  2245   35.84    72.07   462   11.5  317
WV11   GOES12  20050825  2245   35.97    71.03   475   10.5  315
WV11   GOES12  20050825  2245   35.72    70.46   475   10.3  320
WV11   GOES12  20050825  2245   34.97    75.97   387   16.4  317
WV11   GOES12  20050825  2245   35.22    74.72   350   25.0  316
WV11   GOES12  20050825  2245   35.22    74.49   350   24.4  317
WV11   GOES12  20050825  2245   35.47    71.74   462   11.2  320
WV11   GOES12  20050825  2245   35.22    71.29   475   11.1  326
WV11   GOES12  20050825  2245   34.48    73.03   437   11.3  289
WV11   GOES12  20050825  2245   34.36    72.24   437   12.7  305
WV11   GOES12  20050825  2245   34.48    71.56   450   13.2  317
WV11   GOES12  20050825  2245   34.24    71.00   450   16.2  320
WV11   GOES12  20050825  2245   33.63    72.82   425   12.1  285
WV11   GOES12  20050825  2245   32.68    72.73   287   13.6  294
WV11   GOES12  20050825  2245   32.56    71.30   412   12.8  296
WV11   GOES12  20050825  2245   32.45    70.87   400   14.0  296
WV11   GOES12  20050825  2245   31.63    71.67   275   11.9  297
WV11   GOES12  20050825  2245   30.25    74.40   225   11.3  354
WV11   GOES12  20050825  2245   29.36    86.16   350    7.1   17
WV11   GOES12  20050825  2245   28.90    94.94   175   14.4   97
WV11   GOES12  20050825  2245   28.78    94.57   162   16.7   95
WV11   GOES12  20050825  2245   28.74    93.30   175   16.1   90
WV11   GOES12  20050825  2245   28.84    92.63   237   13.1   86
WV11   GOES12  20050825  2245   28.71    91.93   250   15.6   80
WV11   GOES12  20050825  2245   28.68    91.03   137   13.0   77
WV11   GOES12  20050825  2245   28.49    87.46   275    7.2   76
WV11   GOES12  20050825  2245   27.99    94.16   212   18.2   95
WV11   GOES12  20050825  2245   28.09    93.72   137   18.2   94
WV11   GOES12  20050825  2245   28.18    92.84   275   14.4   92
WV11   GOES12  20050825  2245   28.21    90.05   312    7.6   87
WV11   GOES12  20050825  2245   27.82    87.15   275    6.7   87
WV11   GOES12  20050825  2245   27.81    86.50   275    6.4   88
WV11   GOES12  20050825  2245   28.01    85.78   150    9.2  130
WV11   GOES12  20050825  2245   27.90    73.15   312   11.9  344
WV11   GOES12  20050825  2245   27.33    94.24   150   18.1   94
WV11   GOES12  20050825  2245   27.50    92.36   300   14.1   93
WV11   GOES12  20050825  2245   27.37    91.56   287   14.2   93
WV11   GOES12  20050825  2245   27.36    91.12   287   13.0   93
WV11   GOES12  20050825  2245   27.23    90.32   187   11.5  100
WV11   GOES12  20050825  2245   27.31    89.03   262    9.0   96
WV11   GOES12  20050825  2245   27.30    88.48   275    8.0  101
WV11   GOES12  20050825  2245   27.28    87.62   200    6.7   99
WV11   GOES12  20050825  2245   27.38    87.09   275    7.3   91
WV11   GOES12  20050825  2245   26.93    86.29   237    5.2   99
WV11   GOES12  20050825  2245   27.24    85.47   150    8.4  118
WV11   GOES12  20050825  2245   27.36    73.99   300   12.9  352
WV11   GOES12  20050825  2245   27.14    72.13   312    9.2  346
WV11   GOES12  20050825  2245   27.14    72.03   300    8.9  346
WV11   GOES12  20050825  2245   26.55    93.51   312   15.6   82
WV11   GOES12  20050825  2245   26.39    91.38   300   17.6   88
WV11   GOES12  20050825  2245   26.59    90.54   287   16.0  103
WV11   GOES12  20050825  2245   26.69    90.23   262   14.1  103
WV11   GOES12  20050825  2245   26.45    89.44   200   13.5  106
WV11   GOES12  20050825  2245   26.76    88.40   275    7.8  102
WV11   GOES12  20050825  2245   26.52    87.62   200    6.0   96
WV11   GOES12  20050825  2245   26.52    87.30   237    5.4   92
WV11   GOES12  20050825  2245   26.28    86.31   150    4.6   88
WV11   GOES12  20050825  2245   26.38    85.59   150    5.5  104
WV11   GOES12  20050825  2245   26.02    93.63   212   14.2   80
WV11   GOES12  20050825  2245   26.00    93.07   212   14.3   80
WV11   GOES12  20050825  2245   25.87    91.95   287   17.1   86
WV11   GOES12  20050825  2245   25.83    90.42   312   15.7  108
WV11   GOES12  20050825  2245   25.91    89.35   200   14.3  109
WV11   GOES12  20050825  2245   25.79    88.69   287   10.9  103
WV11   GOES12  20050825  2245   25.96    86.06   150    4.9   99
WV11   GOES12  20050825  2245   26.14    94.12   275    8.9   95
WV11   GOES12  20050825  2245   25.68    93.25   212   12.8   81
WV11   GOES12  20050825  2245   25.99    92.54   300   14.7   82
WV11   GOES12  20050825  2245   25.86    91.86   300   17.6   81
WV11   GOES12  20050825  2245   25.74    91.07   300   18.5   83
WV11   GOES12  20050825  2245   25.61    90.19   200   15.6   96
WV11   GOES12  20050825  2245   25.70    89.34   200   15.9  106
WV11   GOES12  20050825  2245   25.80    89.03   200   13.4  109
WV11   GOES12  20050825  2245   25.87    87.13   225    7.6   94
WV11   GOES12  20050825  2245   25.65    86.57   225    8.1   91
WV11   GOES12  20050825  2245   25.85    85.76   150    5.0  102
WV11   GOES12  20050825  2245   25.73    84.80   150    8.6  100
WV11   GOES12  20050825  2245   25.43    71.38   375    7.0   24
WV11   GOES12  20050825  2245   25.44    70.77   400    6.6   24
WV11   GOES12  20050825  2245   25.06    94.02   212   12.3   73
WV11   GOES12  20050825  2245   25.37    93.63   212   13.3   75
WV11   GOES12  20050825  2245   25.15    93.04   212   12.0   78
WV11   GOES12  20050825  2245   25.34    92.09   300   14.2   81
WV11   GOES12  20050825  2245   24.88    90.50   325   11.3   89
WV11   GOES12  20050825  2245   25.18    89.90   187   20.8  101
WV11   GOES12  20050825  2245   25.16    88.84   200   14.7  110
WV11   GOES12  20050825  2245   25.04    87.97   237   11.0  119
WV11   GOES12  20050825  2245   24.71    87.51   237   10.3  108
WV11   GOES12  20050825  2245   25.23    86.63   225    9.3   92
WV11   GOES12  20050825  2245   24.88    84.61   175    9.1   94
WV11   GOES12  20050825  2245   25.12    71.70   312    8.5   21
WV11   GOES12  20050825  2245   24.91    70.79   375    6.6   35
WV11   GOES12  20050825  2245   24.35    94.98   337   10.1  101
WV11   GOES12  20050825  2245   24.32    93.87   175   10.3   62
WV11   GOES12  20050825  2245   24.62    93.27   175   11.7   72
WV11   GOES12  20050825  2245   24.49    86.65   162    9.8  110
WV11   GOES12  20050825  2245   23.82    94.99   350    8.3  103
WV11   GOES12  20050825  2245   23.71    94.53   137    9.6   87
WV11   GOES12  20050825  2245   23.58    93.52   137    9.3   66
WV11   GOES12  20050825  2245   23.47    88.40   350    5.7  136
WV11   GOES12  20050825  2245   23.76    86.98   175   12.2  122
WV11   GOES12  20050825  2245   23.23    86.10   162   15.0  108
WV11   GOES12  20050825  2245   22.77    94.36   175    5.2   76
WV11   GOES12  20050825  2245   22.76    94.03   275    5.6   83
WV11   GOES12  20050825  2245   23.05    93.21   325    8.1   69
WV11   GOES12  20050825  2245   22.79    90.72   287    4.0  108
WV11   GOES12  20050825  2245   22.62    87.16   275    9.4  127
WV11   GOES12  20050825  2245   22.46    94.63   275    4.4   83
WV11   GOES12  20050825  2245   22.23    93.72   275    4.8   87
WV11   GOES12  20050825  2245   22.21    92.43   162    4.1   81
WV11   GOES12  20050825  2245   21.90    86.98   350   11.2  127
WV11   GOES12  20050825  2245   21.89    86.27   162   16.8  108
WV11   GOES12  20050825  2245   21.33    94.54   287    5.5   96
WV11   GOES12  20050825  2245   21.53    94.14   300    5.2   92
WV11   GOES12  20050825  2245   21.07    91.63   137   13.1  123
WV11   GOES12  20050825  2245   21.48    85.83   162   17.6  106
WV11   GOES12  20050825  2245   20.99    74.93   312    6.8   16
WV11   GOES12  20050825  2245   20.72    94.65   137    4.6  101
WV11   GOES12  20050825  2245   20.53    82.56   200   10.7   94
WV11   GOES12  20050825  2245   20.42    81.76   137   14.3   64
WV11   GOES12  20050825  2245   20.50    78.83   175   11.6   67
WV11   GOES12  20050825  2245   20.39    73.37   237   13.6   12
WV11   GOES12  20050825  2245   20.20    93.93   312    4.1  112
WV11   GOES12  20050825  2245   20.18    92.77   300    7.1   65
WV11   GOES12  20050825  2245   19.75    91.46   137   15.8  111
WV11   GOES12  20050825  2245   20.03    82.82   175   10.1  100
WV11   GOES12  20050825  2245   20.03    82.53   200   10.4   99
WV11   GOES12  20050825  2245   19.72    81.14   150   27.9   67
WV11   GOES12  20050825  2245   19.71    79.48   150   19.3   63
WV11   GOES12  20050825  2245   19.59    74.35   262    9.6   29
WV11   GOES12  20050825  2245   19.39    93.39   162    8.9   60
WV11   GOES12  20050825  2245   19.27    92.54   162    9.8   58
WV11   GOES12  20050825  2245   19.16    91.79   150   10.6   71
WV11   GOES12  20050825  2245   18.39    93.36   137    9.8   62
WV11   GOES12  20050825  2245   18.38    86.16   150   24.7  105
WV11   GOES12  20050825  2245   18.58    85.68   150   25.3   98
WV11   GOES12  20050825  2245   18.37    85.07   137   24.1   92
WV11   GOES12  20050825  2245   18.45    83.51   137   21.0   89
WV11   GOES12  20050825  2245   18.55    82.83   137   19.2   95
WV11   GOES12  20050825  2245   18.64    82.06   137   18.9   93
WV11   GOES12  20050825  2245   18.60    74.35   212    5.8   31
WV11   GOES12  20050825  2245   17.91    87.61   337   13.3  114
WV11   GOES12  20050825  2245   17.89    86.42   150   24.2  109
WV11   GOES12  20050825  2245   17.78    84.64   212   18.3   94
WV11   GOES12  20050825  2245   17.78    84.54   212   19.2   93
WV11   GOES12  20050825  2245   16.83    87.02   200   19.2  109
WV11   GOES12  20050825  2245   16.92    86.24   200   19.7  103
WV11   GOES12  20050825  2245   17.39    85.49   187   17.2   95
WV11   GOES12  20050825  2245   17.29    85.10   187   16.5   98
WV11   GOES12  20050825  2245   16.73    87.01   200   18.8  106
WV11   GOES12  20050825  2245   15.49    72.01   137    9.5   52
WV11   GOES12  20050825  2245   15.68    71.06   137    9.3   39
WV11   GOES12  20050825  2245   15.11    74.83   162    7.1   52
WV11   GOES12  20050825  2245   15.11    72.39   137   10.2   55
WV11   GOES12  20050825  2245   15.20    71.54   137   10.5   45
WV11   GOES12  20050825  2245   14.82    70.98   137   11.4   41
WV11   GOES12  20050825  2245   14.45    77.64   137   15.4   51
WV11   GOES12  20050825  2245   14.35    76.98   150   16.2   51
WV11   GOES12  20050825  2245   14.44    76.23   137   14.0   54
WV11   GOES12  20050825  2245   14.44    74.27   187    9.9   59
WV11   GOES12  20050825  2245   14.53    73.61   175   10.1   55
WV11   GOES12  20050825  2245   14.34    72.68   212   11.6   52
WV11   GOES12  20050825  2245   14.63    72.21   137   10.6   56
WV11   GOES12  20050825  2245   14.25    71.56   237   12.5   51
WV11   GOES12  20050825  2245   14.25    71.18   162   12.1   47
WV11   GOES12  20050825  2245   13.92    93.65   187   16.1   72
WV11   GOES12  20050825  2245   14.01    92.85   187   15.6   74
WV11   GOES12  20050825  2245   13.90    92.13   337   13.0   80
WV11   GOES12  20050825  2245   13.80    91.22   350   13.8   84
WV11   GOES12  20050825  2245   13.88    90.73   137   11.7   89
WV11   GOES12  20050825  2245   13.88    90.24   137   12.2   92
WV11   GOES12  20050825  2245   13.68    76.69   212   14.0   50
WV11   GOES12  20050825  2245   13.49    76.22   175   13.3   53
WV11   GOES12  20050825  2245   13.59    75.29   162   13.4   50
WV11   GOES12  20050825  2245   13.87    74.74   187   11.3   50
WV11   GOES12  20050825  2245   13.77    74.27   162   11.5   55
WV11   GOES12  20050825  2245   13.77    73.71   162   11.3   62
WV11   GOES12  20050825  2245   13.87    72.87   150   11.8   52
WV11   GOES12  20050825  2245   13.87    72.22   237   11.9   52
WV11   GOES12  20050825  2245   13.77    71.38   187   13.5   53
WV11   GOES12  20050825  2245   13.96    71.00   187   12.8   45
WV11   GOES12  20050825  2245   13.26    94.09   337   11.2   78
WV11   GOES12  20050825  2245   13.41    91.09   137   11.1   95
WV11   GOES12  20050825  2245   13.22    90.68   137   11.0   95
WV11   GOES12  20050825  2245   13.21    76.50   225   12.5   49
WV11   GOES12  20050825  2245   13.21    75.76   162   13.2   52
WV11   GOES12  20050825  2245   13.21    75.29   200   13.5   50
WV11   GOES12  20050825  2245   13.02    74.27   137   12.3   57
WV11   GOES12  20050825  2245   13.11    74.09   162   11.6   59
WV11   GOES12  20050825  2245   13.30    73.15   137   12.3   56
WV11   GOES12  20050825  2245   13.20    72.60   175   12.1   56
WV11   GOES12  20050825  2245   13.02    72.23   187   11.6   60
IR     GOES12  20050825  2245   13.59    90.67   137   11.5   99
IR     GOES12  20050825  2245   13.59    90.65   137   11.8   98
IR     GOES12  20050825  2245   13.90    82.93   175   11.1  101
IR     GOES12  20050825  2245   13.86    82.43   187    7.8   71
IR     GOES12  20050825  2245   13.71    81.88   250   11.6  120
IR     GOES12  20050825  2245   13.52    81.71   237    8.4  114
IR     GOES12  20050825  2245   13.77    78.63   162    6.5   38
IR     GOES12  20050825  2245   13.69    78.35   162    9.0   56
IR     GOES12  20050825  2245   13.54    78.17   162    9.6   61
IR     GOES12  20050825  2245   13.50    77.85   162   12.5   39
IR     GOES12  20050825  2245   13.50    77.51   137   13.7   47
IR     GOES12  20050825  2245   13.50    76.57   175   15.5   54
IR     GOES12  20050825  2245   13.84    75.53   137    9.6   65
IR     GOES12  20050825  2245   13.73    75.15   162   15.5   47
IR     GOES12  20050825  2245   13.61    75.04   187   15.3   44
IR     GOES12  20050825  2245   13.46    74.49   162    8.6   46
IR     GOES12  20050825  2245   13.50    74.17   162   11.7   60
IR     GOES12  20050825  2245   13.50    74.06   162   12.2   60
IR     GOES12  20050825  2245   13.88    73.74   162    9.9   72
IR     GOES12  20050825  2245   13.81    73.06   150   14.6   52
IR     GOES12  20050825  2245   13.62    72.68   187   14.2   52
IR     GOES12  20050825  2245   13.69    72.63   187   14.8   50
IR     GOES12  20050825  2245   13.43    72.23   187   12.7   55
IR     GOES12  20050825  2245   13.73    71.95   250   11.0   63
IR     GOES12  20050825  2245   13.70    70.93   212   15.7   50
IR     GOES12  20050825  2245   13.73    70.88   200   15.9   51
IR     GOES12  20050825  2245   13.74    70.22   212   18.7   52
IR     GOES12  20050825  2245   13.89    69.53   175   19.4   48
IR     GOES12  20050825  2245   13.49    66.76   187   16.6   53
IR     GOES12  20050825  2245   13.37    91.08   812   12.0   91
IR     GOES12  20050825  2245   13.00    88.44   175   14.4   76
IR     GOES12  20050825  2245   12.99    87.93   175   15.4   80
IR     GOES12  20050825  2245   12.99    87.90   162   15.4   80
IR     GOES12  20050825  2245   13.22    82.28   187    6.1  100
IR     GOES12  20050825  2245   13.29    82.04   250   12.8  117
IR     GOES12  20050825  2245   12.95    81.47   275   15.8   95
IR     GOES12  20050825  2245   12.95    81.45   275   16.2   95
IR     GOES12  20050825  2245   13.05    77.48   162   12.4   43
IR     GOES12  20050825  2245   13.28    77.06   137   16.9   55
IR     GOES12  20050825  2245   13.27    76.57   212   15.7   51
IR     GOES12  20050825  2245   13.24    76.51   225   15.5   50
IR     GOES12  20050825  2245   13.12    75.81   162   15.5   55
IR     GOES12  20050825  2245   13.24    75.57   137   14.3   52
IR     GOES12  20050825  2245   13.27    74.81   162   13.7   49
IR     GOES12  20050825  2245   13.27    74.77   162   13.0   46
IR     GOES12  20050825  2245   13.24    74.15   162   13.2   64
IR     GOES12  20050825  2245   13.27    73.60   137   14.0   50
IR     GOES12  20050825  2245   13.31    72.60   162   13.9   54
IR     GOES12  20050825  2245   13.35    72.13   187   12.7   56
IR     GOES12  20050825  2245   13.29    67.64   237    8.5   87
IR     GOES12  20050825  2245   13.29    67.48   225    9.2   86
IR     GOES12  20050825  2245   12.96    66.79   137   18.3   52
IR     GOES12  20050825  2245   12.54    91.81   812    9.7   87
IR     GOES12  20050825  2245   12.62    88.12   225   12.5   71
IR     GOES12  20050825  2245   12.61    81.65   262   13.8   95
IR     GOES12  20050825  2245   12.53    81.46   325   12.6  101
IR     GOES12  20050825  2245   12.38    81.18   300   13.8  101
IR     GOES12  20050825  2245   12.46    80.86   250    7.1  117
IR     GOES12  20050825  2245   12.26    79.07   275    9.3  120
IR     GOES12  20050825  2245   12.33    77.29   150   12.0   29
IR     GOES12  20050825  2245   12.37    76.95   150   14.3   24
IR     GOES12  20050825  2245   12.71    75.64   162   16.2   55
IR     GOES12  20050825  2245   12.60    70.22   300    8.4  120
IR     GOES12  20050825  2245   12.38    69.42   287    7.7  120
IR     GOES12  20050825  2245   12.38    69.40   287    8.0  119
IR     GOES12  20050825  2245   12.81    66.64   137   16.4   53
IR     GOES12  20050825  2245   12.77    66.41   150   19.4   59
IR     GOES12  20050825  2245   11.91    93.15   175   11.5  102
IR     GOES12  20050825  2245   12.21    92.85   225   12.9   99
IR     GOES12  20050825  2245   12.24    92.54   225   14.3   90
IR     GOES12  20050825  2245   12.28    92.04   212   12.8   91
IR     GOES12  20050825  2245   12.23    91.76   187   11.8   87
IR     GOES12  20050825  2245   12.12    87.35   187   13.1   74
IR     GOES12  20050825  2245   11.74    87.15   225   19.3   70
IR     GOES12  20050825  2245   11.82    81.97   262   11.7  103
IR     GOES12  20050825  2245   12.04    81.47   300    8.4  104
IR     GOES12  20050825  2245   12.01    81.32   300    8.7   96
IR     GOES12  20050825  2245   12.22    79.07   275    9.2  119
IR     GOES12  20050825  2245   12.14    77.07   150   12.4   42
IR     GOES12  20050825  2245   12.11    77.03   150   12.8   32
IR     GOES12  20050825  2245   11.81    74.03   137   11.7  101
IR     GOES12  20050825  2245   11.88    73.75   137   17.6   86
IR     GOES12  20050825  2245   12.24    67.65   187   14.3   73
IR     GOES12  20050825  2245   12.02    66.46   137   17.5   57
IR     GOES12  20050825  2245   11.72    65.09   250    7.9   70
IR     GOES12  20050825  2245   11.28    94.64   287   13.0   68
IR     GOES12  20050825  2245   11.28    94.52   250   12.9   68
IR     GOES12  20050825  2245   11.68    93.17   175   11.6  106
IR     GOES12  20050825  2245   11.68    93.06   175   12.3  105
IR     GOES12  20050825  2245   11.41    92.22   237   13.2  105
IR     GOES12  20050825  2245   11.52    91.98   212   13.5  103
IR     GOES12  20050825  2245   11.48    87.11   237   19.1   64
IR     GOES12  20050825  2245   11.37    81.92   212   11.5   88
IR     GOES12  20050825  2245   11.22    80.21   262    9.5  100
IR     GOES12  20050825  2245   11.43    77.17   200   11.7   57
IR     GOES12  20050825  2245   11.39    77.07   175   13.1   55
IR     GOES12  20050825  2245   11.58    76.64   137   14.0   34
IR     GOES12  20050825  2245   11.58    76.41   150   14.2   26
IR     GOES12  20050825  2245   11.28    74.47   150   12.7   91
IR     GOES12  20050825  2245   11.25    71.90   150   19.2   69
IR     GOES12  20050825  2245   11.14    69.58   275    8.5   90
IR     GOES12  20050825  2245   11.17    94.74   250   13.3   68
IR     GOES12  20050825  2245   11.09    94.23   225   12.6   84
IR     GOES12  20050825  2245   11.13    94.18   212   12.7   83
IR     GOES12  20050825  2245   11.15    92.59   175    8.2   98
IR     GOES12  20050825  2245   11.06    77.36   200    6.9   60
IR     GOES12  20050825  2245   11.02    76.03   225   14.0   27
IR     GOES12  20050825  2245   11.02    72.16   137    7.8   86
IR     GOES12  20050825  2245   11.02    72.09   137    8.5   83
IR     GOES12  20050825  2245   11.02    71.69   150   17.6   63
IR     GOES12  20050825  2245   11.10    69.54   275    9.1   83
IR     GOES12  20050825  2245   41.00    74.00   225   28.6  320
IR     GOES12  20050825  2245   40.94    73.66   212   31.7  322
IR     GOES12  20050825  2245   37.97    75.30   237   34.9  315
IR     GOES12  20050825  2245   38.29    75.00   150   35.4  317
IR     GOES12  20050825  2245   37.97    74.56   162   34.9  321
IR     GOES12  20050825  2245   38.02    74.18   162   39.9  319
IR     GOES12  20050825  2245   38.27    69.03   906    6.3  359
IR     GOES12  20050825  2245   38.27    68.83   906    5.8  354
IR     GOES12  20050825  2245   38.08    67.34   868    5.6  343
IR     GOES12  20050825  2245   38.08    67.28   850    5.9  340
IR     GOES12  20050825  2245   38.10    66.51   850    6.2  311
IR     GOES12  20050825  2245   38.15    66.42   831    6.3  305
IR     GOES12  20050825  2245   38.21    65.85   850    5.8  305
IR     GOES12  20050825  2245   38.32    65.56   850   10.0  292
IR     GOES12  20050825  2245   37.87    75.41   250   34.0  315
IR     GOES12  20050825  2245   37.71    75.08   150   34.8  317
IR     GOES12  20050825  2245   37.76    74.65   162   35.0  322
IR     GOES12  20050825  2245   37.35    74.08   175   39.6  322
IR     GOES12  20050825  2245   37.35    73.89   162   39.0  321
IR     GOES12  20050825  2245   37.31    70.85   906    4.0  359
IR     GOES12  20050825  2245   37.44    68.83   906    7.3  356
IR     GOES12  20050825  2245   37.33    68.73   906    6.7  357
IR     GOES12  20050825  2245   37.92    67.77   887    7.2  345
IR     GOES12  20050825  2245   37.82    67.18   831    6.2  338
IR     GOES12  20050825  2245   37.89    66.48   850    6.5  312
IR     GOES12  20050825  2245   37.53    66.14   850    7.3  300
IR     GOES12  20050825  2245   37.43    65.75   868    5.9  309
IR     GOES12  20050825  2245   37.80    65.42   831   10.9  282
IR     GOES12  20050825  2245   36.48    74.57   150   27.1  318
IR     GOES12  20050825  2245   37.04    73.90   162   38.4  321
IR     GOES12  20050825  2245   36.99    73.74   150   36.0  319
IR     GOES12  20050825  2245   37.06    70.62   906    5.4    5
IR     GOES12  20050825  2245   36.72    68.87   887    6.7  340
IR     GOES12  20050825  2245   36.93    68.04   887    7.1  328
IR     GOES12  20050825  2245   36.78    67.87   887    7.5  327
IR     GOES12  20050825  2245   36.91    65.79   868    4.5  306
IR     GOES12  20050825  2245   36.72    65.44   200   44.2  226
IR     GOES12  20050825  2245   36.27    75.87   137   23.9  300
IR     GOES12  20050825  2245   36.32    74.55   150   26.6  318
IR     GOES12  20050825  2245   36.22    74.10   150   28.4  321
IR     GOES12  20050825  2245   35.78    71.76   887    4.1   24
IR     GOES12  20050825  2245   35.90    66.04   200   37.8  223
IR     GOES12  20050825  2245   36.25    65.69   200   43.2  224
IR     GOES12  20050825  2245   36.32    65.12   200   32.9  234
IR     GOES12  20050825  2245   36.37    65.03   200   32.2  235
IR     GOES12  20050825  2245   34.97    75.47   906    4.9   61
IR     GOES12  20050825  2245   35.52    74.84   150   28.6  321
IR     GOES12  20050825  2245   35.47    74.55   162   35.0  323
IR     GOES12  20050825  2245   35.49    66.28   200   29.7  224
IR     GOES12  20050825  2245   35.59    66.10   200   33.9  223
IR     GOES12  20050825  2245   35.11    65.29   237   29.3  236
IR     GOES12  20050825  2245   34.63    75.44   906    4.8   51
IR     GOES12  20050825  2245   34.29    72.63   906    4.7   80
IR     GOES12  20050825  2245   34.30    66.84   200   29.9  226
IR     GOES12  20050825  2245   34.89    66.40   200   32.6  221
IR     GOES12  20050825  2245   34.80    65.99   237   22.4  229
IR     GOES12  20050825  2245   34.81    65.46   262   24.0  239
IR     GOES12  20050825  2245   33.90    74.18   887    4.4   97
IR     GOES12  20050825  2245   33.76    67.11   200   29.2  224
IR     GOES12  20050825  2245   34.10    66.89   200   30.1  224
IR     GOES12  20050825  2245   33.82    66.58   250   20.9  236
IR     GOES12  20050825  2245   33.98    65.65   262   23.2  236
IR     GOES12  20050825  2245   33.74    65.13   312   19.4  234
IR     GOES12  20050825  2245   33.18    75.05   850    5.1   83
IR     GOES12  20050825  2245   33.23    74.95   850    4.2   80
IR     GOES12  20050825  2245   33.22    68.30   850    4.0  284
IR     GOES12  20050825  2245   33.27    67.81   500    4.2  301
IR     GOES12  20050825  2245   33.18    67.22   200   23.3  234
IR     GOES12  20050825  2245   33.19    66.86   262   21.0  235
IR     GOES12  20050825  2245   33.09    66.79   250   21.6  234
IR     GOES12  20050825  2245   32.91    66.22   312   15.0  257
IR     GOES12  20050825  2245   33.01    65.72   312   18.3  230
IR     GOES12  20050825  2245   32.88    65.38   150   16.5  262
IR     GOES12  20050825  2245   32.24    78.24   550    5.1   88
IR     GOES12  20050825  2245   32.24    78.21   550    5.2   88
IR     GOES12  20050825  2245   32.35    69.36   850    7.6  283
IR     GOES12  20050825  2245   32.59    69.12   850    6.2  275
IR     GOES12  20050825  2245   32.32    68.17   287   11.6  265
IR     GOES12  20050825  2245   32.09    67.84   275   17.3  266
IR     GOES12  20050825  2245   32.14    67.61   300   20.5  280
IR     GOES12  20050825  2245   32.61    67.15   225   20.5  265
IR     GOES12  20050825  2245   32.62    66.67   287   19.1  253
IR     GOES12  20050825  2245   32.62    66.44   312   15.6  263
IR     GOES12  20050825  2245   32.12    65.57   237   15.7  239
IR     GOES12  20050825  2245   31.40    78.18   237    7.5  347
IR     GOES12  20050825  2245   31.30    77.38   287    8.2  346
IR     GOES12  20050825  2245   31.48    74.88   287   11.2  341
IR     GOES12  20050825  2245   31.67    74.33   437    4.0  348
IR     GOES12  20050825  2245   31.53    73.88   275   13.7  329
IR     GOES12  20050825  2245   31.39    73.46   275   16.9  326
IR     GOES12  20050825  2245   31.53    72.79   275   13.2  318
IR     GOES12  20050825  2245   31.40    72.02   275   13.2  330
IR     GOES12  20050825  2245   31.40    71.30   275   11.4  315
IR     GOES12  20050825  2245   31.64    70.31   300   21.4  298
IR     GOES12  20050825  2245   31.60    70.19   287   18.2  294
IR     GOES12  20050825  2245   31.52    68.72   275   17.4  274
IR     GOES12  20050825  2245   31.61    68.56   262   17.3  273
IR     GOES12  20050825  2245   31.85    68.16   275   14.4  273
IR     GOES12  20050825  2245   32.00    67.65   300   19.5  278
IR     GOES12  20050825  2245   31.44    67.30   275   14.6  292
IR     GOES12  20050825  2245   31.45    66.89   275   14.8  274
IR     GOES12  20050825  2245   31.82    66.57   175   13.5  265
IR     GOES12  20050825  2245   31.88    65.93   262    8.3  270
IR     GOES12  20050825  2245   31.98    65.41   262   11.0  254
IR     GOES12  20050825  2245   31.07    77.64   225   11.2  329
IR     GOES12  20050825  2245   30.75    76.99   275   13.2  337
IR     GOES12  20050825  2245   31.07    74.93   425   10.1  323
IR     GOES12  20050825  2245   30.70    73.40   362    7.8  341
IR     GOES12  20050825  2245   31.26    72.74   275   14.1  323
IR     GOES12  20050825  2245   31.21    72.52   337   14.3  325
IR     GOES12  20050825  2245   31.17    71.95   262   13.3  328
IR     GOES12  20050825  2245   31.12    71.86   262   13.6  326
IR     GOES12  20050825  2245   31.08    71.51   262   12.6  316
IR     GOES12  20050825  2245   30.73    69.30   337   10.7  304
IR     GOES12  20050825  2245   30.82    69.12   325   11.5  301
IR     GOES12  20050825  2245   31.10    68.40   275   11.7  289
IR     GOES12  20050825  2245   31.10    68.35   287   11.4  289
IR     GOES12  20050825  2245   30.93    67.84   312   12.3  294
IR     GOES12  20050825  2245   30.84    67.38   275   12.3  266
IR     GOES12  20050825  2245   31.03    67.21   287   13.6  277
IR     GOES12  20050825  2245   30.94    66.62   175    9.9  277
IR     GOES12  20050825  2245   31.08    66.50   262    9.3  271
IR     GOES12  20050825  2245   31.32    65.82   175   12.5  270
IR     GOES12  20050825  2245   31.00    65.68   175   13.7  281
IR     GOES12  20050825  2245   30.09    80.83   275    6.3   20
IR     GOES12  20050825  2245   30.45    80.60   212    5.9    3
IR     GOES12  20050825  2245   30.26    79.39   212    6.6  332
IR     GOES12  20050825  2245   29.94    78.56   262    8.0   13
IR     GOES12  20050825  2245   29.98    78.37   262    8.0   12
IR     GOES12  20050825  2245   30.16    77.25   275   11.2    9
IR     GOES12  20050825  2245   29.97    75.39   225    8.7  355
IR     GOES12  20050825  2245   30.34    72.18   350    9.8  347
IR     GOES12  20050825  2245   30.21    71.28   362    6.3  334
IR     GOES12  20050825  2245   30.03    70.18   250   13.2  317
IR     GOES12  20050825  2245   30.04    69.86   275   13.7  310
IR     GOES12  20050825  2245   30.08    69.59   287   13.6  314
IR     GOES12  20050825  2245   30.18    68.72   237   11.8  318
IR     GOES12  20050825  2245   30.51    68.15   325    9.9  293
IR     GOES12  20050825  2245   30.51    68.10   325   10.0  294
IR     GOES12  20050825  2245   30.47    67.66   287    9.4  281
IR     GOES12  20050825  2245   30.52    67.01   237    9.2  293
IR     GOES12  20050825  2245   30.52    66.98   262    9.1  294
IR     GOES12  20050825  2245   30.07    66.58   137   13.5  324
IR     GOES12  20050825  2245   30.54    66.01   150   12.2  298
IR     GOES12  20050825  2245   29.80    93.95   187    8.8   96
IR     GOES12  20050825  2245   29.72    92.78   237   10.9   94
IR     GOES12  20050825  2245   29.67    92.72   250   11.0   95
IR     GOES12  20050825  2245   29.98    92.15   287    8.1  104
IR     GOES12  20050825  2245   29.73    91.30   262    9.0   89
IR     GOES12  20050825  2245   29.50    91.10   262    9.8   86
IR     GOES12  20050825  2245   29.53    90.77   250    9.0   77
IR     GOES12  20050825  2245   29.57    90.37   137    8.6   83
IR     GOES12  20050825  2245   29.94    88.98   137   11.4   62
IR     GOES12  20050825  2245   29.93    88.29   137   15.0   40
IR     GOES12  20050825  2245   29.77    87.25   175    9.3   36
IR     GOES12  20050825  2245   29.90    86.87   187    7.0    2
IR     GOES12  20050825  2245   29.81    79.41   262    9.4   59
IR     GOES12  20050825  2245   29.80    79.31   262    9.9   59
IR     GOES12  20050825  2245   29.62    78.89   250    9.8   25
IR     GOES12  20050825  2245   29.85    78.53   262    9.3   18
IR     GOES12  20050825  2245   29.80    77.85   200   11.1  303
IR     GOES12  20050825  2245   29.57    77.45   212    9.1  354
IR     GOES12  20050825  2245   29.48    77.11   200    7.8  313
IR     GOES12  20050825  2245   29.75    76.09   287    8.1   40
IR     GOES12  20050825  2245   29.70    76.02   287    7.0   42
IR     GOES12  20050825  2245   29.31    70.66   337    9.0  338
IR     GOES12  20050825  2245   29.49    70.26   275   11.2  317
IR     GOES12  20050825  2245   29.40    70.02   225   15.9  300
IR     GOES12  20050825  2245   29.59    69.70   300   11.1  316
IR     GOES12  20050825  2245   29.77    69.34   287   10.9  324
IR     GOES12  20050825  2245   29.59    68.84   287    8.9  320
IR     GOES12  20050825  2245   29.64    68.69   287   11.9  299
IR     GOES12  20050825  2245   29.51    67.99   225   13.5  326
IR     GOES12  20050825  2245   29.88    67.49   225   11.3  325
IR     GOES12  20050825  2245   29.84    67.32   137   11.3  323
IR     GOES12  20050825  2245   29.89    66.75   137   14.0  327
IR     GOES12  20050825  2245   29.94    66.62   137   14.0  327
IR     GOES12  20050825  2245   29.16    93.55   175   14.3   95
IR     GOES12  20050825  2245   29.15    93.31   187   13.2   95
IR     GOES12  20050825  2245   28.96    92.88   200   13.0   95
IR     GOES12  20050825  2245   29.35    92.47   237   10.9   92
IR     GOES12  20050825  2245   29.35    92.31   237    9.2   91
IR     GOES12  20050825  2245   28.87    91.19   137   15.7   79
IR     GOES12  20050825  2245   29.27    90.98   237    9.3   81
IR     GOES12  20050825  2245   28.90    90.42   262    8.6   89
IR     GOES12  20050825  2245   29.28    89.73   150    9.2   67
IR     GOES12  20050825  2245   29.28    89.60   150    8.7   66
IR     GOES12  20050825  2245   28.95    88.92   150    9.3   73
IR     GOES12  20050825  2245   28.74    84.66   187   14.4   90
IR     GOES12  20050825  2245   29.14    80.66   212    4.2  159
IR     GOES12  20050825  2245   29.04    78.36   237   12.2   36
IR     GOES12  20050825  2245   29.17    77.88   262   12.8   28
IR     GOES12  20050825  2245   29.12    77.78   250   13.1   32
IR     GOES12  20050825  2245   28.76    77.09   212   13.3   11
IR     GOES12  20050825  2245   28.76    77.07   212   13.5   12
IR     GOES12  20050825  2245   29.07    76.57   275    7.1   22
IR     GOES12  20050825  2245   28.85    76.06   250   15.4   33
IR     GOES12  20050825  2245   29.16    75.58   262   18.9    2
IR     GOES12  20050825  2245   28.63    73.80   312   11.1   11
IR     GOES12  20050825  2245   28.72    73.58   300   12.4   14
IR     GOES12  20050825  2245   28.85    73.19   300    8.0  357
IR     GOES12  20050825  2245   28.81    72.79   312    8.3    0
IR     GOES12  20050825  2245   28.73    70.04   237   11.9  321
IR     GOES12  20050825  2245   28.70    68.93   225   14.6  332
IR     GOES12  20050825  2245   28.88    68.50   225   15.5  330
IR     GOES12  20050825  2245   28.70    68.37   225   14.8  332
IR     GOES12  20050825  2245   29.11    67.75   225   12.7  328
IR     GOES12  20050825  2245   29.25    67.47   137   13.2  323
IR     GOES12  20050825  2245   29.25    67.13   137   12.2  328
IR     GOES12  20050825  2245   28.77    94.32   162   17.7   99
IR     GOES12  20050825  2245   28.41    94.06   162   23.4   94
IR     GOES12  20050825  2245   28.40    93.69   162   17.4   93
IR     GOES12  20050825  2245   28.52    93.28   175   21.0   88
IR     GOES12  20050825  2245   28.47    92.88   175   18.8   91
IR     GOES12  20050825  2245   28.41    92.33   287   14.0   92
IR     GOES12  20050825  2245   28.66    91.94   200   17.3   78
IR     GOES12  20050825  2245   28.35    91.67   162   19.7   83
IR     GOES12  20050825  2245   28.64    91.09   137   16.4   78
IR     GOES12  20050825  2245   28.68    90.92   137   16.3   76
IR     GOES12  20050825  2245   28.31    90.12   137   12.5   88
IR     GOES12  20050825  2245   28.17    89.84   175   11.9   92
IR     GOES12  20050825  2245   28.59    88.68   150    7.3   82
IR     GOES12  20050825  2245   28.12    84.33   200    9.2   71
IR     GOES12  20050825  2245   28.19    78.97   237   12.7   63
IR     GOES12  20050825  2245   28.15    78.66   237   13.5   84
IR     GOES12  20050825  2245   28.01    78.03   237    7.9   52
IR     GOES12  20050825  2245   28.19    76.94   175   12.7  302
IR     GOES12  20050825  2245   28.10    76.36   175   13.3  306
IR     GOES12  20050825  2245   28.14    75.64   275   12.4   32
IR     GOES12  20050825  2245   28.32    75.21   237   15.4  353
IR     GOES12  20050825  2245   28.14    74.78   237   13.1    3
IR     GOES12  20050825  2245   28.45    74.52   250   11.9    1
IR     GOES12  20050825  2245   28.45    74.23   287    9.2  352
IR     GOES12  20050825  2245   28.45    73.68   300   13.0   18
IR     GOES12  20050825  2245   28.45    73.61   300   13.8   19
IR     GOES12  20050825  2245   28.45    73.18   287    9.2    0
IR     GOES12  20050825  2245   28.10    72.73   325    8.3    8
IR     GOES12  20050825  2245   28.28    72.49   312    8.3  352
IR     GOES12  20050825  2245   27.93    71.97   275    8.3  357
IR     GOES12  20050825  2245   28.41    71.52   275    6.4    4
IR     GOES12  20050825  2245   28.24    71.46   262    5.3   13
IR     GOES12  20050825  2245   28.38    70.15   237   13.7  313
IR     GOES12  20050825  2245   28.42    69.81   262   13.8  322
IR     GOES12  20050825  2245   28.43    69.57   287   14.9  333
IR     GOES12  20050825  2245   27.99    69.09   312   11.4  329
IR     GOES12  20050825  2245   28.43    68.92   300   12.2  336
IR     GOES12  20050825  2245   28.57    68.04   225   13.9  332
IR     GOES12  20050825  2245   28.49    67.88   137   14.6  332
IR     GOES12  20050825  2245   28.12    94.86   162   17.5   92
IR     GOES12  20050825  2245   27.85    94.51   150   22.5   92
IR     GOES12  20050825  2245   28.06    94.27   200   21.9   94
IR     GOES12  20050825  2245   28.00    93.56   137   21.0   95
IR     GOES12  20050825  2245   27.68    93.34   137   14.5   94
IR     GOES12  20050825  2245   28.03    92.99   187   16.4   94
IR     GOES12  20050825  2245   27.53    92.49   225   15.7   97
IR     GOES12  20050825  2245   27.52    92.00   287   15.2  111
IR     GOES12  20050825  2245   27.60    91.92   287   14.0  109
IR     GOES12  20050825  2245   27.59    91.36   287   13.5  103
IR     GOES12  20050825  2245   27.60    90.00   175   13.9   93
IR     GOES12  20050825  2245   27.59    89.35   262   11.1   97
IR     GOES12  20050825  2245   27.98    89.04   262   11.1   90
IR     GOES12  20050825  2245   27.98    88.96   262   11.3   91
IR     GOES12  20050825  2245   27.39    88.48   275    9.7   84
IR     GOES12  20050825  2245   27.91    88.13   275    8.0   89
IR     GOES12  20050825  2245   27.60    87.52   312    6.2   96
IR     GOES12  20050825  2245   27.85    87.23   275    7.2   94
IR     GOES12  20050825  2245   27.94    84.48   187    9.3   86
IR     GOES12  20050825  2245   27.85    84.20   200   11.1   68
IR     GOES12  20050825  2245   27.40    83.38   200    7.1   44
IR     GOES12  20050825  2245   27.81    79.89   187   12.0   96
IR     GOES12  20050825  2245   27.80    79.29   187   11.9   92
IR     GOES12  20050825  2245   27.80    79.26   187   11.9   92
IR     GOES12  20050825  2245   27.80    78.57   225   15.6   81
IR     GOES12  20050825  2245   27.79    77.93   225    7.7   49
IR     GOES12  20050825  2245   27.39    76.37   175   12.8  312
IR     GOES12  20050825  2245   27.79    75.71   275    9.9   25
IR     GOES12  20050825  2245   27.79    74.67   275   11.5   21
IR     GOES12  20050825  2245   27.61    74.52   275    9.0   17
IR     GOES12  20050825  2245   27.70    74.24   250   12.6    0
IR     GOES12  20050825  2245   27.83    73.26   287   11.2  354
IR     GOES12  20050825  2245   27.83    73.14   275   11.7  355
IR     GOES12  20050825  2245   27.75    72.57   337    7.9  343
IR     GOES12  20050825  2245   27.84    72.16   287    9.8  350
IR     GOES12  20050825  2245   27.40    72.06   237   10.9  341
IR     GOES12  20050825  2245   27.40    71.47   300   10.8    7
IR     GOES12  20050825  2245   27.40    71.42   300   11.7    7
IR     GOES12  20050825  2245   27.50    69.94   225    8.9  352
IR     GOES12  20050825  2245   27.72    69.57   300   16.4  338
IR     GOES12  20050825  2245   27.46    69.49   137   16.8  335
IR     GOES12  20050825  2245   27.82    68.34   237   12.9  319
IR     GOES12  20050825  2245   27.43    68.08   175   17.4  344
IR     GOES12  20050825  2245   27.01    92.77   337    6.5  119
IR     GOES12  20050825  2245   27.27    92.64   137   16.5   95
IR     GOES12  20050825  2245   27.03    91.99   287   16.3   97
IR     GOES12  20050825  2245   26.94    91.84   287   18.0   96
IR     GOES12  20050825  2245   27.42    91.50   287   15.1  102
IR     GOES12  20050825  2245   27.01    90.98   287   20.2   94
IR     GOES12  20050825  2245   26.87    90.43   187   13.5  105
IR     GOES12  20050825  2245   26.90    90.01   175   16.7   98
IR     GOES12  20050825  2245   26.95    89.97   175   16.7   98
IR     GOES12  20050825  2245   27.29    89.60   262   11.0  104
IR     GOES12  20050825  2245   27.27    88.93   262   12.2   90
IR     GOES12  20050825  2245   27.27    88.90   262   11.9   90
IR     GOES12  20050825  2245   27.04    88.15   275    9.1   89
IR     GOES12  20050825  2245   27.00    88.10   212    8.7   91
IR     GOES12  20050825  2245   27.11    87.43   200    5.8   89
IR     GOES12  20050825  2245   27.24    87.20   275    8.6   89
IR     GOES12  20050825  2245   26.86    85.07   137   13.7  127
IR     GOES12  20050825  2245   27.24    84.70   137   13.9  127
IR     GOES12  20050825  2245   26.81    84.41   175    9.7  108
IR     GOES12  20050825  2245   27.28    84.17   137    5.7   78
IR     GOES12  20050825  2245   27.23    83.44   212    8.0   45
IR     GOES12  20050825  2245   27.18    76.39   187   14.3  317
IR     GOES12  20050825  2245   27.13    76.09   175   14.6  318
IR     GOES12  20050825  2245   26.87    75.85   162   15.0  322
IR     GOES12  20050825  2245   26.66    75.21   262    8.1   28
IR     GOES12  20050825  2245   27.05    74.48   262    7.0   39
IR     GOES12  20050825  2245   27.00    74.22   262    7.8   50
IR     GOES12  20050825  2245   26.96    73.58   250   10.9   19
IR     GOES12  20050825  2245   26.92    73.49   225    9.6   21
IR     GOES12  20050825  2245   27.23    72.04   225    9.8  342
IR     GOES12  20050825  2245   27.14    71.83   237    8.4  356
IR     GOES12  20050825  2245   27.18    71.45   312   10.0   12
IR     GOES12  20050825  2245   27.14    71.10   212    9.5  346
IR     GOES12  20050825  2245   26.80    70.71   137   12.0  352
IR     GOES12  20050825  2245   26.80    70.54   137   13.0  337
IR     GOES12  20050825  2245   26.76    70.10   137   11.6  351
IR     GOES12  20050825  2245   26.81    69.74   137   13.0  343
IR     GOES12  20050825  2245   26.86    68.50   175   17.5  345
IR     GOES12  20050825  2245   27.21    68.21   162   18.7  346
IR     GOES12  20050825  2245   26.23    92.77   325   14.2   90
IR     GOES12  20050825  2245   26.69    92.05   287   15.1   96
IR     GOES12  20050825  2245   26.68    91.80   287   17.7   95
IR     GOES12  20050825  2245   26.54    91.50   300   13.7   97
IR     GOES12  20050825  2245   26.62    91.19   287   17.4   99
IR     GOES12  20050825  2245   26.53    90.72   312   10.2  113
IR     GOES12  20050825  2245   26.65    90.37   262   13.3  104
IR     GOES12  20050825  2245   26.64    90.12   262   15.1   98
IR     GOES12  20050825  2245   26.33    89.38   287   11.1  100
IR     GOES12  20050825  2245   26.33    89.30   287    9.6  100
IR     GOES12  20050825  2245   26.65    88.00   200    8.6   95
IR     GOES12  20050825  2245   26.60    87.65   200    7.3   97
IR     GOES12  20050825  2245   26.41    87.14   225    4.0   99
IR     GOES12  20050825  2245   26.53    86.48   237    7.3   94
IR     GOES12  20050825  2245   26.53    86.41   237    6.7   92
IR     GOES12  20050825  2245   26.25    84.55   150    8.4  107
IR     GOES12  20050825  2245   26.63    84.27   175    8.8  104
IR     GOES12  20050825  2245   26.49    83.66   150    9.2   86
IR     GOES12  20050825  2245   26.10    83.49   150    8.3   95
IR     GOES12  20050825  2245   26.18    82.76   150    7.6   46
IR     GOES12  20050825  2245   26.39    82.42   175    8.9   34
IR     GOES12  20050825  2245   26.00    81.51   162   11.3   82
IR     GOES12  20050825  2245   26.57    75.82   175   12.3  332
IR     GOES12  20050825  2245   26.48    75.30   250    7.3   40
IR     GOES12  20050825  2245   26.53    75.16   250    8.9   25
IR     GOES12  20050825  2245   26.18    74.81   137   16.5  330
IR     GOES12  20050825  2245   26.48    73.78   200   11.8   25
IR     GOES12  20050825  2245   26.50    70.20   137   11.1  348
IR     GOES12  20050825  2245   26.14    66.65   212    4.0  340
IR     GOES12  20050825  2245   26.07    93.50   212   13.1   95
IR     GOES12  20050825  2245   26.03    93.31   212   14.5   93
IR     GOES12  20050825  2245   25.76    92.91   212   15.2   92
IR     GOES12  20050825  2245   26.08    92.12   312   18.6   90
IR     GOES12  20050825  2245   25.64    91.67   300   16.8   87
IR     GOES12  20050825  2245   25.64    91.52   300   15.8   86
IR     GOES12  20050825  2245   25.60    89.61   300    7.8   93
IR     GOES12  20050825  2245   25.94    89.39   287   11.5  101
IR     GOES12  20050825  2245   25.53    87.88   225    7.0   97
IR     GOES12  20050825  2245   25.60    87.24   225    9.6  109
IR     GOES12  20050825  2245   25.68    87.10   225    7.6  104
IR     GOES12  20050825  2245   25.88    86.14   250    5.2  115
IR     GOES12  20050825  2245   25.91    85.14   187   15.3  124
IR     GOES12  20050825  2245   25.95    84.81   150   13.3  107
IR     GOES12  20050825  2245   25.69    84.38   150   13.5  110
IR     GOES12  20050825  2245   25.55    84.01   162    9.2  100
IR     GOES12  20050825  2245   25.55    83.70   162    8.8   94
IR     GOES12  20050825  2245   25.55    83.63   162    8.9   92
IR     GOES12  20050825  2245   25.63    83.07   175    7.9   39
IR     GOES12  20050825  2245   25.96    82.31   200    9.2   35
IR     GOES12  20050825  2245   25.41    82.13   162    8.1   23
IR     GOES12  20050825  2245   25.48    81.08   162    6.7  357
IR     GOES12  20050825  2245   25.93    76.07   225    7.4   47
IR     GOES12  20050825  2245   25.33    75.86   175   13.1    3
IR     GOES12  20050825  2245   25.88    75.26   137   17.6  338
IR     GOES12  20050825  2245   25.54    74.49   137   22.1  334
IR     GOES12  20050825  2245   25.37    74.07   162   23.1  334
IR     GOES12  20050825  2245   25.31    91.96   300   16.3   81
IR     GOES12  20050825  2245   25.31    91.91   262   16.8   81
IR     GOES12  20050825  2245   24.93    87.97   237    9.7  126
IR     GOES12  20050825  2245   24.80    87.50   262    4.8   85
IR     GOES12  20050825  2245   25.21    86.93   225    8.4   96
IR     GOES12  20050825  2245   25.08    86.60   225    8.8   99
IR     GOES12  20050825  2245   25.25    86.52   225    8.9  101
IR     GOES12  20050825  2245   25.11    85.94   150    6.2   81
IR     GOES12  20050825  2245   25.13    83.95   137   13.3   97
IR     GOES12  20050825  2245   25.12    83.29   187    9.7   35
IR     GOES12  20050825  2245   25.08    82.98   162   12.3   32
IR     GOES12  20050825  2245   25.11    82.13   162    7.5   83
IR     GOES12  20050825  2245   25.23    82.00   137    6.9   27
IR     GOES12  20050825  2245   24.98    81.52   137    8.1    3
IR     GOES12  20050825  2245   24.95    77.38   200    7.6  266
IR     GOES12  20050825  2245   24.82    75.92   162   11.8  343
IR     GOES12  20050825  2245   25.29    75.83   175   12.9    1
IR     GOES12  20050825  2245   24.99    75.51   162   16.2  351
IR     GOES12  20050825  2245   24.99    74.19   137   22.4  339
IR     GOES12  20050825  2245   24.95    74.12   137   22.6  338
IR     GOES12  20050825  2245   25.25    72.84   325    4.1   75
IR     GOES12  20050825  2245   25.03    66.86   737    4.3  111
IR     GOES12  20050825  2245   24.87    66.38   275   17.5  268
IR     GOES12  20050825  2245   24.87    66.12   250   18.7  267
IR     GOES12  20050825  2245   24.92    65.58   250   21.0  265
IR     GOES12  20050825  2245   24.92    65.55   250   21.2  264
IR     GOES12  20050825  2245   24.69    94.37   162   17.4   85
IR     GOES12  20050825  2245   24.38    94.01   175   14.2   79
IR     GOES12  20050825  2245   24.51    93.93   175   14.3   77
IR     GOES12  20050825  2245   24.70    93.32   175   11.2   86
IR     GOES12  20050825  2245   24.70    93.22   212   11.7   86
IR     GOES12  20050825  2245   24.43    92.48   287    9.2   79
IR     GOES12  20050825  2245   24.43    92.43   287    9.9   80
IR     GOES12  20050825  2245   24.45    91.25   337    9.2   92
IR     GOES12  20050825  2245   24.35    90.84   362    6.1   80
IR     GOES12  20050825  2245   24.76    87.90   237    9.7  126
IR     GOES12  20050825  2245   24.71    87.44   225    4.7   88
IR     GOES12  20050825  2245   24.66    86.69   162   12.7  110
IR     GOES12  20050825  2245   24.53    86.47   150   12.2  112
IR     GOES12  20050825  2245   24.65    85.96   162    8.6   92
IR     GOES12  20050825  2245   24.26    85.61   137   11.7  104
IR     GOES12  20050825  2245   24.18    85.30   200    6.1   94
IR     GOES12  20050825  2245   24.16    83.91   162   16.2   89
IR     GOES12  20050825  2245   24.62    83.67   150   14.8   95
IR     GOES12  20050825  2245   24.15    83.40   150   11.6   90
IR     GOES12  20050825  2245   24.69    82.90   175   12.0   30
IR     GOES12  20050825  2245   24.57    82.73   137    9.4   42
IR     GOES12  20050825  2245   24.35    82.22   150   11.6   45
IR     GOES12  20050825  2245   24.60    81.35   187    4.3   58
IR     GOES12  20050825  2245   24.53    75.64   162   15.0  354
IR     GOES12  20050825  2245   24.57    75.48   162   16.4  352
IR     GOES12  20050825  2245   24.61    74.91   212    8.8   28
IR     GOES12  20050825  2245   24.32    74.43   137   19.4  340
IR     GOES12  20050825  2245   24.55    69.69   237    5.9  305
IR     GOES12  20050825  2245   24.56    67.36   287   16.1  274
IR     GOES12  20050825  2245   24.61    66.87   275   15.1  271
IR     GOES12  20050825  2245   24.61    66.82   287   15.3  269
IR     GOES12  20050825  2245   24.45    66.23   262   17.8  262
IR     GOES12  20050825  2245   24.71    66.04   262   18.8  267
IR     GOES12  20050825  2245   24.54    65.68   250   20.3  266
IR     GOES12  20050825  2245   24.59    65.39   250   19.7  257
IR     GOES12  20050825  2245   24.21    93.98   175   14.0   79
IR     GOES12  20050825  2245   23.70    93.41   175   11.3   77
IR     GOES12  20050825  2245   23.73    93.30   175   11.7   78
IR     GOES12  20050825  2245   23.64    92.76   312    9.2   94
IR     GOES12  20050825  2245   23.71    92.36   262    8.8   87
IR     GOES12  20050825  2245   23.95    91.86   312    8.8   89
IR     GOES12  20050825  2245   23.66    89.56   250    7.3  124
IR     GOES12  20050825  2245   23.61    89.46   250    6.1  127
IR     GOES12  20050825  2245   23.82    86.77   175   14.9  129
IR     GOES12  20050825  2245   24.01    85.66   137   11.9  106
IR     GOES12  20050825  2245   23.63    85.36   175   11.7   93
IR     GOES12  20050825  2245   24.00    84.97   187    5.5  135
IR     GOES12  20050825  2245   23.58    84.66   187    5.7   76
IR     GOES12  20050825  2245   23.95    84.34   187    8.8   83
IR     GOES12  20050825  2245   23.78    83.65   162   15.5   90
IR     GOES12  20050825  2245   23.99    83.34   175   11.7   98
IR     GOES12  20050825  2245   23.99    83.29   175   11.5   91
IR     GOES12  20050825  2245   23.94    82.71   175   12.9   61
IR     GOES12  20050825  2245   23.45    79.04   137   15.9   16
IR     GOES12  20050825  2245   23.91    78.67   137    7.3    0
IR     GOES12  20050825  2245   23.87    78.53   137    6.4  331
IR     GOES12  20050825  2245   23.57    77.67   187    8.6   46
IR     GOES12  20050825  2245   23.57    75.84   162   15.9  351
IR     GOES12  20050825  2245   23.90    75.53   162   16.6  354
IR     GOES12  20050825  2245   23.82    75.43   162   16.9  353
IR     GOES12  20050825  2245   23.57    74.77   150   23.9  353
IR     GOES12  20050825  2245   23.90    72.00   450    8.9   87
IR     GOES12  20050825  2245   23.74    71.75   462    5.3   80
IR     GOES12  20050825  2245   23.99    71.38   412    9.0   80
IR     GOES12  20050825  2245   23.54    70.84   475    9.0   66
IR     GOES12  20050825  2245   23.74    70.60   462    9.1   75
IR     GOES12  20050825  2245   23.79    69.38   362    5.4  336
IR     GOES12  20050825  2245   23.79    69.36   362    5.8  328
IR     GOES12  20050825  2245   24.01    68.84   362    6.1  322
IR     GOES12  20050825  2245   23.89    68.08   312    6.5  284
IR     GOES12  20050825  2245   23.93    67.97   300    7.0  281
IR     GOES12  20050825  2245   23.98    67.34   312    7.8  283
IR     GOES12  20050825  2245   23.60    67.29   325    5.3  261
IR     GOES12  20050825  2245   23.86    66.63   275    9.9  271
IR     GOES12  20050825  2245   23.95    66.32   287   11.5  270
IR     GOES12  20050825  2245   23.87    65.76   262    9.6  278
IR     GOES12  20050825  2245   23.63    65.18   250   14.6  270
IR     GOES12  20050825  2245   23.46    94.24   793    7.4   90
IR     GOES12  20050825  2245   23.41    91.72   250    9.8  131
IR     GOES12  20050825  2245   23.53    89.49   250    7.4  125
IR     GOES12  20050825  2245   23.35    86.04   137   15.2  126
IR     GOES12  20050825  2245   22.97    85.58   175   14.0  100
IR     GOES12  20050825  2245   23.30    85.10   175   15.5   95
IR     GOES12  20050825  2245   23.26    85.07   175   15.5   94
IR     GOES12  20050825  2245   23.08    84.15   175    7.3   84
IR     GOES12  20050825  2245   23.16    83.69   162    5.0   89
IR     GOES12  20050825  2245   23.27    82.22   237   11.8   35
IR     GOES12  20050825  2245   23.09    81.27   175    8.9   20
IR     GOES12  20050825  2245   23.13    80.93   150    8.0   26
IR     GOES12  20050825  2245   23.13    80.90   150    8.2   28
IR     GOES12  20050825  2245   23.16    78.89   137   11.4  354
IR     GOES12  20050825  2245   23.16    78.85   137   11.6  346
IR     GOES12  20050825  2245   23.03    78.18   137   12.0    5
IR     GOES12  20050825  2245   22.99    78.16   137   12.0    5
IR     GOES12  20050825  2245   23.36    75.36   175   16.1  349
IR     GOES12  20050825  2245   22.86    75.18   162   18.0  356
IR     GOES12  20050825  2245   23.11    72.29   462    5.8   33
IR     GOES12  20050825  2245   23.07    72.23   462    5.5   34
IR     GOES12  20050825  2245   23.29    70.97   412    8.8   56
IR     GOES12  20050825  2245   23.29    70.90   425    9.5   55
IR     GOES12  20050825  2245   22.96    70.13   400    6.3   86
IR     GOES12  20050825  2245   23.01    68.62   337    6.0  268
IR     GOES12  20050825  2245   22.89    68.44   337    5.6  272
IR     GOES12  20050825  2245   23.10    68.09   312    7.0  266
IR     GOES12  20050825  2245   23.35    67.66   337    5.0  273
IR     GOES12  20050825  2245   23.39    67.45   337    4.2  272
IR     GOES12  20050825  2245   23.27    66.92   262   11.2  277
IR     GOES12  20050825  2245   22.95    66.58   237    4.7  255
IR     GOES12  20050825  2245   23.28    66.16   250    9.8  271
IR     GOES12  20050825  2245   23.24    66.05   250   12.4  267
IR     GOES12  20050825  2245   23.41    65.71   262   11.6  266
IR     GOES12  20050825  2245   23.13    65.10   275   12.6  268
IR     GOES12  20050825  2245   22.47    90.50   312    4.5  118
IR     GOES12  20050825  2245   22.45    89.47   300    6.0   86
IR     GOES12  20050825  2245   22.50    89.43   325    7.2   75
IR     GOES12  20050825  2245   22.64    87.98   350    5.5  116
IR     GOES12  20050825  2245   22.77    86.14   212    7.3   98
IR     GOES12  20050825  2245   22.40    85.78   137   14.1   94
IR     GOES12  20050825  2245   22.68    85.48   187   11.3  101
IR     GOES12  20050825  2245   22.75    84.54   187   13.1   90
IR     GOES12  20050825  2245   22.67    84.21   187    7.9  101
IR     GOES12  20050825  2245   22.71    84.07   200    6.9   86
IR     GOES12  20050825  2245   22.66    76.63   187   11.9    0
IR     GOES12  20050825  2245   22.66    76.61   200   11.7    0
IR     GOES12  20050825  2245   22.66    76.18   200   11.6  354
IR     GOES12  20050825  2245   22.78    75.75   187   15.3  354
IR     GOES12  20050825  2245   22.62    75.29   162   19.5  356
IR     GOES12  20050825  2245   22.66    74.84   150   23.9    9
IR     GOES12  20050825  2245   22.70    74.68   150   24.4    8
IR     GOES12  20050825  2245   22.41    73.46   300    6.6  357
IR     GOES12  20050825  2245   22.75    71.51   462    5.3   33
IR     GOES12  20050825  2245   22.68    69.55   400    6.0   88
IR     GOES12  20050825  2245   22.77    68.50   337    6.1  275
IR     GOES12  20050825  2245   22.56    67.94   300   11.3  297
IR     GOES12  20050825  2245   22.53    67.62   262   11.4  290
IR     GOES12  20050825  2245   22.58    66.12   325   10.0  254
IR     GOES12  20050825  2245   22.34    65.49   325    8.2  269
IR     GOES12  20050825  2245   22.34    65.43   312    8.7  269
IR     GOES12  20050825  2245   21.90    94.46   275    7.5   94
IR     GOES12  20050825  2245   22.09    93.76   200    7.1   98
IR     GOES12  20050825  2245   21.79    93.51   212    6.7  111
IR     GOES12  20050825  2245   21.84    89.25   137   15.6  136
IR     GOES12  20050825  2245   21.99    88.45   137   19.4  139
IR     GOES12  20050825  2245   21.73    88.00   200   14.9  129
IR     GOES12  20050825  2245   21.98    87.95   212   14.6  136
IR     GOES12  20050825  2245   21.81    87.56   137   15.9  136
IR     GOES12  20050825  2245   21.92    86.50   137   24.1  112
IR     GOES12  20050825  2245   22.15    85.76   137   13.3   93
IR     GOES12  20050825  2245   21.99    85.44   187   13.0  100
IR     GOES12  20050825  2245   21.89    84.68   200    8.7  107
IR     GOES12  20050825  2245   21.77    84.48   187   11.5   95
IR     GOES12  20050825  2245   21.73    84.18   175    9.7   82
IR     GOES12  20050825  2245   21.84    83.43   175    6.6   87
IR     GOES12  20050825  2245   21.67    82.87   175    9.8   86
IR     GOES12  20050825  2245   21.75    82.72   175    9.2   83
IR     GOES12  20050825  2245   21.87    82.16   237    7.4   49
IR     GOES12  20050825  2245   21.78    81.70   150    8.9   27
IR     GOES12  20050825  2245   21.82    81.45   250   13.2   50
IR     GOES12  20050825  2245   22.05    77.77   175    7.9   28
IR     GOES12  20050825  2245   22.04    76.37   175   11.3   23
IR     GOES12  20050825  2245   21.80    75.22   175   22.7   11
IR     GOES12  20050825  2245   21.72    75.11   162   25.0    8
IR     GOES12  20050825  2245   21.76    73.67   350    5.3   33
IR     GOES12  20050825  2245   22.13    72.41   262    8.5    8
IR     GOES12  20050825  2245   22.17    72.25   312    7.1  354
IR     GOES12  20050825  2245   21.72    71.40   362    6.4   16
IR     GOES12  20050825  2245   21.81    70.09   362    5.6  353
IR     GOES12  20050825  2245   21.94    69.54   312    4.8  331
IR     GOES12  20050825  2245   22.15    68.39   262    8.9  298
IR     GOES12  20050825  2245   21.79    67.96   312    4.3  293
IR     GOES12  20050825  2245   21.85    65.90   287    9.8  275
IR     GOES12  20050825  2245   21.85    65.44   262    8.9  264
IR     GOES12  20050825  2245   21.38    93.40   137    5.6  119
IR     GOES12  20050825  2245   21.20    92.57   162    4.4  117
IR     GOES12  20050825  2245   21.17    91.14   137   15.4  128
IR     GOES12  20050825  2245   21.32    90.21   137   25.1  139
IR     GOES12  20050825  2245   21.55    89.55   137   24.0  140
IR     GOES12  20050825  2245   21.26    89.16   137   27.7  133
IR     GOES12  20050825  2245   21.26    89.04   137   27.7  132
IR     GOES12  20050825  2245   21.38    88.52   137   21.2  131
IR     GOES12  20050825  2245   21.45    88.36   137   21.7  132
IR     GOES12  20050825  2245   21.57    88.03   137   16.3  130
IR     GOES12  20050825  2245   21.28    87.55   137   16.5  130
IR     GOES12  20050825  2245   21.23    87.04   137   21.0  120
IR     GOES12  20050825  2245   21.58    85.94   162   20.8  113
IR     GOES12  20050825  2245   21.58    85.71   187   21.8  115
IR     GOES12  20050825  2245   21.25    85.33   175   15.0  129
IR     GOES12  20050825  2245   21.45    84.98   162   19.1  105
IR     GOES12  20050825  2245   21.57    84.60   162   14.8   98
IR     GOES12  20050825  2245   21.48    84.39   162   12.6   91
IR     GOES12  20050825  2245   21.32    83.94   200   15.4   94
IR     GOES12  20050825  2245   21.07    83.74   200   14.6   94
IR     GOES12  20050825  2245   21.35    83.15   175    9.2   94
IR     GOES12  20050825  2245   21.51    82.82   175   12.6   85
IR     GOES12  20050825  2245   21.14    81.87   137   13.5   67
IR     GOES12  20050825  2245   21.13    81.44   162   11.2   64
IR     GOES12  20050825  2245   21.13    80.62   250   15.0   53
IR     GOES12  20050825  2245   21.55    75.29   137   23.4   13
IR     GOES12  20050825  2245   21.27    75.09   150   25.6   12
IR     GOES12  20050825  2245   21.52    73.65   350    4.4   48
IR     GOES12  20050825  2245   21.48    71.16   500    5.4   27
IR     GOES12  20050825  2245   21.08    70.84   475    5.9   22
IR     GOES12  20050825  2245   21.54    68.27   312    4.4  285
IR     GOES12  20050825  2245   21.48    66.16   200    9.9  281
IR     GOES12  20050825  2245   21.40    65.64   237    7.9  254
IR     GOES12  20050825  2245   21.36    65.32   237    6.2  263
IR     GOES12  20050825  2245   20.62    93.99   262    8.2  123
IR     GOES12  20050825  2245   20.84    92.76   212    7.0  102
IR     GOES12  20050825  2245   20.65    91.07   150   17.8  124
IR     GOES12  20050825  2245   21.01    90.92   137   15.1  131
IR     GOES12  20050825  2245   20.90    86.78   162   17.8  112
IR     GOES12  20050825  2245   20.73    85.57   137   22.4   97
IR     GOES12  20050825  2245   20.95    83.87   200   16.1   96
IR     GOES12  20050825  2245   20.82    83.27   175   12.8   94
IR     GOES12  20050825  2245   20.90    82.17   137   17.0   64
IR     GOES12  20050825  2245   20.61    81.68   137   19.6   65
IR     GOES12  20050825  2245   20.53    81.32   162   21.0   67
IR     GOES12  20050825  2245   20.57    81.30   175   18.0   66
IR     GOES12  20050825  2245   20.64    80.65   162   18.0   57
IR     GOES12  20050825  2245   20.68    80.60   162   17.6   55
IR     GOES12  20050825  2245   20.76    80.05   162   17.1   59
IR     GOES12  20050825  2245   20.68    79.46   162   15.7   56
IR     GOES12  20050825  2245   20.71    78.43   200   10.9   43
IR     GOES12  20050825  2245   20.91    78.17   175    9.5   59
IR     GOES12  20050825  2245   20.75    73.73   150   21.4   16
IR     GOES12  20050825  2245   20.91    71.36   487    6.2   29
IR     GOES12  20050825  2245   20.50    67.22   250    4.4  260
IR     GOES12  20050825  2245   20.72    65.03   200    5.3  260
IR     GOES12  20050825  2245   20.29    93.45   212    6.5  104
IR     GOES12  20050825  2245   20.32    93.07   175    6.9  100
IR     GOES12  20050825  2245   20.07    92.82   187    9.5   88
IR     GOES12  20050825  2245   20.24    91.06   200    8.1  102
IR     GOES12  20050825  2245   20.32    85.44   150   25.2   94
IR     GOES12  20050825  2245   20.08    84.83   175   23.0   92
IR     GOES12  20050825  2245   20.27    84.48   300    7.0  113
IR     GOES12  20050825  2245   20.27    84.46   300    6.4  111
IR     GOES12  20050825  2245   20.26    83.46   162   13.5  110
IR     GOES12  20050825  2245   20.26    83.44   162   12.8  110
IR     GOES12  20050825  2245   20.10    82.84   175   12.9  101
IR     GOES12  20050825  2245   20.14    82.69   175   11.4  100
IR     GOES12  20050825  2245   20.21    82.27   200   11.3   96
IR     GOES12  20050825  2245   20.13    82.01   175    9.0   80
IR     GOES12  20050825  2245   20.24    81.12   162   21.2   63
IR     GOES12  20050825  2245   20.12    80.92   150   25.0   55
IR     GOES12  20050825  2245   20.28    80.25   150   24.1   54
IR     GOES12  20050825  2245   20.23    79.25   137   12.0   79
IR     GOES12  20050825  2245   19.91    78.28   187   11.3   90
IR     GOES12  20050825  2245   20.03    78.19   175   14.1   76
IR     GOES12  20050825  2245   20.03    77.86   162   13.9   68
IR     GOES12  20050825  2245   20.07    77.48   137   15.4   54
IR     GOES12  20050825  2245   20.23    77.15   162   24.0   43
IR     GOES12  20050825  2245   19.79    76.42   162   25.7   38
IR     GOES12  20050825  2245   19.94    75.80   225    7.8   32
IR     GOES12  20050825  2245   19.90    75.40   262   12.2   35
IR     GOES12  20050825  2245   20.30    74.98   300    6.1   44
IR     GOES12  20050825  2245   20.27    73.78   237   12.7   24
IR     GOES12  20050825  2245   20.38    67.07   237    4.2  271
IR     GOES12  20050825  2245   20.10    66.82   250    6.8  210
IR     GOES12  20050825  2245   20.11    66.14   237    8.7  201
IR     GOES12  20050825  2245   19.95    65.56   200    4.0  314
IR     GOES12  20050825  2245   19.91    65.41   200    4.5  317
IR     GOES12  20050825  2245   20.20    65.00   187    4.4  295
IR     GOES12  20050825  2245   19.67    94.93   237    4.6   74
IR     GOES12  20050825  2245   19.37    94.06   187    7.1   75
IR     GOES12  20050825  2245   19.65    93.86   225    7.1   93
IR     GOES12  20050825  2245   19.52    93.15   162    8.3   80
IR     GOES12  20050825  2245   19.71    92.84   150    9.9   78
IR     GOES12  20050825  2245   19.74    86.83   150   25.4  103
IR     GOES12  20050825  2245   19.37    85.66   300    6.7  103
IR     GOES12  20050825  2245   19.47    84.40   237   22.8   89
IR     GOES12  20050825  2245   19.43    84.38   237   22.9   91
IR     GOES12  20050825  2245   19.19    77.80   162   18.9   53
IR     GOES12  20050825  2245   19.59    77.45   225    8.3   81
IR     GOES12  20050825  2245   19.31    76.90   175   18.3   45
IR     GOES12  20050825  2245   19.31    76.68   175   20.1   51
IR     GOES12  20050825  2245   19.67    76.35   162   27.5   38
IR     GOES12  20050825  2245   19.75    75.93   175   13.9   32
IR     GOES12  20050825  2245   19.63    75.57   175   11.7   44
IR     GOES12  20050825  2245   19.23    75.22   250   18.3   33
IR     GOES12  20050825  2245   19.71    75.04   225    8.8   33
IR     GOES12  20050825  2245   19.55    74.47   212    6.2   32
IR     GOES12  20050825  2245   19.75    66.10   187    4.3  267
IR     GOES12  20050825  2245   19.47    65.62   175    4.9  331
IR     GOES12  20050825  2245   19.40    65.38   175    6.3  340
IR     GOES12  20050825  2245   18.90    94.38   225   13.1   69
IR     GOES12  20050825  2245   18.94    94.34   225   13.5   70
IR     GOES12  20050825  2245   18.97    93.74   225   11.3   70
IR     GOES12  20050825  2245   19.21    93.63   225    9.9   65
IR     GOES12  20050825  2245   18.76    93.09   150   12.3   72
IR     GOES12  20050825  2245   19.15    87.21   162   24.0  109
IR     GOES12  20050825  2245   19.02    87.04   137   23.7  106
IR     GOES12  20050825  2245   19.09    85.55   300    7.9   96
IR     GOES12  20050825  2245   19.05    85.43   337    6.7   87
IR     GOES12  20050825  2245   19.03    83.99   150   26.3   88
IR     GOES12  20050825  2245   18.99    83.76   175   25.5   89
IR     GOES12  20050825  2245   18.79    83.15   137   22.9   85
IR     GOES12  20050825  2245   18.69    79.95   200   12.7   84
IR     GOES12  20050825  2245   19.00    79.23   200   13.9   79
IR     GOES12  20050825  2245   18.76    77.94   162   19.2   52
IR     GOES12  20050825  2245   19.11    77.78   162   19.1   53
IR     GOES12  20050825  2245   19.07    77.00   175   19.6   50
IR     GOES12  20050825  2245   19.03    76.85   162   19.1   52
IR     GOES12  20050825  2245   18.87    76.52   200   14.1   59
IR     GOES12  20050825  2245   18.79    75.48   175   10.0   31
IR     GOES12  20050825  2245   18.91    75.31   250   16.1   34
IR     GOES12  20050825  2245   18.99    74.89   225    8.4   43
IR     GOES12  20050825  2245   18.79    73.70   212    8.2   34
IR     GOES12  20050825  2245   18.83    73.66   212    8.1   33
IR     GOES12  20050825  2245   19.07    73.33   200    8.9   40
IR     GOES12  20050825  2245   18.67    66.08   175    5.2  359
IR     GOES12  20050825  2245   18.92    65.73   137    8.9    2
IR     GOES12  20050825  2245   18.96    65.36   137    6.7    9
IR     GOES12  20050825  2245   18.96    65.00   137    6.8   11
IR     GOES12  20050825  2245   18.51    94.47   137   11.4   86
IR     GOES12  20050825  2245   18.51    94.44   137   11.4   86
IR     GOES12  20050825  2245   18.69    93.97   225   11.9   82
IR     GOES12  20050825  2245   18.61    93.48   200   11.1   87
IR     GOES12  20050825  2245   18.36    93.16   137   13.2   69
IR     GOES12  20050825  2245   18.64    87.96   200   16.8  121
IR     GOES12  20050825  2245   18.40    87.62   200   20.0  116
IR     GOES12  20050825  2245   18.31    87.18   162   20.1  108
IR     GOES12  20050825  2245   18.40    84.13   137   27.7   91
IR     GOES12  20050825  2245   18.40    84.06   150   27.3   91
IR     GOES12  20050825  2245   18.16    83.07   137   26.1   94
IR     GOES12  20050825  2245   18.15    82.45   162   25.3   96
IR     GOES12  20050825  2245   18.15    82.42   162   24.1   96
IR     GOES12  20050825  2245   18.15    81.85   175   21.4   93
IR     GOES12  20050825  2245   18.18    81.56   137   21.5   90
IR     GOES12  20050825  2245   18.26    81.23   162   18.7   92
IR     GOES12  20050825  2245   18.49    80.63   237    9.9  127
IR     GOES12  20050825  2245   18.29    79.98   200   10.9   88
IR     GOES12  20050825  2245   18.29    79.96   200   10.9   88
IR     GOES12  20050825  2245   18.45    79.61   225    8.3   84
IR     GOES12  20050825  2245   18.37    79.23   187   15.9   77
IR     GOES12  20050825  2245   18.52    78.84   175    8.5   82
IR     GOES12  20050825  2245   18.40    77.50   237   15.3   85
IR     GOES12  20050825  2245   18.40    76.38   187   20.1   43
IR     GOES12  20050825  2245   18.01    76.27   200   11.7   57
IR     GOES12  20050825  2245   18.48    75.79   225    7.6   50
IR     GOES12  20050825  2245   18.12    75.35   225    6.6   39
IR     GOES12  20050825  2245   18.40    74.32   212    9.4   34
IR     GOES12  20050825  2245   18.36    74.19   212    9.2   32
IR     GOES12  20050825  2245   18.08    73.86   212    7.0   11
IR     GOES12  20050825  2245   18.40    73.33   212    5.3   22
IR     GOES12  20050825  2245   18.16    73.21   212    7.2   22
IR     GOES12  20050825  2245   18.18    68.28   187    4.4   24
IR     GOES12  20050825  2245   18.55    66.24   187    5.8  357
IR     GOES12  20050825  2245   18.20    65.68   175    6.4   28
IR     GOES12  20050825  2245   18.48    65.44   137    7.8   31
IR     GOES12  20050825  2245   18.13    65.08   137    8.5   13
IR     GOES12  20050825  2245   18.11    94.72   225    9.5   85
IR     GOES12  20050825  2245   17.86    85.03   212   24.1  108
IR     GOES12  20050825  2245   17.86    85.01   212   24.0  108
IR     GOES12  20050825  2245   17.70    84.35   200   24.5  106
IR     GOES12  20050825  2245   17.54    84.05   212   19.4  101
IR     GOES12  20050825  2245   17.93    84.01   212   20.1  110
IR     GOES12  20050825  2245   17.96    83.23   137   22.7  102
IR     GOES12  20050825  2245   17.49    82.72   187   15.2  103
IR     GOES12  20050825  2245   17.56    82.44   162   14.8  107
IR     GOES12  20050825  2245   17.95    82.13   162   21.3   93
IR     GOES12  20050825  2245   17.67    81.61   137   19.7   91
IR     GOES12  20050825  2245   17.67    81.52   137   19.1   91
IR     GOES12  20050825  2245   17.48    81.07   187   13.2   81
IR     GOES12  20050825  2245   17.71    80.79   175   14.6   87
IR     GOES12  20050825  2245   17.51    80.50   175    9.7   87
IR     GOES12  20050825  2245   17.74    80.18   200   11.5   89
IR     GOES12  20050825  2245   17.54    79.01   212    8.1   86
IR     GOES12  20050825  2245   17.74    78.71   225    7.0   85
IR     GOES12  20050825  2245   17.54    78.58   212    6.6   83
IR     GOES12  20050825  2245   17.58    78.27   225    7.6   69
IR     GOES12  20050825  2245   17.93    77.69   287    5.9   67
IR     GOES12  20050825  2245   17.93    76.42   237    8.6   57
IR     GOES12  20050825  2245   17.69    74.52   262    6.3   67
IR     GOES12  20050825  2245   17.77    74.28   225    6.0   61
IR     GOES12  20050825  2245   17.73    73.93   212    6.7   28
IR     GOES12  20050825  2245   17.73    73.36   212    9.2   41
IR     GOES12  20050825  2245   17.81    73.25   212    9.6   41
IR     GOES12  20050825  2245   17.54    72.80   187   10.9   45
IR     GOES12  20050825  2245   17.77    72.56   137    9.9   40
IR     GOES12  20050825  2245   17.77    72.05   162    5.8   56
IR     GOES12  20050825  2245   17.63    69.17   212    7.2  345
IR     GOES12  20050825  2245   17.75    68.88   212    9.0  348
IR     GOES12  20050825  2245   17.83    68.48   200    6.5  351
IR     GOES12  20050825  2245   17.83    68.41   187    6.2  358
IR     GOES12  20050825  2245   17.92    67.21   187    4.3  359
IR     GOES12  20050825  2245   18.00    66.99   212    4.0    1
IR     GOES12  20050825  2245   17.57    66.74   137   11.9   10
IR     GOES12  20050825  2245   17.57    66.17   162    7.0   29
IR     GOES12  20050825  2245   17.57    66.14   162    7.0   29
IR     GOES12  20050825  2245   17.58    65.57   162   11.6    9
IR     GOES12  20050825  2245   17.70    65.40   162   11.2    9
IR     GOES12  20050825  2245   17.90    65.03   137    8.9    9
IR     GOES12  20050825  2245   17.20    85.92   162   26.0  100
IR     GOES12  20050825  2245   17.39    85.69   175   22.9   96
IR     GOES12  20050825  2245   17.35    85.24   212   25.2   99
IR     GOES12  20050825  2245   17.19    85.17   212   27.5   94
IR     GOES12  20050825  2245   17.23    84.28   200   25.7   97
IR     GOES12  20050825  2245   17.22    84.06   200   20.9  100
IR     GOES12  20050825  2245   17.30    83.57   137   18.6   99
IR     GOES12  20050825  2245   17.29    83.20   175   20.6   94
IR     GOES12  20050825  2245   17.29    83.06   175   18.9   97
IR     GOES12  20050825  2245   17.33    82.58   187   15.9  103
IR     GOES12  20050825  2245   17.28    81.48   212   15.2   84
IR     GOES12  20050825  2245   17.28    81.30   212   18.8   80
IR     GOES12  20050825  2245   17.19    79.22   162   13.7   93
IR     GOES12  20050825  2245   17.27    78.92   200    8.1   83
IR     GOES12  20050825  2245   17.35    78.70   212    6.7   68
IR     GOES12  20050825  2245   17.30    75.48   225    9.6   71
IR     GOES12  20050825  2245   17.30    74.98   150   13.7   39
IR     GOES12  20050825  2245   17.38    74.67   212    6.7   41
IR     GOES12  20050825  2245   17.23    73.43   237    7.1   66
IR     GOES12  20050825  2245   17.23    73.20   212    7.4   43
IR     GOES12  20050825  2245   17.34    72.89   187   11.6   46
IR     GOES12  20050825  2245   17.30    65.61   162   12.0   13
IR     GOES12  20050825  2245   17.19    65.06   137   12.4   13
IR     GOES12  20050825  2245   15.68    77.56   212   11.6   62
IR     GOES12  20050825  2245   15.72    71.66   137   11.0   46
IR     GOES12  20050825  2245   15.68    71.01   150   12.2   38
IR     GOES12  20050825  2245   15.77    68.65   175    8.4   35
IR     GOES12  20050825  2245   15.26    94.95   175   21.0   62
IR     GOES12  20050825  2245   15.64    94.40   175   16.2   66
IR     GOES12  20050825  2245   15.72    94.27   175   15.4   68
IR     GOES12  20050825  2245   15.47    83.30   162   14.9   77
IR     GOES12  20050825  2245   15.43    83.04   212   13.8   81
IR     GOES12  20050825  2245   15.23    81.64   212   11.9   98
IR     GOES12  20050825  2245   15.23    81.22   212    8.7  104
IR     GOES12  20050825  2245   15.61    80.91   225    9.6   96
IR     GOES12  20050825  2245   15.57    80.52   175    8.7  120
IR     GOES12  20050825  2245   15.19    80.08   187    6.0   92
IR     GOES12  20050825  2245   15.19    79.49   162    8.3   83
IR     GOES12  20050825  2245   15.45    79.16   162    7.2   89
IR     GOES12  20050825  2245   15.22    78.42   212    9.7   59
IR     GOES12  20050825  2245   15.22    78.29   200   11.2   54
IR     GOES12  20050825  2245   15.18    77.71   187   14.2   55
IR     GOES12  20050825  2245   15.22    77.60   200   14.0   56
IR     GOES12  20050825  2245   15.26    77.26   150   15.9   56
IR     GOES12  20050825  2245   15.41    76.78   162   14.5   57
IR     GOES12  20050825  2245   15.56    76.40   175   12.2   54
IR     GOES12  20050825  2245   15.37    76.22   162   13.3   56
IR     GOES12  20050825  2245   15.52    75.90   162    9.7   74
IR     GOES12  20050825  2245   15.52    75.49   212    9.7   63
IR     GOES12  20050825  2245   15.60    74.70   137   16.5   34
IR     GOES12  20050825  2245   15.14    74.23   187    9.0   70
IR     GOES12  20050825  2245   15.33    74.08   162    7.9   58
IR     GOES12  20050825  2245   15.22    73.28   137   11.1   52
IR     GOES12  20050825  2245   15.22    73.20   175    8.1   50
IR     GOES12  20050825  2245   15.49    72.81   137   11.4   53
IR     GOES12  20050825  2245   15.29    72.49   137   13.8   54
IR     GOES12  20050825  2245   15.26    72.06   137   12.7   55
IR     GOES12  20050825  2245   15.45    71.64   137   11.5   49
IR     GOES12  20050825  2245   15.53    71.55   137   11.4   48
IR     GOES12  20050825  2245   15.57    71.08   137   12.3   39
IR     GOES12  20050825  2245   15.18    70.72   137   13.7   44
IR     GOES12  20050825  2245   15.30    70.55   150   13.3   43
IR     GOES12  20050825  2245   15.11    70.14   137   11.1   55
IR     GOES12  20050825  2245   15.65    69.89   162    9.0   38
IR     GOES12  20050825  2245   15.53    69.63   162    9.8   33
IR     GOES12  20050825  2245   15.23    69.10   175   13.6   35
IR     GOES12  20050825  2245   15.46    68.68   175    9.3   37
IR     GOES12  20050825  2245   15.54    68.61   175   10.9   36
IR     GOES12  20050825  2245   15.54    68.31   175   12.7   41
IR     GOES12  20050825  2245   15.43    67.66   162   16.7   32
IR     GOES12  20050825  2245   15.43    67.22   412    6.5   88
IR     GOES12  20050825  2245   15.39    67.20   412    6.6   94
IR     GOES12  20050825  2245   15.32    66.14   325    7.9   88
IR     GOES12  20050825  2245   15.36    66.05   337    7.2   91
IR     GOES12  20050825  2245   15.33    65.74   337    4.2  109
IR     GOES12  20050825  2245   15.22    65.33   325    7.7  150
IR     GOES12  20050825  2245   15.06    94.76   162   20.9   61
IR     GOES12  20050825  2245   15.14    94.42   162   20.4   67
IR     GOES12  20050825  2245   15.09    94.04   187   19.9   74
IR     GOES12  20050825  2245   15.00    81.89   212   12.6   93
IR     GOES12  20050825  2245   14.99    79.70   162    7.1   85
IR     GOES12  20050825  2245   15.03    78.59   212    9.8   71
IR     GOES12  20050825  2245   14.88    78.32   200   14.3   56
IR     GOES12  20050825  2245   14.95    77.17   137   15.7   55
IR     GOES12  20050825  2245   15.02    76.69   150   17.4   64
IR     GOES12  20050825  2245   14.99    73.52   175    8.6   54
IR     GOES12  20050825  2245   14.99    73.31   137   11.4   53
IR     GOES12  20050825  2245   14.99    72.83   137   12.8   56
IR     GOES12  20050825  2245   15.03    71.35   200    8.1   77
IR     GOES12  20050825  2245   15.00    70.06   137   12.0   50
IR     GOES12  20050825  2245   14.92    69.41   162   14.5   43
IR     GOES12  20050825  2245   15.04    69.11   175   16.1   40
IR     GOES12  20050825  2245   15.01    67.98   137   14.0   34
IR     GOES12  20050825  2245   15.01    67.76   162   16.8   33
IR     GOES12  20050825  2245   15.02    66.26   262    9.1   86
IR     GOES12  20050825  2245   14.98    65.34   300    5.7  143
WV     GOES12  20050825  2245   40.83    73.29   212   29.3  326
WV     GOES12  20050825  2245   39.79    73.54   212   30.9  325
WV     GOES12  20050825  2245   39.52    73.27   187   31.7  326
WV     GOES12  20050825  2245   39.96    71.29   412   15.4  327
WV     GOES12  20050825  2245   40.07    71.20   400   16.6  323
WV     GOES12  20050825  2245   38.87    73.37   275   29.1  325
WV     GOES12  20050825  2245   39.30    73.14   275   31.1  327
WV     GOES12  20050825  2245   39.14    72.73   262   32.7  328
WV     GOES12  20050825  2245   39.09    71.62   412   14.4  323
WV     GOES12  20050825  2245   39.10    71.54   412   18.6  323
WV     GOES12  20050825  2245   38.34    74.75   200   48.5  331
WV     GOES12  20050825  2245   38.18    74.10   187   39.5  325
WV     GOES12  20050825  2245   38.45    73.33   275   30.2  327
WV     GOES12  20050825  2245   38.66    72.74   275   31.2  328
WV     GOES12  20050825  2245   38.67    71.67   425   14.1  327
WV     GOES12  20050825  2245   37.55    74.08   175   38.7  323
WV     GOES12  20050825  2245   37.14    73.87   175   40.9  323
WV     GOES12  20050825  2245   36.88    74.81   150   31.7  319
WV     GOES12  20050825  2245   36.58    74.71   150   31.4  320
WV     GOES12  20050825  2245   36.94    74.09   162   39.8  323
WV     GOES12  20050825  2245   36.99    73.82   175   40.3  324
WV     GOES12  20050825  2245   36.89    72.72   350   28.3  335
WV     GOES12  20050825  2245   37.07    68.92   425   14.8  326
WV     GOES12  20050825  2245   37.03    68.52   425   14.3  327
WV     GOES12  20050825  2245   36.66    65.55   200   42.7  228
WV     GOES12  20050825  2245   36.66    65.53   200   42.6  228
WV     GOES12  20050825  2245   35.97    75.39   137   29.2  315
WV     GOES12  20050825  2245   36.27    74.68   150   33.5  322
WV     GOES12  20050825  2245   36.22    74.55   150   34.0  321
WV     GOES12  20050825  2245   36.22    73.57   200   35.7  336
WV     GOES12  20050825  2245   36.22    73.38   175   32.4  331
WV     GOES12  20050825  2245   36.33    72.37   362   26.6  328
WV     GOES12  20050825  2245   35.78    71.10   425   14.3  320
WV     GOES12  20050825  2245   35.83    71.04   375   14.1  321
WV     GOES12  20050825  2245   36.15    65.87   200   41.0  225
WV     GOES12  20050825  2245   36.15    65.82   200   43.2  224
WV     GOES12  20050825  2245   35.52    74.71   150   31.7  317
WV     GOES12  20050825  2245   35.12    73.59   337   26.0  325
WV     GOES12  20050825  2245   35.27    73.22   150   25.3  321
WV     GOES12  20050825  2245   35.08    72.81   387   18.1  324
WV     GOES12  20050825  2245   35.48    72.43   412    8.3  317
WV     GOES12  20050825  2245   35.53    71.82   412   12.6  320
WV     GOES12  20050825  2245   35.48    71.64   425    9.1  317
WV     GOES12  20050825  2245   35.04    71.17   425   14.8  323
WV     GOES12  20050825  2245   35.54    70.59   437   11.6  321
WV     GOES12  20050825  2245   35.03    67.13   425   12.0  308
WV     GOES12  20050825  2245   35.49    66.36   212   25.8  230
WV     GOES12  20050825  2245   35.21    65.03   250   27.8  228
WV     GOES12  20050825  2245   34.48    75.13   337   22.4  318
WV     GOES12  20050825  2245   34.39    73.76   200   42.5  344
WV     GOES12  20050825  2245   34.83    73.39   375   19.0  317
WV     GOES12  20050825  2245   34.74    71.89   362   23.8  322
WV     GOES12  20050825  2245   34.30    71.39   375   22.0  318
WV     GOES12  20050825  2245   34.84    71.00   375   24.3  319
WV     GOES12  20050825  2245   34.20    67.01   200   31.5  221
WV     GOES12  20050825  2245   34.89    66.51   200   35.5  220
WV     GOES12  20050825  2245   34.09    73.82   200   41.3  342
WV     GOES12  20050825  2245   34.00    72.66   375   19.9  302
WV     GOES12  20050825  2245   34.01    71.71   387   15.3  303
WV     GOES12  20050825  2245   33.91    67.17   200   30.6  221
WV     GOES12  20050825  2245   34.15    66.99   200   31.2  221
WV     GOES12  20050825  2245   33.58    66.66   262   16.7  256
WV     GOES12  20050825  2245   33.63    66.19   250   19.7  234
WV     GOES12  20050825  2245   32.90    78.72   337   13.6    4
WV     GOES12  20050825  2245   33.27    75.58   350   14.5  299
WV     GOES12  20050825  2245   33.29    70.70   412   12.4  320
WV     GOES12  20050825  2245   33.24    70.60   400   12.6  314
WV     GOES12  20050825  2245   32.97    68.73   300   18.1  278
WV     GOES12  20050825  2245   33.19    66.99   250   23.5  232
WV     GOES12  20050825  2245   33.10    66.18   287   19.4  238
WV     GOES12  20050825  2245   32.97    65.75   312   16.1  232
WV     GOES12  20050825  2245   32.93    65.01   275   18.9  230
WV     GOES12  20050825  2245   32.43    71.05   350   15.2  300
WV     GOES12  20050825  2245   32.48    71.00   337   15.1  301
WV     GOES12  20050825  2245   32.15    70.41   337   18.8  297
WV     GOES12  20050825  2245   32.16    70.28   362   17.0  295
WV     GOES12  20050825  2245   32.16    69.70   387   12.6  288
WV     GOES12  20050825  2245   32.59    68.76   325   12.5  261
WV     GOES12  20050825  2245   32.64    68.65   300   12.3  262
WV     GOES12  20050825  2245   32.04    68.20   262   16.3  263
WV     GOES12  20050825  2245   32.13    67.96   262   17.4  254
WV     GOES12  20050825  2245   32.49    66.09   300   17.3  240
WV     GOES12  20050825  2245   32.49    66.04   312   17.1  240
WV     GOES12  20050825  2245   31.47    81.00   187    4.3  358
WV     GOES12  20050825  2245   31.83    79.57   337    5.8  307
WV     GOES12  20050825  2245   31.45    79.15   337    5.1  315
WV     GOES12  20050825  2245   31.49    77.43   350   12.1  339
WV     GOES12  20050825  2245   31.49    77.41   350   12.1  340
WV     GOES12  20050825  2245   31.81    76.75   275   11.9  338
WV     GOES12  20050825  2245   31.67    76.62   275   13.0  336
WV     GOES12  20050825  2245   31.55    70.72   325   18.0  299
WV     GOES12  20050825  2245   31.64    70.44   287   20.1  297
WV     GOES12  20050825  2245   31.69    70.26   325   19.5  296
WV     GOES12  20050825  2245   31.83    69.78   337   13.1  287
WV     GOES12  20050825  2245   31.79    69.25   312   17.5  293
WV     GOES12  20050825  2245   31.52    68.85   275   13.8  289
WV     GOES12  20050825  2245   31.66    68.58   262   13.7  283
WV     GOES12  20050825  2245   31.99    67.95   312   15.5  259
WV     GOES12  20050825  2245   31.87    66.52   312   14.2  251
WV     GOES12  20050825  2245   31.97    65.80   262   14.6  238
WV     GOES12  20050825  2245   32.03    65.43   175   13.1  246
WV     GOES12  20050825  2245   31.61    65.31   175   14.0  272
WV     GOES12  20050825  2245   31.17    79.09   225    5.0  316
WV     GOES12  20050825  2245   31.21    78.07   225    9.4  335
WV     GOES12  20050825  2245   31.12    77.62   237   12.0  330
WV     GOES12  20050825  2245   30.70    77.12   262   14.3  327
WV     GOES12  20050825  2245   30.84    77.00   262   15.3  327
WV     GOES12  20050825  2245   31.12    76.66   275   14.5  341
WV     GOES12  20050825  2245   31.11    74.95   437    9.4  332
WV     GOES12  20050825  2245   30.77    69.35   325   12.5  301
WV     GOES12  20050825  2245   31.10    69.08   300   14.6  295
WV     GOES12  20050825  2245   31.15    68.77   275   14.5  286
WV     GOES12  20050825  2245   30.88    67.87   300   11.3  287
WV     GOES12  20050825  2245   31.00    65.78   175   12.9  284
WV     GOES12  20050825  2245   31.23    65.45   175   12.6  277
WV     GOES12  20050825  2245   30.18    80.34   225    5.4  347
WV     GOES12  20050825  2245   30.13    80.02   225    6.3  323
WV     GOES12  20050825  2245   30.30    79.34   225    7.8  326
WV     GOES12  20050825  2245   30.39    79.20   237    8.3  351
WV     GOES12  20050825  2245   30.49    69.96   237   18.8  302
WV     GOES12  20050825  2245   30.22    69.63   312   15.6  303
WV     GOES12  20050825  2245   30.47    67.83   287    9.5  284
WV     GOES12  20050825  2245   30.51    67.73   287    9.4  280
WV     GOES12  20050825  2245   30.12    66.63   150   13.0  314
WV     GOES12  20050825  2245   30.54    65.91   150   12.7  298
WV     GOES12  20050825  2245   29.91    94.62   237    7.6  101
WV     GOES12  20050825  2245   29.90    94.27   187    7.2  101
WV     GOES12  20050825  2245   29.80    94.11   187    9.7   97
WV     GOES12  20050825  2245   29.69    91.63   237    9.0   82
WV     GOES12  20050825  2245   29.73    91.25   275    9.8   88
WV     GOES12  20050825  2245   29.62    90.63   137   14.9   77
WV     GOES12  20050825  2245   29.56    89.85   150    8.0   59
WV     GOES12  20050825  2245   29.54    89.06   150    7.9   71
WV     GOES12  20050825  2245   29.53    88.86   150    8.3   72
WV     GOES12  20050825  2245   29.48    88.60   150    7.2   74
WV     GOES12  20050825  2245   29.97    88.24   137   15.0   36
WV     GOES12  20050825  2245   29.51    87.64   162    5.9   37
WV     GOES12  20050825  2245   29.82    87.23   187    9.7   25
WV     GOES12  20050825  2245   29.86    87.19   175    9.3   24
WV     GOES12  20050825  2245   29.37    84.58   250    8.4   60
WV     GOES12  20050825  2245   29.68    84.17   262    5.1   39
WV     GOES12  20050825  2245   29.49    70.29   262   14.9  297
WV     GOES12  20050825  2245   29.40    70.15   225   14.0  297
WV     GOES12  20050825  2245   29.40    69.90   250   12.5  298
WV     GOES12  20050825  2245   29.51    68.11   225   11.8  322
WV     GOES12  20050825  2245   29.43    67.55   225   12.4  310
WV     GOES12  20050825  2245   29.71    66.96   137   12.7  321
WV     GOES12  20050825  2245   29.71    66.94   137   12.6  321
WV     GOES12  20050825  2245   29.94    66.47   137   13.2  321
WV     GOES12  20050825  2245   29.90    66.13   137   15.7  330
WV     GOES12  20050825  2245   29.28    94.86   200   11.1   97
WV     GOES12  20050825  2245   29.28    94.76   187   15.3   91
WV     GOES12  20050825  2245   29.40    94.15   250   12.2   91
WV     GOES12  20050825  2245   29.19    93.32   200   15.0   87
WV     GOES12  20050825  2245   29.37    93.07   212   13.3   85
WV     GOES12  20050825  2245   29.02    92.01   212   14.2   74
WV     GOES12  20050825  2245   29.31    90.96   137   13.5   66
WV     GOES12  20050825  2245   28.81    90.54   137   14.6   67
WV     GOES12  20050825  2245   28.90    90.40   250   11.1   74
WV     GOES12  20050825  2245   28.92    89.52   150    9.9   57
WV     GOES12  20050825  2245   29.32    89.13   150    9.2   73
WV     GOES12  20050825  2245   28.99    88.62   150    5.8   75
WV     GOES12  20050825  2245   29.21    88.38   150    5.8   74
WV     GOES12  20050825  2245   29.16    88.22   150    6.5   78
WV     GOES12  20050825  2245   29.24    87.83   162    7.1   53
WV     GOES12  20050825  2245   29.16    85.92   325    5.4   67
WV     GOES12  20050825  2245   29.28    84.60   262    8.3   61
WV     GOES12  20050825  2245   29.13    79.86   175    5.4  278
WV     GOES12  20050825  2245   29.16    76.79   162   17.8  303
WV     GOES12  20050825  2245   29.03    74.95   225    9.6  356
WV     GOES12  20050825  2245   28.80    73.63   312   11.1   24
WV     GOES12  20050825  2245   28.72    73.51   300   11.7    6
WV     GOES12  20050825  2245   28.81    73.15   287    9.6  343
WV     GOES12  20050825  2245   29.17    71.49   262    9.0  322
WV     GOES12  20050825  2245   29.17    71.27   262   11.0  316
WV     GOES12  20050825  2245   28.90    71.00   337   11.1  309
WV     GOES12  20050825  2245   28.78    70.13   237   11.8  311
WV     GOES12  20050825  2245   29.23    69.86   250   11.9  297
WV     GOES12  20050825  2245   28.66    68.08   225   14.4  331
WV     GOES12  20050825  2245   29.07    67.51   137   11.6  310
WV     GOES12  20050825  2245   29.12    67.31   137   11.4  308
WV     GOES12  20050825  2245   28.75    94.98   175   15.0   99
WV     GOES12  20050825  2245   28.46    94.10   162   21.5   91
WV     GOES12  20050825  2245   28.45    93.94   162   21.6   92
WV     GOES12  20050825  2245   28.40    93.61   137   18.4   91
WV     GOES12  20050825  2245   28.52    93.20   175   21.3   86
WV     GOES12  20050825  2245   28.41    92.30   175   18.6   84
WV     GOES12  20050825  2245   28.66    91.84   200   16.9   77
WV     GOES12  20050825  2245   28.34    91.37   137   18.0   80
WV     GOES12  20050825  2245   28.64    90.99   137   15.9   73
WV     GOES12  20050825  2245   28.64    90.96   137   15.9   73
WV     GOES12  20050825  2245   28.32    90.53   137   15.3   81
WV     GOES12  20050825  2245   28.35    90.05   175   11.7   81
WV     GOES12  20050825  2245   28.57    89.71   162    9.3   78
WV     GOES12  20050825  2245   28.38    89.10   225    7.1   87
WV     GOES12  20050825  2245   28.38    89.02   225    8.2   82
WV     GOES12  20050825  2245   28.59    88.61   187    5.4   83
WV     GOES12  20050825  2245   28.58    88.23   150    6.2   89
WV     GOES12  20050825  2245   28.39    87.63   275    5.9   77
WV     GOES12  20050825  2245   28.56    87.18   225    5.3   65
WV     GOES12  20050825  2245   28.42    86.77   312    5.4   69
WV     GOES12  20050825  2245   28.55    86.39   275    8.6   77
WV     GOES12  20050825  2245   28.60    84.33   187    7.3   96
WV     GOES12  20050825  2245   28.51    84.17   150    7.1   98
WV     GOES12  20050825  2245   28.23    76.98   175   12.6  296
WV     GOES12  20050825  2245   28.27    76.89   187   12.8  296
WV     GOES12  20050825  2245   28.14    76.53   175   13.8  301
WV     GOES12  20050825  2245   28.23    74.83   225   14.3  352
WV     GOES12  20050825  2245   28.45    74.02   262   17.4  342
WV     GOES12  20050825  2245   28.45    73.63   287   14.8  349
WV     GOES12  20050825  2245   28.45    73.15   275   10.9  339
WV     GOES12  20050825  2245   28.14    72.68   300   12.0  333
WV     GOES12  20050825  2245   28.28    72.44   287   12.6  339
WV     GOES12  20050825  2245   28.50    72.22   325    8.5  336
WV     GOES12  20050825  2245   28.54    71.83   287   13.8  327
WV     GOES12  20050825  2245   28.47    69.91   237   15.0  312
WV     GOES12  20050825  2245   27.98    69.60   300   15.0  333
WV     GOES12  20050825  2245   28.03    69.14   312   16.2  330
WV     GOES12  20050825  2245   28.48    68.22   175   15.3  335
WV     GOES12  20050825  2245   28.53    67.92   225   14.6  331
WV     GOES12  20050825  2245   28.12    94.78   175   18.2   89
WV     GOES12  20050825  2245   27.93    94.48   187   19.0   88
WV     GOES12  20050825  2245   28.02    94.23   212   17.6   94
WV     GOES12  20050825  2245   28.03    93.25   137   20.1   95
WV     GOES12  20050825  2245   28.03    92.97   175   21.6   89
WV     GOES12  20050825  2245   27.70    92.49   262   13.8   94
WV     GOES12  20050825  2245   28.08    91.83   287   19.1   87
WV     GOES12  20050825  2245   27.97    90.62   137   13.4   87
WV     GOES12  20050825  2245   27.56    90.14   187   11.1  100
WV     GOES12  20050825  2245   27.60    89.90   187   11.2   98
WV     GOES12  20050825  2245   27.81    89.36   262    9.5   90
WV     GOES12  20050825  2245   27.98    89.24   262    8.5   86
WV     GOES12  20050825  2245   27.93    88.93   262    9.2   90
WV     GOES12  20050825  2245   27.57    88.23   275    8.9   92
WV     GOES12  20050825  2245   27.87    88.03   275    7.7   82
WV     GOES12  20050825  2245   27.54    86.95   275    6.5   93
WV     GOES12  20050825  2245   27.71    86.38   275    6.7   92
WV     GOES12  20050825  2245   27.71    86.28   275    6.5   90
WV     GOES12  20050825  2245   27.65    85.64   150   12.2  127
WV     GOES12  20050825  2245   27.69    85.57   150   12.4  127
WV     GOES12  20050825  2245   27.47    84.94   150   11.8  133
WV     GOES12  20050825  2245   27.85    84.15   150    8.0   65
WV     GOES12  20050825  2245   27.44    83.34   200    7.5   29
WV     GOES12  20050825  2245   27.80    79.84   187    6.5  102
WV     GOES12  20050825  2245   27.80    79.81   187    7.8   96
WV     GOES12  20050825  2245   27.63    79.42   175    7.3  108
WV     GOES12  20050825  2245   27.66    74.50   262   11.7  359
WV     GOES12  20050825  2245   27.44    72.08   250   11.7  341
WV     GOES12  20050825  2245   27.79    71.95   250   11.5  343
WV     GOES12  20050825  2245   27.88    71.35   250    8.7  353
WV     GOES12  20050825  2245   27.62    70.98   175   16.9  334
WV     GOES12  20050825  2245   27.80    70.85   175   18.2  338
WV     GOES12  20050825  2245   27.85    69.56   312   15.9  333
WV     GOES12  20050825  2245   27.68    69.21   300   16.3  330
WV     GOES12  20050825  2245   27.34    68.23   162   20.2  346
WV     GOES12  20050825  2245   26.94    93.34   337   17.5  101
WV     GOES12  20050825  2245   27.32    92.90   137   19.7   96
WV     GOES12  20050825  2245   27.31    92.57   200   14.5   92
WV     GOES12  20050825  2245   26.85    91.42   287   15.5   95
WV     GOES12  20050825  2245   27.01    90.93   287   17.4   94
WV     GOES12  20050825  2245   27.01    90.88   287   18.7   92
WV     GOES12  20050825  2245   26.87    90.38   312   12.8  102
WV     GOES12  20050825  2245   26.90    89.96   262   13.2   97
WV     GOES12  20050825  2245   26.88    89.02   287   10.0  110
WV     GOES12  20050825  2245   27.18    88.89   287   11.6   96
WV     GOES12  20050825  2245   26.91    87.94   200    7.2   91
WV     GOES12  20050825  2245   27.21    87.93   325    8.3   91
WV     GOES12  20050825  2245   27.24    87.23   275    7.5   83
WV     GOES12  20050825  2245   27.24    87.13   275    8.4   85
WV     GOES12  20050825  2245   26.78    85.90   137   11.6  126
WV     GOES12  20050825  2245   27.12    85.43   137    9.7  122
WV     GOES12  20050825  2245   27.29    84.77   150   11.8  129
WV     GOES12  20050825  2245   26.81    84.36   162    8.8  110
WV     GOES12  20050825  2245   27.19    83.99   137    7.6  132
WV     GOES12  20050825  2245   27.19    83.92   150    8.5  139
WV     GOES12  20050825  2245   27.27    83.42   200    8.3   74
WV     GOES12  20050825  2245   26.66    75.21   275   14.8    9
WV     GOES12  20050825  2245   26.97    70.84   137   13.8  336
WV     GOES12  20050825  2245   26.80    70.14   137   11.7  347
WV     GOES12  20050825  2245   27.12    68.34   162   21.6  349
WV     GOES12  20050825  2245   27.12    68.22   162   20.6  348
WV     GOES12  20050825  2245   26.32    90.98   287   18.4   99
WV     GOES12  20050825  2245   26.49    90.76   300   18.6  102
WV     GOES12  20050825  2245   26.56    90.23   312   14.1  105
WV     GOES12  20050825  2245   26.64    89.97   262   14.5  100
WV     GOES12  20050825  2245   26.37    89.31   200   16.1  106
WV     GOES12  20050825  2245   26.53    88.97   287    9.0  104
WV     GOES12  20050825  2245   26.53    88.94   287    8.8  104
WV     GOES12  20050825  2245   26.65    88.42   275    9.1  101
WV     GOES12  20050825  2245   26.65    87.95   200    7.9   91
WV     GOES12  20050825  2245   26.60    87.63   200    7.4  103
WV     GOES12  20050825  2245   26.41    87.10   212    4.2   95
WV     GOES12  20050825  2245   26.53    86.43   237    6.4   89
WV     GOES12  20050825  2245   26.32    86.36   150    4.8   90
WV     GOES12  20050825  2245   26.29    84.96   137    9.2  126
WV     GOES12  20050825  2245   26.38    84.68   137    8.5  110
WV     GOES12  20050825  2245   26.63    84.30   175    8.4  112
WV     GOES12  20050825  2245   26.63    84.18   175    8.0  109
WV     GOES12  20050825  2245   26.10    83.51   150    7.3   65
WV     GOES12  20050825  2245   26.40    82.73   150    7.0   60
WV     GOES12  20050825  2245   26.48    82.38   162    6.8   45
WV     GOES12  20050825  2245   26.00    81.44   137    9.4   50
WV     GOES12  20050825  2245   26.31    73.43   212   12.3   35
WV     GOES12  20050825  2245   26.53    73.07   300   12.2   29
WV     GOES12  20050825  2245   26.23    72.12   325    9.1   44
WV     GOES12  20050825  2245   26.50    70.44   137   14.4  338
WV     GOES12  20050825  2245   26.50    70.25   137   13.5  342
WV     GOES12  20050825  2245   26.51    68.83   175   17.9  353
WV     GOES12  20050825  2245   26.11    94.88   287   11.4   99
WV     GOES12  20050825  2245   25.95    93.55   212   15.1   85
WV     GOES12  20050825  2245   26.07    93.35   212   16.5   86
WV     GOES12  20050825  2245   25.76    92.88   212   17.6   82
WV     GOES12  20050825  2245   25.96    92.24   275   19.1   86
WV     GOES12  20050825  2245   25.96    92.12   300   17.8   86
WV     GOES12  20050825  2245   25.69    91.65   287   18.8   83
WV     GOES12  20050825  2245   25.64    91.39   287   18.8   81
WV     GOES12  20050825  2245   25.89    91.04   300   15.7   88
WV     GOES12  20050825  2245   25.87    90.12   187   19.4  106
WV     GOES12  20050825  2245   25.86    89.70   312   18.2  104
WV     GOES12  20050825  2245   25.94    89.37   200   16.8  111
WV     GOES12  20050825  2245   25.85    89.21   200   16.2  111
WV     GOES12  20050825  2245   25.88    88.53   300   12.1  103
WV     GOES12  20050825  2245   25.84    88.48   300   11.6  103
WV     GOES12  20050825  2245   25.44    87.79   362    8.7  106
WV     GOES12  20050825  2245   25.63    86.33   237    5.4  122
WV     GOES12  20050825  2245   25.88    86.16   262    4.0  116
WV     GOES12  20050825  2245   25.75    85.69   150    7.4   76
WV     GOES12  20050825  2245   25.75    85.57   150    7.5   76
WV     GOES12  20050825  2245   25.91    85.04   187   12.4  121
WV     GOES12  20050825  2245   25.95    84.76   150    8.9  105
WV     GOES12  20050825  2245   25.59    83.82   162    5.7   95
WV     GOES12  20050825  2245   25.59    83.70   162    5.4   98
WV     GOES12  20050825  2245   25.80    83.39   162   11.8  111
WV     GOES12  20050825  2245   25.54    82.45   137    6.7   45
WV     GOES12  20050825  2245   25.91    81.39   137    9.2   56
WV     GOES12  20050825  2245   25.65    81.23   137    8.4   53
WV     GOES12  20050825  2245   25.52    80.94   150    5.7    1
WV     GOES12  20050825  2245   25.67    76.30   162   19.7  343
WV     GOES12  20050825  2245   25.41    75.93   175   13.7  353
WV     GOES12  20050825  2245   25.63    75.12   137   21.2  339
WV     GOES12  20050825  2245   25.63    74.98   137   20.2  341
WV     GOES12  20050825  2245   25.67    74.14   162   21.2  332
WV     GOES12  20050825  2245   25.85    72.20   325    7.2   21
WV     GOES12  20050825  2245   25.42    71.75   312    7.4    9
WV     GOES12  20050825  2245   25.85    71.50   337    7.9   18
WV     GOES12  20050825  2245   25.94    71.03   337    9.7   11
WV     GOES12  20050825  2245   25.94    70.32   137   18.1  347
WV     GOES12  20050825  2245   25.94    69.95   137   17.9  352
WV     GOES12  20050825  2245   25.94    66.12   225    7.1  318
WV     GOES12  20050825  2245   25.25    94.63   162   14.7   82
WV     GOES12  20050825  2245   25.24    94.45   162   14.0   82
WV     GOES12  20050825  2245   25.44    93.81   212   13.5   78
WV     GOES12  20050825  2245   25.44    93.76   212   13.2   78
WV     GOES12  20050825  2245   25.34    93.36   212   14.1   80
WV     GOES12  20050825  2245   25.41    92.70   250   15.4   79
WV     GOES12  20050825  2245   25.41    92.65   275   15.4   79
WV     GOES12  20050825  2245   25.36    92.24   312   16.4   81
WV     GOES12  20050825  2245   25.43    91.46   312   16.8   83
WV     GOES12  20050825  2245   24.98    90.57   375   10.8   87
WV     GOES12  20050825  2245   25.02    90.36   325   10.2   88
WV     GOES12  20050825  2245   25.09    89.86   312   16.9   83
WV     GOES12  20050825  2245   25.29    89.06   325   11.1  121
WV     GOES12  20050825  2245   24.89    87.94   237    9.9  124
WV     GOES12  20050825  2245   25.31    87.80   350    8.5  105
WV     GOES12  20050825  2245   25.26    87.29   225   10.8  109
WV     GOES12  20050825  2245   24.91    86.25   162    9.2  109
WV     GOES12  20050825  2245   24.98    85.33   150    7.6  103
WV     GOES12  20050825  2245   25.10    85.27   162    7.8  102
WV     GOES12  20050825  2245   24.97    84.90   137   17.4  106
WV     GOES12  20050825  2245   25.30    84.34   162   15.6  103
WV     GOES12  20050825  2245   25.13    83.95   137   14.5   97
WV     GOES12  20050825  2245   25.13    83.90   150   14.4   97
WV     GOES12  20050825  2245   25.28    82.29   162    8.3   81
WV     GOES12  20050825  2245   25.15    82.00   137    7.0   59
WV     GOES12  20050825  2245   25.06    81.55   137    8.3    7
WV     GOES12  20050825  2245   24.81    81.39   187    4.7   65
WV     GOES12  20050825  2245   25.27    80.88   162    6.1  356
WV     GOES12  20050825  2245   25.29    75.81   175   14.6  355
WV     GOES12  20050825  2245   24.86    74.63   137   23.3  335
WV     GOES12  20050825  2245   25.12    74.19   162   23.9  337
WV     GOES12  20050825  2245   25.08    74.10   162   24.1  337
WV     GOES12  20050825  2245   24.95    73.59   137   25.0  338
WV     GOES12  20050825  2245   25.21    71.36   337    8.4   16
WV     GOES12  20050825  2245   25.25    71.31   337    8.0   15
WV     GOES12  20050825  2245   24.92    70.51   362    6.1   34
WV     GOES12  20050825  2245   24.83    66.53   250   19.2  269
WV     GOES12  20050825  2245   24.87    66.45   262   19.4  269
WV     GOES12  20050825  2245   24.96    65.76   250   23.2  263
WV     GOES12  20050825  2245   24.92    65.67   250   23.0  263
WV     GOES12  20050825  2245   24.82    94.80   175   12.0   83
WV     GOES12  20050825  2245   24.68    94.24   175   14.9   76
WV     GOES12  20050825  2245   24.55    93.91   175   13.8   73
WV     GOES12  20050825  2245   24.75    93.30   212   11.2   76
WV     GOES12  20050825  2245   24.74    93.28   212   11.4   76
WV     GOES12  20050825  2245   24.56    92.82   212   11.9   66
WV     GOES12  20050825  2245   24.76    92.09   300   11.7   63
WV     GOES12  20050825  2245   24.75    91.69   362    9.7   69
WV     GOES12  20050825  2245   24.53    91.34   362    8.1   74
WV     GOES12  20050825  2245   24.43    90.64   337    8.2   83
WV     GOES12  20050825  2245   24.72    87.87   237    9.9  124
WV     GOES12  20050825  2245   24.68    87.77   237   10.9  123
WV     GOES12  20050825  2245   24.45    87.05   200   12.0  118
WV     GOES12  20050825  2245   24.70    86.82   200   13.0  114
WV     GOES12  20050825  2245   24.53    86.42   150   11.5  111
WV     GOES12  20050825  2245   24.65    86.00   150   12.6  102
WV     GOES12  20050825  2245   24.18    85.65   137   11.5  105
WV     GOES12  20050825  2245   24.26    85.54   137   11.6  104
WV     GOES12  20050825  2245   24.43    85.20   200    7.9   98
WV     GOES12  20050825  2245   24.34    84.82   200    7.6   99
WV     GOES12  20050825  2245   24.50    84.24   175    9.5  100
WV     GOES12  20050825  2245   24.50    83.99   137   15.0   97
WV     GOES12  20050825  2245   24.58    83.57   150   13.8   87
WV     GOES12  20050825  2245   24.15    83.35   150    9.8   82
WV     GOES12  20050825  2245   24.70    83.06   200   12.5   53
WV     GOES12  20050825  2245   24.65    82.71   150   11.1   40
WV     GOES12  20050825  2245   24.43    82.18   137   12.9   42
WV     GOES12  20050825  2245   24.14    82.02   137   13.3   61
WV     GOES12  20050825  2245   24.60    81.45   187    4.6   66
WV     GOES12  20050825  2245   24.45    78.71   137    7.6  314
WV     GOES12  20050825  2245   24.57    75.67   162   16.9  348
WV     GOES12  20050825  2245   24.19    74.54   137   24.4  345
WV     GOES12  20050825  2245   24.57    74.29   137   24.3  334
WV     GOES12  20050825  2245   24.65    74.08   137   24.6  337
WV     GOES12  20050825  2245   24.28    73.53   137   25.5  351
WV     GOES12  20050825  2245   24.45    72.49   312    6.1   18
WV     GOES12  20050825  2245   24.20    71.00   337    7.2   43
WV     GOES12  20050825  2245   24.50    70.02   337    7.4  338
WV     GOES12  20050825  2245   24.59    69.71   237    6.6  306
WV     GOES12  20050825  2245   24.39    68.24   300    8.0  296
WV     GOES12  20050825  2245   24.61    67.29   287   16.8  273
WV     GOES12  20050825  2245   24.61    67.01   287   18.2  270
WV     GOES12  20050825  2245   24.66    66.70   262   18.4  270
WV     GOES12  20050825  2245   24.66    66.19   250   20.9  264
WV     GOES12  20050825  2245   24.54    65.85   250   21.4  266
WV     GOES12  20050825  2245   24.58    65.72   250   22.2  264
WV     GOES12  20050825  2245   24.67    65.32   250   22.6  261
WV     GOES12  20050825  2245   23.94    94.75   312    6.4   44
WV     GOES12  20050825  2245   23.98    94.63   300    7.1   45
WV     GOES12  20050825  2245   24.13    93.96   175   13.5   75
WV     GOES12  20050825  2245   24.21    93.90   175   13.7   75
WV     GOES12  20050825  2245   23.78    93.28   175   10.9   62
WV     GOES12  20050825  2245   24.15    93.12   175   12.3   65
WV     GOES12  20050825  2245   23.76    92.36   262    8.0   75
WV     GOES12  20050825  2245   24.11    91.46   287    6.6   66
WV     GOES12  20050825  2245   24.08    90.00   312   11.5   98
WV     GOES12  20050825  2245   23.83    87.10   175   14.6  130
WV     GOES12  20050825  2245   23.74    86.85   187   13.2  131
WV     GOES12  20050825  2245   23.86    86.47   137   15.7  100
WV     GOES12  20050825  2245   24.06    85.97   137   13.1  110
WV     GOES12  20050825  2245   24.01    85.63   137   11.5  105
WV     GOES12  20050825  2245   23.97    85.56   137   11.6  106
WV     GOES12  20050825  2245   24.01    85.21   200   11.5  104
WV     GOES12  20050825  2245   23.96    84.85   187    5.5   87
WV     GOES12  20050825  2245   24.00    84.48   187   11.0   96
WV     GOES12  20050825  2245   23.91    83.82   162   13.9   86
WV     GOES12  20050825  2245   23.78    83.51   175   13.5   85
WV     GOES12  20050825  2245   23.99    83.31   150    9.8   82
WV     GOES12  20050825  2245   23.90    83.10   175   12.6   91
WV     GOES12  20050825  2245   23.69    82.69   237   11.4   76
WV     GOES12  20050825  2245   23.97    82.08   150   12.6   62
WV     GOES12  20050825  2245   23.97    82.06   150   12.4   62
WV     GOES12  20050825  2245   23.53    79.04   137   14.0   17
WV     GOES12  20050825  2245   23.91    78.69   137    6.9  339
WV     GOES12  20050825  2245   23.95    78.60   137    6.6  334
WV     GOES12  20050825  2245   23.98    75.80   175   14.1  350
WV     GOES12  20050825  2245   23.90    75.48   162   16.5  347
WV     GOES12  20050825  2245   24.02    74.59   150   25.2  347
WV     GOES12  20050825  2245   23.90    74.31   150   23.9  349
WV     GOES12  20050825  2245   23.98    74.01   137   24.7  350
WV     GOES12  20050825  2245   23.94    73.35   137   25.4  352
WV     GOES12  20050825  2245   23.95    71.03   362    6.9   42
WV     GOES12  20050825  2245   23.75    70.10   362    7.2  323
WV     GOES12  20050825  2245   23.71    70.01   350    7.0  323
WV     GOES12  20050825  2245   23.98    67.38   300   11.9  283
WV     GOES12  20050825  2245   23.94    67.13   287   12.3  280
WV     GOES12  20050825  2245   23.90    66.67   262   13.5  276
WV     GOES12  20050825  2245   23.61    66.43   250   12.2  274
WV     GOES12  20050825  2245   23.58    65.39   250   16.5  273
WV     GOES12  20050825  2245   23.51    94.37   137    7.8   91
WV     GOES12  20050825  2245   23.38    94.15   275    7.3   82
WV     GOES12  20050825  2245   23.11    93.56   137    7.9   77
WV     GOES12  20050825  2245   23.44    93.27   137    9.0   62
WV     GOES12  20050825  2245   23.35    92.93   262    8.6   70
WV     GOES12  20050825  2245   23.05    92.37   275    6.2   68
WV     GOES12  20050825  2245   23.37    91.71   250    8.2  136
WV     GOES12  20050825  2245   23.24    91.55   262    8.0  124
WV     GOES12  20050825  2245   23.02    88.97   262    5.9  128
WV     GOES12  20050825  2245   23.19    86.09   175   14.3  120
WV     GOES12  20050825  2245   23.39    85.85   137   17.4  110
WV     GOES12  20050825  2245   23.34    85.26   175   11.7   83
WV     GOES12  20050825  2245   23.30    85.10   175   12.7   84
WV     GOES12  20050825  2245   23.08    84.12   187    9.2   88
WV     GOES12  20050825  2245   23.03    83.59   237    9.5   85
WV     GOES12  20050825  2245   23.39    82.34   225   11.7   63
WV     GOES12  20050825  2245   23.24    78.99   137   13.1   13
WV     GOES12  20050825  2245   23.24    78.92   137   12.6    9
WV     GOES12  20050825  2245   23.12    78.57   137    7.7    2
WV     GOES12  20050825  2245   22.86    74.68   150   23.1    5
WV     GOES12  20050825  2245   22.89    68.58   325    6.9  281
WV     GOES12  20050825  2245   23.23    66.83   250   11.4  288
WV     GOES12  20050825  2245   23.32    66.30   250   12.8  274
WV     GOES12  20050825  2245   23.32    66.23   250   13.3  274
WV     GOES12  20050825  2245   23.42    65.45   237   16.3  272
WV     GOES12  20050825  2245   22.51    94.44   175    4.5   69
WV     GOES12  20050825  2245   22.55    94.15   175    4.2   59
WV     GOES12  20050825  2245   22.86    93.34   162    7.8   71
WV     GOES12  20050825  2245   22.88    92.25   137    6.5   70
WV     GOES12  20050825  2245   22.61    91.02   287    5.8  100
WV     GOES12  20050825  2245   22.43    90.33   337    4.8  119
WV     GOES12  20050825  2245   22.90    89.08   262    4.9  127
WV     GOES12  20050825  2245   22.65    88.62   312    4.5  115
WV     GOES12  20050825  2245   22.65    88.60   312    4.5  115
WV     GOES12  20050825  2245   22.75    87.17   137   18.6  113
WV     GOES12  20050825  2245   22.82    86.69   275    8.8  114
WV     GOES12  20050825  2245   22.82    86.22   237   15.5   93
WV     GOES12  20050825  2245   22.73    86.14   237   16.5   98
WV     GOES12  20050825  2245   22.40    85.74   137   14.1   77
WV     GOES12  20050825  2245   22.75    84.40   175   11.4   95
WV     GOES12  20050825  2245   22.29    77.80   175    6.7    3
WV     GOES12  20050825  2245   22.58    76.56   175    9.8    5
WV     GOES12  20050825  2245   22.70    74.73   150   26.0    6
WV     GOES12  20050825  2245   22.62    72.83   287    7.5   13
WV     GOES12  20050825  2245   22.73    68.29   325    8.3  284
WV     GOES12  20050825  2245   22.77    67.58   275   12.7  297
WV     GOES12  20050825  2245   22.76    65.11   250   11.2  260
WV     GOES12  20050825  2245   22.25    93.98   175    5.3   76
WV     GOES12  20050825  2245   22.17    93.87   175    4.9   77
WV     GOES12  20050825  2245   22.26    92.23   137    8.0   98
WV     GOES12  20050825  2245   22.30    91.99   137    6.3   85
WV     GOES12  20050825  2245   22.23    90.51   287    4.2  119
WV     GOES12  20050825  2245   22.22    90.11   287    5.8  119
WV     GOES12  20050825  2245   21.88    89.28   250   13.5  136
WV     GOES12  20050825  2245   22.00    89.23   250   14.0  134
WV     GOES12  20050825  2245   21.95    88.54   137   20.0  133
WV     GOES12  20050825  2245   22.19    88.33   137   18.7  138
WV     GOES12  20050825  2245   21.98    87.95   212   11.9  130
WV     GOES12  20050825  2245   21.77    87.56   250   15.0  137
WV     GOES12  20050825  2245   21.88    86.80   137   17.3  108
WV     GOES12  20050825  2245   21.88    86.47   137   21.2  105
WV     GOES12  20050825  2245   21.96    86.41   137   21.9  103
WV     GOES12  20050825  2245   21.87    85.73   212   21.2  105
WV     GOES12  20050825  2245   22.07    85.45   212   16.7  100
WV     GOES12  20050825  2245   21.82    84.94   162   18.2  100
WV     GOES12  20050825  2245   21.77    84.21   200   13.8   77
WV     GOES12  20050825  2245   21.75    82.67   175    5.3   81
WV     GOES12  20050825  2245   22.01    78.88   175   11.5   47
WV     GOES12  20050825  2245   21.68    77.90   162   11.4   21
WV     GOES12  20050825  2245   22.01    77.79   175    9.2   12
WV     GOES12  20050825  2245   21.92    75.22   187   22.4    8
WV     GOES12  20050825  2245   21.76    75.16   162   22.8    9
WV     GOES12  20050825  2245   21.80    73.56   325    7.2   21
WV     GOES12  20050825  2245   21.76    71.76   287    7.7  341
WV     GOES12  20050825  2245   21.98    69.52   287    6.6  321
WV     GOES12  20050825  2245   22.02    69.38   287    7.3  321
WV     GOES12  20050825  2245   21.85    65.49   262   11.3  265
WV     GOES12  20050825  2245   21.73    65.04   262    9.9  277
WV     GOES12  20050825  2245   21.49    94.47   175    6.5   93
WV     GOES12  20050825  2245   21.56    94.21   212    6.9   98
WV     GOES12  20050825  2245   21.60    94.02   212    7.7   97
WV     GOES12  20050825  2245   21.67    93.35   137    4.3  100
WV     GOES12  20050825  2245   21.60    92.22   137    5.7  132
WV     GOES12  20050825  2245   21.42    91.17   137   14.3  126
WV     GOES12  20050825  2245   21.32    90.30   137   18.8  144
WV     GOES12  20050825  2245   21.24    90.03   137   18.8  146
WV     GOES12  20050825  2245   21.22    89.02   137   23.0  133
WV     GOES12  20050825  2245   21.18    88.94   137   23.3  130
WV     GOES12  20050825  2245   21.29    88.44   137   21.5  130
WV     GOES12  20050825  2245   21.60    86.84   137   18.8  108
WV     GOES12  20050825  2245   21.54    85.91   162   17.7  110
WV     GOES12  20050825  2245   21.54    85.66   175   22.9  107
WV     GOES12  20050825  2245   21.45    84.96   162   15.7  102
WV     GOES12  20050825  2245   21.32    84.58   162   15.6   97
WV     GOES12  20050825  2245   21.48    84.34   162   14.5   84
WV     GOES12  20050825  2245   21.36    83.88   187   15.4   80
WV     GOES12  20050825  2245   21.35    83.15   175    9.1   92
WV     GOES12  20050825  2245   21.39    83.11   162    7.9   99
WV     GOES12  20050825  2245   21.17    81.62   212   11.0   61
WV     GOES12  20050825  2245   21.09    81.21   137   11.0   56
WV     GOES12  20050825  2245   21.32    77.91   162   11.0   44
WV     GOES12  20050825  2245   21.55    75.25   150   23.5   12
WV     GOES12  20050825  2245   21.55    74.95   162   23.8    8
WV     GOES12  20050825  2245   21.40    71.75   337    6.3  345
WV     GOES12  20050825  2245   21.49    69.27   312    4.5  311
WV     GOES12  20050825  2245   21.46    68.70   325    5.5  306
WV     GOES12  20050825  2245   21.50    68.09   287    6.4  291
WV     GOES12  20050825  2245   21.50    67.86   300    6.3  290
WV     GOES12  20050825  2245   21.44    66.16   200    8.6  287
WV     GOES12  20050825  2245   21.36    65.39   237    6.1  276
WV     GOES12  20050825  2245   21.15    93.90   225    5.8  108
WV     GOES12  20050825  2245   21.00    92.59   225    4.5  102
WV     GOES12  20050825  2245   20.53    91.29   150   18.0  111
WV     GOES12  20050825  2245   20.69    86.00   287    9.9  101
WV     GOES12  20050825  2245   20.65    85.95   287   10.5  104
WV     GOES12  20050825  2245   20.77    85.55   137   22.7  106
WV     GOES12  20050825  2245   20.56    84.94   162   14.4  115
WV     GOES12  20050825  2245   20.44    84.65   200   14.8  103
WV     GOES12  20050825  2245   20.91    83.96   200   14.2   91
WV     GOES12  20050825  2245   20.59    83.62   200   11.0  109
WV     GOES12  20050825  2245   20.91    83.32   175   12.3  100
WV     GOES12  20050825  2245   20.82    83.20   175   12.6  100
WV     GOES12  20050825  2245   20.58    82.58   212   11.8   64
WV     GOES12  20050825  2245   20.57    81.25   162   19.7   63
WV     GOES12  20050825  2245   20.61    81.18   162   19.4   64
WV     GOES12  20050825  2245   20.76    80.54   162   17.3   53
WV     GOES12  20050825  2245   20.72    80.52   162   17.8   51
WV     GOES12  20050825  2245   20.84    79.98   162   11.6   46
WV     GOES12  20050825  2245   20.68    79.60   162   12.3   50
WV     GOES12  20050825  2245   20.88    79.24   162   12.9   46
WV     GOES12  20050825  2245   20.55    79.01   175   12.8   68
WV     GOES12  20050825  2245   20.92    78.73   200    9.4   61
WV     GOES12  20050825  2245   20.79    78.39   175   11.3   51
WV     GOES12  20050825  2245   20.87    77.16   137   16.5   49
WV     GOES12  20050825  2245   20.90    67.15   250    5.5  276
WV     GOES12  20050825  2245   20.78    67.05   237    4.8  288
WV     GOES12  20050825  2245   20.11    92.78   212    8.1   70
WV     GOES12  20050825  2245   20.29    91.18   137   17.4  113
WV     GOES12  20050825  2245   20.05    86.24   162   28.4  119
WV     GOES12  20050825  2245   20.05    85.65   150   21.6   90
WV     GOES12  20050825  2245   20.36    85.33   150   23.8   91
WV     GOES12  20050825  2245   20.16    84.97   175   20.5   91
WV     GOES12  20050825  2245   20.31    84.58   200   14.6  101
WV     GOES12  20050825  2245   20.31    84.55   200   14.8  101
WV     GOES12  20050825  2245   20.35    83.85   200   13.1  106
WV     GOES12  20050825  2245   20.26    83.37   137   11.6  107
WV     GOES12  20050825  2245   20.10    82.87   187    9.6  100
WV     GOES12  20050825  2245   20.14    82.62   187    8.8  102
WV     GOES12  20050825  2245   20.21    81.59   137   22.5   63
WV     GOES12  20050825  2245   20.36    80.66   162   20.5   53
WV     GOES12  20050825  2245   20.32    80.39   175   21.2   52
WV     GOES12  20050825  2245   20.32    79.96   150   17.1   51
WV     GOES12  20050825  2245   20.27    79.16   175    8.1   70
WV     GOES12  20050825  2245   19.79    78.61   137   14.3   70
WV     GOES12  20050825  2245   20.15    77.77   162   12.6   68
WV     GOES12  20050825  2245   20.27    77.18   137   23.0   39
WV     GOES12  20050825  2245   20.27    77.15   137   23.0   39
WV     GOES12  20050825  2245   19.91    76.39   162   24.5   31
WV     GOES12  20050825  2245   20.10    74.49   150   20.1   16
WV     GOES12  20050825  2245   20.22    74.07   150   21.4   15
WV     GOES12  20050825  2245   20.11    73.58   237   15.8   14
WV     GOES12  20050825  2245   20.27    73.47   237   14.1   14
WV     GOES12  20050825  2245   20.22    67.19   225    5.6  292
WV     GOES12  20050825  2245   19.87    65.68   187    5.2  316
WV     GOES12  20050825  2245   19.87    65.41   200    6.2  316
WV     GOES12  20050825  2245   19.71    94.96   250    4.0   45
WV     GOES12  20050825  2245   19.62    94.34   200   13.2   68
WV     GOES12  20050825  2245   19.49    93.60   200    8.6   55
WV     GOES12  20050825  2245   19.40    93.42   162    9.0   60
WV     GOES12  20050825  2245   19.79    92.93   150    9.3   66
WV     GOES12  20050825  2245   19.75    92.80   162    9.4   64
WV     GOES12  20050825  2245   19.83    92.45   350   12.9  121
WV     GOES12  20050825  2245   19.44    91.06   137   19.3  119
WV     GOES12  20050825  2245   19.39    87.55   162   20.9  112
WV     GOES12  20050825  2245   19.70    87.15   150   22.8  101
WV     GOES12  20050825  2245   19.61    86.18   325    8.0  101
WV     GOES12  20050825  2245   19.80    85.04   175   21.4   87
WV     GOES12  20050825  2245   19.76    84.81   162   25.1   85
WV     GOES12  20050825  2245   19.52    80.60   162   23.6   61
WV     GOES12  20050825  2245   19.64    79.96   187   12.0   59
WV     GOES12  20050825  2245   19.32    78.82   137   14.6   63
WV     GOES12  20050825  2245   19.51    78.12   150   28.3   42
WV     GOES12  20050825  2245   19.23    77.71   162   22.2   46
WV     GOES12  20050825  2245   19.75    77.06   162   22.8   30
WV     GOES12  20050825  2245   19.31    76.65   175   18.3   48
WV     GOES12  20050825  2245   19.75    76.39   162   24.7   32
WV     GOES12  20050825  2245   19.67    76.15   162   25.9   28
WV     GOES12  20050825  2245   19.51    75.66   175   22.9   34
WV     GOES12  20050825  2245   19.19    75.24   162   21.7   26
WV     GOES12  20050825  2245   19.67    74.98   250   14.1   23
WV     GOES12  20050825  2245   19.71    74.80   250   16.4   22
WV     GOES12  20050825  2245   19.47    74.47   250   12.8   20
WV     GOES12  20050825  2245   19.67    74.16   250   13.0   20
WV     GOES12  20050825  2245   19.75    73.58   187    7.2    4
WV     GOES12  20050825  2245   19.35    73.50   187    6.8    9
WV     GOES12  20050825  2245   19.79    65.67   175    5.6  315
WV     GOES12  20050825  2245   19.43    65.40   200    7.1  330
WV     GOES12  20050825  2245   18.87    94.59   212   12.5   52
WV     GOES12  20050825  2245   18.94    94.34   225   13.0   60
WV     GOES12  20050825  2245   19.01    93.70   225   11.5   56
WV     GOES12  20050825  2245   19.25    93.59   187    8.7   60
WV     GOES12  20050825  2245   19.15    92.89   162    9.1   57
WV     GOES12  20050825  2245   19.03    92.51   162   12.6   61
WV     GOES12  20050825  2245   19.25    91.83   350   12.7  114
WV     GOES12  20050825  2245   19.18    87.10   162   18.8  105
WV     GOES12  20050825  2245   19.18    87.01   137   18.6  104
WV     GOES12  20050825  2245   19.08    84.91   237   22.7   92
WV     GOES12  20050825  2245   19.15    84.11   212   24.6   85
WV     GOES12  20050825  2245   19.03    83.70   150   24.4   86
WV     GOES12  20050825  2245   18.99    83.63   150   22.3   86
WV     GOES12  20050825  2245   18.83    83.06   137   21.8   82
WV     GOES12  20050825  2245   18.98    82.80   137   19.5   78
WV     GOES12  20050825  2245   19.10    82.56   137   17.3   79
WV     GOES12  20050825  2245   19.14    82.27   137   19.4   77
WV     GOES12  20050825  2245   19.13    81.27   150   26.4   70
WV     GOES12  20050825  2245   19.01    80.65   187   16.2   68
WV     GOES12  20050825  2245   18.73    79.99   200   12.8   78
WV     GOES12  20050825  2245   18.80    79.84   200   13.3   77
WV     GOES12  20050825  2245   18.88    79.42   187   16.9   76
WV     GOES12  20050825  2245   18.96    79.01   137   19.0   58
WV     GOES12  20050825  2245   18.76    78.91   162   18.7   55
WV     GOES12  20050825  2245   18.92    78.61   162   22.2   58
WV     GOES12  20050825  2245   19.15    77.73   162   22.2   45
WV     GOES12  20050825  2245   18.95    77.46   237   15.4   84
WV     GOES12  20050825  2245   19.07    76.80   162   21.2   47
WV     GOES12  20050825  2245   18.95    76.58   187   20.9   41
WV     GOES12  20050825  2245   18.95    75.35   250   18.3   27
WV     GOES12  20050825  2245   19.07    75.26   150   20.7   26
WV     GOES12  20050825  2245   18.99    74.87   212    7.9   20
WV     GOES12  20050825  2245   19.07    73.94   212    6.5   40
WV     GOES12  20050825  2245   18.87    73.68   187    7.8   29
WV     GOES12  20050825  2245   18.84    65.82   162    9.3  348
WV     GOES12  20050825  2245   19.15    65.64   175    8.4  340
WV     GOES12  20050825  2245   19.00    65.36   187    7.8  352
WV     GOES12  20050825  2245   18.68    93.32   137    9.2   67
WV     GOES12  20050825  2245   18.42    86.51   137   28.2  110
WV     GOES12  20050825  2245   18.30    86.28   150   27.8  111
WV     GOES12  20050825  2245   18.18    85.43   175   26.9   93
WV     GOES12  20050825  2245   18.33    85.00   337    8.0   91
WV     GOES12  20050825  2245   18.44    83.97   162   23.4   88
WV     GOES12  20050825  2245   18.44    83.91   150   23.6   87
WV     GOES12  20050825  2245   18.51    83.47   137   23.2   89
WV     GOES12  20050825  2245   18.16    83.04   162   23.4   95
WV     GOES12  20050825  2245   18.15    82.33   162   19.0   97
WV     GOES12  20050825  2245   18.15    82.25   162   18.6   97
WV     GOES12  20050825  2245   18.15    81.60   137   18.6   88
WV     GOES12  20050825  2245   18.26    81.39   137   19.2   87
WV     GOES12  20050825  2245   18.14    81.25   137   17.9   86
WV     GOES12  20050825  2245   18.33    80.02   187   15.7   77
WV     GOES12  20050825  2245   18.37    79.94   187   14.2   77
WV     GOES12  20050825  2245   18.44    77.89   162   18.1   36
WV     GOES12  20050825  2245   18.48    76.36   187   19.7   49
WV     GOES12  20050825  2245   18.48    76.31   187   19.4   48
WV     GOES12  20050825  2245   18.28    75.94   200    6.5   48
WV     GOES12  20050825  2245   18.16    75.35   225    7.1   24
WV     GOES12  20050825  2245   18.16    75.33   225    7.2   24
WV     GOES12  20050825  2245   18.48    74.78   212    5.5   46
WV     GOES12  20050825  2245   18.08    73.91   200    9.1    6
WV     GOES12  20050825  2245   18.20    73.21   162   12.3    9
WV     GOES12  20050825  2245   18.18    69.92   187    5.6    8
WV     GOES12  20050825  2245   18.03    67.89   200    4.3    2
WV     GOES12  20050825  2245   18.28    66.19   175    7.0   18
WV     GOES12  20050825  2245   18.40    66.07   162    8.6    8
WV     GOES12  20050825  2245   18.14    94.06   162    8.9   73
WV     GOES12  20050825  2245   17.89    87.94   200   25.2  116
WV     GOES12  20050825  2245   17.56    86.60   162   25.4  112
WV     GOES12  20050825  2245   17.68    86.52   150   26.6  112
WV     GOES12  20050825  2245   17.71    85.63   187   19.3  103
WV     GOES12  20050825  2245   17.90    85.37   175   24.4   94
WV     GOES12  20050825  2245   17.82    84.94   212   21.3  102
WV     GOES12  20050825  2245   17.90    84.90   212   21.7  102
WV     GOES12  20050825  2245   17.89    84.56   200   24.7   99
WV     GOES12  20050825  2245   17.69    84.22   200   23.7  102
WV     GOES12  20050825  2245   17.89    83.90   212   18.1  106
WV     GOES12  20050825  2245   17.92    83.50   137   18.7   92
WV     GOES12  20050825  2245   17.96    83.10   175   22.0  101
WV     GOES12  20050825  2245   17.96    82.81   175   12.6  113
WV     GOES12  20050825  2245   17.92    82.57   175   14.0  112
WV     GOES12  20050825  2245   17.91    82.06   162   20.1   92
WV     GOES12  20050825  2245   17.71    81.59   137   19.6   83
WV     GOES12  20050825  2245   17.67    81.52   137   19.1   82
WV     GOES12  20050825  2245   17.83    80.67   175   19.3   73
WV     GOES12  20050825  2245   17.98    80.54   200   13.1   84
WV     GOES12  20050825  2245   17.90    80.25   187   15.2   75
WV     GOES12  20050825  2245   17.54    77.40   200   13.2   24
WV     GOES12  20050825  2245   17.50    74.63   200    8.9   11
WV     GOES12  20050825  2245   17.89    73.95   200    9.4   15
WV     GOES12  20050825  2245   17.93    73.45   200    9.5   16
WV     GOES12  20050825  2245   17.85    73.23   212    7.4   28
WV     GOES12  20050825  2245   17.50    72.89   200   11.4   29
WV     GOES12  20050825  2245   17.81    72.49   162    9.2    3
WV     GOES12  20050825  2245   17.89    72.38   162    8.2    9
WV     GOES12  20050825  2245   17.85    72.01   137    8.8   47
WV     GOES12  20050825  2245   17.83    68.48   200    7.1  336
WV     GOES12  20050825  2245   17.87    68.41   200    6.6  345
WV     GOES12  20050825  2245   17.99    67.92   200    4.6    2
WV     GOES12  20050825  2245   17.61    66.16   175    7.2   26
WV     GOES12  20050825  2245   18.01    65.00   137    7.9    1
WV     GOES12  20050825  2245   17.38    88.01   162   23.5  118
WV     GOES12  20050825  2245   17.40    86.52   162   25.0  112
WV     GOES12  20050825  2245   17.24    86.08   162   20.7  104
WV     GOES12  20050825  2245   17.20    85.86   162   19.7  102
WV     GOES12  20050825  2245   17.19    84.23   200   22.9   95
WV     GOES12  20050825  2245   17.19    84.19   200   22.2   95
WV     GOES12  20050825  2245   17.14    83.74   200   22.2   92
WV     GOES12  20050825  2245   17.34    83.51   137   22.1   89
WV     GOES12  20050825  2245   17.29    83.13   175   18.8   93
WV     GOES12  20050825  2245   17.37    82.85   175   18.4   99
WV     GOES12  20050825  2245   17.29    82.49   175   17.0   87
WV     GOES12  20050825  2245   17.01    82.04   175   18.1   92
WV     GOES12  20050825  2245   17.13    81.54   200   19.7   86
WV     GOES12  20050825  2245   16.96    80.31   200   15.7   82
WV     GOES12  20050825  2245   17.20    80.12   175   15.3   81
WV     GOES12  20050825  2245   17.39    79.20   162   21.5   55
WV     GOES12  20050825  2245   17.03    78.28   200    6.7   69
WV     GOES12  20050825  2245   17.31    77.50   187   14.2   35
WV     GOES12  20050825  2245   16.99    75.11   187   15.5   24
WV     GOES12  20050825  2245   17.38    74.96   150   13.3   30
WV     GOES12  20050825  2245   17.15    74.67   175   15.1   20
WV     GOES12  20050825  2245   17.30    73.06   212    8.4   27
WV     GOES12  20050825  2245   17.34    73.02   212    8.4   27
WV     GOES12  20050825  2245   16.97    68.88   212    5.7    0
WV     GOES12  20050825  2245   16.89    68.54   162    5.8   16
WV     GOES12  20050825  2245   17.24    68.35   175    6.8    4
WV     GOES12  20050825  2245   16.98    67.55   200    6.6   15
WV     GOES12  20050825  2245   17.22    66.96   175    6.8   13
WV     GOES12  20050825  2245   17.41    66.69   137    8.3   12
WV     GOES12  20050825  2245   17.18    66.45   162   11.8   11
WV     GOES12  20050825  2245   17.15    65.30   137   14.1    2
WV     GOES12  20050825  2245   17.43    65.04   150   11.0    3
WV     GOES12  20050825  2245   16.74    86.03   200   25.7  104
WV     GOES12  20050825  2245   16.73    85.96   187   23.8  103
WV     GOES12  20050825  2245   16.61    84.86   137   14.6  116
WV     GOES12  20050825  2245   16.64    83.69   137   21.6   98
WV     GOES12  20050825  2245   16.75    82.62   175   21.6   94
WV     GOES12  20050825  2245   16.35    82.05   175   12.7   80
WV     GOES12  20050825  2245   16.39    81.97   175   12.4   81
WV     GOES12  20050825  2245   16.77    80.82   187   14.1   77
WV     GOES12  20050825  2245   16.60    75.41   162   14.2   36
WV     GOES12  20050825  2245   16.45    74.89   137   13.9   26
WV     GOES12  20050825  2245   16.80    74.78   175   12.5   23
WV     GOES12  20050825  2245   16.53    74.37   187   12.4   36
WV     GOES12  20050825  2245   16.57    73.29   162    9.8   32
WV     GOES12  20050825  2245   16.50    70.32   225    9.3   44
WV     GOES12  20050825  2245   16.54    70.27   225    9.0   30
WV     GOES12  20050825  2245   16.42    69.71   212   11.5    7
WV     GOES12  20050825  2245   16.50    69.29   187    6.7    8
WV     GOES12  20050825  2245   16.70    68.89   187    6.7    0
WV     GOES12  20050825  2245   16.78    68.37   175    5.9    5
WV     GOES12  20050825  2245   16.82    67.90   175    6.8   12
WV     GOES12  20050825  2245   16.39    67.55   200    9.6   17
WV     GOES12  20050825  2245   16.48    67.09   150    7.6   21
WV     GOES12  20050825  2245   16.79    66.81   237    7.4   25
WV     GOES12  20050825  2245   16.75    66.48   162   13.5   13
WV     GOES12  20050825  2245   16.75    66.32   162   13.1   17
WV     GOES12  20050825  2245   16.76    65.79   162   13.6   15
WV     GOES12  20050825  2245   16.72    65.35   150   14.1    7
WV     GOES12  20050825  2245   16.49    65.10   150   14.2   11
WV     GOES12  20050825  2245   15.94    83.65   137   21.2   84
WV     GOES12  20050825  2245   15.90    83.59   137   20.5   83
WV     GOES12  20050825  2245   15.73    81.77   212   13.0  102
WV     GOES12  20050825  2245   16.15    80.39   150   17.8   73
WV     GOES12  20050825  2245   16.15    79.24   212   11.5   71
WV     GOES12  20050825  2245   16.14    75.84   187   14.9   36
WV     GOES12  20050825  2245   16.14    75.76   187   14.9   36
WV     GOES12  20050825  2245   16.14    75.28   162    9.8   41
WV     GOES12  20050825  2245   16.14    75.13   175   12.5   46
WV     GOES12  20050825  2245   15.87    74.55   137   17.1   29
WV     GOES12  20050825  2245   15.91    74.48   137   16.6   28
WV     GOES12  20050825  2245   15.99    73.25   275   11.2   41
WV     GOES12  20050825  2245   15.99    73.21   275   11.2   41
WV     GOES12  20050825  2245   15.72    71.75   137   11.3   38
WV     GOES12  20050825  2245   15.87    71.59   137   11.1   35
WV     GOES12  20050825  2245   15.72    71.01   150   13.7   32
WV     GOES12  20050825  2245   15.95    70.92   150   11.2   37
WV     GOES12  20050825  2245   15.80    70.34   150   11.6   37
WV     GOES12  20050825  2245   15.96    69.79   175    9.0   26
WV     GOES12  20050825  2245   16.08    69.33   162    7.6   22
WV     GOES12  20050825  2245   16.08    69.09   200    9.1   14
WV     GOES12  20050825  2245   16.15    68.94   175    9.6   11
WV     GOES12  20050825  2245   15.73    68.54   200   12.5   26
WV     GOES12  20050825  2245   15.89    67.38   150   15.4   22
WV     GOES12  20050825  2245   16.20    67.14   162   13.9   25
WV     GOES12  20050825  2245   16.24    66.92   162   14.6   23
WV     GOES12  20050825  2245   15.86    65.95   162   18.4   34
WV     GOES12  20050825  2245   16.22    65.58   150   14.4   17
WV     GOES12  20050825  2245   15.91    65.09   150   16.4   28
WV     GOES12  20050825  2245   15.30    94.86   162   21.2   54
WV     GOES12  20050825  2245   15.68    94.60   175   18.4   55
WV     GOES12  20050825  2245   15.68    94.22   175   17.0   59
WV     GOES12  20050825  2245   15.51    83.39   150   15.3   58
WV     GOES12  20050825  2245   15.43    82.99   175   16.9   74
WV     GOES12  20050825  2245   15.27    81.62   175   15.2   70
WV     GOES12  20050825  2245   15.58    80.93   212    8.2   92
WV     GOES12  20050825  2245   15.26    78.40   200    9.8   36
WV     GOES12  20050825  2245   15.26    78.37   200    9.8   35
WV     GOES12  20050825  2245   15.26    77.88   187   11.6   50
WV     GOES12  20050825  2245   15.26    77.58   200   11.0   48
WV     GOES12  20050825  2245   15.37    76.93   137   15.8   52
WV     GOES12  20050825  2245   15.41    76.68   150   16.2   54
WV     GOES12  20050825  2245   15.41    76.18   150   16.1   56
WV     GOES12  20050825  2245   15.41    76.07   150   16.4   57
WV     GOES12  20050825  2245   15.52    75.62   262    9.4   72
WV     GOES12  20050825  2245   15.29    75.19   137   13.2   43
WV     GOES12  20050825  2245   15.33    75.11   137   12.6   42
WV     GOES12  20050825  2245   15.22    73.26   175    9.2   40
WV     GOES12  20050825  2245   15.29    73.13   175    8.9   44
WV     GOES12  20050825  2245   15.18    72.42   137   11.5   50
WV     GOES12  20050825  2245   15.30    72.01   137   12.3   49
WV     GOES12  20050825  2245   15.26    71.90   137   12.5   46
WV     GOES12  20050825  2245   15.57    71.53   137   13.1   44
WV     GOES12  20050825  2245   15.61    71.12   137   13.6   32
WV     GOES12  20050825  2245   15.22    70.68   150   14.5   34
WV     GOES12  20050825  2245   15.18    70.64   150   14.3   34
WV     GOES12  20050825  2245   15.15    70.12   162    9.2   43
WV     GOES12  20050825  2245   15.53    69.70   162   11.3   25
WV     GOES12  20050825  2245   15.53    69.61   162   12.3   29
WV     GOES12  20050825  2245   15.35    69.01   175   16.4   32
WV     GOES12  20050825  2245   15.58    68.59   175   12.7   26
WV     GOES12  20050825  2245   15.62    68.30   200   12.8   33
WV     GOES12  20050825  2245   15.39    67.92   187   17.3   28
WV     GOES12  20050825  2245   15.55    67.52   200   17.3   26
WV     GOES12  20050825  2245   15.43    67.31   200   16.1   31
WV     GOES12  20050825  2245   15.51    67.00   225   17.4   33
WV     GOES12  20050825  2245   15.32    66.11   312    6.6   91
WV     GOES12  20050825  2245   15.32    66.07   312    6.5   90
WV     GOES12  20050825  2245   15.18    94.80   162   21.3   54
WV     GOES12  20050825  2245   14.91    94.44   200   20.6   61
WV     GOES12  20050825  2245   15.17    94.33   162   20.5   60
WV     GOES12  20050825  2245   14.77    92.79   187   17.0   69
WV     GOES12  20050825  2245   14.80    92.47   187   15.5   76
WV     GOES12  20050825  2245   14.91    92.14   362   13.0  106
WV     GOES12  20050825  2245   15.09    83.70   162   16.4   82
WV     GOES12  20050825  2245   15.05    83.46   150   13.2   62
WV     GOES12  20050825  2245   15.01    82.26   162   19.5   71
WV     GOES12  20050825  2245   14.61    78.41   212    9.9   69
WV     GOES12  20050825  2245   14.87    78.09   175   15.8   52
WV     GOES12  20050825  2245   14.87    77.96   175   15.8   50
WV     GOES12  20050825  2245   14.72    77.55   150   18.1   46
WV     GOES12  20050825  2245   14.80    77.27   150   17.1   49
WV     GOES12  20050825  2245   15.03    77.06   150   17.1   48
WV     GOES12  20050825  2245   14.87    76.46   137   16.8   49
WV     GOES12  20050825  2245   14.60    76.26   137   17.8   47
WV     GOES12  20050825  2245   14.64    75.90   137   16.2   44
WV     GOES12  20050825  2245   14.95    75.45   137   14.7   65
WV     GOES12  20050825  2245   14.99    74.51   162    9.2   53
WV     GOES12  20050825  2245   14.64    73.89   175   11.0   57
WV     GOES12  20050825  2245   14.87    73.67   175    9.6   47
WV     GOES12  20050825  2245   14.99    73.33   137   11.1   43
WV     GOES12  20050825  2245   14.76    73.11   137   13.6   53
WV     GOES12  20050825  2245   14.95    72.83   137   11.3   50
WV     GOES12  20050825  2245   14.91    72.49   137   11.0   57
WV     GOES12  20050825  2245   14.61    72.19   137   13.3   57
WV     GOES12  20050825  2245   14.68    71.68   137   11.3   43
WV     GOES12  20050825  2245   14.65    71.44   137   11.7   53
WV     GOES12  20050825  2245   14.69    71.12   137   11.1   30
WV     GOES12  20050825  2245   14.80    70.71   137   12.8   28
WV     GOES12  20050825  2245   14.99    70.62   137   13.6   33
WV     GOES12  20050825  2245   14.57    70.18   137   12.2   41
WV     GOES12  20050825  2245   14.81    69.72   137   14.9   39
WV     GOES12  20050825  2245   14.84    69.61   137   14.2   37
WV     GOES12  20050825  2245   15.00    69.35   162   15.9   38
WV     GOES12  20050825  2245   14.58    68.84   162   16.4   36
WV     GOES12  20050825  2245   14.93    68.66   150   14.6   35
WV     GOES12  20050825  2245   14.85    68.33   200   16.9   38
WV     GOES12  20050825  2245   15.08    67.93   162   15.9   28
WV     GOES12  20050825  2245   14.98    66.57   187   16.7   42
WV     GOES12  20050825  2245   15.02    66.09   300    6.4   90
WV     GOES12  20050825  2245   14.91    65.17   212   19.5   51
WV     GOES12  20050825  2245   15.06    65.07   200   19.9   46
WV     GOES12  20050825  2245   14.64    94.41   200   20.2   61
WV     GOES12  20050825  2245   14.62    93.38   187   17.7   65
WV     GOES12  20050825  2245   14.54    92.95   187   13.6   73
WV     GOES12  20050825  2245   14.54    92.93   187   13.7   73
WV     GOES12  20050825  2245   14.61    92.38   187   15.3   77
WV     GOES12  20050825  2245   14.40    82.97   175   17.9   78
WV     GOES12  20050825  2245   14.40    82.88   175   17.9   77
WV     GOES12  20050825  2245   14.05    81.98   212    8.6  124
WV     GOES12  20050825  2245   14.35    81.54   275    9.0  124
WV     GOES12  20050825  2245   14.20    80.80   212    6.3  106
WV     GOES12  20050825  2245   14.01    80.45   237   12.5   65
WV     GOES12  20050825  2245   14.11    79.04   175    6.7   44
WV     GOES12  20050825  2245   14.08    78.91   175    6.8   53
WV     GOES12  20050825  2245   14.23    78.06   187   19.2   55
WV     GOES12  20050825  2245   14.30    78.04   175   19.3   55
WV     GOES12  20050825  2245   14.30    77.71   137   19.9   50
WV     GOES12  20050825  2245   14.49    77.25   150   20.7   54
WV     GOES12  20050825  2245   14.45    77.03   150   20.7   56
WV     GOES12  20050825  2245   14.22    76.45   137   14.9   47
WV     GOES12  20050825  2245   14.26    76.32   137   17.5   49
WV     GOES12  20050825  2245   14.41    76.11   137   17.3   43
WV     GOES12  20050825  2245   14.45    74.87   187   10.7   76
WV     GOES12  20050825  2245   14.07    74.57   187   11.1   55
WV     GOES12  20050825  2245   14.41    74.21   187   11.6   60
WV     GOES12  20050825  2245   14.07    74.02   175   12.8   64
WV     GOES12  20050825  2245   14.41    73.57   175    9.2   51
WV     GOES12  20050825  2245   14.41    73.42   175    9.4   48
WV     GOES12  20050825  2245   14.07    73.10   212   14.4   56
WV     GOES12  20050825  2245   14.41    72.69   212   11.4   51
WV     GOES12  20050825  2245   14.38    72.56   212   11.5   54
WV     GOES12  20050825  2245   14.15    72.09   237   13.7   54
WV     GOES12  20050825  2245   14.34    71.81   250   10.9   60
WV     GOES12  20050825  2245   14.23    71.41   237   10.9   44
WV     GOES12  20050825  2245   14.23    71.26   162   12.3   43
WV     GOES12  20050825  2245   14.08    70.77   162   15.7   46
WV     GOES12  20050825  2245   14.04    70.47   175   13.6   39
WV     GOES12  20050825  2245   14.46    70.27   175   12.0   42
WV     GOES12  20050825  2245   14.23    69.73   137   16.2   51
WV     GOES12  20050825  2245   14.46    69.45   137   16.3   48
WV     GOES12  20050825  2245   14.46    69.28   175   17.1   48
WV     GOES12  20050825  2245   14.24    68.72   162   16.6   40
WV     GOES12  20050825  2245   14.47    68.24   200   16.5   43
WV     GOES12  20050825  2245   14.52    66.57   175   16.8   42
WV     GOES12  20050825  2245   13.97    93.57   187   14.5   80
WV     GOES12  20050825  2245   13.82    90.83   137    8.7  103
WV     GOES12  20050825  2245   13.67    90.61   137   12.3   96
WV     GOES12  20050825  2245   13.93    90.32   350   13.3   99
WV     GOES12  20050825  2245   13.90    82.93   162   15.7   71
WV     GOES12  20050825  2245   13.86    81.44   187   10.9   79
WV     GOES12  20050825  2245   13.78    81.07   137   18.2   73
WV     GOES12  20050825  2245   13.39    79.54   200    8.0   56
WV     GOES12  20050825  2245   13.77    78.60   162    6.5   42
WV     GOES12  20050825  2245   13.69    78.35   162    9.1   58
WV     GOES12  20050825  2245   13.54    77.90   162   12.6   44
WV     GOES12  20050825  2245   13.54    77.53   162   13.8   47
WV     GOES12  20050825  2245   13.50    77.34   150   14.6   51
WV     GOES12  20050825  2245   13.65    76.87   187   12.8   47
WV     GOES12  20050825  2245   13.73    76.73   212   12.4   52
WV     GOES12  20050825  2245   13.84    76.43   212   10.4   46
WV     GOES12  20050825  2245   13.73    75.17   162   15.3   52
WV     GOES12  20050825  2245   13.73    75.15   162   15.4   51
WV     GOES12  20050825  2245   13.92    74.62   137    7.6   48
WV     GOES12  20050825  2245   13.50    74.21   162   11.8   60
WV     GOES12  20050825  2245   13.50    74.17   162   12.9   62
WV     GOES12  20050825  2245   13.88    73.76   162    9.7   71
WV     GOES12  20050825  2245   13.73    73.55   162   11.3   65
WV     GOES12  20050825  2245   13.81    73.04   150   14.3   52
WV     GOES12  20050825  2245   13.69    72.63   187   15.5   50
WV     GOES12  20050825  2245   13.69    72.59   187   15.9   50
WV     GOES12  20050825  2245   13.43    72.13   187   12.8   55
WV     GOES12  20050825  2245   13.81    71.78   250    9.3   63
WV     GOES12  20050825  2245   13.77    70.95   187   15.8   50
WV     GOES12  20050825  2245   13.85    70.65   175   15.8   46
WV     GOES12  20050825  2245   13.85    70.02   212   20.3   56
WV     GOES12  20050825  2245   13.93    69.51   175   19.6   45
WV     GOES12  20050825  2245   13.93    69.25   162   21.2   44
WV     GOES12  20050825  2245   13.86    68.76   162   17.3   41
WV     GOES12  20050825  2245   13.82    68.74   162   17.4   41
WV     GOES12  20050825  2245   13.52    67.63   237    8.4   87
WV     GOES12  20050825  2245   13.45    67.41   225    9.2   88
WV     GOES12  20050825  2245   13.68    66.82   175   16.5   55
WV     GOES12  20050825  2245   13.49    66.74   187   15.8   55
WV     GOES12  20050825  2245   13.49    66.14   150   17.8   51
WV     GOES12  20050825  2245   13.41    94.91   312   13.4   63
WV     GOES12  20050825  2245   13.48    94.03   312   14.9   76
WV     GOES12  20050825  2245   13.37    91.17   137   12.2   89
WV     GOES12  20050825  2245   13.44    91.02   137   11.7   90
WV     GOES12  20050825  2245   13.29    90.74   325   12.5   99
WV     GOES12  20050825  2245   12.97    89.70   337   13.7   84
WV     GOES12  20050825  2245   13.00    88.44   175   15.2   76
WV     GOES12  20050825  2245   13.18    81.95   237   11.3  128
WV     GOES12  20050825  2245   13.36    80.18   187   17.9   55
WV     GOES12  20050825  2245   13.36    79.54   200    8.1   56
WV     GOES12  20050825  2245   12.94    78.10   175    8.1   23
WV     GOES12  20050825  2245   13.05    77.80   162    9.6   36
WV     GOES12  20050825  2245   12.90    77.65   162   11.4   29
WV     GOES12  20050825  2245   13.31    77.23   137   14.7   53
WV     GOES12  20050825  2245   13.20    76.83   137   14.8   56
WV     GOES12  20050825  2245   13.27    76.57   212   15.5   51
WV     GOES12  20050825  2245   13.09    76.36   225   13.6   47
WV     GOES12  20050825  2245   13.05    75.62   137   15.7   56
WV     GOES12  20050825  2245   13.35    75.38   200   13.1   58
WV     GOES12  20050825  2245   13.27    74.89   175   15.1   56
WV     GOES12  20050825  2245   13.27    74.74   162   13.8   51
WV     GOES12  20050825  2245   12.97    74.49   137   12.3   61
WV     GOES12  20050825  2245   13.24    74.15   162   13.8   65
WV     GOES12  20050825  2245   13.31    73.62   137   12.7   51
WV     GOES12  20050825  2245   13.20    73.51   137   13.2   51
WV     GOES12  20050825  2245   13.31    73.09   175   15.8   48
WV     GOES12  20050825  2245   13.28    72.64   175   13.9   54
WV     GOES12  20050825  2245   13.35    72.55   187   14.9   55
WV     GOES12  20050825  2245   13.35    72.15   187   12.8   55
WV     GOES12  20050825  2245   13.35    71.55   237   13.3   50
WV     GOES12  20050825  2245   13.33    67.50   225    8.8   86
WV     GOES12  20050825  2245   13.15    66.84   137   18.4   53
WV     GOES12  20050825  2245   12.96    66.79   137   18.1   54
WV     GOES12  20050825  2245   12.96    66.29   150   20.4   49
WV     GOES12  20050825  2245   12.89    66.03   150   16.8   45
WV     GOES12  20050825  2245   12.93    65.84   150   18.0   48
WV     GOES12  20050825  2245   12.76    94.03   312   12.4   81
WV     GOES12  20050825  2245   12.58    92.52   225   13.6   92
WV     GOES12  20050825  2245   12.87    90.64   325   12.9   97
WV     GOES12  20050825  2245   12.71    90.27   325   12.7  110
WV     GOES12  20050825  2245   12.86    89.85   325   13.0   86
WV     GOES12  20050825  2245   12.66    88.59   200   17.9   76
WV     GOES12  20050825  2245   12.81    88.27   212   14.6   76
WV     GOES12  20050825  2245   12.76    87.87   162   14.1   82
WV     GOES12  20050825  2245   12.53    81.10   287   13.5  105
WV     GOES12  20050825  2245   12.46    80.88   262    8.4  120
WV     GOES12  20050825  2245   12.71    78.42   175    8.2   28
WV     GOES12  20050825  2245   12.75    77.52   162    9.9   44
WV     GOES12  20050825  2245   12.33    77.29   150   11.6   34
WV     GOES12  20050825  2245   12.37    76.95   150   13.9   22
WV     GOES12  20050825  2245   12.52    76.59   150   10.8   31
WV     GOES12  20050825  2245   12.78    75.72   187   16.4   54
WV     GOES12  20050825  2245   12.67    75.40   162   15.6   45
WV     GOES12  20050825  2245   12.78    75.04   175   16.0   54
WV     GOES12  20050825  2245   12.75    74.58   137   11.5   60
WV     GOES12  20050825  2245   12.78    74.15   137   13.8   73
WV     GOES12  20050825  2245   12.71    72.50   187   12.4   63
WV     GOES12  20050825  2245   12.39    67.50   162   18.3   58
WV     GOES12  20050825  2245   12.81    66.64   137   17.7   55
WV     GOES12  20050825  2245   12.73    66.41   162   19.0   51
WV     GOES12  20050825  2245   12.77    65.91   150   16.2   47
WV     GOES12  20050825  2245   12.81    65.71   150   15.4   58
WV     GOES12  20050825  2245   11.91    93.15   175   11.3  104
WV     GOES12  20050825  2245   12.06    93.00   175   13.3   93
WV     GOES12  20050825  2245   12.24    92.56   225   14.3   91
WV     GOES12  20050825  2245   12.24    91.92   200   12.0   88
WV     GOES12  20050825  2245   12.20    91.69   175   12.0   86
WV     GOES12  20050825  2245   12.04    90.82   200   14.4   96
WV     GOES12  20050825  2245   12.28    88.97   325   11.1   99
WV     GOES12  20050825  2245   12.01    87.63   237   19.3   75
WV     GOES12  20050825  2245   12.00    87.34   200   22.1   77
WV     GOES12  20050825  2245   12.01    82.73   225    7.1   98
WV     GOES12  20050825  2245   12.01    81.59   312    9.4   91
WV     GOES12  20050825  2245   12.01    81.32   300    9.0   92
WV     GOES12  20050825  2245   12.23    80.45   187    8.0   47
WV     GOES12  20050825  2245   12.07    78.13   200    9.7   73
WV     GOES12  20050825  2245   12.07    77.41   200    8.8   44
WV     GOES12  20050825  2245   12.18    77.14   150   12.7   29
WV     GOES12  20050825  2245   12.14    77.05   150   12.8   34
WV     GOES12  20050825  2245   11.81    76.44   150   12.2   21
WV     GOES12  20050825  2245   11.81    76.37   150   12.1   21
WV     GOES12  20050825  2245   11.81    76.10   150   11.7   25
WV     GOES12  20050825  2245   11.88    73.75   137   16.4   85
WV     GOES12  20050825  2245   12.15    69.49   287    8.2  115
WV     GOES12  20050825  2245   12.16    67.89   175   15.1   75
WV     GOES12  20050825  2245   12.24    67.67   175   15.5   71
WV     GOES12  20050825  2245   11.94    66.57   137   16.4   55
WV     GOES12  20050825  2245   12.02    66.46   137   16.5   57
WV     GOES12  20050825  2245   11.94    66.07   137   16.6   54
WV     GOES12  20050825  2245   11.91    65.36   250   12.3   64
WV     GOES12  20050825  2245   12.06    65.10   262    9.2   75
WV     GOES12  20050825  2245   11.28    94.54   300   12.8   67
WV     GOES12  20050825  2245   11.40    94.37   300   11.7   70
WV     GOES12  20050825  2245   11.76    93.20   175   11.1  104
WV     GOES12  20050825  2245   11.68    92.42   175   11.5   91
WV     GOES12  20050825  2245   11.60    92.21   237   12.6  100
WV     GOES12  20050825  2245   11.67    91.90   187   11.3  105
WV     GOES12  20050825  2245   11.63    91.60   187   12.4   98
WV     GOES12  20050825  2245   11.25    87.02   200   19.5   68
WV     GOES12  20050825  2245   11.28    86.04   200   12.3   87
WV     GOES12  20050825  2245   11.37    81.89   212   12.3   85
WV     GOES12  20050825  2245   11.55    81.05   287    9.0   90
WV     GOES12  20050825  2245   11.52    80.69   350    8.8   47
WV     GOES12  20050825  2245   11.55    80.52   337    8.7   45
WV     GOES12  20050825  2245   11.62    78.08   187   18.1   49
WV     GOES12  20050825  2245   11.58    76.83   162   13.9   39
WV     GOES12  20050825  2245   11.66    76.69   137   13.6   24
WV     GOES12  20050825  2245   11.58    76.24   150   12.3   18
WV     GOES12  20050825  2245   11.58    76.03   150   12.4   20
WV     GOES12  20050825  2245   11.62    72.87   137   12.7   53
WV     GOES12  20050825  2245   11.58    72.30   137   11.2   82
WV     GOES12  20050825  2245   11.22    69.70   262    9.5   79
WV     GOES12  20050825  2245   11.59    69.12   275    9.5  112
WV     GOES12  20050825  2245   11.56    68.70   275    9.9  100
WV     GOES12  20050825  2245   11.48    68.23   225    7.2   88
WV     GOES12  20050825  2245   11.48    68.17   225    7.4   89
WV     GOES12  20050825  2245   11.48    67.85   225    9.1   92
WV     GOES12  20050825  2245   11.56    66.95   137   16.0   60
WV     GOES12  20050825  2245   11.60    66.84   137   17.2   60
WV     GOES12  20050825  2245   11.38    66.18   237   13.2   57
WV     GOES12  20050825  2245   11.27    65.67   175   17.1   47
WV     GOES12  20050825  2245   11.20    65.56   175   17.6   46
WV     GOES12  20050825  2245   11.61    65.07   237    8.1   69
WV     GOES12  20050825  2245   11.17    94.63   300   12.9   67
WV     GOES12  20050825  2245   11.09    94.23   237   12.6   84
WV     GOES12  20050825  2245   11.13    94.18   237   12.7   84
WV     GOES12  20050825  2245   11.15    92.61   175    8.8   95
WV     GOES12  20050825  2245   11.07    91.72   187   12.1  130
WV     GOES12  20050825  2245   11.06    91.09   200   16.5  103
WV     GOES12  20050825  2245   11.16    89.71   325   13.6   91
WV     GOES12  20050825  2245   11.14    87.56   150   23.0   79
WV     GOES12  20050825  2245   11.11    80.97   337    9.0   45
WV     GOES12  20050825  2245   11.06    77.34   200    7.1   60
WV     GOES12  20050825  2245   11.02    76.62   162   12.7   63
WV     GOES12  20050825  2245   11.06    76.05   225   13.2   23
WV     GOES12  20050825  2245   11.09    74.33   150   15.4   73
WV     GOES12  20050825  2245   11.02    72.16   137    9.7   76
WV     GOES12  20050825  2245   11.02    71.65   150   17.9   58
WV     GOES12  20050825  2245   11.03    70.49   187    8.8   44
WV     GOES12  20050825  2245   11.10    69.58   275    9.3   86
WV     GOES12  20050825  2245   11.07    68.22   225    8.1  103
WV11   GOES12  20050825  2245   42.26    70.64   400   26.8  332
IR     GOES12  20050825  2245   52.84    49.09   200   66.8  239
IR     GOES12  20050825  2245   53.13    48.28   212   52.0  242
IR     GOES12  20050825  2245   53.33    47.65   200   60.3  246
IR     GOES12  20050825  2245   53.32    43.66   212   54.6  265
IR     GOES12  20050825  2245   52.54    49.06   200   57.8  240
IR     GOES12  20050825  2245   52.48    48.72   225   50.2  242
IR     GOES12  20050825  2245   52.70    45.63   225   52.2  260
IR     GOES12  20050825  2245   52.97    43.26   200   62.4  265
IR     GOES12  20050825  2245   52.85    41.86   225   55.5  266
IR     GOES12  20050825  2245   53.06    41.19   250   50.0  268
IR     GOES12  20050825  2245   51.60    43.24   275   42.9  262
IR     GOES12  20050825  2245   51.71    42.83   250   48.5  262
IR     GOES12  20050825  2245   51.75    42.35   200   57.5  258
IR     GOES12  20050825  2245   51.19    41.97   275   40.1  265
IR     GOES12  20050825  2245   51.95    40.75   250   48.5  266
IR     GOES12  20050825  2245   51.99    39.51   250   50.1  268
IR     GOES12  20050825  2245   52.00    39.35   237   51.0  268
IR     GOES12  20050825  2245   51.61    37.81   250   45.9  269
IR     GOES12  20050825  2245   51.57    37.53   250   43.6  271
IR     GOES12  20050825  2245   49.91    49.80   312   33.2  230
IR     GOES12  20050825  2245   50.09    49.26   300   33.9  232
IR     GOES12  20050825  2245   50.06    48.65   225   49.6  237
IR     GOES12  20050825  2245   50.14    46.42   225   45.8  250
IR     GOES12  20050825  2245   50.51    45.18   275   37.8  252
IR     GOES12  20050825  2245   50.22    45.29   287   37.0  250
IR     GOES12  20050825  2245   50.63    42.61   275   38.2  258
IR     GOES12  20050825  2245   50.73    40.43   312   34.1  269
IR     GOES12  20050825  2245   50.97    38.55   250   45.9  268
IR     GOES12  20050825  2245   51.09    38.00   262   41.2  269
IR     GOES12  20050825  2245   50.87    36.32   250   45.2  275
IR     GOES12  20050825  2245   51.08    34.91   212   47.6  283
IR     GOES12  20050825  2245   51.01    34.08   237   45.1  280
IR     GOES12  20050825  2245   49.12    48.05   250   39.2  241
IR     GOES12  20050825  2245   48.89    46.35   275   32.6  248
IR     GOES12  20050825  2245   49.00    45.63   275   32.8  253
IR     GOES12  20050825  2245   49.56    44.59   262   34.7  255
IR     GOES12  20050825  2245   49.49    44.56   262   35.0  255
IR     GOES12  20050825  2245   49.55    43.81   262   32.9  255
IR     GOES12  20050825  2245   49.09    43.48   300   30.8  258
IR     GOES12  20050825  2245   49.28    40.98   287   32.8  263
IR     GOES12  20050825  2245   49.22    40.96   287   32.3  263
IR     GOES12  20050825  2245   49.43    39.13   287   33.7  271
IR     GOES12  20050825  2245   49.66    38.09   250   37.6  268
IR     GOES12  20050825  2245   49.68    37.84   250   38.3  268
IR     GOES12  20050825  2245   49.57    36.70   237   34.7  276
IR     GOES12  20050825  2245   49.58    36.60   237   34.8  276
IR     GOES12  20050825  2245   50.31    34.73   237   44.2  283
IR     GOES12  20050825  2245   50.39    33.77   250   37.4  281
IR     GOES12  20050825  2245   50.35    33.53   250   36.7  281
IR     GOES12  20050825  2245   50.27    32.86   262   33.7  283
IR     GOES12  20050825  2245   48.01    46.26   275   30.6  239
IR     GOES12  20050825  2245   47.85    45.74   250   27.5  247
IR     GOES12  20050825  2245   47.80    45.46   250   28.0  250
IR     GOES12  20050825  2245   48.26    43.68   337   26.9  255
IR     GOES12  20050825  2245   47.97    43.14   337   25.8  252
IR     GOES12  20050825  2245   48.40    40.99   287   28.8  256
IR     GOES12  20050825  2245   48.86    40.24   287   32.3  259
IR     GOES12  20050825  2245   48.72    39.50   225   31.1  267
IR     GOES12  20050825  2245   48.99    38.66   250   33.9  270
IR     GOES12  20050825  2245   48.35    38.26   225   30.1  272
IR     GOES12  20050825  2245   48.78    37.16   262   32.2  274
IR     GOES12  20050825  2245   48.60    36.84   225   30.4  280
IR     GOES12  20050825  2245   48.59    36.21   237   29.7  279
IR     GOES12  20050825  2245   49.23    34.31   262   34.0  275
IR     GOES12  20050825  2245   48.76    34.27   262   32.0  286
IR     GOES12  20050825  2245   48.61    33.67   250   31.2  286
IR     GOES12  20050825  2245   46.36    56.06   250   58.4  205
IR     GOES12  20050825  2245   46.43    55.83   250   58.4  206
IR     GOES12  20050825  2245   47.34    46.40   325   24.5  242
IR     GOES12  20050825  2245   47.37    46.08   325   23.5  245
IR     GOES12  20050825  2245   46.93    45.72   387   22.9  243
IR     GOES12  20050825  2245   47.04    44.12   350   20.9  249
IR     GOES12  20050825  2245   47.36    43.37   362   22.5  246
IR     GOES12  20050825  2245   47.59    42.87   362   23.0  249
IR     GOES12  20050825  2245   47.05    42.28   362   20.8  253
IR     GOES12  20050825  2245   47.05    42.19   375   21.3  253
IR     GOES12  20050825  2245   47.87    40.85   300   25.3  265
IR     GOES12  20050825  2245   47.57    40.53   250   26.3  262
IR     GOES12  20050825  2245   47.28    40.02   250   24.3  264
IR     GOES12  20050825  2245   47.89    38.91   212   26.8  275
IR     GOES12  20050825  2245   48.11    37.16   237   28.6  280
IR     GOES12  20050825  2245   48.11    36.29   237   25.4  281
IR     GOES12  20050825  2245   47.68    35.96   250   26.8  282
IR     GOES12  20050825  2245   47.50    35.78   262   26.6  286
IR     GOES12  20050825  2245   48.08    34.31   212   34.8  296
IR     GOES12  20050825  2245   48.50    33.35   262   28.3  290
IR     GOES12  20050825  2245   45.70    59.68   400    5.4  353
IR     GOES12  20050825  2245   45.25    56.80   300   54.5  209
IR     GOES12  20050825  2245   45.88    51.46   312   29.7  221
IR     GOES12  20050825  2245   45.61    49.62   275   24.8  211
IR     GOES12  20050825  2245   45.52    48.95   362   19.9  226
IR     GOES12  20050825  2245   45.88    48.19   400   17.1  224
IR     GOES12  20050825  2245   45.64    48.12   400   16.7  224
IR     GOES12  20050825  2245   45.63    47.21   325   17.8  234
IR     GOES12  20050825  2245   45.70    47.01   325   20.6  237
IR     GOES12  20050825  2245   46.48    44.80   350   19.3  247
IR     GOES12  20050825  2245   46.33    43.31   537   19.1  251
IR     GOES12  20050825  2245   46.71    41.53   250   20.9  263
IR     GOES12  20050825  2245   46.74    41.23   250   22.6  266
IR     GOES12  20050825  2245   46.80    38.75   350   17.9  268
IR     GOES12  20050825  2245   46.97    38.16   350   20.4  277
IR     GOES12  20050825  2245   46.82    37.65   237   19.5  287
IR     GOES12  20050825  2245   47.10    36.68   250   19.6  284
IR     GOES12  20050825  2245   47.13    36.29   250   27.2  284
IR     GOES12  20050825  2245   47.13    35.52   262   26.9  291
IR     GOES12  20050825  2245   46.72    33.50   250   28.6  292
IR     GOES12  20050825  2245   47.08    32.38   262   25.0  299
IR     GOES12  20050825  2245   47.56    30.66   237   29.6  308
IR     GOES12  20050825  2245   47.46    29.60   237   30.1  306
IR     GOES12  20050825  2245   44.67    52.20   337   28.0  209
IR     GOES12  20050825  2245   44.56    50.81   337   22.3  214
IR     GOES12  20050825  2245   45.23    49.75   275   24.0  210
IR     GOES12  20050825  2245   44.80    48.64   325   14.3  216
IR     GOES12  20050825  2245   45.20    48.05   325   16.2  224
IR     GOES12  20050825  2245   44.90    48.01   325   17.5  226
IR     GOES12  20050825  2245   46.27    32.81   325   20.8  287
IR     GOES12  20050825  2245   46.69    31.72   250   24.6  301
IR     GOES12  20050825  2245   46.58    31.56   250   24.2  302
IR     GOES12  20050825  2245   46.14    31.43   312   19.5  306
IR     GOES12  20050825  2245   46.84    28.69   275   26.7  308
IR     GOES12  20050825  2245   43.99    57.74   300   63.7  210
IR     GOES12  20050825  2245   43.63    50.21   275   18.9  210
IR     GOES12  20050825  2245   43.89    49.80   275   22.7  214
IR     GOES12  20050825  2245   45.50    33.74   250   17.8  319
IR     GOES12  20050825  2245   45.27    33.62   237   16.4  322
IR     GOES12  20050825  2245   45.61    32.56   250   16.9  322
IR     GOES12  20050825  2245   45.58    32.17   250   16.7  326
IR     GOES12  20050825  2245   42.38    61.92   850    8.9  325
IR     GOES12  20050825  2245   42.51    61.25   756    9.4  310
IR     GOES12  20050825  2245   42.35    61.05   756    7.4  302
IR     GOES12  20050825  2245   42.78    60.13   775    8.3  290
IR     GOES12  20050825  2245   42.55    60.07   775    9.1  290
IR     GOES12  20050825  2245   42.54    58.84   287   56.5  211
IR     GOES12  20050825  2245   42.96    58.49   262   62.4  210
IR     GOES12  20050825  2245   42.65    53.27   475   23.8  214
IR     GOES12  20050825  2245   43.01    52.98   512   24.5  217
IR     GOES12  20050825  2245   43.40    49.98   287   18.1  217
IR     GOES12  20050825  2245   44.36    32.78   250   14.3  320
IR     GOES12  20050825  2245   44.17    32.15   250   14.1  323
IR     GOES12  20050825  2245   44.14    31.81   300   13.9  330
IR     GOES12  20050825  2245   44.31    30.53   250   14.4  325
IR     GOES12  20050825  2245   44.38    29.78   262   16.4  322
IR     GOES12  20050825  2245   44.49    29.20   262   16.5  323
IR     GOES12  20050825  2245   44.85    27.89   275   17.7  325
IR     GOES12  20050825  2245   44.52    27.48   275   17.8  334
IR     GOES12  20050825  2245   41.70    59.88   262   58.2  215
IR     GOES12  20050825  2245   41.83    59.39   275   57.4  212
IR     GOES12  20050825  2245   42.19    58.88   300   55.3  210
IR     GOES12  20050825  2245   42.55    45.39   775   12.9  219
IR     GOES12  20050825  2245   42.56    45.32   775   12.5  219
IR     GOES12  20050825  2245   42.37    44.53   812   11.1  219
IR     GOES12  20050825  2245   43.63    33.71   187   12.7    1
IR     GOES12  20050825  2245   43.80    32.31   250   13.5  327
IR     GOES12  20050825  2245   43.66    31.86   250   13.8  332
IR     GOES12  20050825  2245   43.70    31.40   262   14.8  323
IR     GOES12  20050825  2245   43.55    31.00   250   11.2  317
IR     GOES12  20050825  2245   43.49    29.69   225   14.0  353
IR     GOES12  20050825  2245   43.79    29.00   250   13.9  325
IR     GOES12  20050825  2245   43.57    28.81   275   10.9  306
IR     GOES12  20050825  2245   41.03    52.43   162   17.5  211
IR     GOES12  20050825  2245   41.89    45.85   775   13.2  211
IR     GOES12  20050825  2245   41.27    45.86   718   12.9  207
IR     GOES12  20050825  2245   41.88    45.08   793   11.9  212
IR     GOES12  20050825  2245   42.98    30.82   225   17.1  355
IR     GOES12  20050825  2245   43.02    30.41   225   14.5  356
IR     GOES12  20050825  2245   41.01    23.83   325   12.4   10
IR     GOES12  20050825  2245   50.83    55.13   375   13.6  212
IR     GOES12  20050825  2245   50.85    54.74   387   13.1  216
IR     GOES12  20050825  2245   47.27    62.92   812    6.5  338
IR     GOES12  20050825  2245   46.59    63.81   906    5.5  339
IR     GOES12  20050825  2245   45.72    60.91   450    7.3    7
IR     GOES12  20050825  2245   45.70    59.71   400    5.0  323
IR     GOES12  20050825  2245   44.49    62.68   412   10.4  348
IR     GOES12  20050825  2245   44.45    62.16   375    9.7  358
IR     GOES12  20050825  2245   44.24    57.59   300   53.1  210
IR     GOES12  20050825  2245   44.74    57.15   300   54.9  208
IR     GOES12  20050825  2245   43.32    63.78   362   15.8    4
IR     GOES12  20050825  2245   43.57    63.24   350   13.2   13
IR     GOES12  20050825  2245   43.58    63.05   375   12.8    6
IR     GOES12  20050825  2245   43.36    62.42   450   11.1  351
IR     GOES12  20050825  2245   43.36    62.33   450   11.2  359
IR     GOES12  20050825  2245   43.57    61.38   462    5.9  324
IR     GOES12  20050825  2245   43.57    61.35   462    6.0  319
IR     GOES12  20050825  2245   43.34    60.94   737   10.3  303
IR     GOES12  20050825  2245   43.84    60.21   737    5.7  320
IR     GOES12  20050825  2245   43.20    58.29   287   55.7  210
IR     GOES12  20050825  2245   43.81    57.87   300   53.4  211
IR     GOES12  20050825  2245   42.41    65.26   868    9.4  331
IR     GOES12  20050825  2245   42.85    63.82   400   17.2  353
IR     GOES12  20050825  2245   42.51    63.50   450   15.3  353
IR     GOES12  20050825  2245   42.82    62.58   375   10.8  342
IR     GOES12  20050825  2245   42.83    62.27   400   10.0  326
IR     GOES12  20050825  2245   42.38    61.89   831   11.3  324
IR     GOES12  20050825  2245   42.30    60.82   756    7.3  305
IR     GOES12  20050825  2245   42.78    60.13   793    7.9  291
IR     GOES12  20050825  2245   42.79    59.98   793    8.7  286
IR     GOES12  20050825  2245   42.28    59.53   250   64.0  214
IR     GOES12  20050825  2245   42.47    58.92   287   57.0  212
IR     GOES12  20050825  2245   42.49    58.58   287   54.0  210
IR     GOES12  20050825  2245   42.97    58.14   300   52.8  211
IR     GOES12  20050825  2245   42.07    65.23   887    9.9  335
IR     GOES12  20050825  2245   42.03    62.01   887   10.5  325
IR     GOES12  20050825  2245   42.16    61.40   831    9.2  309
IR     GOES12  20050825  2245   42.01    60.92   737    7.5  303
IR     GOES12  20050825  2245   41.42    59.72   275   54.8  214
IR     GOES12  20050825  2245   42.06    59.17   275   58.6  214
IR     GOES12  20050825  2245   42.25    58.71   287   58.2  211
IR     GOES12  20050825  2245   41.58    58.33   868    9.5  280
IR     GOES12  20050825  2245   41.20    61.25   887    6.1  300
IR     GOES12  20050825  2245   41.36    59.70   275   54.1  214
IR     GOES12  20050825  2245   41.31    59.44   287   54.8  211
WV     GOES12  20050825  2245   54.02    51.65   362   18.8  265
WV     GOES12  20050825  2245   52.06    80.44   350   12.8  272
WV     GOES12  20050825  2245   52.93    48.99   200   69.1  240
WV     GOES12  20050825  2245   53.42    43.39   200   57.1  264
WV     GOES12  20050825  2245   52.21    53.02   350   19.6  248
WV     GOES12  20050825  2245   52.31    50.21   300   30.9  229
WV     GOES12  20050825  2245   52.51    49.49   212   51.8  238
WV     GOES12  20050825  2245   52.55    48.84   200   59.9  242
WV     GOES12  20050825  2245   51.91    48.26   200   55.0  238
WV     GOES12  20050825  2245   52.70    45.68   225   53.8  260
WV     GOES12  20050825  2245   52.95    43.51   200   62.3  264
WV     GOES12  20050825  2245   52.89    43.24   200   60.3  262
WV     GOES12  20050825  2245   52.94    42.65   200   62.0  265
WV     GOES12  20050825  2245   53.06    41.24   225   55.3  267
WV     GOES12  20050825  2245   52.93    40.94   200   58.4  270
WV     GOES12  20050825  2245   52.55    39.91   212   56.1  270
WV     GOES12  20050825  2245   52.51    39.58   212   54.3  271
WV     GOES12  20050825  2245   50.85    48.59   262   42.7  234
WV     GOES12  20050825  2245   50.79    47.37   237   48.3  245
WV     GOES12  20050825  2245   50.80    46.17   237   46.1  246
WV     GOES12  20050825  2245   51.04    44.84   262   42.2  252
WV     GOES12  20050825  2245   51.69    43.12   250   47.8  261
WV     GOES12  20050825  2245   51.64    42.76   225   52.4  258
WV     GOES12  20050825  2245   51.19    42.02   262   42.5  258
WV     GOES12  20050825  2245   51.88    40.78   237   50.6  266
WV     GOES12  20050825  2245   51.98    39.61   237   51.6  271
WV     GOES12  20050825  2245   51.72    39.12   225   50.3  273
WV     GOES12  20050825  2245   52.16    38.37   212   53.9  273
WV     GOES12  20050825  2245   51.69    37.83   212   53.3  273
WV     GOES12  20050825  2245   51.57    37.48   212   52.4  273
WV     GOES12  20050825  2245   49.54    66.93   362   19.1    1
WV     GOES12  20050825  2245   49.36    65.63   387   17.2    0
WV     GOES12  20050825  2245   50.11    51.20   150   38.2  243
WV     GOES12  20050825  2245   50.20    49.74   287   35.6  232
WV     GOES12  20050825  2245   50.10    49.05   287   37.5  234
WV     GOES12  20050825  2245   50.05    48.69   225   49.3  238
WV     GOES12  20050825  2245   50.20    46.49   225   46.5  250
WV     GOES12  20050825  2245   50.14    46.42   225   46.5  250
WV     GOES12  20050825  2245   50.58    45.17   275   40.3  252
WV     GOES12  20050825  2245   50.20    44.59   262   39.7  254
WV     GOES12  20050825  2245   50.60    44.01   275   39.2  254
WV     GOES12  20050825  2245   50.26    43.74   250   39.8  254
WV     GOES12  20050825  2245   50.79    42.47   262   39.8  256
WV     GOES12  20050825  2245   50.26    41.01   275   37.4  267
WV     GOES12  20050825  2245   50.30    40.49   275   36.7  266
WV     GOES12  20050825  2245   50.80    38.77   225   50.1  270
WV     GOES12  20050825  2245   50.72    38.01   250   43.8  275
WV     GOES12  20050825  2245   51.01    36.46   250   46.4  276
WV     GOES12  20050825  2245   50.93    36.45   237   46.0  277
WV     GOES12  20050825  2245   51.07    34.96   212   46.7  283
WV     GOES12  20050825  2245   50.93    34.88   212   47.1  282
WV     GOES12  20050825  2245   50.88    33.88   237   45.9  277
WV     GOES12  20050825  2245   48.04    61.52   387   14.5   24
WV     GOES12  20050825  2245   48.33    61.10   400   18.3   25
WV     GOES12  20050825  2245   49.02    51.82   237   41.1  217
WV     GOES12  20050825  2245   48.76    51.59   262   42.1  214
WV     GOES12  20050825  2245   48.45    51.13   325   30.9  224
WV     GOES12  20050825  2245   48.79    49.92   237   44.2  226
WV     GOES12  20050825  2245   49.01    48.63   225   44.2  234
WV     GOES12  20050825  2245   49.12    48.05   237   40.4  239
WV     GOES12  20050825  2245   48.86    47.83   262   38.4  240
WV     GOES12  20050825  2245   49.34    46.71   250   42.3  248
WV     GOES12  20050825  2245   49.09    46.37   250   38.0  247
WV     GOES12  20050825  2245   49.30    45.33   250   38.0  252
WV     GOES12  20050825  2245   49.47    44.87   250   38.2  253
WV     GOES12  20050825  2245   49.48    43.83   250   36.1  257
WV     GOES12  20050825  2245   49.56    43.68   250   34.9  256
WV     GOES12  20050825  2245   49.52    41.42   262   36.6  259
WV     GOES12  20050825  2245   49.87    40.63   287   34.2  264
WV     GOES12  20050825  2245   49.95    39.66   287   36.6  266
WV     GOES12  20050825  2245   49.98    39.22   275   35.9  270
WV     GOES12  20050825  2245   49.61    38.64   275   35.2  271
WV     GOES12  20050825  2245   50.20    37.48   237   42.3  276
WV     GOES12  20050825  2245   50.04    36.90   225   40.3  277
WV     GOES12  20050825  2245   49.64    36.72   225   35.9  278
WV     GOES12  20050825  2245   49.31    36.46   250   34.7  273
WV     GOES12  20050825  2245   50.17    34.69   225   44.3  287
WV     GOES12  20050825  2245   50.35    33.47   187   45.0  297
WV     GOES12  20050825  2245   50.37    33.30   212   43.5  295
WV     GOES12  20050825  2245   49.98    32.97   262   33.5  282
WV     GOES12  20050825  2245   47.31    61.64   387   11.6   25
WV     GOES12  20050825  2245   47.81    52.91   175   38.8  212
WV     GOES12  20050825  2245   47.97    51.21   262   37.3  226
WV     GOES12  20050825  2245   48.19    49.86   237   47.3  226
WV     GOES12  20050825  2245   48.25    45.78   262   29.8  246
WV     GOES12  20050825  2245   47.91    45.78   250   28.4  248
WV     GOES12  20050825  2245   48.54    44.44   287   26.9  254
WV     GOES12  20050825  2245   48.13    43.62   337   25.3  257
WV     GOES12  20050825  2245   48.35    41.54   300   29.2  265
WV     GOES12  20050825  2245   48.18    40.29   225   26.7  269
WV     GOES12  20050825  2245   48.71    39.54   225   30.9  266
WV     GOES12  20050825  2245   48.38    38.72   212   28.5  274
WV     GOES12  20050825  2245   48.35    38.26   225   29.5  273
WV     GOES12  20050825  2245   49.20    36.95   250   33.4  275
WV     GOES12  20050825  2245   48.68    36.76   225   31.7  279
WV     GOES12  20050825  2245   48.91    35.58   237   33.6  279
WV     GOES12  20050825  2245   49.29    34.39   250   36.2  281
WV     GOES12  20050825  2245   49.25    34.15   262   34.3  277
WV     GOES12  20050825  2245   49.08    32.21   237   38.7  290
WV     GOES12  20050825  2245   49.09    32.09   237   39.3  292
WV     GOES12  20050825  2245   46.21    61.62   400   12.3   13
WV     GOES12  20050825  2245   46.42    56.00   250   57.1  204
WV     GOES12  20050825  2245   46.54    49.96   237   33.5  214
WV     GOES12  20050825  2245   47.35    48.34   300   28.5  232
WV     GOES12  20050825  2245   47.25    46.85   312   27.9  242
WV     GOES12  20050825  2245   47.35    46.32   300   28.4  244
WV     GOES12  20050825  2245   47.39    45.67   300   29.1  250
WV     GOES12  20050825  2245   47.03    44.25   350   24.1  247
WV     GOES12  20050825  2245   47.49    43.35   350   23.6  248
WV     GOES12  20050825  2245   47.05    42.24   362   18.7  261
WV     GOES12  20050825  2245   47.69    40.72   250   27.6  265
WV     GOES12  20050825  2245   47.80    40.11   225   30.9  261
WV     GOES12  20050825  2245   47.60    40.07   250   27.5  262
WV     GOES12  20050825  2245   47.42    39.09   250   25.9  272
WV     GOES12  20050825  2245   47.43    38.95   250   25.9  272
WV     GOES12  20050825  2245   48.11    37.16   237   27.8  282
WV     GOES12  20050825  2245   48.13    36.81   237   27.3  281
WV     GOES12  20050825  2245   48.04    36.36   237   25.1  282
WV     GOES12  20050825  2245   47.75    35.88   262   24.3  283
WV     GOES12  20050825  2245   48.08    34.36   212   36.3  299
WV     GOES12  20050825  2245   47.95    34.37   200   35.8  300
WV     GOES12  20050825  2245   47.80    33.10   237   30.1  311
WV     GOES12  20050825  2245   48.08    31.43   250   30.8  307
WV     GOES12  20050825  2245   48.02    31.35   250   30.3  307
WV     GOES12  20050825  2245   45.71    57.72   462    7.6  233
WV     GOES12  20050825  2245   45.25    56.80   287   56.6  208
WV     GOES12  20050825  2245   45.91    56.11   262   56.5  205
WV     GOES12  20050825  2245   45.61    51.81   300   31.8  212
WV     GOES12  20050825  2245   46.21    50.22   237   33.1  214
WV     GOES12  20050825  2245   45.68    49.51   275   25.9  214
WV     GOES12  20050825  2245   46.24    48.61   375   25.2  226
WV     GOES12  20050825  2245   45.83    47.05   337   16.6  239
WV     GOES12  20050825  2245   46.24    42.78   362   15.0  248
WV     GOES12  20050825  2245   46.57    41.73   300   23.1  259
WV     GOES12  20050825  2245   46.74    41.23   250   22.9  265
WV     GOES12  20050825  2245   46.77    40.74   262   22.2  267
WV     GOES12  20050825  2245   46.92    38.85   312   19.5  276
WV     GOES12  20050825  2245   46.79    38.79   350   17.8  269
WV     GOES12  20050825  2245   46.97    37.47   262   18.6  287
WV     GOES12  20050825  2245   47.12    36.44   250   23.3  284
WV     GOES12  20050825  2245   47.17    35.85   275   20.6  288
WV     GOES12  20050825  2245   47.35    33.76   237   28.1  314
WV     GOES12  20050825  2245   46.84    33.60   237   23.9  311
WV     GOES12  20050825  2245   46.72    33.50   237   24.1  309
WV     GOES12  20050825  2245   47.53    31.65   250   26.5  305
WV     GOES12  20050825  2245   47.56    30.66   237   30.8  312
WV     GOES12  20050825  2245   47.62    29.96   237   30.1  315
WV     GOES12  20050825  2245   44.88    56.80   300   54.9  208
WV     GOES12  20050825  2245   44.79    52.21   325   31.3  209
WV     GOES12  20050825  2245   45.30    50.70   287   26.5  205
WV     GOES12  20050825  2245   45.23    49.75   275   24.6  210
WV     GOES12  20050825  2245   45.27    49.09   362   21.5  221
WV     GOES12  20050825  2245   44.73    48.75   325   14.7  228
WV     GOES12  20050825  2245   44.82    48.23   325   16.5  230
WV     GOES12  20050825  2245   45.10    47.75   325   17.0  230
WV     GOES12  20050825  2245   45.03    45.85   312   14.1  232
WV     GOES12  20050825  2245   45.05    45.50   325   14.3  235
WV     GOES12  20050825  2245   45.37    44.54   325   16.0  236
WV     GOES12  20050825  2245   45.61    42.82   325   13.6  243
WV     GOES12  20050825  2245   45.63    42.45   325   14.7  249
WV     GOES12  20050825  2245   45.84    41.30   312   12.6  249
WV     GOES12  20050825  2245   45.80    40.15   262   17.1  263
WV     GOES12  20050825  2245   45.92    39.39   312   18.9  271
WV     GOES12  20050825  2245   46.04    37.13   250   12.2  269
WV     GOES12  20050825  2245   46.25    34.56   250   20.0  312
WV     GOES12  20050825  2245   46.03    32.76   287   17.1  314
WV     GOES12  20050825  2245   46.58    31.56   250   24.1  306
WV     GOES12  20050825  2245   46.84    29.37   237   30.2  316
WV     GOES12  20050825  2245   43.17    65.03   400   22.0    7
WV     GOES12  20050825  2245   43.55    64.13   437   18.3    9
WV     GOES12  20050825  2245   43.22    63.19   362   14.1   10
WV     GOES12  20050825  2245   43.28    63.06   375   14.0    9
WV     GOES12  20050825  2245   43.29    62.69   437   13.3  347
WV     GOES12  20050825  2245   43.57    61.22   462    6.6  310
WV     GOES12  20050825  2245   44.29    52.34   325   29.8  205
WV     GOES12  20050825  2245   44.05    52.32   312   24.8  205
WV     GOES12  20050825  2245   44.23    51.21   387   24.9  204
WV     GOES12  20050825  2245   43.63    50.10   275   17.4  207
WV     GOES12  20050825  2245   44.32    49.57   275   24.1  214
WV     GOES12  20050825  2245   44.25    48.66   287   17.6  228
WV     GOES12  20050825  2245   44.07    47.70   337   16.0  221
WV     GOES12  20050825  2245   44.01    47.59   337   16.5  221
WV     GOES12  20050825  2245   44.48    46.85   312   11.6  223
WV     GOES12  20050825  2245   44.74    42.79   350   13.0  257
WV     GOES12  20050825  2245   44.78    42.26   362   15.6  261
WV     GOES12  20050825  2245   44.79    42.14   362   15.9  262
WV     GOES12  20050825  2245   44.84    41.48   350   14.8  261
WV     GOES12  20050825  2245   45.26    33.67   237   15.3  326
WV     GOES12  20050825  2245   45.61    32.56   250   16.8  321
WV     GOES12  20050825  2245   45.55    32.48   262   17.1  324
WV     GOES12  20050825  2245   42.34    65.66   375   28.5    1
WV     GOES12  20050825  2245   42.55    64.40   362   21.4  359
WV     GOES12  20050825  2245   42.91    63.87   412   15.8  348
WV     GOES12  20050825  2245   42.57    63.52   437   15.7  354
WV     GOES12  20050825  2245   42.69    63.16   400   13.7  348
WV     GOES12  20050825  2245   42.89    58.70   287   57.3  211
WV     GOES12  20050825  2245   43.07    58.45   262   62.7  211
WV     GOES12  20050825  2245   43.40    52.18   175   24.4  201
WV     GOES12  20050825  2245   43.29    52.06   187   24.8  200
WV     GOES12  20050825  2245   43.12    50.76   275   16.4  203
WV     GOES12  20050825  2245   43.13    50.66   275   16.3  204
WV     GOES12  20050825  2245   43.46    49.99   275   17.4  210
WV     GOES12  20050825  2245   43.49    49.35   287   20.6  215
WV     GOES12  20050825  2245   43.53    48.71   325   14.3  216
WV     GOES12  20050825  2245   43.55    48.38   337   14.6  215
WV     GOES12  20050825  2245   43.45    46.99   375   17.1  226
WV     GOES12  20050825  2245   43.52    46.77   350   12.7  227
WV     GOES12  20050825  2245   43.58    45.92   350   10.8  221
WV     GOES12  20050825  2245   43.59    45.73   350   10.6  215
WV     GOES12  20050825  2245   43.68    42.52   400   17.2  252
WV     GOES12  20050825  2245   43.63    42.37   412   18.0  252
WV     GOES12  20050825  2245   44.11    38.98   350    8.2  261
WV     GOES12  20050825  2245   44.23    38.19   337    8.5  264
WV     GOES12  20050825  2245   44.20    37.76   337    9.4  266
WV     GOES12  20050825  2245   44.33    33.85   237   13.1  324
WV     GOES12  20050825  2245   44.31    33.38   250   12.1  328
WV     GOES12  20050825  2245   44.29    32.85   250   13.5  328
WV     GOES12  20050825  2245   44.24    32.08   250   14.1  322
WV     GOES12  20050825  2245   44.47    31.45   275   14.0  322
WV     GOES12  20050825  2245   44.38    30.46   250   15.1  324
WV     GOES12  20050825  2245   44.37    29.83   250   15.7  327
WV     GOES12  20050825  2245   44.49    29.20   262   16.2  323
WV     GOES12  20050825  2245   44.85    27.89   275   17.1  329
WV     GOES12  20050825  2245   44.52    27.54   262   18.9  340
WV     GOES12  20050825  2245   42.00    65.51   437   21.6  348
WV     GOES12  20050825  2245   41.75    59.90   262   59.0  216
WV     GOES12  20050825  2245   42.05    59.45   250   63.6  211
WV     GOES12  20050825  2245   42.06    59.20   300   58.0  212
WV     GOES12  20050825  2245   42.13    58.74   287   56.0  209
WV     GOES12  20050825  2245   42.27    54.04   300   30.2  199
WV     GOES12  20050825  2245   42.60    49.53   325   10.6  210
WV     GOES12  20050825  2245   42.69    47.98   375   16.1  223
WV     GOES12  20050825  2245   42.49    46.45   350    9.6  212
WV     GOES12  20050825  2245   42.56    46.27   362   10.1  217
WV     GOES12  20050825  2245   42.92    42.45   400   14.1  244
WV     GOES12  20050825  2245   42.75    42.34   362    5.5  253
WV     GOES12  20050825  2245   43.35    37.99   362    7.4  265
WV     GOES12  20050825  2245   43.21    37.49   350    5.9  259
WV     GOES12  20050825  2245   43.65    31.91   250   12.9  331
WV     GOES12  20050825  2245   43.86    30.95   250   14.0  324
WV     GOES12  20050825  2245   43.55    31.05   250   12.6  316
WV     GOES12  20050825  2245   43.52    30.04   237   14.6  345
WV     GOES12  20050825  2245   43.79    29.00   250   13.9  327
WV     GOES12  20050825  2245   44.18    27.24   325   13.7  335
WV     GOES12  20050825  2245   41.07    59.96   250   59.0  214
WV     GOES12  20050825  2245   41.08    59.63   275   53.4  210
WV     GOES12  20050825  2245   41.33    59.11   275   55.1  207
WV     GOES12  20050825  2245   41.49    53.55   312   22.4  201
WV     GOES12  20050825  2245   41.60    52.38   162   14.2  221
WV     GOES12  20050825  2245   41.66    49.96   350   12.9  207
WV     GOES12  20050825  2245   41.55    48.92   387   16.0  206
WV     GOES12  20050825  2245   42.04    44.30   375   10.5  221
WV     GOES12  20050825  2245   42.06    43.13   387    9.5  219
WV     GOES12  20050825  2245   42.96    31.08   275   15.4  338
WV     GOES12  20050825  2245   43.01    30.46   225   14.8  357
WV     GOES12  20050825  2245   43.41    26.62   287   14.8  319
WV     GOES12  20050825  2245   43.52    26.05   287   15.5  331
WV     GOES12  20050825  2245   41.10    43.92   387    7.9  217
WV     GOES12  20050825  2245   41.14    43.32   400   10.0  234
WV     GOES12  20050825  2245   41.99    30.95   337    7.4  330
WV     GOES12  20050825  2245   41.80    30.45   325   10.5  343
WV     GOES12  20050825  2245   42.29    28.68   287   16.5  342
WV     GOES12  20050825  2245   42.26    27.08   300   15.3   12
WV     GOES12  20050825  2245   42.16    26.89   287   17.3    4
WV     GOES12  20050825  2245   41.90    26.60   275   17.5    5
WV     GOES12  20050825  2245   41.19    33.02   337    8.2   20
WV     GOES12  20050825  2245   41.15    32.85   337    7.1   14
WV     GOES12  20050825  2245   41.33    30.67   312   10.8  358
WV     GOES12  20050825  2245   41.59    27.47   262   17.0    2
WV     GOES12  20050825  2245   41.71    26.17   312   15.0    4
WV     GOES12  20050825  2245   41.62    24.59   237   16.4    9
WV     GOES12  20050825  2245   41.70    24.26   225   15.9    7
IR     GOES12  20050825  2245   10.96   106.42   225    8.6   50
IR     GOES12  20050825  2245   10.90   102.37   350    8.0   98
IR     GOES12  20050825  2245   10.89   102.01   262   11.7   84
IR     GOES12  20050825  2245   10.84    95.25   175   13.2   78
IR     GOES12  20050825  2245   10.84    95.20   175   13.5   80
IR     GOES12  20050825  2245   10.69    92.24   187   11.4  114
IR     GOES12  20050825  2245   10.92    92.05   187   11.7  114
IR     GOES12  20050825  2245   10.99    87.39   150   23.1   81
IR     GOES12  20050825  2245   10.91    87.06   200   11.0   74
IR     GOES12  20050825  2245   11.00    81.88   312    7.8   93
IR     GOES12  20050825  2245   10.69    79.46   312    8.7  110
IR     GOES12  20050825  2245   10.72    77.67   200    6.4   61
IR     GOES12  20050825  2245   10.80    77.10   162   12.9   43
IR     GOES12  20050825  2245   10.65    76.95   162   12.7   43
IR     GOES12  20050825  2245   10.98    76.60   162   12.9   56
IR     GOES12  20050825  2245   10.61    76.20   137   14.2   30
IR     GOES12  20050825  2245   10.76    74.75   162   18.6   65
IR     GOES12  20050825  2245   10.87    74.62   137   17.8   65
IR     GOES12  20050825  2245   10.82    65.96   162   18.3   44
IR     GOES12  20050825  2245   10.70    61.81   512    6.5  108
IR     GOES12  20050825  2245   10.88    54.66   212   11.5  103
IR     GOES12  20050825  2245   10.95    54.56   212   11.6  103
IR     GOES12  20050825  2245   10.89    53.39   175    8.3  105
IR     GOES12  20050825  2245   10.90    53.22   175    8.8  102
IR     GOES12  20050825  2245   10.86    52.85   175    8.8  109
IR     GOES12  20050825  2245   10.92    51.07   225    8.8  101
IR     GOES12  20050825  2245   10.85    50.74   275    6.3   93
IR     GOES12  20050825  2245   10.89    50.56   262    6.3  117
IR     GOES12  20050825  2245   10.42   110.40   200   23.9   62
IR     GOES12  20050825  2245   10.78   109.23   200   23.7   61
IR     GOES12  20050825  2245   10.82   108.98   187   22.5   60
IR     GOES12  20050825  2245   10.71   104.79   200   23.3   31
IR     GOES12  20050825  2245   10.70   104.63   187   22.0   29
IR     GOES12  20050825  2245   10.41   102.56   275   15.0   70
IR     GOES12  20050825  2245   10.44   102.13   250   13.7   74
IR     GOES12  20050825  2245   10.31   101.05   475    7.3   85
IR     GOES12  20050825  2245   10.60    97.08   250   20.2   57
IR     GOES12  20050825  2245   10.56    96.91   225   20.7   57
IR     GOES12  20050825  2245   10.25    96.43   200   20.1   59
IR     GOES12  20050825  2245   10.32    96.09   200   20.3   69
IR     GOES12  20050825  2245   10.58    95.64   175   16.4   72
IR     GOES12  20050825  2245   10.28    95.43   212   14.3   78
IR     GOES12  20050825  2245   10.20    95.15   137   14.3   82
IR     GOES12  20050825  2245   10.37    93.35   575    5.6   89
IR     GOES12  20050825  2245   10.28    92.46   150   11.6   95
IR     GOES12  20050825  2245   10.62    92.25   187   11.8  108
IR     GOES12  20050825  2245   10.46    86.87   150   23.4   79
IR     GOES12  20050825  2245   10.39    86.56   150   23.1   74
IR     GOES12  20050825  2245   10.20    86.36   150   20.8   70
IR     GOES12  20050825  2245   10.08    85.10   212    6.7  100
IR     GOES12  20050825  2245   10.51    81.93   262    7.1  100
IR     GOES12  20050825  2245   10.06    79.85   275    8.8  103
IR     GOES12  20050825  2245   10.50    79.61   312    8.9  112
IR     GOES12  20050825  2245   10.28    78.76   175   11.8   69
IR     GOES12  20050825  2245   10.06    78.63   175   12.6   67
IR     GOES12  20050825  2245   10.09    77.35   150   12.3   47
IR     GOES12  20050825  2245   10.42    76.87   150   13.1   39
IR     GOES12  20050825  2245   10.16    76.68   150   12.9   38
IR     GOES12  20050825  2245   10.50    75.57   137   17.6   33
IR     GOES12  20050825  2245   10.13    74.73   150   17.0   52
IR     GOES12  20050825  2245   10.09    74.29   137   17.3   57
IR     GOES12  20050825  2245   10.46    63.93   262    9.6   57
IR     GOES12  20050825  2245   10.47    61.95   500    5.7  119
IR     GOES12  20050825  2245   10.10    61.10   350    9.3   81
IR     GOES12  20050825  2245   10.16    59.39   737    7.2   60
IR     GOES12  20050825  2245   10.67    53.20   275    9.1  100
IR     GOES12  20050825  2245   10.30    52.83   275    9.0   90
IR     GOES12  20050825  2245   10.26    52.81   275    9.1   90
IR     GOES12  20050825  2245   10.38    52.35   300    6.6   87
IR     GOES12  20050825  2245   10.36    51.13   262    8.1  100
IR     GOES12  20050825  2245   10.54    48.61   175    9.9  101
IR     GOES12  20050825  2245   10.39    45.83   237    6.0   76
IR     GOES12  20050825  2245   10.36    45.57   262    5.2  120
IR     GOES12  20050825  2245   10.65    44.27   162   12.6   57
IR     GOES12  20050825  2245   10.57    43.93   137   11.3   52
IR     GOES12  20050825  2245   10.72    40.21   525    8.1   94
IR     GOES12  20050825  2245   10.70    39.09   287   12.2   96
IR     GOES12  20050825  2245   10.90    38.76   225   12.2   88
IR     GOES12  20050825  2245   10.57    37.84   150    6.8   71
IR     GOES12  20050825  2245   10.93    36.99   162    9.8  102
IR     GOES12  20050825  2245   10.71    36.64   250    8.1   98
IR     GOES12  20050825  2245   10.69    35.56   718    6.8   60
IR     GOES12  20050825  2245   10.65    32.01   312    7.2   93
IR     GOES12  20050825  2245   10.61    31.91   300    8.2   93
IR     GOES12  20050825  2245   10.58    31.37   300   13.0   83
IR     GOES12  20050825  2245    9.97   110.73   175   23.7   63
IR     GOES12  20050825  2245   10.21   104.36   212   19.1   32
IR     GOES12  20050825  2245    9.76   102.36   337    8.7   75
IR     GOES12  20050825  2245   10.08   100.92   450    7.3   82
IR     GOES12  20050825  2245    9.66   100.51   300   16.3   67
IR     GOES12  20050825  2245   10.07   100.13   287   16.8   65
IR     GOES12  20050825  2245    9.89    97.54   700    5.4  119
IR     GOES12  20050825  2245    9.77    97.43   700    5.9  111
IR     GOES12  20050825  2245    9.99    96.44   212   20.2   59
IR     GOES12  20050825  2245    9.65    96.06   212   14.6   75
IR     GOES12  20050825  2245    9.91    95.94   212   20.1   69
IR     GOES12  20050825  2245    9.90    95.66   212   16.2   80
IR     GOES12  20050825  2245   10.01    95.13   137   15.0   87
IR     GOES12  20050825  2245   10.01    94.99   137   15.9   88
IR     GOES12  20050825  2245    9.62    88.99   225    9.9  111
IR     GOES12  20050825  2245    9.72    87.66   162   26.7   83
IR     GOES12  20050825  2245    9.79    87.14   175   20.5   90
IR     GOES12  20050825  2245    9.98    86.39   162   19.4   72
IR     GOES12  20050825  2245    9.60    85.94   187   17.3   79
IR     GOES12  20050825  2245    9.77    82.72   287   11.8  102
IR     GOES12  20050825  2245    9.81    82.57   275   11.4  104
IR     GOES12  20050825  2245    9.91    79.78   275    9.9  100
IR     GOES12  20050825  2245    9.95    79.66   275    9.7  104
IR     GOES12  20050825  2245    9.72    77.58   187    9.0   38
IR     GOES12  20050825  2245    9.61    77.30   150   12.2   50
IR     GOES12  20050825  2245    9.76    77.18   150   12.0   48
IR     GOES12  20050825  2245    9.68    76.80   150   13.6   33
IR     GOES12  20050825  2245    9.94    76.45   150   14.1   30
IR     GOES12  20050825  2245    9.61    75.73   150   18.8   36
IR     GOES12  20050825  2245    9.50    62.00   250   12.5   70
IR     GOES12  20050825  2245    9.73    61.40   262   11.5   73
IR     GOES12  20050825  2245    9.92    61.02   350   10.8   85
IR     GOES12  20050825  2245    9.74    60.43   350    5.7   85
IR     GOES12  20050825  2245    9.59    60.38   375    5.5   85
IR     GOES12  20050825  2245    9.93    59.78   237   11.7   88
IR     GOES12  20050825  2245    9.97    59.69   237   11.6   88
IR     GOES12  20050825  2245    9.89    59.36   700    7.0   60
IR     GOES12  20050825  2245    9.82    54.79   200   18.8  104
IR     GOES12  20050825  2245    9.83    54.67   200   18.8  103
IR     GOES12  20050825  2245    9.87    54.02   250   12.6  103
IR     GOES12  20050825  2245    9.77    46.75   262    8.7  126
IR     GOES12  20050825  2245   10.20    45.67   250    6.1   86
IR     GOES12  20050825  2245   10.22    44.38   150   13.2   43
IR     GOES12  20050825  2245   10.12    44.07   212   14.1   50
IR     GOES12  20050825  2245   10.20    43.47   212   13.0   48
IR     GOES12  20050825  2245   10.18    40.38   350    9.3   72
IR     GOES12  20050825  2245   10.07    40.12   487   11.1   76
IR     GOES12  20050825  2245   10.04    39.63   287   13.2   81
IR     GOES12  20050825  2245   10.09    38.69   150    9.8   74
IR     GOES12  20050825  2245   10.02    38.59   150   11.7   74
IR     GOES12  20050825  2245   10.23    37.15   187   13.8   59
IR     GOES12  20050825  2245   10.22    36.08   212    8.6   82
IR     GOES12  20050825  2245   10.08    35.01   250    5.8   78
IR     GOES12  20050825  2245   10.02    34.48   275    6.0   83
IR     GOES12  20050825  2245    9.98    34.36   275    5.8   85
IR     GOES12  20050825  2245   10.28    32.73   300    9.6   67
IR     GOES12  20050825  2245   10.10    31.99   287    9.0   67
IR     GOES12  20050825  2245   10.27    31.58   300   12.8   82
IR     GOES12  20050825  2245   10.20    31.25   212   12.9   79
IR     GOES12  20050825  2245    9.60   107.26   262   14.3   94
IR     GOES12  20050825  2245    9.60   107.23   262   14.3   95
IR     GOES12  20050825  2245    9.24   103.04   237   16.2   69
IR     GOES12  20050825  2245    9.23    99.25   250   18.7   62
IR     GOES12  20050825  2245    9.07    98.56   312   14.7   72
IR     GOES12  20050825  2245    9.50    96.21   187   12.7   80
IR     GOES12  20050825  2245    9.50    96.00   212   13.1   79
IR     GOES12  20050825  2245    9.34    95.38   162   12.6   94
IR     GOES12  20050825  2245    9.34    95.31   137   12.6   96
IR     GOES12  20050825  2245    9.45    94.79   137   11.6  102
IR     GOES12  20050825  2245    9.14    88.81   250   11.1  107
IR     GOES12  20050825  2245    9.38    86.82   187   15.0   73
IR     GOES12  20050825  2245    9.38    86.50   162   25.6   80
IR     GOES12  20050825  2245    9.38    86.47   162   25.3   81
IR     GOES12  20050825  2245    9.01    86.07   162   25.3   81
IR     GOES12  20050825  2245    9.21    80.45   287    8.0   86
IR     GOES12  20050825  2245    9.43    80.24   325    7.4   95
IR     GOES12  20050825  2245    9.24    78.62   175   13.9   71
IR     GOES12  20050825  2245    9.09    78.49   175   14.0   70
IR     GOES12  20050825  2245    9.31    77.89   250   17.4   71
IR     GOES12  20050825  2245    9.16    77.34   187   13.1   52
IR     GOES12  20050825  2245    9.16    77.30   187   13.1   51
IR     GOES12  20050825  2245    8.98    76.94   175   15.9   36
IR     GOES12  20050825  2245    8.90    76.48   137   16.9   33
IR     GOES12  20050825  2245    9.45    64.28   200   15.2   68
IR     GOES12  20050825  2245    9.46    61.98   262   12.4   71
IR     GOES12  20050825  2245    9.36    60.28   437    6.3   82
IR     GOES12  20050825  2245    9.50    53.13   212   16.2  100
IR     GOES12  20050825  2245    9.24    52.92   212   16.7  107
IR     GOES12  20050825  2245    9.52    51.76   312    6.2   67
IR     GOES12  20050825  2245    9.22    51.35   312    6.5   80
IR     GOES12  20050825  2245    9.11    47.98   262    9.7   85
IR     GOES12  20050825  2245    9.36    46.74   150   11.8   80
IR     GOES12  20050825  2245    9.32    46.52   150   13.0   72
IR     GOES12  20050825  2245    9.29    46.11   162   14.4   64
IR     GOES12  20050825  2245    9.46    44.53   150   13.5   41
IR     GOES12  20050825  2245    9.44    38.80   175   12.0   76
IR     GOES12  20050825  2245    9.34    38.08   212    8.5   38
IR     GOES12  20050825  2245    9.56    36.20   187    9.7   66
IR     GOES12  20050825  2245    9.60    36.16   187   11.1   65
IR     GOES12  20050825  2245    9.46    35.38   262    8.8   63
IR     GOES12  20050825  2245    9.81    34.93   287    8.0   71
IR     GOES12  20050825  2245    9.82    34.55   275    6.9   85
IR     GOES12  20050825  2245    9.72    33.96   362    7.0   76
IR     GOES12  20050825  2245    9.72    31.93   212   11.8   80
IR     GOES12  20050825  2245    8.64   108.64   262   14.3   81
IR     GOES12  20050825  2245    8.89   107.74   300    8.9   88
IR     GOES12  20050825  2245    8.75   103.01   250   16.2   77
IR     GOES12  20050825  2245    8.75   102.99   250   15.8   76
IR     GOES12  20050825  2245    8.82    99.58   200   19.3   60
IR     GOES12  20050825  2245    8.74    99.18   212   22.9   53
IR     GOES12  20050825  2245    8.74    99.13   200   23.1   53
IR     GOES12  20050825  2245    8.77    98.27   400    6.1   93
IR     GOES12  20050825  2245    8.54    97.52   250   14.6   60
IR     GOES12  20050825  2245    8.68    96.71   200   14.8   70
IR     GOES12  20050825  2245    8.94    96.40   187   12.3   79
IR     GOES12  20050825  2245    8.85    95.39   150   11.7  104
IR     GOES12  20050825  2245    8.89    95.19   150   11.6  108
IR     GOES12  20050825  2245    8.62    94.00   325   11.3  107
IR     GOES12  20050825  2245    8.77    93.87   325   11.1  107
IR     GOES12  20050825  2245    8.69    89.16   325   10.9  125
IR     GOES12  20050825  2245    8.80    88.05   350    5.7  117
IR     GOES12  20050825  2245    8.83    88.01   337    5.6  115
IR     GOES12  20050825  2245    8.75    86.80   175   24.5   87
IR     GOES12  20050825  2245    8.67    85.95   187   14.3   75
IR     GOES12  20050825  2245    8.85    84.40   162   13.1   51
IR     GOES12  20050825  2245    8.70    84.26   200   11.4   69
IR     GOES12  20050825  2245    8.81    83.59   162   17.3   76
IR     GOES12  20050825  2245    8.44    83.26   200   15.5   82
IR     GOES12  20050825  2245    8.69    80.88   337    7.5  127
IR     GOES12  20050825  2245    8.72    77.82   212   15.9   69
IR     GOES12  20050825  2245    8.68    77.44   187   15.2   88
IR     GOES12  20050825  2245    8.61    77.02   137   15.2   39
IR     GOES12  20050825  2245    8.61    76.98   137   15.3   41
IR     GOES12  20050825  2245    8.87    76.50   150   17.1   33
IR     GOES12  20050825  2245    8.85    51.31   325    5.8   85
IR     GOES12  20050825  2245    8.85    51.24   337    5.8   89
IR     GOES12  20050825  2245    9.05    46.93   162   15.4   69
IR     GOES12  20050825  2245    9.06    46.65   162   15.1   68
IR     GOES12  20050825  2245    8.96    45.50   150   15.6   51
IR     GOES12  20050825  2245    9.04    39.55   287   13.9   69
IR     GOES12  20050825  2245    9.12    36.97   275    8.2   52
IR     GOES12  20050825  2245    8.91    36.31   262    8.8   55
IR     GOES12  20050825  2245    8.80    36.05   275    8.3   52
IR     GOES12  20050825  2245    8.89    35.19   237    8.0   74
IR     GOES12  20050825  2245    8.89    35.16   237    7.9   73
IR     GOES12  20050825  2245    9.02    34.31   237    6.6   86
IR     GOES12  20050825  2245    9.13    34.16   237    8.4   81
IR     GOES12  20050825  2245    8.91    29.61   162   11.2   95
IR     GOES12  20050825  2245    8.52   108.69   275   13.5   82
IR     GOES12  20050825  2245    8.44   108.12   287   13.1   94
IR     GOES12  20050825  2245    8.44   108.09   312    8.6   94
IR     GOES12  20050825  2245    8.47   107.58   300    8.8   91
IR     GOES12  20050825  2245    8.16   106.76   287   13.3   68
IR     GOES12  20050825  2245    8.38   103.77   412    9.6   95
IR     GOES12  20050825  2245    8.42   103.64   400    9.0   99
IR     GOES12  20050825  2245    8.34   102.95   437    5.1   71
IR     GOES12  20050825  2245    8.09   100.78   187   24.2   62
IR     GOES12  20050825  2245    8.02    97.53   325    8.3   73
IR     GOES12  20050825  2245    8.10    94.63   287   14.3   99
IR     GOES12  20050825  2245    8.21    94.23   312   12.9  104
IR     GOES12  20050825  2245    8.36    93.94   312   12.1  107
IR     GOES12  20050825  2245    8.35    93.73   300   12.9  101
IR     GOES12  20050825  2245    8.15    85.42   200   12.9   73
IR     GOES12  20050825  2245    8.19    85.12   225   11.1   76
IR     GOES12  20050825  2245    8.26    84.34   200    8.5   92
IR     GOES12  20050825  2245    8.26    83.61   162   15.7   74
IR     GOES12  20050825  2245    8.11    83.12   237   13.7   97
IR     GOES12  20050825  2245    7.84    81.60   175   16.2   55
IR     GOES12  20050825  2245    7.91    78.04   175   17.0   62
IR     GOES12  20050825  2245    8.24    77.56   200   17.4   84
IR     GOES12  20050825  2245    8.18    60.42   275   14.9  104
IR     GOES12  20050825  2245    8.18    50.91   275   14.5   84
IR     GOES12  20050825  2245    8.11    50.65   300   12.9   82
IR     GOES12  20050825  2245    8.15    50.41   300   13.6   78
IR     GOES12  20050825  2245    8.35    49.17   175   15.8   81
IR     GOES12  20050825  2245    8.20    48.69   262   17.4   74
IR     GOES12  20050825  2245    8.36    48.50   225   15.8   79
IR     GOES12  20050825  2245    8.56    38.87   200   14.3   62
IR     GOES12  20050825  2245    8.32    37.21   237    9.2   51
IR     GOES12  20050825  2245    8.60    36.23   362    8.2   57
IR     GOES12  20050825  2245    8.42    35.55   262    8.6   56
IR     GOES12  20050825  2245    8.54    35.18   237    9.2   64
IR     GOES12  20050825  2245    8.48    29.70   200   13.3   90
IR     GOES12  20050825  2245    7.53   108.13   312    5.7   89
IR     GOES12  20050825  2245    7.90   107.49   287   12.2   89
IR     GOES12  20050825  2245    7.56   107.02   325   10.2   96
IR     GOES12  20050825  2245    7.74   106.74   312   11.8   83
IR     GOES12  20050825  2245    7.89   103.82   387    9.4   88
IR     GOES12  20050825  2245    7.68    97.88   212   15.8   66
IR     GOES12  20050825  2245    7.83    97.75   250   13.0   74
IR     GOES12  20050825  2245    7.68    97.39   325    8.0   72
IR     GOES12  20050825  2245    7.81    94.77   275   14.0  102
IR     GOES12  20050825  2245    7.39    94.20   275   14.1   90
IR     GOES12  20050825  2245    7.58    93.78   262   15.5   98
IR     GOES12  20050825  2245    7.74    90.24   375    5.3  127
IR     GOES12  20050825  2245    7.73    88.51   237   15.0   83
IR     GOES12  20050825  2245    7.46    86.36   162   24.5   77
IR     GOES12  20050825  2245    7.49    86.30   162   24.3   76
IR     GOES12  20050825  2245    7.64    85.81   137   23.2   78
IR     GOES12  20050825  2245    7.26    84.14   250    6.5  131
IR     GOES12  20050825  2245    7.37    82.54   250    9.9  111
IR     GOES12  20050825  2245    7.63    82.29   225    8.2  121
IR     GOES12  20050825  2245    7.37    81.74   175   16.9   62
IR     GOES12  20050825  2245    7.44    81.42   175   16.7   56
IR     GOES12  20050825  2245    7.48    81.38   175   17.6   57
IR     GOES12  20050825  2245    7.44    81.05   212   12.2   83
IR     GOES12  20050825  2245    7.29    79.98   187   15.4   72
IR     GOES12  20050825  2245    7.32    78.04   175   17.3   53
IR     GOES12  20050825  2245    7.46    44.35   537    9.2   92
IR     GOES12  20050825  2245    7.61    38.70   325    9.7   55
IR     GOES12  20050825  2245    7.69    38.63   325    9.1   50
IR     GOES12  20050825  2245    8.02    36.83   237   11.3   60
IR     GOES12  20050825  2245    7.86    34.72   237    6.8   73
IR     GOES12  20050825  2245    7.91    33.95   325    5.6   68
IR     GOES12  20050825  2245    7.91    33.78   325    5.7   70
IR     GOES12  20050825  2245    8.00    30.36   337    6.7   20
IR     GOES12  20050825  2245    7.85    30.24   350    6.3   19
IR     GOES12  20050825  2245    7.15   108.01   312    6.9   93
IR     GOES12  20050825  2245    7.19   107.77   325    9.4   99
IR     GOES12  20050825  2245    7.00   104.28   362    8.2   67
IR     GOES12  20050825  2245    7.21    99.52   237   19.3   74
IR     GOES12  20050825  2245    7.05    97.84   187   11.1   64
IR     GOES12  20050825  2245    7.24    94.22   275   15.4   88
IR     GOES12  20050825  2245    7.11    83.37   262   12.5  105
IR     GOES12  20050825  2245    7.11    83.31   262   12.4  106
IR     GOES12  20050825  2245    6.82    82.82   250   12.6  108
IR     GOES12  20050825  2245    6.89    82.55   262   12.4  117
IR     GOES12  20050825  2245    7.15    81.67   187   18.6   67
IR     GOES12  20050825  2245    7.18    81.29   162   17.6   55
IR     GOES12  20050825  2245    6.81    80.83   162   17.3   56
IR     GOES12  20050825  2245    6.81    80.49   162   17.7   54
IR     GOES12  20050825  2245    6.81    80.47   162   17.7   54
IR     GOES12  20050825  2245    6.81    80.14   175   16.5   63
IR     GOES12  20050825  2245    6.96    78.80   162   16.7   57
IR     GOES12  20050825  2245    6.77    78.70   162   17.0   56
IR     GOES12  20050825  2245    6.88    78.32   175   19.4   59
IR     GOES12  20050825  2245    6.94    48.32   475    8.6   95
IR     GOES12  20050825  2245    7.28    44.34   537    9.3   91
IR     GOES12  20050825  2245    7.18    37.13   225    7.1   49
IR     GOES12  20050825  2245    7.20    35.60   362    7.4   41
IR     GOES12  20050825  2245    7.14    31.27   362    5.1   77
IR     GOES12  20050825  2245    7.18    31.02   375    6.0   73
IR     GOES12  20050825  2245    7.32    29.59   287    9.8   35
IR     GOES12  20050825  2245    6.57   109.95   462    5.9   37
IR     GOES12  20050825  2245    6.59   108.31   362    5.9   83
IR     GOES12  20050825  2245    6.71   101.07   262   14.2   71
IR     GOES12  20050825  2245    6.70   100.82   250   17.9   73
IR     GOES12  20050825  2245    6.44   100.24   237   14.5   57
IR     GOES12  20050825  2245    6.70   100.07   225   17.3   61
IR     GOES12  20050825  2245    6.76    98.08   237   11.1   65
IR     GOES12  20050825  2245    6.47    95.18   250   15.0   92
IR     GOES12  20050825  2245    6.44    95.11   250   14.9   86
IR     GOES12  20050825  2245    6.66    94.69   250   15.6   92
IR     GOES12  20050825  2245    6.57    92.87   275   15.8   74
IR     GOES12  20050825  2245    6.53    85.16   350    9.3  131
IR     GOES12  20050825  2245    6.42    83.99   187   18.1   74
IR     GOES12  20050825  2245    6.34    83.67   250   12.9  120
IR     GOES12  20050825  2245    6.23    83.55   250   12.6  119
IR     GOES12  20050825  2245    6.56    83.19   275    9.3  105
IR     GOES12  20050825  2245    6.30    82.92   275    9.7  115
IR     GOES12  20050825  2245    6.56    82.54   275   12.6  113
IR     GOES12  20050825  2245    6.30    81.43   175   18.8   55
IR     GOES12  20050825  2245    6.34    81.11   162   22.9   58
IR     GOES12  20050825  2245    6.56    80.78   175   17.5   57
IR     GOES12  20050825  2245    6.59    80.72   175   17.6   56
IR     GOES12  20050825  2245    6.52    78.94   175   16.7   65
IR     GOES12  20050825  2245    6.30    78.53   162   17.9   51
IR     GOES12  20050825  2245    6.52    78.26   175   17.3   52
IR     GOES12  20050825  2245    6.68    51.56   225   20.2  100
IR     GOES12  20050825  2245    6.72    51.47   225   19.0  102
IR     GOES12  20050825  2245    6.67    49.33   450    8.9  109
IR     GOES12  20050825  2245    6.64    48.34   450    8.8   98
IR     GOES12  20050825  2245    6.68    44.24   512    6.3   75
IR     GOES12  20050825  2245    6.68    44.21   525    6.3   77
IR     GOES12  20050825  2245    6.78    38.06   287   12.0   78
IR     GOES12  20050825  2245    6.56    37.35   225   13.2   51
IR     GOES12  20050825  2245    6.64    37.07   212   13.3   50
IR     GOES12  20050825  2245    6.81    36.29   250    5.1   14
IR     GOES12  20050825  2245    6.87    34.57   275    7.1   73
IR     GOES12  20050825  2245    6.72    33.95   275    7.1   36
IR     GOES12  20050825  2245    6.70    32.98   262    7.8   40
IR     GOES12  20050825  2245    6.79    31.73   237    8.4   53
IR     GOES12  20050825  2245    6.61    30.58   275    9.8   30
IR     GOES12  20050825  2245    6.85    30.34   300   11.1   41
IR     GOES12  20050825  2245    6.31   110.27   450    5.1   45
IR     GOES12  20050825  2245    6.11   109.29   325    5.3   79
IR     GOES12  20050825  2245    6.10   108.57   362    5.2   91
IR     GOES12  20050825  2245    5.96   100.99   237   12.5   65
IR     GOES12  20050825  2245    6.00   100.92   175    9.1   67
IR     GOES12  20050825  2245    5.80    99.43   250   14.8   52
IR     GOES12  20050825  2245    5.91    98.96   225   18.9   47
IR     GOES12  20050825  2245    6.20    98.67   250   15.6   50
IR     GOES12  20050825  2245    6.10    94.57   250   14.6   94
IR     GOES12  20050825  2245    5.87    85.36   262   12.5   99
IR     GOES12  20050825  2245    5.80    85.17   287    9.5   98
IR     GOES12  20050825  2245    5.87    83.86   212   14.4   87
IR     GOES12  20050825  2245    6.09    83.75   250   14.1  123
IR     GOES12  20050825  2245    5.75    81.96   225   13.6   77
IR     GOES12  20050825  2245    6.04    80.77   162   21.9   63
IR     GOES12  20050825  2245    5.75    80.54   212   15.4   77
IR     GOES12  20050825  2245    6.04    80.23   175   20.3   63
IR     GOES12  20050825  2245    5.93    79.85   137   19.2   56
IR     GOES12  20050825  2245    5.90    79.69   137   21.0   55
IR     GOES12  20050825  2245    5.75    79.10   150   20.5   54
IR     GOES12  20050825  2245    5.75    79.08   150   20.4   53
IR     GOES12  20050825  2245    6.00    77.98   187   22.2   55
IR     GOES12  20050825  2245    6.10    50.16   375   11.3   81
IR     GOES12  20050825  2245    5.81    49.48   462    9.9   83
IR     GOES12  20050825  2245    5.81    49.41   475    8.9   83
IR     GOES12  20050825  2245    5.81    49.06   487    7.8   80
IR     GOES12  20050825  2245    6.04    48.48   462    8.3   91
IR     GOES12  20050825  2245    6.27    36.96   275   12.9   49
IR     GOES12  20050825  2245    6.27    36.60   275   11.1   42
IR     GOES12  20050825  2245    6.35    36.32   287    6.5   23
IR     GOES12  20050825  2245    6.36    35.14   287    9.7   56
IR     GOES12  20050825  2245    6.26    34.62   275    8.6   50
IR     GOES12  20050825  2245    6.36    32.53   287    8.6   34
IR     GOES12  20050825  2245    6.25    32.11   237    8.3   30
IR     GOES12  20050825  2245    5.95    31.57   237    8.7   28
IR     GOES12  20050825  2245    6.15    30.89   287   11.0   36
IR     GOES12  20050825  2245    6.27    30.63   287    9.6   34
IR     GOES12  20050825  2245    5.73   108.48   362    6.0   54
IR     GOES12  20050825  2245    5.65   107.98   350    7.3   62
IR     GOES12  20050825  2245    5.31   107.49   337    6.2   60
IR     GOES12  20050825  2245    5.41   106.88   337   11.2   66
IR     GOES12  20050825  2245    5.21   105.39   437    5.8   70
IR     GOES12  20050825  2245    5.26   101.37   262   14.5   72
IR     GOES12  20050825  2245    5.44   100.74   225   16.5   53
IR     GOES12  20050825  2245    5.40   100.30   212   20.0   46
IR     GOES12  20050825  2245    5.61    98.94   250   19.2   48
IR     GOES12  20050825  2245    5.32    86.03   262    9.8   68
IR     GOES12  20050825  2245    5.54    85.16   225   11.2   93
IR     GOES12  20050825  2245    5.54    85.05   250    8.1   98
IR     GOES12  20050825  2245    5.53    82.50   337    9.9  117
IR     GOES12  20050825  2245    5.50    82.44   325    9.7  118
IR     GOES12  20050825  2245    5.50    82.13   237   11.0   90
IR     GOES12  20050825  2245    5.13    81.39   162   19.4   59
IR     GOES12  20050825  2245    5.13    81.03   150   24.3   64
IR     GOES12  20050825  2245    5.53    80.77   162   17.1   70
IR     GOES12  20050825  2245    5.38    80.49   150   21.9   58
IR     GOES12  20050825  2245    5.57    80.23   150   22.6   55
IR     GOES12  20050825  2245    5.46    79.95   137   22.8   55
IR     GOES12  20050825  2245    5.49    79.41   137   19.7   53
IR     GOES12  20050825  2245    5.57    78.81   162   20.2   48
IR     GOES12  20050825  2245    5.38    78.54   162   20.1   54
IR     GOES12  20050825  2245    5.05    78.37   137   22.2   48
IR     GOES12  20050825  2245    5.65    50.33   362   10.8   90
IR     GOES12  20050825  2245    5.37    48.97   487    9.1   81
IR     GOES12  20050825  2245    5.10   109.32   337   10.0   63
IR     GOES12  20050825  2245    5.00   107.01   325   12.2   68
IR     GOES12  20050825  2245    4.70   106.59   337   10.8   58
IR     GOES12  20050825  2245    4.62   106.35   325   10.3   52
IR     GOES12  20050825  2245    4.65   105.59   437    5.6   75
IR     GOES12  20050825  2245    4.70   101.29   287   15.5   54
IR     GOES12  20050825  2245    5.03   100.92   250   15.7   70
IR     GOES12  20050825  2245    5.00    87.41   287    8.7   75
IR     GOES12  20050825  2245    4.85    85.95   250   12.9   65
IR     GOES12  20050825  2245    4.95    81.16   162   22.7   65
IR     GOES12  20050825  2245    4.95    81.12   162   23.1   64
IR     GOES12  20050825  2245    4.62    80.17   137   22.2   55
IR     GOES12  20050825  2245    4.91    79.18   137   21.2   48
IR     GOES12  20050825  2245    4.62    77.79   237   13.1   85
IR     GOES12  20050825  2245    4.65    77.73   250    9.7   88
IR     GOES12  20050825  2245    5.00    34.85   312    8.2   69
IR     GOES12  20050825  2245    5.21    32.27   300   15.3   31
IR     GOES12  20050825  2245    4.16   109.47   312   10.8   51
IR     GOES12  20050825  2245    4.15   108.84   337    7.4   45
IR     GOES12  20050825  2245    4.08   108.58   325    8.0   44
IR     GOES12  20050825  2245    4.22   106.97   325    7.7   32
IR     GOES12  20050825  2245    4.17   106.33   325    9.0   48
IR     GOES12  20050825  2245    4.17   106.30   312    9.1   49
IR     GOES12  20050825  2245    4.32   105.62   337   12.2   36
IR     GOES12  20050825  2245    4.06   105.45   325   12.2   51
IR     GOES12  20050825  2245    4.13   105.07   350   11.3   54
IR     GOES12  20050825  2245    4.48   102.05   262   16.8   60
IR     GOES12  20050825  2245    4.42    88.08   312    8.7   73
IR     GOES12  20050825  2245    4.38    87.01   250   11.1   86
IR     GOES12  20050825  2245    4.08    86.09   225   21.2   61
IR     GOES12  20050825  2245    4.05    86.02   212   23.5   62
IR     GOES12  20050825  2245    4.01    85.64   262   18.7   74
IR     GOES12  20050825  2245    4.15    84.82   237   11.2   72
IR     GOES12  20050825  2245    4.26    84.65   225   14.9   68
IR     GOES12  20050825  2245    4.33    84.00   337    5.4   63
IR     GOES12  20050825  2245    4.29    82.13   287    9.6  103
IR     GOES12  20050825  2245    4.40    78.08   200   15.1   84
IR     GOES12  20050825  2245    4.07    77.85   187   17.7   70
IR     GOES12  20050825  2245    4.19    41.63   868    5.9  136
IR     GOES12  20050825  2245    4.27    41.16   868    5.5  145
IR     GOES12  20050825  2245    4.46    40.90   868    5.5  145
IR     GOES12  20050825  2245    4.53    40.50   868    6.3  147
IR     GOES12  20050825  2245    4.44    37.69   350   13.1   59
IR     GOES12  20050825  2245    4.48    37.54   350   12.4   57
IR     GOES12  20050825  2245    4.60    32.73   325    9.4   37
IR     GOES12  20050825  2245    4.05   110.14   550    7.5   43
IR     GOES12  20050825  2245    3.97   109.41   312   10.8   54
IR     GOES12  20050825  2245    4.04   108.64   325    8.0   45
IR     GOES12  20050825  2245    3.80   106.52   300    9.4   50
IR     GOES12  20050825  2245    3.80   106.46   300   12.3   59
IR     GOES12  20050825  2245    3.76   105.36   312   12.2   52
IR     GOES12  20050825  2245    3.53   105.01   300   12.6   48
IR     GOES12  20050825  2245    3.75   104.79   337    8.7   55
IR     GOES12  20050825  2245    4.01   104.08   337    9.0   76
IR     GOES12  20050825  2245    3.43    88.93   793    7.0   25
IR     GOES12  20050825  2245    3.79    87.21   262   22.1   72
IR     GOES12  20050825  2245    3.50    86.78   262   17.3   78
IR     GOES12  20050825  2245    3.50    85.46   287   19.3   63
IR     GOES12  20050825  2245    3.53    85.40   287   19.3   64
IR     GOES12  20050825  2245    3.71    85.09   300   18.3   66
IR     GOES12  20050825  2245    3.60    83.65   262   14.1   68
IR     GOES12  20050825  2245    3.93    81.77   212   11.4   85
IR     GOES12  20050825  2245    3.67    77.68   212   13.3   84
IR     GOES12  20050825  2245    3.92    42.05   906    5.4  126
IR     GOES12  20050825  2245    3.98    39.81   887    5.9  139
IR     GOES12  20050825  2245    3.80    38.47   850    6.7  143
IR     GOES12  20050825  2245    3.69    38.04   850    6.7  149
IR     GOES12  20050825  2245    3.55    35.61   525    9.0   22
IR     GOES12  20050825  2245    3.62    31.23   475    5.0   44
IR     GOES12  20050825  2245    3.11   110.15   537    9.0   41
IR     GOES12  20050825  2245    3.40   107.76   187    7.4   39
IR     GOES12  20050825  2245    3.02   107.23   275   11.4   50
IR     GOES12  20050825  2245    3.20   106.23   312   10.8   45
IR     GOES12  20050825  2245    3.35   105.86   300   11.9   43
IR     GOES12  20050825  2245    3.05   105.56   237   15.5   51
IR     GOES12  20050825  2245    3.16   105.15   300   11.5   54
IR     GOES12  20050825  2245    3.21    99.06   350    5.4   70
IR     GOES12  20050825  2245    3.10    86.31   237   21.4   64
IR     GOES12  20050825  2245    2.99    86.14   237   22.0   66
IR     GOES12  20050825  2245    3.24    85.78   250   22.8   65
IR     GOES12  20050825  2245    3.02    84.63   325   13.7   64
IR     GOES12  20050825  2245    2.98    84.25   150   17.4   58
IR     GOES12  20050825  2245    2.98    83.77   212   20.8   64
IR     GOES12  20050825  2245    2.98    83.73   212   19.0   65
IR     GOES12  20050825  2245    3.16    77.93   362   12.1  109
IR     GOES12  20050825  2245    3.01    77.66   250   21.0   82
IR     GOES12  20050825  2245    3.32    42.79   887    6.2  123
IR     GOES12  20050825  2245    3.36    36.78   537    9.2   36
IR     GOES12  20050825  2245    3.48    35.31   512   11.3   23
IR     GOES12  20050825  2245    3.44    34.81   512    9.5   18
IR     GOES12  20050825  2245    3.54    31.17   475    5.4   46
IR     GOES12  20050825  2245    3.55    30.96   462    6.2   77
IR     GOES12  20050825  2245    2.51   108.67   312    8.3   33
IR     GOES12  20050825  2245    2.51   108.62   325    8.4   34
IR     GOES12  20050825  2245    2.54   107.96   300    9.5   47
IR     GOES12  20050825  2245    2.84   107.52   287   12.9   49
IR     GOES12  20050825  2245    2.53   106.68   262   15.2   45
IR     GOES12  20050825  2245    2.79   105.89   287   14.0   41
IR     GOES12  20050825  2245    2.83   105.84   275   15.2   41
IR     GOES12  20050825  2245    2.60   104.74   300    8.8   43
IR     GOES12  20050825  2245    2.56   104.41   300    9.6   54
IR     GOES12  20050825  2245    2.67   104.21   275   15.1   42
IR     GOES12  20050825  2245    2.56   103.19   287   15.0   28
IR     GOES12  20050825  2245    2.63   103.04   237   15.6   31
IR     GOES12  20050825  2245    2.75    95.09   831    6.0   31
IR     GOES12  20050825  2245    2.45    89.24   793    9.3   27
IR     GOES12  20050825  2245    2.84    86.43   237   21.0   63
IR     GOES12  20050825  2245    2.51    84.67   150   20.5   63
IR     GOES12  20050825  2245    2.51    84.52   150   21.5   64
IR     GOES12  20050825  2245    2.77    84.08   150   20.0   64
IR     GOES12  20050825  2245    2.77    83.98   150   21.7   63
IR     GOES12  20050825  2245    2.51    83.29   250   22.0   68
IR     GOES12  20050825  2245    2.69    81.99   325   13.0   94
IR     GOES12  20050825  2245    2.65    81.45   325   13.2   94
IR     GOES12  20050825  2245    2.36    78.57   162   20.9   77
IR     GOES12  20050825  2245    2.57    36.07   325   13.4   24
IR     GOES12  20050825  2245    2.13   109.13   262   17.3   54
IR     GOES12  20050825  2245    2.35   108.04   287   13.8   46
IR     GOES12  20050825  2245    1.98   107.51   250   22.4   50
IR     GOES12  20050825  2245    1.98   107.17   250   22.8   48
IR     GOES12  20050825  2245    1.98   106.71   250   18.0   47
IR     GOES12  20050825  2245    2.27   106.59   250   17.9   45
IR     GOES12  20050825  2245    1.97   105.27   187    9.6   34
IR     GOES12  20050825  2245    2.08   104.96   287   11.3   41
IR     GOES12  20050825  2245    2.12   104.45   275   12.5   42
IR     GOES12  20050825  2245    2.15   104.30   300   12.8   40
IR     GOES12  20050825  2245    1.86   103.78   200   16.4   26
IR     GOES12  20050825  2245    2.04   103.23   275   15.4   21
IR     GOES12  20050825  2245    2.04   103.03   287   15.8   24
IR     GOES12  20050825  2245    1.95    95.37   850    5.8   38
IR     GOES12  20050825  2245    2.30    89.21   793    8.3   30
IR     GOES12  20050825  2245    2.18    84.71   162   20.9   63
IR     GOES12  20050825  2245    2.25    81.82   262   18.7   75
IR     GOES12  20050825  2245    2.29    81.61   262   17.1   76
IR     GOES12  20050825  2245    2.25    79.14   175   25.8   84
IR     GOES12  20050825  2245    1.96    78.61   187   19.9   81
IR     GOES12  20050825  2245    2.32    31.92   262   14.6   28
IR     GOES12  20050825  2245    1.57   108.67   287   14.8   55
IR     GOES12  20050825  2245    1.65   108.57   300   15.5   55
IR     GOES12  20050825  2245    1.64   107.86   250   22.2   51
IR     GOES12  20050825  2245    1.68   107.80   262   20.3   51
IR     GOES12  20050825  2245    1.72   107.24   250   23.7   51
IR     GOES12  20050825  2245    1.64   106.86   250   20.0   48
IR     GOES12  20050825  2245    1.53   105.57   250   18.2   47
IR     GOES12  20050825  2245    1.45   105.28   225   14.3   43
IR     GOES12  20050825  2245    1.60   104.44   237   15.4   32
IR     GOES12  20050825  2245    1.37   104.10   225   15.1   26
IR     GOES12  20050825  2245    1.45   103.90   237   15.9   24
IR     GOES12  20050825  2245    1.74   103.25   175   14.6   17
IR     GOES12  20050825  2245    1.37   103.04   187   18.8   19
IR     GOES12  20050825  2245    1.36    95.73   812    6.7   52
IR     GOES12  20050825  2245    1.64    89.10   812    6.5   36
IR     GOES12  20050825  2245    1.75    81.78   162   20.4   70
IR     GOES12  20050825  2245    0.93   107.44   262   18.1   54
IR     GOES12  20050825  2245    1.05   107.15   262   19.6   55
IR     GOES12  20050825  2245    0.82   105.74   300   11.0   42
IR     GOES12  20050825  2245    0.82   105.53   287   11.2   37
IR     GOES12  20050825  2245    1.23   105.10   275    9.2   50
IR     GOES12  20050825  2245    0.93   104.58   212   17.6   29
IR     GOES12  20050825  2245    0.86   104.37   250   18.6   34
IR     GOES12  20050825  2245    1.19   103.87   225   16.6   23
IR     GOES12  20050825  2245    1.19   103.11   187   19.7   14
IR     GOES12  20050825  2245    0.85   102.73   287   14.8   29
IR     GOES12  20050825  2245    0.89    97.76   831    5.2   72
IR     GOES12  20050825  2245    0.76    34.06   562    9.5   96
IR     GOES12  20050825  2245    1.07    31.67   812    7.6  126
IR     GOES12  20050825  2245    0.53   108.85   262   21.4   54
IR     GOES12  20050825  2245    0.41   108.27   250   20.6   52
IR     GOES12  20050825  2245    0.60   108.00   250   17.1   53
IR     GOES12  20050825  2245    0.56   107.68   262   14.8   62
IR     GOES12  20050825  2245    0.30   106.69   287   12.4   50
IR     GOES12  20050825  2245    0.41   106.61   287   12.4   52
IR     GOES12  20050825  2245    0.60   105.92   275   11.1   49
IR     GOES12  20050825  2245    0.19   105.69   225   12.7   40
IR     GOES12  20050825  2245    0.63   105.38   262   12.4   39
IR     GOES12  20050825  2245    0.60   104.78   237   16.8   29
IR     GOES12  20050825  2245    0.60   104.68   237   17.1   27
IR     GOES12  20050825  2245    0.44    78.36   325   16.8   77
IR     GOES12  20050825  2245    0.65    34.19   550    8.8   96
IR     GOES12  20050825  2245    0.50    32.94   793    8.1  120
IR     GOES12  20050825  2245    0.65    31.44   831    8.9  125
IR     GOES12  20050825  2245    0.00   108.82   250   22.8   53
IR     GOES12  20050825  2245    0.00   106.37   287   12.6   51
IR     GOES12  20050825  2245    0.04   106.21   300   12.3   48
IR     GOES12  20050825  2245    0.11   104.83   262   14.5   39
WV     GOES12  20050825  2245   10.96   108.39   187   19.3   50
WV     GOES12  20050825  2245   10.96   106.39   212   11.7   41
WV     GOES12  20050825  2245   10.94   105.11   187   20.4   34
WV     GOES12  20050825  2245   10.82    97.00   237   19.2   56
WV     GOES12  20050825  2245   10.78    96.43   225   18.0   66
WV     GOES12  20050825  2245   10.85    95.85   175   16.7   69
WV     GOES12  20050825  2245   10.84    95.39   175   14.9   72
WV     GOES12  20050825  2245   10.95    95.21   175   13.6   76
WV     GOES12  20050825  2245   10.66    92.26   187   11.4  113
WV     GOES12  20050825  2245   10.81    92.09   187   11.9  114
WV     GOES12  20050825  2245   10.88    87.85   150   22.8   82
WV     GOES12  20050825  2245   10.99    87.29   175   19.7   76
WV     GOES12  20050825  2245   10.77    81.96   275    7.9   85
WV     GOES12  20050825  2245   10.76    79.46   275    7.6  103
WV     GOES12  20050825  2245   10.76    79.42   287    7.6  100
WV     GOES12  20050825  2245   10.87    77.88   200    6.5   77
WV     GOES12  20050825  2245   10.61    77.63   200    6.5   57
WV     GOES12  20050825  2245   10.72    77.02   162   12.7   47
WV     GOES12  20050825  2245   10.95    76.58   162   12.5   42
WV     GOES12  20050825  2245   10.72    75.74   137   16.1   34
WV     GOES12  20050825  2245   10.83    75.57   137   15.7   32
WV     GOES12  20050825  2245   10.76    74.75   162   19.3   63
WV     GOES12  20050825  2245   10.91    74.62   137   18.7   62
WV     GOES12  20050825  2245   10.78    65.99   137   16.6   51
WV     GOES12  20050825  2245   10.97    65.77   162   17.3   50
WV     GOES12  20050825  2245   10.64    65.31   187   15.5   53
WV     GOES12  20050825  2245   10.83    65.02   175   14.4   46
WV     GOES12  20050825  2245   10.72    63.79   325    9.5   58
WV     GOES12  20050825  2245   10.95    62.89   325    7.8   69
WV     GOES12  20050825  2245   10.73    62.31   187   14.0   49
WV     GOES12  20050825  2245   10.72    59.29   212    7.3  113
WV     GOES12  20050825  2245   10.76    59.15   200    8.9  105
WV     GOES12  20050825  2245   10.91    54.84   212    9.3  108
WV     GOES12  20050825  2245   10.95    54.56   212   11.5  103
WV     GOES12  20050825  2245   10.93    53.27   175    9.4  101
WV     GOES12  20050825  2245   10.90    52.99   175    8.9  108
WV     GOES12  20050825  2245   10.92    51.07   237    8.8  102
WV     GOES12  20050825  2245   11.00    48.35   175    5.8  113
WV     GOES12  20050825  2245   10.94    45.10   275    5.4   83
WV     GOES12  20050825  2245   10.99    41.86   325   13.6   87
WV     GOES12  20050825  2245   10.50   110.38   200   23.7   60
WV     GOES12  20050825  2245   10.53   110.04   200   23.4   61
WV     GOES12  20050825  2245   10.48   109.58   200   24.1   58
WV     GOES12  20050825  2245   10.78   109.26   200   23.4   60
WV     GOES12  20050825  2245   10.78   108.95   187   22.1   59
WV     GOES12  20050825  2245   10.50   108.40   187   23.4   54
WV     GOES12  20050825  2245   10.57   108.00   175   23.2   44
WV     GOES12  20050825  2245   10.41   107.67   175   21.8   45
WV     GOES12  20050825  2245   10.65   105.94   200   21.9   34
WV     GOES12  20050825  2245   10.37   105.40   212   24.5   28
WV     GOES12  20050825  2245   10.37   105.01   200   24.1   28
WV     GOES12  20050825  2245   10.70   104.66   200   23.1   30
WV     GOES12  20050825  2245   10.55   104.25   200   23.4   30
WV     GOES12  20050825  2245   10.70   104.14   200   20.6   32
WV     GOES12  20050825  2245   10.77   103.68   212   18.1   46
WV     GOES12  20050825  2245   10.68   103.15   187   26.8   30
WV     GOES12  20050825  2245   10.29   102.65   300   17.3   64
WV     GOES12  20050825  2245   10.52   102.52   262   16.4   69
WV     GOES12  20050825  2245   10.44   102.01   250   14.3   69
WV     GOES12  20050825  2245   10.59   101.85   262   11.1   81
WV     GOES12  20050825  2245   10.72   100.97   287   14.9   70
WV     GOES12  20050825  2245   10.45   100.17   287   17.3   70
WV     GOES12  20050825  2245   10.26    99.91   262   13.9   86
WV     GOES12  20050825  2245   10.40    99.53   300   17.8   62
WV     GOES12  20050825  2245   10.45    97.18   250   17.7   55
WV     GOES12  20050825  2245   10.67    96.94   250   20.9   58
WV     GOES12  20050825  2245   10.25    96.43   200   20.3   60
WV     GOES12  20050825  2245   10.32    96.11   200   20.2   68
WV     GOES12  20050825  2245   10.59    96.02   187   18.8   69
WV     GOES12  20050825  2245   10.62    95.67   175   16.6   72
WV     GOES12  20050825  2245   10.20    95.15   137   14.2   79
WV     GOES12  20050825  2245   10.62    92.37   187   11.5  101
WV     GOES12  20050825  2245   10.62    92.21   187   12.0  103
WV     GOES12  20050825  2245   10.13    87.77   162   22.3   87
WV     GOES12  20050825  2245   10.32    87.54   162   21.0   84
WV     GOES12  20050825  2245   10.35    86.97   162   24.2   80
WV     GOES12  20050825  2245   10.39    86.65   150   23.8   75
WV     GOES12  20050825  2245   10.20    86.34   150   21.2   69
WV     GOES12  20050825  2245   10.17    79.83   275    8.2   96
WV     GOES12  20050825  2245   10.50    79.54   325    8.8  111
WV     GOES12  20050825  2245   10.20    78.72   175   12.2   64
WV     GOES12  20050825  2245   10.20    77.39   162    9.0   43
WV     GOES12  20050825  2245   10.13    77.31   150   11.7   48
WV     GOES12  20050825  2245   10.42    76.85   150   13.1   41
WV     GOES12  20050825  2245   10.16    76.68   150   12.9   39
WV     GOES12  20050825  2245   10.20    76.38   150   14.5   31
WV     GOES12  20050825  2245   10.20    75.99   150   15.5   40
WV     GOES12  20050825  2245   10.50    75.59   137   16.3   33
WV     GOES12  20050825  2245   10.50    75.44   137   16.1   33
WV     GOES12  20050825  2245   10.16    74.98   150   16.0   52
WV     GOES12  20050825  2245   10.09    74.56   150   17.7   53
WV     GOES12  20050825  2245   10.09    74.31   137   18.3   57
WV     GOES12  20050825  2245   10.05    74.18   137   18.1   55
WV     GOES12  20050825  2245   10.56    66.04   137   15.8   55
WV     GOES12  20050825  2245   10.08    64.79   187   12.2   50
WV     GOES12  20050825  2245   10.38    63.98   262    9.9   59
WV     GOES12  20050825  2245   10.13    63.49   250   13.2   64
WV     GOES12  20050825  2245   10.20    62.75   200   11.0   69
WV     GOES12  20050825  2245   10.20    62.73   200   11.9   68
WV     GOES12  20050825  2245   10.39    62.31   200   12.7   56
WV     GOES12  20050825  2245   10.10    61.91   187    6.2   74
WV     GOES12  20050825  2245   10.41    60.17   337    7.9   87
WV     GOES12  20050825  2245   10.23    59.81   237    9.7   93
WV     GOES12  20050825  2245   10.58    54.68   212   11.1  105
WV     GOES12  20050825  2245   10.58    54.47   212   11.4  106
WV     GOES12  20050825  2245   10.52    53.38   275    8.5  102
WV     GOES12  20050825  2245   10.37    53.11   300    6.9   81
WV     GOES12  20050825  2245   10.60    52.61   262    8.4   98
WV     GOES12  20050825  2245   10.38    52.37   275    7.0   86
WV     GOES12  20050825  2245   10.59    50.40   262    5.0   93
WV     GOES12  20050825  2245   10.65    48.67   175    9.5   87
WV     GOES12  20050825  2245   10.51    48.33   175    8.8   89
WV     GOES12  20050825  2245   10.51    45.58   250    5.3   87
WV     GOES12  20050825  2245   10.60    44.43   162   12.0   58
WV     GOES12  20050825  2245   10.57    43.99   150   11.8   48
WV     GOES12  20050825  2245   10.77    43.56   150   11.6   40
WV     GOES12  20050825  2245   10.39    43.45   200   11.5   41
WV     GOES12  20050825  2245   10.74    42.99   162   11.2   46
WV     GOES12  20050825  2245   10.51    38.95   162   12.8   82
WV     GOES12  20050825  2245   10.71    38.65   150   13.1   77
WV     GOES12  20050825  2245   10.83    38.30   137   11.0  106
WV     GOES12  20050825  2245   10.93    37.05   162    7.7   92
WV     GOES12  20050825  2245   10.82    36.86   175    8.1   95
WV     GOES12  20050825  2245   10.58    35.17   337   12.3   85
WV     GOES12  20050825  2245   10.56    34.28   375    9.5   67
WV     GOES12  20050825  2245   10.85    31.86   300   13.0   81
WV     GOES12  20050825  2245   10.58    31.65   300   13.0   82
WV     GOES12  20050825  2245   10.99    30.68   325   12.6   67
WV     GOES12  20050825  2245   10.95    30.58   325   12.4   72
WV     GOES12  20050825  2245    9.97   110.76   187   24.5   61
WV     GOES12  20050825  2245    9.96   110.15   200   26.8   62
WV     GOES12  20050825  2245   10.10   109.69   187   25.0   58
WV     GOES12  20050825  2245   10.28   109.10   200   23.5   58
WV     GOES12  20050825  2245   10.27   108.45   175   23.7   56
WV     GOES12  20050825  2245    9.96   108.21   162   23.7   54
WV     GOES12  20050825  2245   10.15   107.91   175   22.5   46
WV     GOES12  20050825  2245    9.81   105.57   212   26.4   32
WV     GOES12  20050825  2245    9.84   105.28   212   26.3   32
WV     GOES12  20050825  2245   10.14   105.00   200   24.4   28
WV     GOES12  20050825  2245   10.13   104.43   212   23.4   32
WV     GOES12  20050825  2245    9.84   102.75   262   17.6   57
WV     GOES12  20050825  2245   10.03   102.64   287   17.4   58
WV     GOES12  20050825  2245    9.74   100.49   287   17.4   64
WV     GOES12  20050825  2245    9.84   100.13   275   17.6   62
WV     GOES12  20050825  2245    9.90    98.25   387    5.8  100
WV     GOES12  20050825  2245    9.97    97.88   237   19.1   58
WV     GOES12  20050825  2245   10.11    97.48   250   19.5   55
WV     GOES12  20050825  2245    9.85    97.20   187   18.1   59
WV     GOES12  20050825  2245   10.07    96.63   200   21.3   58
WV     GOES12  20050825  2245   10.10    96.37   200   20.4   60
WV     GOES12  20050825  2245    9.91    95.94   212   19.5   69
WV     GOES12  20050825  2245    9.79    95.53   212   13.8   80
WV     GOES12  20050825  2245    9.79    95.23   137   15.0   90
WV     GOES12  20050825  2245   10.02    92.60   187   11.1  100
WV     GOES12  20050825  2245    9.98    87.85   162   22.6   87
WV     GOES12  20050825  2245    9.61    87.61   162   24.6   82
WV     GOES12  20050825  2245    9.98    87.26   162   21.6   91
WV     GOES12  20050825  2245    9.98    86.48   162   19.2   75
WV     GOES12  20050825  2245    9.98    86.39   162   18.9   76
WV     GOES12  20050825  2245    9.60    85.94   162   20.6   82
WV     GOES12  20050825  2245    9.73    82.76   275   14.9   98
WV     GOES12  20050825  2245    9.88    82.51   300   11.6  104
WV     GOES12  20050825  2245    9.92    81.81   300   14.9   78
WV     GOES12  20050825  2245    9.62    81.04   312   10.1   67
WV     GOES12  20050825  2245    9.87    80.40   275    7.7  101
WV     GOES12  20050825  2245    9.95    79.85   275    8.6   99
WV     GOES12  20050825  2245    9.95    79.68   275    9.0  102
WV     GOES12  20050825  2245    9.83    78.86   175   11.1   69
WV     GOES12  20050825  2245    9.94    78.73   175   11.0   71
WV     GOES12  20050825  2245    9.61    77.32   150   11.7   51
WV     GOES12  20050825  2245    9.76    77.16   150   12.9   46
WV     GOES12  20050825  2245    9.53    76.61   150   15.0   30
WV     GOES12  20050825  2245    9.94    76.45   150   14.5   31
WV     GOES12  20050825  2245    9.90    76.11   150   15.2   32
WV     GOES12  20050825  2245    9.90    75.84   150   15.1   34
WV     GOES12  20050825  2245    9.94    75.42   150   17.5   31
WV     GOES12  20050825  2245    9.60    64.83   187   14.2   54
WV     GOES12  20050825  2245    9.67    64.40   200   13.5   68
WV     GOES12  20050825  2245    9.80    61.90   325   10.4   70
WV     GOES12  20050825  2245    9.80    61.35   287   11.1   76
WV     GOES12  20050825  2245    9.70    60.88   337   12.9   84
WV     GOES12  20050825  2245    9.74    60.01   237   14.4   81
WV     GOES12  20050825  2245    9.74    59.79   237   14.3   83
WV     GOES12  20050825  2245    9.74    59.62   237   11.3   91
WV     GOES12  20050825  2245    9.82    54.79   187   18.4  103
WV     GOES12  20050825  2245    9.86    54.48   212   14.3  106
WV     GOES12  20050825  2245    9.87    53.97   250   11.0  105
WV     GOES12  20050825  2245    9.73    53.21   212   16.1  100
WV     GOES12  20050825  2245    9.73    53.14   212   15.9  100
WV     GOES12  20050825  2245   10.03    52.76   275    9.1   92
WV     GOES12  20050825  2245   10.16    48.47   262    9.6   93
WV     GOES12  20050825  2245   10.05    48.38   250    9.5   99
WV     GOES12  20050825  2245    9.96    46.88   275    5.1   79
WV     GOES12  20050825  2245    9.93    46.27   225    8.2   74
WV     GOES12  20050825  2245    9.90    45.86   212    9.3   67
WV     GOES12  20050825  2245   10.21    45.64   237    7.0   79
WV     GOES12  20050825  2245   10.14    45.21   225   10.9   64
WV     GOES12  20050825  2245   10.14    44.84   150   11.0   57
WV     GOES12  20050825  2245    9.77    44.52   150   13.0   46
WV     GOES12  20050825  2245   10.12    44.07   200   14.4   43
WV     GOES12  20050825  2245   10.20    43.50   212   12.2   40
WV     GOES12  20050825  2245   10.21    42.85   225   12.0   53
WV     GOES12  20050825  2245    9.87    42.54   350   12.9   61
WV     GOES12  20050825  2245   10.04    39.69   300   12.5   79
WV     GOES12  20050825  2245   10.09    38.64   150    9.9   77
WV     GOES12  20050825  2245   10.32    36.80   187    8.0   83
WV     GOES12  20050825  2245   10.29    36.22   175    6.6   80
WV     GOES12  20050825  2245   10.10    35.98   212    8.3   62
WV     GOES12  20050825  2245   10.20    35.15   262    5.8   91
WV     GOES12  20050825  2245   10.12    35.04   262    5.8   90
WV     GOES12  20050825  2245    9.98    34.43   275    6.5   82
WV     GOES12  20050825  2245   10.07    31.93   300   12.6   78
WV     GOES12  20050825  2245   10.43    31.40   300   13.1   81
WV     GOES12  20050825  2245   10.45    30.24   325   10.9   70
WV     GOES12  20050825  2245    9.66   110.63   187   23.8   65
WV     GOES12  20050825  2245    9.69   110.06   200   27.6   60
WV     GOES12  20050825  2245    9.67   109.15   200   25.7   58
WV     GOES12  20050825  2245    9.60   107.28   250   16.2   87
WV     GOES12  20050825  2245    9.65   105.57   212   26.5   33
WV     GOES12  20050825  2245    9.52   103.76   200   27.0   33
WV     GOES12  20050825  2245    9.47   103.11   325   15.4   64
WV     GOES12  20050825  2245    9.22   101.16   325   11.7   73
WV     GOES12  20050825  2245    9.47   100.49   300   18.7   63
WV     GOES12  20050825  2245    9.55   100.42   300   18.8   63
WV     GOES12  20050825  2245    9.28    99.76   287   22.6   52
WV     GOES12  20050825  2245    9.08    99.43   212   24.2   52
WV     GOES12  20050825  2245    9.08    99.02   212   22.1   58
WV     GOES12  20050825  2245    9.53    98.82   212   23.2   56
WV     GOES12  20050825  2245    9.11    98.35   212   20.2   60
WV     GOES12  20050825  2245    9.33    98.08   212   21.4   70
WV     GOES12  20050825  2245    9.18    97.69   200   19.3   51
WV     GOES12  20050825  2245    9.28    97.06   187   17.0   63
WV     GOES12  20050825  2245    9.47    96.84   200   20.8   57
WV     GOES12  20050825  2245    9.12    96.16   200   14.9   76
WV     GOES12  20050825  2245    9.20    96.07   187   12.9   80
WV     GOES12  20050825  2245    9.30    95.47   162   13.8   90
WV     GOES12  20050825  2245    9.38    95.29   137   13.6   91
WV     GOES12  20050825  2245    9.41    95.02   137   11.7   99
WV     GOES12  20050825  2245    9.45    94.74   150   11.0  101
WV     GOES12  20050825  2245    9.50    92.27   325   11.4  120
WV     GOES12  20050825  2245    9.46    91.95   325   11.1  113
WV     GOES12  20050825  2245    8.96    90.12   200   17.5   82
WV     GOES12  20050825  2245    9.39    88.56   162   23.8   89
WV     GOES12  20050825  2245    9.39    88.36   162   22.5   86
WV     GOES12  20050825  2245    9.39    87.88   162   22.9   78
WV     GOES12  20050825  2245    9.39    87.45   200   26.0   85
WV     GOES12  20050825  2245    9.42    87.36   200   26.6   86
WV     GOES12  20050825  2245    9.38    86.80   187   17.1   75
WV     GOES12  20050825  2245    9.38    86.45   175   23.8   81
WV     GOES12  20050825  2245    9.01    86.12   162   25.6   80
WV     GOES12  20050825  2245    9.01    86.07   162   25.7   81
WV     GOES12  20050825  2245    9.24    80.47   287    6.7   82
WV     GOES12  20050825  2245    9.02    79.33   187    9.7   86
WV     GOES12  20050825  2245    9.24    78.64   175   14.0   73
WV     GOES12  20050825  2245    9.05    78.20   175   15.3   59
WV     GOES12  20050825  2245    9.28    77.72   175    9.4   65
WV     GOES12  20050825  2245    9.16    77.34   187   13.0   52
WV     GOES12  20050825  2245    9.35    77.18   187   12.3   51
WV     GOES12  20050825  2245    8.98    76.78   137   16.8   34
WV     GOES12  20050825  2245    9.35    76.44   137   16.0   34
WV     GOES12  20050825  2245    9.27    76.00   150   17.0   40
WV     GOES12  20050825  2245    9.13    75.94   162   18.8   40
WV     GOES12  20050825  2245    9.27    75.50   150   18.8   38
WV     GOES12  20050825  2245    9.38    75.27   150   18.5   35
WV     GOES12  20050825  2245    9.15    64.80   137   15.5   52
WV     GOES12  20050825  2245    9.41    64.39   200   14.2   69
WV     GOES12  20050825  2245    9.35    61.94   275   11.9   69
WV     GOES12  20050825  2245    9.43    61.35   262   11.2   74
WV     GOES12  20050825  2245    9.43    60.87   287   13.7   88
WV     GOES12  20050825  2245    9.37    55.19   200   19.2  103
WV     GOES12  20050825  2245    9.26    54.85   187   17.1  105
WV     GOES12  20050825  2245    9.23    54.16   200   19.2  105
WV     GOES12  20050825  2245    9.47    53.23   212   16.3  102
WV     GOES12  20050825  2245    9.47    53.11   212   17.1  102
WV     GOES12  20050825  2245    9.29    51.92   212   17.6  100
WV     GOES12  20050825  2245    9.41    51.74   212   16.6   95
WV     GOES12  20050825  2245    9.49    51.31   250   12.7   99
WV     GOES12  20050825  2245    9.53    47.81   262   11.4   96
WV     GOES12  20050825  2245    9.16    47.68   262    9.1   85
WV     GOES12  20050825  2245    9.16    47.04   162   15.4   71
WV     GOES12  20050825  2245    9.32    46.75   162   14.8   70
WV     GOES12  20050825  2245    9.40    46.38   150   12.8   69
WV     GOES12  20050825  2245    9.25    46.09   162   14.2   69
WV     GOES12  20050825  2245    9.11    45.54   187   14.6   51
WV     GOES12  20050825  2245    9.22    45.42   150   15.0   50
WV     GOES12  20050825  2245    9.50    44.87   150   11.5   42
WV     GOES12  20050825  2245    9.39    44.30   200   15.2   48
WV     GOES12  20050825  2245    9.35    44.22   200   15.3   48
WV     GOES12  20050825  2245    9.68    42.81   337   14.9   67
WV     GOES12  20050825  2245    9.56    40.67   325   12.2   86
WV     GOES12  20050825  2245    9.56    40.47   337    8.5   87
WV     GOES12  20050825  2245    9.31    39.77   300   10.5   94
WV     GOES12  20050825  2245    9.40    38.77   175   11.7   73
WV     GOES12  20050825  2245    9.22    38.33   187    7.5   44
WV     GOES12  20050825  2245    9.63    36.65   175    8.9   66
WV     GOES12  20050825  2245    9.67    36.24   175    7.9   65
WV     GOES12  20050825  2245    9.72    35.99   212   11.7   67
WV     GOES12  20050825  2245    9.38    35.39   262    8.2   66
WV     GOES12  20050825  2245    9.70    35.08   275    8.0   66
WV     GOES12  20050825  2245    9.75    34.47   275    6.6   79
WV     GOES12  20050825  2245    9.77    33.23   362   10.1   78
WV     GOES12  20050825  2245    9.81    33.09   300   11.2   79
WV     GOES12  20050825  2245    9.75    32.23   275    8.0   64
WV     GOES12  20050825  2245    9.88    31.80   212   12.2   82
WV     GOES12  20050825  2245    9.53    31.53   212   13.7   74
WV     GOES12  20050825  2245    8.97   107.83   262   13.1   63
WV     GOES12  20050825  2245    8.73   107.17   225   27.1   57
WV     GOES12  20050825  2245    8.75   103.29   250   15.0   74
WV     GOES12  20050825  2245    8.75   102.99   237   16.6   71
WV     GOES12  20050825  2245    8.62   101.87   337    9.2   75
WV     GOES12  20050825  2245    8.99   101.26   312   11.7   73
WV     GOES12  20050825  2245    8.72   100.64   300   22.2   61
WV     GOES12  20050825  2245    8.57   100.50   287   21.4   60
WV     GOES12  20050825  2245    8.94   100.20   312   14.7   68
WV     GOES12  20050825  2245    8.90    99.53   212   19.6   59
WV     GOES12  20050825  2245    8.74    99.18   212   23.5   53
WV     GOES12  20050825  2245    8.93    99.05   200   24.0   54
WV     GOES12  20050825  2245    8.92    98.65   337   14.5   70
WV     GOES12  20050825  2245    8.84    98.14   200   25.7   55
WV     GOES12  20050825  2245    8.95    97.36   212   21.0   58
WV     GOES12  20050825  2245    8.83    97.24   200   19.6   59
WV     GOES12  20050825  2245    8.68    96.71   200   16.5   71
WV     GOES12  20050825  2245    8.94    96.40   200   14.9   75
WV     GOES12  20050825  2245    8.97    96.21   200   15.3   76
WV     GOES12  20050825  2245    8.97    95.68   162   13.9   90
WV     GOES12  20050825  2245    8.89    95.35   150   11.9  106
WV     GOES12  20050825  2245    8.89    95.19   150   11.9  104
WV     GOES12  20050825  2245    8.66    94.19   312   11.1  107
WV     GOES12  20050825  2245    8.69    94.01   325   11.4  106
WV     GOES12  20050825  2245    8.50    93.79   312   11.7  101
WV     GOES12  20050825  2245    8.78    91.44   337    8.1  107
WV     GOES12  20050825  2245    8.52    90.85   212   15.9   81
WV     GOES12  20050825  2245    8.63    90.77   212   15.5   82
WV     GOES12  20050825  2245    8.66    90.17   200   18.5   83
WV     GOES12  20050825  2245    8.65    88.83   225   15.9   92
WV     GOES12  20050825  2245    8.84    88.69   237   14.1   95
WV     GOES12  20050825  2245    8.61    88.48   237   12.8   90
WV     GOES12  20050825  2245    8.91    87.73   200   27.2   85
WV     GOES12  20050825  2245    8.46    87.24   175   25.6   85
WV     GOES12  20050825  2245    8.57    86.98   175   24.5   83
WV     GOES12  20050825  2245    8.83    86.75   162   25.4   86
WV     GOES12  20050825  2245    8.75    86.13   162   20.9   78
WV     GOES12  20050825  2245    8.81    83.69   187   18.1   80
WV     GOES12  20050825  2245    8.59    83.35   175   17.4   75
WV     GOES12  20050825  2245    8.44    83.28   187   17.1   74
WV     GOES12  20050825  2245    8.65    77.44   200   14.5   89
WV     GOES12  20050825  2245    8.61    77.04   137   15.2   41
WV     GOES12  20050825  2245    8.61    77.02   137   15.3   41
WV     GOES12  20050825  2245    8.87    76.50   150   17.4   34
WV     GOES12  20050825  2245    8.65    76.31   150   16.3   35
WV     GOES12  20050825  2245    8.54    60.84   325   11.5   87
WV     GOES12  20050825  2245    8.74    59.00   225   12.1   80
WV     GOES12  20050825  2245    8.73    56.40   275   19.0  111
WV     GOES12  20050825  2245    8.95    56.09   275   16.2  119
WV     GOES12  20050825  2245    8.73    55.69   275   15.9  124
WV     GOES12  20050825  2245    8.97    54.27   200   23.1  106
WV     GOES12  20050825  2245    8.86    53.42   225   14.9  107
WV     GOES12  20050825  2245    8.61    53.13   212   19.4  107
WV     GOES12  20050825  2245    8.95    52.64   200   22.1  110
WV     GOES12  20050825  2245    8.61    48.95   212   15.7   87
WV     GOES12  20050825  2245    8.89    48.00   250   12.3   80
WV     GOES12  20050825  2245    8.96    47.90   150   12.2   79
WV     GOES12  20050825  2245    8.93    47.32   162   14.3   77
WV     GOES12  20050825  2245    8.98    46.81   162   15.7   68
WV     GOES12  20050825  2245    8.98    46.66   162   15.0   69
WV     GOES12  20050825  2245    8.84    45.90   162   15.3   55
WV     GOES12  20050825  2245    8.92    45.53   175   14.5   49
WV     GOES12  20050825  2245    9.00    45.24   150   14.0   49
WV     GOES12  20050825  2245    8.84    42.70   350   14.0   79
WV     GOES12  20050825  2245    9.00    42.27   350   15.0   81
WV     GOES12  20050825  2245    8.91    40.90   300   14.4   86
WV     GOES12  20050825  2245    8.99    40.78   325   14.2   90
WV     GOES12  20050825  2245    8.66    39.52   212   16.5   61
WV     GOES12  20050825  2245    9.10    38.67   175    9.5   68
WV     GOES12  20050825  2245    9.03    38.27   175    7.6   51
WV     GOES12  20050825  2245    8.72    38.11   225    7.0   52
WV     GOES12  20050825  2245    8.90    36.46   275    9.4   55
WV     GOES12  20050825  2245    8.98    36.17   250    8.9   56
WV     GOES12  20050825  2245    9.18    35.77   250    7.4   60
WV     GOES12  20050825  2245    8.92    35.22   237    7.6   78
WV     GOES12  20050825  2245    8.77    34.99   250    7.0   59
WV     GOES12  20050825  2245    9.02    34.28   237    8.8   84
WV     GOES12  20050825  2245    9.15    33.45   237    9.8   78
WV     GOES12  20050825  2245    8.91    31.72   212    9.7   81
WV     GOES12  20050825  2245    8.93    30.43   325   11.9   82
WV     GOES12  20050825  2245    8.99    29.63   162   14.1  102
WV     GOES12  20050825  2245    8.56   108.83   275   14.8   76
WV     GOES12  20050825  2245    8.43   107.55   287   12.2   85
WV     GOES12  20050825  2245    8.41   103.26   250   15.4   74
WV     GOES12  20050825  2245    8.29   102.44   350   10.1   87
WV     GOES12  20050825  2245    8.37   102.37   350    8.4   90
WV     GOES12  20050825  2245    8.47   101.96   337   10.3   79
WV     GOES12  20050825  2245    8.28   101.27   300   19.6   61
WV     GOES12  20050825  2245    8.24   100.92   175   25.0   62
WV     GOES12  20050825  2245    8.12   100.76   200   25.0   62
WV     GOES12  20050825  2245    8.16   100.49   300   21.5   64
WV     GOES12  20050825  2245    8.12   100.03   325   14.0   75
WV     GOES12  20050825  2245    7.96    99.48   312   18.7   66
WV     GOES12  20050825  2245    8.29    98.95   300   16.9   64
WV     GOES12  20050825  2245    8.36    98.67   212   22.9   67
WV     GOES12  20050825  2245    8.37    95.64   325    8.8   89
WV     GOES12  20050825  2245    8.41    95.48   325    9.5   87
WV     GOES12  20050825  2245    8.10    94.63   300   13.4   95
WV     GOES12  20050825  2245    8.21    94.25   312   13.3  104
WV     GOES12  20050825  2245    8.36    93.94   312   11.8  106
WV     GOES12  20050825  2245    8.32    93.75   300   12.5  101
WV     GOES12  20050825  2245    8.34    91.40   312   11.6   91
WV     GOES12  20050825  2245    8.00    90.51   200   17.6   83
WV     GOES12  20050825  2245    8.18    89.64   275   14.2   92
WV     GOES12  20050825  2245    8.32    89.43   262   14.5   91
WV     GOES12  20050825  2245    8.14    89.07   237   13.9   90
WV     GOES12  20050825  2245    8.27    86.93   175   24.2   82
WV     GOES12  20050825  2245    8.27    86.05   200   14.3   82
WV     GOES12  20050825  2245    8.27    85.79   200   12.2   83
WV     GOES12  20050825  2245    8.01    85.44   200   12.8   72
WV     GOES12  20050825  2245    8.19    85.10   225   11.6   70
WV     GOES12  20050825  2245    8.29    83.70   162   15.4   71
WV     GOES12  20050825  2245    8.26    83.61   162   16.5   77
WV     GOES12  20050825  2245    8.11    83.25   200   13.0   89
WV     GOES12  20050825  2245    7.88    81.58   162   20.8   53
WV     GOES12  20050825  2245    8.24    77.56   187   16.7   79
WV     GOES12  20050825  2245    8.02    76.71   150   18.0   38
WV     GOES12  20050825  2245    8.14    60.95   200    9.6   83
WV     GOES12  20050825  2245    8.14    60.84   200   12.6   82
WV     GOES12  20050825  2245    8.14    60.27   200    9.2   79
WV     GOES12  20050825  2245    8.05    56.58   337    9.7   79
WV     GOES12  20050825  2245    8.34    53.60   212   17.8  102
WV     GOES12  20050825  2245    8.15    50.58   300   13.3   82
WV     GOES12  20050825  2245    8.38    49.31   187   20.5   80
WV     GOES12  20050825  2245    8.24    48.93   250   16.7   86
WV     GOES12  20050825  2245    8.41    46.89   162   14.8   64
WV     GOES12  20050825  2245    8.42    46.38   162   15.5   60
WV     GOES12  20050825  2245    8.42    46.02   162   15.6   51
WV     GOES12  20050825  2245    8.09    45.57   362   12.2  114
WV     GOES12  20050825  2245    8.06    44.84   550    9.3   82
WV     GOES12  20050825  2245    8.47    42.18   350   17.6   73
WV     GOES12  20050825  2245    8.48    41.46   362    8.5   89
WV     GOES12  20050825  2245    8.19    40.60   350   17.7   76
WV     GOES12  20050825  2245    8.55    39.30   212   15.0   67
WV     GOES12  20050825  2245    8.56    38.89   200   14.9   65
WV     GOES12  20050825  2245    8.42    35.58   262    8.8   53
WV     GOES12  20050825  2245    8.58    35.12   237    7.0   60
WV     GOES12  20050825  2245    8.66    34.98   250    7.6   58
WV     GOES12  20050825  2245    8.63    34.31   237    8.6   80
WV     GOES12  20050825  2245    8.68    33.95   237    9.4   87
WV     GOES12  20050825  2245    8.54    32.66   325   10.9   73
WV     GOES12  20050825  2245    8.69    30.90   362    7.9   74
WV     GOES12  20050825  2245    8.47    30.38   337   11.6   83
WV     GOES12  20050825  2245    8.48    29.74   200   12.8   90
WV     GOES12  20050825  2245    6.53   109.19   325    5.0   86
WV     GOES12  20050825  2245    6.56   108.64   362    6.6   96
WV     GOES12  20050825  2245    6.85   107.65   300   10.3   86
WV     GOES12  20050825  2245    6.62   103.41   325   10.8   63
WV     GOES12  20050825  2245    6.27   102.13   262   20.8   57
WV     GOES12  20050825  2245    6.78   101.05   250   15.8   69
WV     GOES12  20050825  2245    6.70   100.12   212   20.0   59
WV     GOES12  20050825  2245    6.28    98.65   237   18.7   45
WV     GOES12  20050825  2245    6.42    98.51   262   15.4   50
WV     GOES12  20050825  2245    6.72    98.08   250   12.4   58
WV     GOES12  20050825  2245    6.55    95.46   250   15.1   91
WV     GOES12  20050825  2245    6.40    95.15   250   14.6   84
WV     GOES12  20050825  2245    6.55    94.91   250   15.1   90
WV     GOES12  20050825  2245    6.47    94.68   250   15.4   93
WV     GOES12  20050825  2245    6.47    94.38   237   16.3   90
WV     GOES12  20050825  2245    6.65    93.98   250   14.0   88
WV     GOES12  20050825  2245    6.61    93.62   250   15.3   82
WV     GOES12  20050825  2245    6.50    93.07   237   15.7   73
WV     GOES12  20050825  2245    6.57    92.90   287   14.7   75
WV     GOES12  20050825  2245    6.72    92.54   262   15.2   89
WV     GOES12  20050825  2245    6.42    92.06   287   12.1   72
WV     GOES12  20050825  2245    6.34    91.97   287   12.0   72
WV     GOES12  20050825  2245    6.33    89.79   275   18.0   96
WV     GOES12  20050825  2245    6.23    83.55   250   12.4   98
WV     GOES12  20050825  2245    6.67    83.07   275   11.7  106
WV     GOES12  20050825  2245    6.56    82.94   262   11.6  105
WV     GOES12  20050825  2245    6.37    81.11   162   23.1   59
WV     GOES12  20050825  2245    6.56    80.78   175   17.6   56
WV     GOES12  20050825  2245    6.59    80.76   175   17.6   56
WV     GOES12  20050825  2245    6.37    80.09   175   17.9   57
WV     GOES12  20050825  2245    6.52    78.97   175   17.6   59
WV     GOES12  20050825  2245    6.33    78.73   162   18.4   52
WV     GOES12  20050825  2245    6.52    78.28   175   17.1   50
WV     GOES12  20050825  2245    6.52    78.26   175   17.0   50
WV     GOES12  20050825  2245    6.66    77.80   175   17.8   55
WV     GOES12  20050825  2245    6.29    77.36   162   18.1   76
WV     GOES12  20050825  2245    6.33    77.28   162   17.3   78
WV     GOES12  20050825  2245    6.32    55.67   350   13.9  115
WV     GOES12  20050825  2245    6.32    55.60   350   13.8  114
WV     GOES12  20050825  2245    6.32    54.99   350   12.2  116
WV     GOES12  20050825  2245    6.25    54.88   350   13.8  118
WV     GOES12  20050825  2245    6.55    53.96   350   11.9   90
WV     GOES12  20050825  2245    6.70    53.75   350   11.8   89
WV     GOES12  20050825  2245    6.74    53.47   362    9.5  113
WV     GOES12  20050825  2245    6.49    52.73   362   12.6   79
WV     GOES12  20050825  2245    6.75    52.29   212   21.9  101
WV     GOES12  20050825  2245    6.68    51.49   237   19.4  101
WV     GOES12  20050825  2245    6.65    51.40   212   19.2  102
WV     GOES12  20050825  2245    6.52    48.40   350   10.5  104
WV     GOES12  20050825  2245    6.74    45.51   350   14.6   84
WV     GOES12  20050825  2245    6.74    45.46   350   13.9   85
WV     GOES12  20050825  2245    6.75    44.62   525    8.4   84
WV     GOES12  20050825  2245    6.71    44.23   512    9.4   84
WV     GOES12  20050825  2245    6.85    38.67   362   12.6   63
WV     GOES12  20050825  2245    6.78    38.09   300   15.4   72
WV     GOES12  20050825  2245    6.82    38.03   275   12.3   72
WV     GOES12  20050825  2245    6.64    37.07   212   12.8   42
WV     GOES12  20050825  2245    6.88    36.19   262    6.5   19
WV     GOES12  20050825  2245    6.48    35.06   275    9.7   52
WV     GOES12  20050825  2245    6.91    34.28   275    7.7   60
WV     GOES12  20050825  2245    6.70    32.98   262    8.4   50
WV     GOES12  20050825  2245    6.89    32.79   262    6.9   41
WV     GOES12  20050825  2245    6.72    31.57   212    9.1   57
WV     GOES12  20050825  2245    6.61    30.62   275    9.9   22
WV     GOES12  20050825  2245    6.20   106.86   362    9.2   89
WV     GOES12  20050825  2245    6.20   106.84   362    9.2   90
WV     GOES12  20050825  2245    6.19   102.27   300   21.0   57
WV     GOES12  20050825  2245    6.23   102.12   262   20.9   56
WV     GOES12  20050825  2245    5.96   101.49   300   18.7   61
WV     GOES12  20050825  2245    6.00   101.10   237   12.5   67
WV     GOES12  20050825  2245    6.00   101.00   237   14.2   66
WV     GOES12  20050825  2245    6.14   100.71   262   11.7   73
WV     GOES12  20050825  2245    5.84   100.06   237   16.5   52
WV     GOES12  20050825  2245    5.91    99.73   225   16.1   53
WV     GOES12  20050825  2245    5.99    99.59   225   15.7   51
WV     GOES12  20050825  2245    5.91    99.01   212   19.0   46
WV     GOES12  20050825  2245    6.20    98.67   237   19.3   45
WV     GOES12  20050825  2245    6.13    98.54   250   17.9   45
WV     GOES12  20050825  2245    6.05    97.50   312   12.4   79
WV     GOES12  20050825  2245    6.07    94.98   250   15.3   85
WV     GOES12  20050825  2245    6.17    94.53   250   15.6   93
WV     GOES12  20050825  2245    6.17    93.13   275   15.9   71
WV     GOES12  20050825  2245    6.13    92.63   287   14.5   71
WV     GOES12  20050825  2245    6.12    92.32   325    6.8   75
WV     GOES12  20050825  2245    5.82    90.71   300   13.8   93
WV     GOES12  20050825  2245    5.75    90.60   300   13.6   94
WV     GOES12  20050825  2245    6.03    88.39   287   15.0   82
WV     GOES12  20050825  2245    5.84    85.51   250   14.1   92
WV     GOES12  20050825  2245    5.76    85.23   275   11.8   96
WV     GOES12  20050825  2245    5.76    85.17   275   11.1   95
WV     GOES12  20050825  2245    6.05    84.07   250   11.0   88
WV     GOES12  20050825  2245    5.75    82.21   225   11.9   81
WV     GOES12  20050825  2245    5.75    81.88   212   14.8   76
WV     GOES12  20050825  2245    6.04    80.79   162   21.9   63
WV     GOES12  20050825  2245    6.04    80.75   162   21.8   64
WV     GOES12  20050825  2245    6.08    80.19   175   18.3   61
WV     GOES12  20050825  2245    5.90    79.90   137   19.3   55
WV     GOES12  20050825  2245    5.90    79.71   137   21.0   54
WV     GOES12  20050825  2245    6.04    79.46   137   19.4   55
WV     GOES12  20050825  2245    5.75    79.08   150   20.4   53
WV     GOES12  20050825  2245    5.78    78.88   162   20.2   50
WV     GOES12  20050825  2245    6.08    52.50   350   14.5  109
WV     GOES12  20050825  2245    6.13    51.05   250   17.8  109
WV     GOES12  20050825  2245    6.03    49.00   500    7.6   77
WV     GOES12  20050825  2245    5.96    44.53   462    8.9   96
WV     GOES12  20050825  2245    6.08    44.02   487    9.1   85
WV     GOES12  20050825  2245    6.19    43.88   525    9.0   89
WV     GOES12  20050825  2245    5.93    40.33   350   17.8   67
WV     GOES12  20050825  2245    6.08    40.12   350    9.7   62
WV     GOES12  20050825  2245    6.24    39.43   350   15.7   54
WV     GOES12  20050825  2245    6.28    39.37   350   15.9   54
WV     GOES12  20050825  2245    6.26    37.83   350   11.8   56
WV     GOES12  20050825  2245    6.26    37.38   350   11.4   50
WV     GOES12  20050825  2245    6.27    37.02   275   13.8   46
WV     GOES12  20050825  2245    6.33    35.02   262    9.2   56
WV     GOES12  20050825  2245    6.29    34.90   262    9.7   58
WV     GOES12  20050825  2245    6.36    32.60   287    8.2   38
WV     GOES12  20050825  2245    6.21    32.05   237    7.6   13
WV     GOES12  20050825  2245    6.27    30.63   287    9.2   25
WV     GOES12  20050825  2245    5.65   108.06   350    8.9   63
WV     GOES12  20050825  2245    5.65   108.01   350    7.1   63
WV     GOES12  20050825  2245    5.38   107.47   325    8.5   63
WV     GOES12  20050825  2245    5.45   106.89   337   11.8   68
WV     GOES12  20050825  2245    5.67   101.49   262   16.7   63
WV     GOES12  20050825  2245    5.44   100.82   225   15.7   58
WV     GOES12  20050825  2245    5.47   100.36   212   19.1   48
WV     GOES12  20050825  2245    5.40   100.28   212   19.3   49
WV     GOES12  20050825  2245    5.54    99.71   275   18.9   47
WV     GOES12  20050825  2245    5.58    99.32   237   20.5   49
WV     GOES12  20050825  2245    5.61    98.94   250   20.5   47
WV     GOES12  20050825  2245    5.65    98.83   250   20.5   46
WV     GOES12  20050825  2245    5.62    94.98   250   14.5   91
WV     GOES12  20050825  2245    5.50    92.90   325   13.2   80
WV     GOES12  20050825  2245    5.55    87.44   275   19.8   79
WV     GOES12  20050825  2245    5.18    86.51   175   11.3   74
WV     GOES12  20050825  2245    5.29    86.07   250   11.9   67
WV     GOES12  20050825  2245    5.51    85.29   225   13.0   91
WV     GOES12  20050825  2245    5.54    85.10   237    9.7   94
WV     GOES12  20050825  2245    5.43    84.84   262    6.5   94
WV     GOES12  20050825  2245    5.36    84.31   312   13.3   83
WV     GOES12  20050825  2245    5.54    84.08   237   12.3   85
WV     GOES12  20050825  2245    5.50    83.62   187   15.2   71
WV     GOES12  20050825  2245    5.46    83.11   312    9.3  100
WV     GOES12  20050825  2245    5.50    82.19   225   12.3   76
WV     GOES12  20050825  2245    5.31    81.91   212   15.4   71
WV     GOES12  20050825  2245    5.13    81.41   162   21.0   59
WV     GOES12  20050825  2245    5.13    81.37   162   21.0   59
WV     GOES12  20050825  2245    5.53    80.79   187   16.6   70
WV     GOES12  20050825  2245    5.38    80.52   150   23.5   55
WV     GOES12  20050825  2245    5.46    80.41   150   23.3   56
WV     GOES12  20050825  2245    5.42    80.06   150   22.8   55
WV     GOES12  20050825  2245    5.49    79.43   137   19.4   54
WV     GOES12  20050825  2245    5.53    79.08   150   20.0   53
WV     GOES12  20050825  2245    5.57    78.81   162   19.7   48
WV     GOES12  20050825  2245    5.09    78.31   150   22.6   48
WV     GOES12  20050825  2245    5.53    77.82   137   18.8   50
WV     GOES12  20050825  2245    5.42    77.46   137   18.6   52
WV     GOES12  20050825  2245    5.31    52.30   350   17.1   98
WV     GOES12  20050825  2245    5.53    51.89   350   18.0  108
WV     GOES12  20050825  2245    5.57    51.75   350   16.9  113
WV     GOES12  20050825  2245    5.57    51.34   375   12.0  114
WV     GOES12  20050825  2245    5.55    49.37   475   10.1   89
WV     GOES12  20050825  2245    5.65    42.07   362   12.6   96
WV     GOES12  20050825  2245    5.74    40.44   350   15.2   79
WV     GOES12  20050825  2245    5.59    39.86   350   15.6   62
WV     GOES12  20050825  2245    5.82    32.70   312    7.1   19
WV     GOES12  20050825  2245    5.79    31.90   250    8.8   28
WV     GOES12  20050825  2245    5.13   108.57   362    8.4   36
WV     GOES12  20050825  2245    5.08   107.75   337   10.3   64
WV     GOES12  20050825  2245    4.96   107.04   312   13.5   67
WV     GOES12  20050825  2245    4.78   106.79   325   12.9   65
WV     GOES12  20050825  2245    5.05   103.73   312   11.9   67
WV     GOES12  20050825  2245    4.86   102.51   275   20.2   51
WV     GOES12  20050825  2245    4.78   101.96   287   19.8   59
WV     GOES12  20050825  2245    5.07   101.83   287   18.6   60
WV     GOES12  20050825  2245    4.70   101.29   275   18.0   54
WV     GOES12  20050825  2245    4.66   101.12   275   19.1   52
WV     GOES12  20050825  2245    5.10   100.75   250   16.2   66
WV     GOES12  20050825  2245    4.88   100.40   262   21.2   49
WV     GOES12  20050825  2245    5.10   100.05   225   21.6   47
WV     GOES12  20050825  2245    4.91    99.58   287   20.2   49
WV     GOES12  20050825  2245    4.98    99.34   275   18.9   47
WV     GOES12  20050825  2245    5.00    95.16   312   12.7   86
WV     GOES12  20050825  2245    4.94    91.79   275   17.6   86
WV     GOES12  20050825  2245    4.98    91.13   337    8.7  112
WV     GOES12  20050825  2245    4.93    88.64   300   14.2   86
WV     GOES12  20050825  2245    5.00    88.31   312   10.9   84
WV     GOES12  20050825  2245    4.64    88.05   287   11.8   64
WV     GOES12  20050825  2245    4.85    87.28   337    6.0  105
WV     GOES12  20050825  2245    4.78    85.99   262    9.2   81
WV     GOES12  20050825  2245    4.85    85.93   237   15.0   61
WV     GOES12  20050825  2245    4.73    82.22   162   18.8   62
WV     GOES12  20050825  2245    4.80    81.24   162   22.8   65
WV     GOES12  20050825  2245    4.95    81.16   175   21.2   65
WV     GOES12  20050825  2245    4.76    80.90   150   23.2   57
WV     GOES12  20050825  2245    4.65    80.32   137   22.2   55
WV     GOES12  20050825  2245    4.69    80.13   137   22.6   53
WV     GOES12  20050825  2245    4.87    79.35   137   18.7   49
WV     GOES12  20050825  2245    4.98    78.83   137   18.5   52
WV     GOES12  20050825  2245    4.58    78.70   175   19.7   52
WV     GOES12  20050825  2245    4.94    78.29   137   20.7   48
WV     GOES12  20050825  2245    5.01    52.60   387   11.3  114
WV     GOES12  20050825  2245    5.01    52.36   362   17.8   98
WV     GOES12  20050825  2245    5.10    44.56   375   11.1   84
WV     GOES12  20050825  2245    5.17    40.93   350   18.9   64
WV     GOES12  20050825  2245    5.00    34.88   312    7.1   72
WV     GOES12  20050825  2245    5.25    32.26   325    9.0   34
WV     GOES12  20050825  2245    4.61   109.81   325   10.1   51
WV     GOES12  20050825  2245    4.27   109.45   312   11.7   52
WV     GOES12  20050825  2245    4.38   109.04   325   10.1   56
WV     GOES12  20050825  2245    4.08   108.61   325   10.0   45
WV     GOES12  20050825  2245    4.19   108.21   325   11.0   59
WV     GOES12  20050825  2245    4.55   106.69   325   12.7   64
WV     GOES12  20050825  2245    4.47   106.32   312   10.3   58
WV     GOES12  20050825  2245    4.24   105.54   325   12.5   43
WV     GOES12  20050825  2245    4.20   105.28   337   11.0   55
WV     GOES12  20050825  2245    4.17   105.07   337   11.7   56
WV     GOES12  20050825  2245    4.09   104.06   312   12.3   67
WV     GOES12  20050825  2245    4.38   103.62   262   16.7   56
WV     GOES12  20050825  2245    4.08   102.75   275   13.3   41
WV     GOES12  20050825  2245    4.56   102.20   287   21.2   52
WV     GOES12  20050825  2245    4.07   101.41   250   20.2   49
WV     GOES12  20050825  2245    4.51   101.16   262   19.3   52
WV     GOES12  20050825  2245    4.36   100.96   250   21.5   51
WV     GOES12  20050825  2245    4.51   100.57   262   21.9   51
WV     GOES12  20050825  2245    4.54   100.21   275   21.3   44
WV     GOES12  20050825  2245    4.51    92.91   337    7.8   93
WV     GOES12  20050825  2245    4.45    88.11   300    9.3   71
WV     GOES12  20050825  2245    4.34    87.40   237   11.1   75
WV     GOES12  20050825  2245    4.08    86.11   225   18.7   62
WV     GOES12  20050825  2245    4.08    86.00   225   18.4   62
WV     GOES12  20050825  2245    4.33    83.18   337    7.8  110
WV     GOES12  20050825  2245    4.04    81.75   212   11.1   79
WV     GOES12  20050825  2245    4.44    81.65   175   18.1   71
WV     GOES12  20050825  2245    4.36    81.32   162   18.6   60
WV     GOES12  20050825  2245    4.29    80.78   150   25.4   56
WV     GOES12  20050825  2245    4.36    80.61   137   25.7   56
WV     GOES12  20050825  2245    4.36    80.30   137   22.6   52
WV     GOES12  20050825  2245    4.47    79.99   137   21.7   54
WV     GOES12  20050825  2245    4.47    79.68   137   20.2   58
WV     GOES12  20050825  2245    4.47    79.43   137   20.3   56
WV     GOES12  20050825  2245    4.18    79.13   187   18.3   69
WV     GOES12  20050825  2245    4.43    78.82   175   21.7   58
WV     GOES12  20050825  2245    4.25    78.31   187   19.4   70
WV     GOES12  20050825  2245    4.40    78.08   200   16.2   80
WV     GOES12  20050825  2245    4.35    50.83   275   23.3   86
WV     GOES12  20050825  2245    4.39    50.61   262   22.6   83
WV     GOES12  20050825  2245    4.32    50.45   325   21.7   83
WV     GOES12  20050825  2245    4.45    47.71   375   16.6   94
WV     GOES12  20050825  2245    3.98   110.14   287   11.6   55
WV     GOES12  20050825  2245    4.05   109.50   300   12.5   52
WV     GOES12  20050825  2245    4.04   108.66   325   10.1   47
WV     GOES12  20050825  2245    3.92   108.11   337   10.1   56
WV     GOES12  20050825  2245    3.80   106.52   287   12.2   53
WV     GOES12  20050825  2245    3.84   106.44   312    9.7   53
WV     GOES12  20050825  2245    3.87   106.07   300   11.6   52
WV     GOES12  20050825  2245    3.91   105.37   325   12.5   51
WV     GOES12  20050825  2245    3.57   105.04   287   15.1   43
WV     GOES12  20050825  2245    4.01   104.31   337    9.8   69
WV     GOES12  20050825  2245    4.01   104.03   312   12.3   67
WV     GOES12  20050825  2245    3.97   102.77   287   13.3   40
WV     GOES12  20050825  2245    3.93   102.64   300   13.5   35
WV     GOES12  20050825  2245    4.00   101.41   250   20.1   50
WV     GOES12  20050825  2245    3.73   101.05   200   21.8   47
WV     GOES12  20050825  2245    3.86    95.28   337    6.1   74
WV     GOES12  20050825  2245    3.80    89.30   300   14.3   70
WV     GOES12  20050825  2245    3.87    88.07   312   15.0   76
WV     GOES12  20050825  2245    3.87    87.82   262   17.8   70
WV     GOES12  20050825  2245    3.90    87.47   262   17.7   66
WV     GOES12  20050825  2245    3.86    86.21   237   15.9   64
WV     GOES12  20050825  2245    3.53    85.66   275   20.3   64
WV     GOES12  20050825  2245    3.53    85.44   287   19.6   65
WV     GOES12  20050825  2245    3.71    85.11   300   18.8   69
WV     GOES12  20050825  2245    3.71    84.98   262   21.3   67
WV     GOES12  20050825  2245    3.82    84.39   312   12.1   69
WV     GOES12  20050825  2245    3.90    84.29   287   13.2   68
WV     GOES12  20050825  2245    3.60    83.67   275   13.9   69
WV     GOES12  20050825  2245    3.68    83.34   250   15.4   74
WV     GOES12  20050825  2245    3.64    82.50   262   21.7   73
WV     GOES12  20050825  2245    3.93    81.77   225   11.0   80
WV     GOES12  20050825  2245    3.85    81.04   150   25.5   54
WV     GOES12  20050825  2245    3.85    80.83   150   25.5   44
WV     GOES12  20050825  2245    3.82    79.13   250   16.1   72
WV     GOES12  20050825  2245    3.85    78.95   250   19.8   73
WV     GOES12  20050825  2245    3.60    77.81   200   16.9   78
WV     GOES12  20050825  2245    3.71    77.70   200   14.0   81
WV     GOES12  20050825  2245    3.68    45.75   400   11.5  111
WV     GOES12  20050825  2245    3.79    44.82   400   13.0  129
WV     GOES12  20050825  2245    3.62    36.49   337    9.4   69
WV     GOES12  20050825  2245    3.97    35.40   325   11.1   74
WV     GOES12  20050825  2245    3.69    32.77   275   12.3   20
WV     GOES12  20050825  2245    4.08    31.43   312    8.0   28
WV     GOES12  20050825  2245    3.02   107.23   287    8.9   51
WV     GOES12  20050825  2245    2.95   106.77   262   15.3   45
WV     GOES12  20050825  2245    3.39   106.66   275   14.6   54
WV     GOES12  20050825  2245    3.13   105.96   287   14.3   39
WV     GOES12  20050825  2245    3.05   105.59   250   18.1   48
WV     GOES12  20050825  2245    3.13   105.44   250   16.6   50
WV     GOES12  20050825  2245    3.35   105.06   287   14.8   44
WV     GOES12  20050825  2245    2.97   104.42   262   19.1   44
WV     GOES12  20050825  2245    2.97   103.86   225   14.6   37
WV     GOES12  20050825  2245    3.37   101.16   237   21.0   48
WV     GOES12  20050825  2245    3.33    92.92   337    8.6   90
WV     GOES12  20050825  2245    3.33    92.16   362    5.3  126
WV     GOES12  20050825  2245    3.40    91.22   362    5.9  128
WV     GOES12  20050825  2245    3.36    88.47   275   20.5   71
WV     GOES12  20050825  2245    3.02    86.43   250   21.4   63
WV     GOES12  20050825  2245    2.99    86.12   250   22.7   65
WV     GOES12  20050825  2245    3.28    85.80   250   22.7   65
WV     GOES12  20050825  2245    3.32    85.74   262   22.2   66
WV     GOES12  20050825  2245    2.88    84.68   150   15.6   61
WV     GOES12  20050825  2245    2.98    84.30   150   18.1   57
WV     GOES12  20050825  2245    3.09    84.07   150   17.1   62
WV     GOES12  20050825  2245    3.24    83.73   212   17.3   65
WV     GOES12  20050825  2245    3.09    83.54   225   17.4   66
WV     GOES12  20050825  2245    3.16    83.19   212   21.2   65
WV     GOES12  20050825  2245    3.27    82.87   262   18.6   75
WV     GOES12  20050825  2245    3.34    81.33   287   14.3   86
WV     GOES12  20050825  2245    3.13    80.91   337   12.3   93
WV     GOES12  20050825  2245    3.23    79.21   237   20.5   76
WV     GOES12  20050825  2245    3.27    79.17   250   20.4   76
WV     GOES12  20050825  2245    3.01    45.96   387   15.1  109
WV     GOES12  20050825  2245    3.42    45.17   387   11.8  105
WV     GOES12  20050825  2245    3.42    44.86   400   11.4  126
WV     GOES12  20050825  2245    3.09    44.28   387   16.5  116
WV     GOES12  20050825  2245    3.02    43.97   375   16.2  106
WV     GOES12  20050825  2245    3.50    37.22   325   11.4   39
WV     GOES12  20050825  2245    3.43    36.99   325   10.1   43
WV     GOES12  20050825  2245    3.45    34.50   312    6.7   63
WV     GOES12  20050825  2245    3.46    32.82   275   12.0   18
WV     GOES12  20050825  2245    2.69   108.68   275   15.2   51
WV     GOES12  20050825  2245    2.84   108.38   287   16.6   56
WV     GOES12  20050825  2245    2.54   107.96   287   13.8   44
WV     GOES12  20050825  2245    2.84   107.60   287   12.0   49
WV     GOES12  20050825  2245    2.80   107.09   275   11.5   49
WV     GOES12  20050825  2245    2.91   106.77   262   15.3   44
WV     GOES12  20050825  2245    2.53   106.62   250   16.7   42
WV     GOES12  20050825  2245    2.79   105.92   287   14.5   38
WV     GOES12  20050825  2245    2.87   105.82   275   15.9   39
WV     GOES12  20050825  2245    2.83   105.43   250   18.0   52
WV     GOES12  20050825  2245    2.60   104.72   250   17.6   46
WV     GOES12  20050825  2245    2.56   104.36   287   12.3   48
WV     GOES12  20050825  2245    2.78   103.83   225   14.8   36
WV     GOES12  20050825  2245    2.63   103.07   287   14.1   26
WV     GOES12  20050825  2245    2.63   101.43   350    7.9  100
WV     GOES12  20050825  2245    2.76    97.07   337    7.2   81
WV     GOES12  20050825  2245    2.80    97.00   337    7.3   80
WV     GOES12  20050825  2245    2.79    96.63   350    6.6   86
WV     GOES12  20050825  2245    2.78    91.56   337    8.5   75
WV     GOES12  20050825  2245    2.55    86.77   300   15.9   78
WV     GOES12  20050825  2245    2.77    86.41   237   21.9   64
WV     GOES12  20050825  2245    2.81    86.37   225   21.9   64
WV     GOES12  20050825  2245    2.77    84.84   150   17.0   65
WV     GOES12  20050825  2245    2.48    84.52   162   22.5   63
WV     GOES12  20050825  2245    2.55    84.27   150   22.1   65
WV     GOES12  20050825  2245    2.77    84.06   150   21.5   65
WV     GOES12  20050825  2245    2.77    83.85   150   22.1   65
WV     GOES12  20050825  2245    2.51    83.29   250   20.9   68
WV     GOES12  20050825  2245    2.73    83.18   262   20.8   68
WV     GOES12  20050825  2245    2.66    82.74   300   17.7   67
WV     GOES12  20050825  2245    2.69    81.99   325   12.7   94
WV     GOES12  20050825  2245    2.33    81.76   250   18.3   75
WV     GOES12  20050825  2245    2.65    81.45   337   12.6   94
WV     GOES12  20050825  2245    2.43    79.27   150   24.3   74
WV     GOES12  20050825  2245    2.43    79.15   150   24.6   76
WV     GOES12  20050825  2245    2.40    78.59   162   21.9   79
WV     GOES12  20050825  2245    2.40    78.55   162   21.8   79
WV     GOES12  20050825  2245    2.52    46.18   362   18.6   97
WV     GOES12  20050825  2245    2.91    42.88   362   13.2   84
WV     GOES12  20050825  2245    2.64    35.76   300   13.0   14
WV     GOES12  20050825  2245    2.95    34.65   300   13.6   32
WV     GOES12  20050825  2245    2.69    33.90   325   12.8   50
WV     GOES12  20050825  2245    2.63    32.04   262   13.6   18
WV     GOES12  20050825  2245    2.59    31.71   325   12.6   27
WV     GOES12  20050825  2245    2.06   109.88   300   12.3   52
WV     GOES12  20050825  2245    1.98   109.10   287   14.4   51
WV     GOES12  20050825  2245    2.13   108.72   275   13.1   48
WV     GOES12  20050825  2245    2.09   107.98   275   18.0   46
WV     GOES12  20050825  2245    1.98   107.51   250   22.1   49
WV     GOES12  20050825  2245    2.05   107.09   250   20.7   49
WV     GOES12  20050825  2245    2.01   106.71   250   18.4   46
WV     GOES12  20050825  2245    2.27   106.59   250   18.1   44
WV     GOES12  20050825  2245    1.94   106.08   250   18.6   50
WV     GOES12  20050825  2245    1.97   105.14   225   11.7   31
WV     GOES12  20050825  2245    2.04   104.68   287    9.7   34
WV     GOES12  20050825  2245    2.12   104.45   275   13.1   42
WV     GOES12  20050825  2245    1.97   103.93   212   16.9   31
WV     GOES12  20050825  2245    1.97   103.83   200   16.6   27
WV     GOES12  20050825  2245    1.89   103.28   212   14.8   18
WV     GOES12  20050825  2245    1.96   102.93   287   15.8   25
WV     GOES12  20050825  2245    2.03   100.25   362   10.6  100
WV     GOES12  20050825  2245    2.31    95.52   350    7.2  110
WV     GOES12  20050825  2245    2.31    91.68   325    9.6   69
WV     GOES12  20050825  2245    2.30    91.46   337    9.1   74
WV     GOES12  20050825  2245    1.93    86.91   275   19.8   66
WV     GOES12  20050825  2245    2.15    84.82   150   20.2   62
WV     GOES12  20050825  2245    2.18    84.71   162   20.8   63
WV     GOES12  20050825  2245    2.29    84.44   162   22.6   65
WV     GOES12  20050825  2245    2.29    83.33   225   21.6   67
WV     GOES12  20050825  2245    2.18    82.95   275   24.4   58
WV     GOES12  20050825  2245    1.89    82.32   237   16.9   75
WV     GOES12  20050825  2245    2.11    82.07   275   17.6   75
WV     GOES12  20050825  2245    2.25    81.82   262   18.6   75
WV     GOES12  20050825  2245    2.18    81.57   237   17.6   74
WV     GOES12  20050825  2245    2.11    81.32   300   20.8   71
WV     GOES12  20050825  2245    2.22    79.14   175   25.6   81
WV     GOES12  20050825  2245    1.96    78.57   187   20.1   81
WV     GOES12  20050825  2245    2.20    44.07   400    9.2  120
WV     GOES12  20050825  2245    2.32    41.44   350   17.3   86
WV     GOES12  20050825  2245    2.28    41.33   350   17.3   88
WV     GOES12  20050825  2245    1.95    40.38   350   18.9   76
WV     GOES12  20050825  2245    1.95    40.09   350   18.4   73
WV     GOES12  20050825  2245    2.29    38.25   350   16.3   48
WV     GOES12  20050825  2245    2.26    37.04   312   11.8   38
WV     GOES12  20050825  2245    2.27    35.59   300   16.9   33
WV     GOES12  20050825  2245    2.12    35.16   312   15.8   30
WV     GOES12  20050825  2245    2.32    31.96   262   14.4   26
WV     GOES12  20050825  2245    2.36    31.79   262   15.1   29
WV     GOES12  20050825  2245    1.76   109.70   325   10.2   56
WV     GOES12  20050825  2245    1.39   109.14   312   12.9   54
WV     GOES12  20050825  2245    1.61   108.67   287   14.9   53
WV     GOES12  20050825  2245    1.65   108.59   300   14.0   53
WV     GOES12  20050825  2245    1.46   107.85   250   23.8   52
WV     GOES12  20050825  2245    1.53   107.77   275   18.8   50
WV     GOES12  20050825  2245    1.68   107.29   250   22.0   51
WV     GOES12  20050825  2245    1.79   106.84   250   18.9   48
WV     GOES12  20050825  2245    1.79   106.10   250   17.8   50
WV     GOES12  20050825  2245    1.60   105.49   250   18.2   47
WV     GOES12  20050825  2245    1.41   105.34   237   15.8   47
WV     GOES12  20050825  2245    1.64   104.87   237   15.0   43
WV     GOES12  20050825  2245    1.75   104.41   237   14.0   34
WV     GOES12  20050825  2245    1.60   103.98   237   16.1   28
WV     GOES12  20050825  2245    1.56   103.75   225   16.1   23
WV     GOES12  20050825  2245    1.78   103.37   175   14.2   18
WV     GOES12  20050825  2245    1.37   103.07   187   18.1   17
WV     GOES12  20050825  2245    1.37    99.23   337    8.2   46
WV     GOES12  20050825  2245    1.32    92.36   337   13.6   87
WV     GOES12  20050825  2245    1.72    91.52   350   13.2  115
WV     GOES12  20050825  2245    1.68    87.59   312   16.9   93
WV     GOES12  20050825  2245    1.64    78.85   162   19.4   56
WV     GOES12  20050825  2245    1.38    44.61   362   20.0   97
WV     GOES12  20050825  2245    1.72    40.47   350   18.6   76
WV     GOES12  20050825  2245    1.80    39.87   350   19.7   80
WV     GOES12  20050825  2245    1.50    39.68   350   19.7   77
WV     GOES12  20050825  2245    1.62    39.00   350   19.4   80
WV     GOES12  20050825  2245    1.74    35.67   337   11.5   75
WV     GOES12  20050825  2245    1.67    32.05   337   15.0   51
WV     GOES12  20050825  2245    1.20   109.22   262   17.8   56
WV     GOES12  20050825  2245    0.86   108.63   262   22.0   55
WV     GOES12  20050825  2245    0.86   108.09   250   23.3   51
WV     GOES12  20050825  2245    1.23   107.74   250   19.9   51
WV     GOES12  20050825  2245    1.23   107.15   262   19.9   51
WV     GOES12  20050825  2245    1.05   106.59   325   10.2   50
WV     GOES12  20050825  2245    1.08   106.03   250   18.4   49
WV     GOES12  20050825  2245    0.82   105.77   262   13.8   46
WV     GOES12  20050825  2245    0.86   105.38   275   12.7   38
WV     GOES12  20050825  2245    1.23   105.10   237   11.6   46
WV     GOES12  20050825  2245    1.12   104.61   225   17.5   28
WV     GOES12  20050825  2245    1.15   103.77   200   17.6   23
WV     GOES12  20050825  2245    0.82   103.69   212   18.8   23
WV     GOES12  20050825  2245    0.97   103.01   262   16.4   22
WV     GOES12  20050825  2245    0.89   102.88   225   16.4   23
WV     GOES12  20050825  2245    1.22   102.14   325   11.3   81
WV     GOES12  20050825  2245    0.96   101.08   350   11.0   95
WV     GOES12  20050825  2245    1.15   100.45   350    5.4   82
WV     GOES12  20050825  2245    0.81    99.92   350    9.7   84
WV     GOES12  20050825  2245    1.22    99.23   337    8.3   47
WV     GOES12  20050825  2245    1.22    98.78   337    6.0   42
WV     GOES12  20050825  2245    1.17    92.86   350   10.5   95
WV     GOES12  20050825  2245    1.14    91.98   350   10.3  107
WV     GOES12  20050825  2245    1.20    86.31   350    9.4  109
WV     GOES12  20050825  2245    1.09    85.95   312   16.7   82
WV     GOES12  20050825  2245    1.09    85.91   312   17.2   83
WV     GOES12  20050825  2245    1.20    81.61   312   18.9   70
WV     GOES12  20050825  2245    1.06    80.24   300   24.4   82
WV     GOES12  20050825  2245    0.69    78.79   300   19.9   85
WV     GOES12  20050825  2245    1.11    48.33   400   14.7  127
WV     GOES12  20050825  2245    1.04    44.77   387   16.0  110
WV     GOES12  20050825  2245    1.05    41.91   362   16.3   91
WV     GOES12  20050825  2245    1.01    41.28   375   16.1  102
WV     GOES12  20050825  2245    1.16    41.17   362   16.4  102
WV     GOES12  20050825  2245    1.17    38.28   350   16.8   71
WV     GOES12  20050825  2245    0.84    34.25   325    7.9   62
WV     GOES12  20050825  2245    1.22    31.46   350   15.8   50
WV     GOES12  20050825  2245    0.99    30.64   337   13.3   46
WV     GOES12  20050825  2245    1.15    30.46   325   13.1   46
WV     GOES12  20050825  2245    0.26   109.51   262   25.9   58
WV     GOES12  20050825  2245    0.34   109.10   262   21.9   54
WV     GOES12  20050825  2245    0.49   108.88   262   22.1   55
WV     GOES12  20050825  2245    0.45   108.22   250   21.9   53
WV     GOES12  20050825  2245    0.49   108.17   250   21.8   53
WV     GOES12  20050825  2245    0.67   107.46   250   18.8   58
WV     GOES12  20050825  2245    0.67   107.33   250   18.9   56
WV     GOES12  20050825  2245    0.41   106.61   300   12.2   55
WV     GOES12  20050825  2245    0.26   106.40   325   11.6   51
WV     GOES12  20050825  2245    0.30   105.82   287   12.2   47
WV     GOES12  20050825  2245    0.19   105.69   225   13.0   40
WV     GOES12  20050825  2245    0.63   105.38   262   12.9   37
WV     GOES12  20050825  2245    0.60   104.78   237   16.9   29
WV     GOES12  20050825  2245    0.19   104.12   187   14.5   35
WV     GOES12  20050825  2245    0.45   103.61   212   19.1   22
WV     GOES12  20050825  2245    0.63   102.46   300   14.0   37
WV     GOES12  20050825  2245    0.15   101.86   350   10.0   83
WV     GOES12  20050825  2245    0.37   100.88   350    8.6   80
WV     GOES12  20050825  2245    0.59   100.16   337   10.4   73
WV     GOES12  20050825  2245    0.56    99.80   350    7.9   98
WV     GOES12  20050825  2245    0.52    94.86   312   14.6   52
WV     GOES12  20050825  2245    0.62    92.86   325   16.5   73
WV     GOES12  20050825  2245    0.66    92.51   337   14.7   81
WV     GOES12  20050825  2245    0.59    91.42   350    9.3  104
WV     GOES12  20050825  2245    0.59    89.18   387    5.8  140
WV     GOES12  20050825  2245    0.59    88.94   375    6.9  133
WV     GOES12  20050825  2245    0.47    78.44   262   17.3   82
WV     GOES12  20050825  2245    0.63    44.91   425    8.3  111
WV     GOES12  20050825  2245    0.63    44.49   450    7.8   86
WV     GOES12  20050825  2245    0.60    41.83   350   19.7   88
WV     GOES12  20050825  2245    0.67    41.72   362   18.5   94
WV     GOES12  20050825  2245    0.60    40.57   362   16.6   95
WV     GOES12  20050825  2245    0.64    40.48   362   16.3   93
WV     GOES12  20050825  2245    0.64    39.58   362   14.9   97
WV     GOES12  20050825  2245    0.42    36.28   350   16.4   71
WV     GOES12  20050825  2245    0.30    36.12   350   19.7   80
WV     GOES12  20050825  2245    0.53    34.29   325    6.9   59
WV     GOES12  20050825  2245    0.61    31.50   350   13.9   53
WV     GOES12  20050825  2245    0.54    30.92   350   12.9   57
WV     GOES12  20050825  2245    0.61    30.54   337   13.0   47
WV     GOES12  20050825  2245    0.27    30.23   350   16.5   46
WV     GOES12  20050825  2245    0.04   106.21   300   12.3   45
WV     GOES12  20050825  2245    0.04   106.18   300   12.0   40
WV     GOES12  20050825  2245    0.08   101.76   350   10.9   79
WV     GOES12  20050825  2245    0.04   101.49   350    9.5   81
WV     GOES12  20050825  2245    0.00   101.25   350   10.1   76
WV     GOES12  20050825  2245    0.00   100.37   362    6.7   93
WV     GOES12  20050825  2245    0.04    99.32   350   12.0   90
WV     GOES12  20050825  2245    0.11    92.99   350   13.8   91
WV     GOES12  20050825  2245    0.04    48.73   400   14.5  134
WV     GOES12  20050825  2245    0.08    43.15   387   14.7   95
WV     GOES12  20050825  2245    0.08    39.33   362   17.4   99
WV     GOES12  20050825  2245    0.04    38.18   400   11.0  120
WV     GOES12  20050825  2245    0.12    37.92   400   13.8  115
WV     GOES12  20050825  2245    0.08    36.16   350   20.5   82
WV     GOES12  20050825  2245    0.04    32.64   350   11.3   48
WV     GOES12  20050825  2245    0.04    32.38   350   13.9   46
WV     GOES12  20050825  2245    0.08    31.61   350   11.6   40
WV     GOES12  20050825  2245    0.08    30.79   350   14.6   47
IR     GOES12  20050825  2245   40.62    60.26   250   56.0  216
IR     GOES12  20050825  2245   40.97    59.75   287   52.3  212
IR     GOES12  20050825  2245   39.16    61.43   250   51.2  219
IR     GOES12  20050825  2245   39.16    61.40   250   51.4  219
IR     GOES12  20050825  2245   39.50    60.86   250   71.8  214
IR     GOES12  20050825  2245   39.09    55.48   337   20.4  230
IR     GOES12  20050825  2245   39.25    54.36   175   15.4  230
IR     GOES12  20050825  2245   39.59    53.87   175   15.3  236
IR     GOES12  20050825  2245   39.82    53.57   187   14.2  228
IR     GOES12  20050825  2245   39.40    48.64   831   13.9  188
IR     GOES12  20050825  2245   40.24    40.93   868   10.6  206
IR     GOES12  20050825  2245   40.63    31.68   831    5.9  297
IR     GOES12  20050825  2245   38.83    61.79   250   52.7  221
IR     GOES12  20050825  2245   38.74    61.44   250   49.0  219
IR     GOES12  20050825  2245   38.40    56.97   237   24.7  212
IR     GOES12  20050825  2245   38.51    56.76   275   23.8  212
IR     GOES12  20050825  2245   38.42    56.26   225   18.2  224
IR     GOES12  20050825  2245   38.44    55.81   237   20.9  228
IR     GOES12  20050825  2245   38.35    55.42   237   18.1  238
IR     GOES12  20050825  2245   38.98    54.27   262   15.8  236
IR     GOES12  20050825  2245   38.48    53.48   793   11.2  232
IR     GOES12  20050825  2245   38.98    48.51   793   11.5  182
IR     GOES12  20050825  2245   39.05    48.19   793   10.2  189
IR     GOES12  20050825  2245   39.31    47.31   831   11.8  190
IR     GOES12  20050825  2245   39.40    44.71   868   10.9  190
IR     GOES12  20050825  2245   39.16    44.30   831   10.5  182
IR     GOES12  20050825  2245   39.24    43.80   793   11.1  197
IR     GOES12  20050825  2245   39.25    43.58   793   10.5  197
IR     GOES12  20050825  2245   39.51    42.91   850    7.8  208
IR     GOES12  20050825  2245   39.67    41.16   868    9.1  205
IR     GOES12  20050825  2245   39.43    40.66   831    7.9  181
IR     GOES12  20050825  2245   39.38    40.62   831    7.9  184
IR     GOES12  20050825  2245   40.28    33.26   906    5.1  261
IR     GOES12  20050825  2245   40.07    30.40   793    5.5  315
IR     GOES12  20050825  2245   40.94    25.93   262   18.4   15
IR     GOES12  20050825  2245   40.52    25.62   237   20.6   20
IR     GOES12  20050825  2245   40.79    25.02   250   19.2   17
IR     GOES12  20050825  2245   37.97    57.19   225   23.3  214
IR     GOES12  20050825  2245   37.68    56.57   275   19.2  241
IR     GOES12  20050825  2245   37.93    52.77   325    6.2  248
IR     GOES12  20050825  2245   38.42    44.16   775    7.5  173
IR     GOES12  20050825  2245   38.43    43.99   775    7.8  180
IR     GOES12  20050825  2245   38.29    43.66   775    8.0  191
IR     GOES12  20050825  2245   38.58    42.31   868    7.9  185
IR     GOES12  20050825  2245   38.37    42.30   850    8.2  194
IR     GOES12  20050825  2245   39.54    32.23   793    5.8  301
IR     GOES12  20050825  2245   36.67    59.00   662   15.5  242
IR     GOES12  20050825  2245   36.84    58.53   700   14.6  246
IR     GOES12  20050825  2245   36.81    57.77   237   19.4  224
IR     GOES12  20050825  2245   37.30    56.95   250   20.2  244
IR     GOES12  20050825  2245   37.25    54.18   831    9.2  229
IR     GOES12  20050825  2245   37.79    44.97   850    9.2  180
IR     GOES12  20050825  2245   37.33    44.88   793    8.9  186
IR     GOES12  20050825  2245   37.55    44.53   775    9.3  184
IR     GOES12  20050825  2245   37.80    43.82   850    8.7  179
IR     GOES12  20050825  2245   37.80    42.97   850    7.8  184
IR     GOES12  20050825  2245   37.87    42.69   850    7.3  191
IR     GOES12  20050825  2245   37.42    42.26   887    9.0  178
IR     GOES12  20050825  2245   38.90    25.30   337   16.1   44
IR     GOES12  20050825  2245   36.39    61.91   262   34.2  229
IR     GOES12  20050825  2245   36.39    61.88   262   33.7  229
IR     GOES12  20050825  2245   36.47    58.99   687   16.9  252
IR     GOES12  20050825  2245   36.07    58.56   237   18.2  236
IR     GOES12  20050825  2245   36.45    57.95   237   19.1  224
IR     GOES12  20050825  2245   36.45    57.92   237   19.2  224
IR     GOES12  20050825  2245   36.57    48.58   237    9.9  150
IR     GOES12  20050825  2245   36.53    48.41   287    9.9  160
IR     GOES12  20050825  2245   36.86    46.77   812    8.1  189
IR     GOES12  20050825  2245   36.99    45.39   812    6.9  177
IR     GOES12  20050825  2245   36.89    45.27   793    6.5  179
IR     GOES12  20050825  2245   36.60    44.89   793    6.2  174
IR     GOES12  20050825  2245   37.03    43.74   793    8.3  165
IR     GOES12  20050825  2245   37.23    42.03   850    9.4  179
IR     GOES12  20050825  2245   37.20    40.75   850    6.4  179
IR     GOES12  20050825  2245   37.16    40.57   868    5.9  180
IR     GOES12  20050825  2245   37.28    33.22   337    9.6   17
IR     GOES12  20050825  2245   38.06    27.79   325   16.7   50
IR     GOES12  20050825  2245   37.98    27.40   325   16.8   49
IR     GOES12  20050825  2245   38.38    26.39   362   12.6   36
IR     GOES12  20050825  2245   38.50    23.71   412   10.9   19
IR     GOES12  20050825  2245   38.52    22.76   300   23.7   48
IR     GOES12  20050825  2245   38.25    22.78   300   23.1   47
IR     GOES12  20050825  2245   35.55    59.41   575   13.4  240
IR     GOES12  20050825  2245   35.62    58.56   275   16.6  251
IR     GOES12  20050825  2245   35.56    50.70   325    6.5  333
IR     GOES12  20050825  2245   35.51    50.63   312    7.2  336
IR     GOES12  20050825  2245   36.11    48.69   275    9.8  161
IR     GOES12  20050825  2245   35.93    48.17   275   13.3  185
IR     GOES12  20050825  2245   36.05    46.71   831    8.3  180
IR     GOES12  20050825  2245   36.30    45.82   850    8.2  183
IR     GOES12  20050825  2245   35.91    45.59   812    5.7  189
IR     GOES12  20050825  2245   36.37    43.59   831    8.3  184
IR     GOES12  20050825  2245   35.93    43.22   850    8.2  184
IR     GOES12  20050825  2245   35.93    43.19   850    8.2  185
IR     GOES12  20050825  2245   37.76    23.67   312   24.7   45
IR     GOES12  20050825  2245   37.20    23.33   793    9.5   29
IR     GOES12  20050825  2245   34.69    61.93   737   11.7  267
IR     GOES12  20050825  2245   34.41    61.18   262   15.7  235
IR     GOES12  20050825  2245   34.58    60.33   187   16.8  237
IR     GOES12  20050825  2245   34.94    59.82   287   15.2  241
IR     GOES12  20050825  2245   34.64    53.77   250    7.6  327
IR     GOES12  20050825  2245   34.65    53.57   250    8.3  338
IR     GOES12  20050825  2245   34.85    52.14   262   10.9  337
IR     GOES12  20050825  2245   34.79    51.19   287    9.1  326
IR     GOES12  20050825  2245   35.26    46.34   850    6.8  180
IR     GOES12  20050825  2245   35.44    44.92   887    6.4  171
IR     GOES12  20050825  2245   35.62    43.35   850    7.7  183
IR     GOES12  20050825  2245   35.50    42.86   793    6.9  174
IR     GOES12  20050825  2245   35.52    42.41   812    6.5  167
IR     GOES12  20050825  2245   35.36    41.72   487    7.3  153
IR     GOES12  20050825  2245   36.18    33.54   850    5.5   53
IR     GOES12  20050825  2245   36.02    32.94   868    5.9   46
IR     GOES12  20050825  2245   36.13    31.99   868    6.6   37
IR     GOES12  20050825  2245   36.12    31.46   868    5.7   42
IR     GOES12  20050825  2245   35.89    31.15   887    6.0   45
IR     GOES12  20050825  2245   36.42    28.09   831    5.5   33
IR     GOES12  20050825  2245   36.10    27.53   793    6.7   38
IR     GOES12  20050825  2245   36.52    24.68   831    7.6   28
IR     GOES12  20050825  2245   34.24    60.27   237   14.0  248
IR     GOES12  20050825  2245   34.14    54.18   262    7.7  317
IR     GOES12  20050825  2245   34.08    53.15   175    6.7    0
IR     GOES12  20050825  2245   34.39    52.73   287    6.4  339
IR     GOES12  20050825  2245   34.40    52.44   275    8.9  333
IR     GOES12  20050825  2245   33.93    50.77   250   16.4  336
IR     GOES12  20050825  2245   34.30    49.98   250    8.6  298
IR     GOES12  20050825  2245   34.68    49.33   262    9.5  236
IR     GOES12  20050825  2245   34.63    49.22   275    9.5  236
IR     GOES12  20050825  2245   34.14    48.06   262    6.0  188
IR     GOES12  20050825  2245   34.47    46.32   831    6.1  169
IR     GOES12  20050825  2245   35.05    41.86   868    7.3  151
IR     GOES12  20050825  2245   34.62    39.95   850    6.5  129
IR     GOES12  20050825  2245   34.52    39.84   831    6.6  128
IR     GOES12  20050825  2245   35.46    30.72   812    6.5   38
IR     GOES12  20050825  2245   35.41    30.67   812    6.5   38
IR     GOES12  20050825  2245   35.38    29.67   868    5.8   26
IR     GOES12  20050825  2245   35.46    29.25   868    6.5   24
IR     GOES12  20050825  2245   35.52    28.44   831    6.3   36
IR     GOES12  20050825  2245   35.72    25.16   868    6.9   37
IR     GOES12  20050825  2245   35.97    24.49   831    7.3   26
IR     GOES12  20050825  2245   36.21    22.19   850    7.1   20
IR     GOES12  20050825  2245   36.00    22.22   831    7.0   18
IR     GOES12  20050825  2245   33.22    53.98   175    7.0   10
IR     GOES12  20050825  2245   33.33    53.69   275    7.2    0
IR     GOES12  20050825  2245   33.40    53.25   175    7.4    0
IR     GOES12  20050825  2245   33.43    51.00   250   15.4  325
IR     GOES12  20050825  2245   33.70    49.22   250    6.2  290
IR     GOES12  20050825  2245   34.00    48.06   275    5.9  188
IR     GOES12  20050825  2245   33.66    46.88   793    5.5  151
IR     GOES12  20050825  2245   33.85    46.03   850    5.7  157
IR     GOES12  20050825  2245   34.00    45.87   868    5.8  158
IR     GOES12  20050825  2245   34.08    45.30   850    5.2  175
IR     GOES12  20050825  2245   34.18    39.72   868    6.5  127
IR     GOES12  20050825  2245   34.36    39.24   868    5.9  121
IR     GOES12  20050825  2245   34.18    36.49   868    5.6   94
IR     GOES12  20050825  2245   34.46    35.93   868    5.6   87
IR     GOES12  20050825  2245   34.42    35.74   868    5.2   83
IR     GOES12  20050825  2245   34.06    35.27   850    5.3   78
IR     GOES12  20050825  2245   34.69    33.99   887    5.3   75
IR     GOES12  20050825  2245   35.02    30.49   868    5.4   45
IR     GOES12  20050825  2245   35.09    24.10   831    6.7   46
IR     GOES12  20050825  2245   35.04    24.10   850    7.2   47
IR     GOES12  20050825  2245   32.62    61.49   375    9.2  239
IR     GOES12  20050825  2245   32.60    54.21   162    5.5    7
IR     GOES12  20050825  2245   32.67    53.55   162    5.1   25
IR     GOES12  20050825  2245   32.82    51.92   275    5.9  349
IR     GOES12  20050825  2245   33.05    51.04   250   15.8  319
IR     GOES12  20050825  2245   33.02    49.42   250    9.0  304
IR     GOES12  20050825  2245   32.79    46.91   850    7.1  169
IR     GOES12  20050825  2245   33.11    43.31   850    7.3  140
IR     GOES12  20050825  2245   33.63    40.91   850    9.0  120
IR     GOES12  20050825  2245   33.37    40.31   868    7.9  123
IR     GOES12  20050825  2245   33.81    36.14   868    6.3   83
IR     GOES12  20050825  2245   33.71    36.10   868    6.6   84
IR     GOES12  20050825  2245   33.75    35.52   850    5.8   60
IR     GOES12  20050825  2245   33.53    35.11   868    6.6   81
IR     GOES12  20050825  2245   34.02    33.58   850    5.6   80
IR     GOES12  20050825  2245   34.70    24.62   831    7.7   43
IR     GOES12  20050825  2245   34.46    24.47   850    8.3   38
IR     GOES12  20050825  2245   31.58    61.88   275    6.3  222
IR     GOES12  20050825  2245   31.58    61.85   275    6.3  221
IR     GOES12  20050825  2245   32.02    61.18   212    7.0  237
IR     GOES12  20050825  2245   31.69    61.03   275    5.4  216
IR     GOES12  20050825  2245   31.88    54.30   300    5.0  357
IR     GOES12  20050825  2245   32.30    51.92   300    7.8  324
IR     GOES12  20050825  2245   31.82    50.94   275    8.1  353
IR     GOES12  20050825  2245   32.33    50.05   250   15.6  318
IR     GOES12  20050825  2245   32.55    46.94   831    6.5  170
IR     GOES12  20050825  2245   32.59    46.14   831    5.6  139
IR     GOES12  20050825  2245   32.18    45.73   831    6.4  133
IR     GOES12  20050825  2245   32.29    45.47   850    5.8  135
IR     GOES12  20050825  2245   32.31    44.93   887    7.2  131
IR     GOES12  20050825  2245   32.49    43.22   850    7.7  150
IR     GOES12  20050825  2245   32.30    42.38   906    6.9  113
IR     GOES12  20050825  2245   32.39    41.45   850    7.8  118
IR     GOES12  20050825  2245   32.79    39.41   887    7.1  113
IR     GOES12  20050825  2245   32.83    38.77   850    7.3   96
IR     GOES12  20050825  2245   32.58    38.01   868    7.1   91
IR     GOES12  20050825  2245   32.76    36.66   850    5.8   82
IR     GOES12  20050825  2245   32.76    36.63   850    6.1   82
IR     GOES12  20050825  2245   32.86    35.69   850    6.5   85
IR     GOES12  20050825  2245   32.74    35.40   831    5.9   87
IR     GOES12  20050825  2245   33.67    26.45   850    7.9   38
IR     GOES12  20050825  2245   33.41    25.95   850    7.5   50
IR     GOES12  20050825  2245   33.80    25.29   831    7.7   39
IR     GOES12  20050825  2245   34.14    21.41   812   10.0   46
IR     GOES12  20050825  2245   31.10    54.02   325    6.8    9
IR     GOES12  20050825  2245   31.26    53.40   312    7.1   10
IR     GOES12  20050825  2245   31.63    52.24   300    6.5  347
IR     GOES12  20050825  2245   31.63    50.91   275    7.4  351
IR     GOES12  20050825  2245   31.72    46.46   850    5.6  126
IR     GOES12  20050825  2245   31.51    46.03   775    6.7  119
IR     GOES12  20050825  2245   31.66    45.82   775    6.1  121
IR     GOES12  20050825  2245   31.64    45.28   868    6.3  137
IR     GOES12  20050825  2245   31.86    44.57   850    6.3  128
IR     GOES12  20050825  2245   31.60    44.13   850    5.5  120
IR     GOES12  20050825  2245   31.53    43.50   887    6.7  116
IR     GOES12  20050825  2245   31.95    42.61   906    6.8  113
IR     GOES12  20050825  2245   31.76    41.70   906    6.9  107
IR     GOES12  20050825  2245   31.75    41.02   850    7.8  111
IR     GOES12  20050825  2245   31.72    40.71   850    7.6  109
IR     GOES12  20050825  2245   31.83    36.97   887    8.2   84
IR     GOES12  20050825  2245   32.38    35.74   831    6.6   85
IR     GOES12  20050825  2245   32.33    35.70   831    6.5   86
IR     GOES12  20050825  2245   32.34    34.03   850    7.1   74
IR     GOES12  20050825  2245   32.32    33.62   868    7.2   74
IR     GOES12  20050825  2245   32.62    32.68   850    7.5   58
IR     GOES12  20050825  2245   32.46    30.60   868    8.6   61
IR     GOES12  20050825  2245   32.37    30.51   850    9.4   65
IR     GOES12  20050825  2245   32.31    30.02   850    9.0   63
IR     GOES12  20050825  2245   32.64    28.57   850    9.0   50
IR     GOES12  20050825  2245   32.75    27.69   850    8.5   47
IR     GOES12  20050825  2245   33.09    26.35   850    8.6   58
IR     GOES12  20050825  2245   32.69    25.74   831    7.6   38
IR     GOES12  20050825  2245   32.66    25.49   850    9.7   36
IR     GOES12  20050825  2245   33.09    22.90   850    8.3   48
IR     GOES12  20050825  2245   30.36    54.22   312    6.0  357
IR     GOES12  20050825  2245   30.64    53.90   337    6.5    5
IR     GOES12  20050825  2245   30.65    53.54   275    8.2  349
IR     GOES12  20050825  2245   30.49    52.88   300    5.9   10
IR     GOES12  20050825  2245   30.91    51.56   275    8.2    0
IR     GOES12  20050825  2245   30.80    49.67   300    5.4  325
IR     GOES12  20050825  2245   30.95    48.09   262   16.4   10
IR     GOES12  20050825  2245   31.17    46.32   812    6.6  123
IR     GOES12  20050825  2245   31.18    45.95   831    6.7  121
IR     GOES12  20050825  2245   30.73    45.80   212    6.9  124
IR     GOES12  20050825  2245   30.77    44.91   850    7.1  123
IR     GOES12  20050825  2245   31.04    44.12   812    5.5  109
IR     GOES12  20050825  2245   31.05    43.84   887    6.0  112
IR     GOES12  20050825  2245   31.12    41.50   850    8.3  105
IR     GOES12  20050825  2245   31.08    41.39   850    8.0  103
IR     GOES12  20050825  2245   31.41    40.31   868    8.7  104
IR     GOES12  20050825  2245   31.42    40.24   868    8.7  104
IR     GOES12  20050825  2245   30.98    39.60   868    8.4  105
IR     GOES12  20050825  2245   31.35    38.83   887    7.8   93
IR     GOES12  20050825  2245   31.36    37.80   887    7.5   86
IR     GOES12  20050825  2245   31.20    37.23   868    7.5   86
IR     GOES12  20050825  2245   31.45    36.13   887    7.6   83
IR     GOES12  20050825  2245   31.51    35.12   906    8.2   85
IR     GOES12  20050825  2245   31.77    33.99   850    8.7   70
IR     GOES12  20050825  2245   31.41    32.09   850   10.2   61
IR     GOES12  20050825  2245   32.00    31.11   831   10.0   62
IR     GOES12  20050825  2245   32.02    30.69   831    9.6   61
IR     GOES12  20050825  2245   32.16    29.30   850    9.0   56
IR     GOES12  20050825  2245   32.07    27.74   868    6.7   49
IR     GOES12  20050825  2245   32.36    25.58   850   11.7   41
IR     GOES12  20050825  2245   31.97    25.06   868    7.6   76
IR     GOES12  20050825  2245   32.49    21.09   387   14.4  229
IR     GOES12  20050825  2245   29.84    54.79   300    5.6   16
IR     GOES12  20050825  2245   29.88    54.69   300    5.5   15
IR     GOES12  20050825  2245   29.90    54.34   300    5.5  358
IR     GOES12  20050825  2245   29.78    53.64   212   11.1   11
IR     GOES12  20050825  2245   30.11    53.37   212    9.2   14
IR     GOES12  20050825  2245   29.85    53.03   187    8.6   15
IR     GOES12  20050825  2245   30.14    52.62   325    7.9   10
IR     GOES12  20050825  2245   29.69    52.28   337    8.2   13
IR     GOES12  20050825  2245   30.01    48.65   250   17.0    1
IR     GOES12  20050825  2245   30.03    48.10   250   20.9    5
IR     GOES12  20050825  2245   30.13    48.00   250   21.5    4
IR     GOES12  20050825  2245   30.31    45.85   850    6.7  124
IR     GOES12  20050825  2245   30.13    44.62   793    5.5  119
IR     GOES12  20050825  2245   30.66    42.32   887    6.0   87
IR     GOES12  20050825  2245   30.66    42.19   887    6.3   86
IR     GOES12  20050825  2245   30.26    41.86   831    7.4  106
IR     GOES12  20050825  2245   30.55    40.67   850    8.6  104
IR     GOES12  20050825  2245   30.42    40.54   850    8.4  102
IR     GOES12  20050825  2245   30.55    39.78   831    8.6  107
IR     GOES12  20050825  2245   30.71    39.51   831    8.1  107
IR     GOES12  20050825  2245   30.39    38.50   887    6.5  100
IR     GOES12  20050825  2245   30.34    38.45   887    6.5   92
IR     GOES12  20050825  2245   30.58    36.60   868    7.2   87
IR     GOES12  20050825  2245   30.80    35.26   906    7.0   77
IR     GOES12  20050825  2245   31.18    32.06   850   10.0   60
IR     GOES12  20050825  2245   30.89    32.14   850   10.6   58
IR     GOES12  20050825  2245   31.06    30.83   887    9.3   57
IR     GOES12  20050825  2245   30.83    30.07   831    7.7   61
IR     GOES12  20050825  2245   30.90    29.65   850    7.6   65
IR     GOES12  20050825  2245   31.41    28.33   850    8.9   66
IR     GOES12  20050825  2245   31.37    28.19   850    8.9   66
IR     GOES12  20050825  2245   31.22    27.62   850    8.0   59
IR     GOES12  20050825  2245   31.56    26.03   850    5.8   69
IR     GOES12  20050825  2245   31.88    21.44   425   16.1  236
IR     GOES12  20050825  2245   31.59    21.49   412   15.2  243
IR     GOES12  20050825  2245   29.34    61.98   287    7.8  137
IR     GOES12  20050825  2245   29.39    54.52   162    6.1   39
IR     GOES12  20050825  2245   29.13    54.08   200    9.5   37
IR     GOES12  20050825  2245   29.06    53.64   200   12.2   37
IR     GOES12  20050825  2245   29.16    53.32   200   11.5   18
IR     GOES12  20050825  2245   29.03    53.14   200   12.3   18
IR     GOES12  20050825  2245   29.41    52.60   287   11.6   25
IR     GOES12  20050825  2245   29.56    49.74   225    8.1    3
IR     GOES12  20050825  2245   29.56    49.71   225    8.3    4
IR     GOES12  20050825  2245   29.68    48.99   250   14.5    4
IR     GOES12  20050825  2245   29.51    48.50   250   20.9    4
IR     GOES12  20050825  2245   29.22    46.79   300    6.8   16
IR     GOES12  20050825  2245   29.39    45.90   793    6.0  127
IR     GOES12  20050825  2245   29.50    45.53   756    5.9  123
IR     GOES12  20050825  2245   29.72    44.54   793    6.0  118
IR     GOES12  20050825  2245   29.64    44.40   812    6.0  119
IR     GOES12  20050825  2245   29.49    43.63   887    8.6  106
IR     GOES12  20050825  2245   29.94    41.92   850    7.0  107
IR     GOES12  20050825  2245   29.69    41.43   831    5.0  115
IR     GOES12  20050825  2245   30.08    40.02   850    6.9   96
IR     GOES12  20050825  2245   29.65    39.44   850    8.1  102
IR     GOES12  20050825  2245   29.75    39.22   812    5.4   90
IR     GOES12  20050825  2245   30.21    35.86   887    7.1   72
IR     GOES12  20050825  2245   30.21    35.83   887    7.3   72
IR     GOES12  20050825  2245   30.37    34.54   906    8.3   65
IR     GOES12  20050825  2245   30.32    33.84   868    7.6   64
IR     GOES12  20050825  2245   29.95    33.10   906    7.7   65
IR     GOES12  20050825  2245   30.00    32.92   906    7.9   64
IR     GOES12  20050825  2245   30.44    31.78   906    8.1   57
IR     GOES12  20050825  2245   30.35    31.06   831    7.3   54
IR     GOES12  20050825  2245   30.58    30.34   831    7.0   50
IR     GOES12  20050825  2245   30.58    30.25   831    7.1   50
IR     GOES12  20050825  2245   30.60    24.19   312   11.2  277
IR     GOES12  20050825  2245   30.97    23.55   375   15.6  248
IR     GOES12  20050825  2245   31.24    21.71   400   12.7  250
IR     GOES12  20050825  2245   28.63    54.55   212    7.2   32
IR     GOES12  20050825  2245   28.73    54.10   200    9.6   34
IR     GOES12  20050825  2245   28.56    53.90   200    9.4   37
IR     GOES12  20050825  2245   28.46    52.75   225    7.3   16
IR     GOES12  20050825  2245   28.66    52.08   287    6.8    6
IR     GOES12  20050825  2245   28.84    51.94   325    6.9    9
IR     GOES12  20050825  2245   28.72    50.41   262    5.5    2
IR     GOES12  20050825  2245   28.59    50.20   275    5.9   13
IR     GOES12  20050825  2245   28.92    49.80   212    8.1   11
IR     GOES12  20050825  2245   28.57    49.48   225   19.1   12
IR     GOES12  20050825  2245   28.81    46.87   312    5.5    9
IR     GOES12  20050825  2245   28.65    46.41   312    5.5    9
IR     GOES12  20050825  2245   28.94    45.83   756    5.9  123
IR     GOES12  20050825  2245   29.16    44.92   831    7.5  108
IR     GOES12  20050825  2245   29.17    44.64   812    7.1  114
IR     GOES12  20050825  2245   28.96    42.38   850    6.6   90
IR     GOES12  20050825  2245   28.96    42.28   850    6.9   93
IR     GOES12  20050825  2245   28.86    41.64   775    5.7   91
IR     GOES12  20050825  2245   28.87    41.38   737    5.4   86
IR     GOES12  20050825  2245   29.19    39.43   868    6.3   91
IR     GOES12  20050825  2245   29.26    38.97   831    7.8   79
IR     GOES12  20050825  2245   29.19    38.47   793    6.7  106
IR     GOES12  20050825  2245   29.11    38.35   793    5.5   96
IR     GOES12  20050825  2245   29.59    36.22   868    8.0   80
IR     GOES12  20050825  2245   29.52    35.72   868    7.5   79
IR     GOES12  20050825  2245   29.08    35.44   887    8.4   87
IR     GOES12  20050825  2245   29.54    34.61   850    8.0   76
IR     GOES12  20050825  2245   29.18    34.49   868    7.2   74
IR     GOES12  20050825  2245   29.68    32.97   906    7.9   64
IR     GOES12  20050825  2245   29.84    22.91   868    5.3   39
IR     GOES12  20050825  2245   27.76    53.83   225    9.2   27
IR     GOES12  20050825  2245   27.82    53.42   262    8.1   35
IR     GOES12  20050825  2245   27.82    53.26   275    6.0   16
IR     GOES12  20050825  2245   28.19    50.29   275    7.3   21
IR     GOES12  20050825  2245   28.23    50.23   275    7.5   21
IR     GOES12  20050825  2245   28.08    49.66   212   16.2   11
IR     GOES12  20050825  2245   28.13    49.37   250   19.7   18
IR     GOES12  20050825  2245   28.42    46.43   312    5.8   13
IR     GOES12  20050825  2245   28.43    46.28   300    6.3   24
IR     GOES12  20050825  2245   28.25    45.29   887    8.4  106
IR     GOES12  20050825  2245   28.47    43.13   868    8.8  103
IR     GOES12  20050825  2245   28.41    42.51   850    7.0   89
IR     GOES12  20050825  2245   28.52    42.03   812    6.9   87
IR     GOES12  20050825  2245   28.40    41.84   775    6.5   87
IR     GOES12  20050825  2245   28.46    41.47   756    5.7   84
IR     GOES12  20050825  2245   28.59    40.62   756    5.5  120
IR     GOES12  20050825  2245   28.69    40.35   775    6.0  113
IR     GOES12  20050825  2245   28.49    39.83   868    7.2   89
IR     GOES12  20050825  2245   28.66    39.20   831   10.0   89
IR     GOES12  20050825  2245   28.32    38.67   793    6.5   84
IR     GOES12  20050825  2245   28.47    37.49   868    8.2   89
IR     GOES12  20050825  2245   28.36    36.97   868    8.1   79
IR     GOES12  20050825  2245   28.59    36.13   906    8.0   84
IR     GOES12  20050825  2245   29.01    34.98   868    8.1   79
IR     GOES12  20050825  2245   28.52    34.87   868    7.7   82
IR     GOES12  20050825  2245   28.98    33.15   831    5.3   77
IR     GOES12  20050825  2245   28.89    32.97   831    7.2   81
IR     GOES12  20050825  2245   29.15    30.89   868    5.7   66
IR     GOES12  20050825  2245   29.16    30.69   868    5.1   60
IR     GOES12  20050825  2245   28.90    29.63   850    8.6   59
IR     GOES12  20050825  2245   27.37    53.64   287    7.7   35
IR     GOES12  20050825  2245   27.25    51.72   362    5.5   19
IR     GOES12  20050825  2245   27.42    50.62   212    8.0   11
IR     GOES12  20050825  2245   27.44    50.24   200    8.6   38
IR     GOES12  20050825  2245   27.68    49.70   200   16.2   13
IR     GOES12  20050825  2245   27.19    46.04   300    5.3  358
IR     GOES12  20050825  2245   27.88    43.43   887    8.4   88
IR     GOES12  20050825  2245   27.92    42.56   868    8.0   96
IR     GOES12  20050825  2245   27.77    41.85   906    7.8   99
IR     GOES12  20050825  2245   27.48    41.29   850    9.6   89
IR     GOES12  20050825  2245   27.58    41.12   868    9.7   88
IR     GOES12  20050825  2245   28.05    39.71   831    7.1  100
IR     GOES12  20050825  2245   27.82    37.05   906    8.0   86
IR     GOES12  20050825  2245   28.13    36.24   887    7.2   87
IR     GOES12  20050825  2245   28.20    35.71   887    7.2   87
IR     GOES12  20050825  2245   27.91    35.31   887    8.6   81
IR     GOES12  20050825  2245   28.26    34.66   868    7.7   80
IR     GOES12  20050825  2245   28.20    34.01   868    8.3   77
IR     GOES12  20050825  2245   28.02    33.28   868    9.6   79
IR     GOES12  20050825  2245   27.81    32.96   868    8.1   74
IR     GOES12  20050825  2245   28.45    31.89   850    6.8   67
IR     GOES12  20050825  2245   28.16    31.46   887    7.4   67
IR     GOES12  20050825  2245   28.45    30.42   868    6.5   70
IR     GOES12  20050825  2245   28.43    29.91   850    8.6   60
IR     GOES12  20050825  2245   28.54    29.64   850    6.7   42
IR     GOES12  20050825  2245   28.55    28.74   887    7.3   59
IR     GOES12  20050825  2245   28.67    20.87   250   38.7  239
IR     GOES12  20050825  2245   28.71    20.25   262   36.0  238
IR     GOES12  20050825  2245   26.13    61.80   300    5.3  241
IR     GOES12  20050825  2245   26.26    61.71   262    5.7  235
IR     GOES12  20050825  2245   26.35    61.33   225    5.3  242
IR     GOES12  20050825  2245   26.30    56.18   225    6.3   84
IR     GOES12  20050825  2245   26.34    56.01   262    5.7   86
IR     GOES12  20050825  2245   26.46    55.02   831    6.2   37
IR     GOES12  20050825  2245   26.70    54.11   225    8.1   40
IR     GOES12  20050825  2245   26.66    54.01   225    8.0   41
IR     GOES12  20050825  2245   26.76    53.65   250   13.0   44
IR     GOES12  20050825  2245   26.71    52.24   262    6.9   33
IR     GOES12  20050825  2245   26.95    50.37   200    8.5   45
IR     GOES12  20050825  2245   26.80    49.71   400    5.0    6
IR     GOES12  20050825  2245   27.02    46.10   225    6.0    1
IR     GOES12  20050825  2245   27.15    42.71   850    9.6   94
IR     GOES12  20050825  2245   27.18    42.22   850    8.9   98
IR     GOES12  20050825  2245   26.85    41.55   868   10.7  100
IR     GOES12  20050825  2245   26.81    41.54   868   10.6  100
IR     GOES12  20050825  2245   27.08    40.43   850    7.7  104
IR     GOES12  20050825  2245   27.24    39.88   831    6.7  100
IR     GOES12  20050825  2245   27.46    38.84   850    7.8   95
IR     GOES12  20050825  2245   27.12    38.55   850    7.6   94
IR     GOES12  20050825  2245   27.34    36.81   906    7.5   85
IR     GOES12  20050825  2245   27.51    36.11   887    8.1   89
IR     GOES12  20050825  2245   27.60    35.27   868    8.4   83
IR     GOES12  20050825  2245   27.63    34.69   887    7.5   82
IR     GOES12  20050825  2245   27.43    33.29   868    8.1   78
IR     GOES12  20050825  2245   27.58    32.94   868    7.6   75
IR     GOES12  20050825  2245   27.86    30.33   887    8.4   67
IR     GOES12  20050825  2245   27.82    22.74   200   35.5  240
IR     GOES12  20050825  2245   28.36    21.33   225   37.2  239
IR     GOES12  20050825  2245   28.10    21.17   237   32.4  239
IR     GOES12  20050825  2245   25.73    60.49   225    9.8  271
IR     GOES12  20050825  2245   25.95    56.25   237    6.2   77
IR     GOES12  20050825  2245   25.92    55.92   275    5.0   59
IR     GOES12  20050825  2245   26.21    54.76   225    6.3   26
IR     GOES12  20050825  2245   26.13    54.34   225    6.1   28
IR     GOES12  20050825  2245   26.14    54.16   225    6.4   34
IR     GOES12  20050825  2245   25.81    53.63   287    6.0   44
IR     GOES12  20050825  2245   26.10    49.79   200    5.1    8
IR     GOES12  20050825  2245   26.19    48.42   212    5.9   21
IR     GOES12  20050825  2245   26.07    47.93   212    5.9   13
IR     GOES12  20050825  2245   25.99    47.73   300    6.1   20
IR     GOES12  20050825  2245   26.36    42.78   887   10.3   94
IR     GOES12  20050825  2245   26.60    42.20   887   11.0   99
IR     GOES12  20050825  2245   26.21    42.20   887   10.9   99
IR     GOES12  20050825  2245   26.66    40.85   906   10.5  100
IR     GOES12  20050825  2245   26.37    40.53   868   10.0  100
IR     GOES12  20050825  2245   26.57    40.04   887   10.4  101
IR     GOES12  20050825  2245   26.43    39.18   887    9.1   95
IR     GOES12  20050825  2245   26.27    38.90   868    8.1   90
IR     GOES12  20050825  2245   26.69    37.33   868    8.8   84
IR     GOES12  20050825  2245   26.70    37.12   868    8.9   84
IR     GOES12  20050825  2245   26.86    34.85   868    9.1   85
IR     GOES12  20050825  2245   26.78    34.65   868    7.6   81
IR     GOES12  20050825  2245   26.89    34.27   868    6.7   83
IR     GOES12  20050825  2245   26.79    33.61   868    5.6   79
IR     GOES12  20050825  2245   26.91    31.28   887    6.9   78
IR     GOES12  20050825  2245   27.32    24.85   250   31.1  247
IR     GOES12  20050825  2245   27.43    24.58   250   31.6  247
IR     GOES12  20050825  2245   27.12    23.71   262   27.9  240
IR     GOES12  20050825  2245   27.62    22.96   200   34.5  240
IR     GOES12  20050825  2245   27.71    22.18   200   31.2  237
IR     GOES12  20050825  2245   25.05    60.47   200    5.2  235
IR     GOES12  20050825  2245   24.97    59.77   175    8.6  243
IR     GOES12  20050825  2245   25.52    54.57   287    6.0   27
IR     GOES12  20050825  2245   25.00    53.53   212    8.9   30
IR     GOES12  20050825  2245   25.47    53.22   200    9.1   34
IR     GOES12  20050825  2245   25.40    52.71   212    9.8   46
IR     GOES12  20050825  2245   25.59    42.46   850   14.6   97
IR     GOES12  20050825  2245   25.55    42.42   850   14.2   96
IR     GOES12  20050825  2245   25.75    41.80   868   10.2   96
IR     GOES12  20050825  2245   26.03    40.36   850   10.3   99
IR     GOES12  20050825  2245   26.05    39.88   887    8.8   96
IR     GOES12  20050825  2245   26.10    38.78   850    8.1   91
IR     GOES12  20050825  2245   26.06    38.73   868    9.3   95
IR     GOES12  20050825  2245   26.17    28.56   300   23.0  254
IR     GOES12  20050825  2245   26.23    28.19   300   23.0  256
IR     GOES12  20050825  2245   26.54    26.76   300   26.4  251
IR     GOES12  20050825  2245   26.30    26.29   300   24.0  244
IR     GOES12  20050825  2245   26.61    25.49   287   25.4  247
IR     GOES12  20050825  2245   26.68    24.98   287   25.5  246
IR     GOES12  20050825  2245   26.92    23.97   262   26.7  241
IR     GOES12  20050825  2245   26.45    23.65   275   22.4  240
IR     GOES12  20050825  2245   26.82    22.67   262   22.4  239
IR     GOES12  20050825  2245   27.06    21.77   300   19.2  232
IR     GOES12  20050825  2245   26.73    21.25   300   18.1  240
IR     GOES12  20050825  2245   26.59    20.61   387   16.1  233
IR     GOES12  20050825  2245   24.42    58.04   325    5.6  308
IR     GOES12  20050825  2245   24.88    51.52   250   13.9   27
IR     GOES12  20050825  2245   24.63    51.48   250   14.0   25
IR     GOES12  20050825  2245   24.79    50.51   312    8.8   75
IR     GOES12  20050825  2245   24.78    49.20   700    5.9   93
IR     GOES12  20050825  2245   25.16    44.62   868   10.4   87
IR     GOES12  20050825  2245   24.78    43.23   756   10.5   93
IR     GOES12  20050825  2245   24.84    42.82   775    8.4  100
IR     GOES12  20050825  2245   25.26    41.95   831   10.5  100
IR     GOES12  20050825  2245   25.21    41.24   831   11.0   98
IR     GOES12  20050825  2245   25.10    36.74   225   29.4  246
IR     GOES12  20050825  2245   25.31    36.07   250   29.4  245
IR     GOES12  20050825  2245   25.31    36.04   250   29.5  245
IR     GOES12  20050825  2245   25.30    33.44   262   27.3  264
IR     GOES12  20050825  2245   25.45    31.38   337    9.7  242
IR     GOES12  20050825  2245   25.87    29.94   275   20.8  251
IR     GOES12  20050825  2245   25.83    27.55   337   17.9  250
IR     GOES12  20050825  2245   25.96    26.79   312   20.7  247
IR     GOES12  20050825  2245   26.00    26.02   337   17.6  248
IR     GOES12  20050825  2245   26.23    24.33   287   20.4  245
IR     GOES12  20050825  2245   25.93    23.31   287   18.0  241
IR     GOES12  20050825  2245   25.83    22.77   325   13.9  244
IR     GOES12  20050825  2245   25.82    22.19   350   12.9  234
IR     GOES12  20050825  2245   26.33    21.10   375   15.1  234
IR     GOES12  20050825  2245   24.05    61.76   225    8.4  249
IR     GOES12  20050825  2245   23.77    59.10   237    5.5  291
IR     GOES12  20050825  2245   24.13    52.45   906    8.1   66
IR     GOES12  20050825  2245   23.94    52.06   887   10.1   48
IR     GOES12  20050825  2245   24.27    49.25   756    7.5   88
IR     GOES12  20050825  2245   24.00    48.57   718    5.9   97
IR     GOES12  20050825  2245   24.14    45.66   812   14.1   89
IR     GOES12  20050825  2245   24.25    44.88   831   12.1   94
IR     GOES12  20050825  2245   24.61    43.32   756   10.1   95
IR     GOES12  20050825  2245   24.15    42.94   812    8.8  100
IR     GOES12  20050825  2245   24.38    41.49   718   10.6  107
IR     GOES12  20050825  2245   24.38    41.43   718   10.8  108
IR     GOES12  20050825  2245   24.23    40.97   812    8.4  102
IR     GOES12  20050825  2245   24.43    40.38   812    7.7  104
IR     GOES12  20050825  2245   24.37    39.75   287   15.6  234
IR     GOES12  20050825  2245   24.79    38.92   262   20.3  245
IR     GOES12  20050825  2245   24.60    37.32   250   25.7  242
IR     GOES12  20050825  2245   24.52    36.27   275   22.6  244
IR     GOES12  20050825  2245   24.49    36.01   275   21.2  253
IR     GOES12  20050825  2245   25.21    30.95   350    6.6  246
IR     GOES12  20050825  2245   25.06    28.61   337   11.7  256
IR     GOES12  20050825  2245   25.00    28.13   350   10.7  252
IR     GOES12  20050825  2245   25.23    23.95   337   12.9  239
IR     GOES12  20050825  2245   25.19    23.84   325   13.5  240
IR     GOES12  20050825  2245   25.58    22.44   350   12.9  239
IR     GOES12  20050825  2245   25.37    22.22   375   12.7  238
IR     GOES12  20050825  2245   22.97    61.91   212   19.2  304
IR     GOES12  20050825  2245   23.31    61.25   200   12.0  290
IR     GOES12  20050825  2245   23.48    60.97   212   11.0  274
IR     GOES12  20050825  2245   23.12    60.11   187    6.7  275
IR     GOES12  20050825  2245   23.09    59.65   212    9.1  287
IR     GOES12  20050825  2245   23.09    59.63   212    9.1  288
IR     GOES12  20050825  2245   23.11    58.59   275    5.3  300
IR     GOES12  20050825  2245   23.57    51.52   887    8.7   50
IR     GOES12  20050825  2245   23.34    50.76   887    8.6   59
IR     GOES12  20050825  2245   23.46    49.76   906    8.9   66
IR     GOES12  20050825  2245   23.57    45.10   831   13.6   90
IR     GOES12  20050825  2245   23.51    43.13   312   10.6  236
IR     GOES12  20050825  2245   23.75    42.25   718   11.7  117
IR     GOES12  20050825  2245   23.77    41.86   662    7.1  111
IR     GOES12  20050825  2245   24.13    39.25   312   17.1  245
IR     GOES12  20050825  2245   24.00    33.56   337    8.3  228
IR     GOES12  20050825  2245   23.92    33.35   337    7.5  228
IR     GOES12  20050825  2245   24.25    28.35   362    6.6  243
IR     GOES12  20050825  2245   24.64    27.62   362    9.0  253
IR     GOES12  20050825  2245   24.53    26.31   362   10.4  244
IR     GOES12  20050825  2245   24.41    26.04   362   10.4  248
IR     GOES12  20050825  2245   24.42    24.36   362    8.2  241
IR     GOES12  20050825  2245   24.42    24.27   362    8.8  243
IR     GOES12  20050825  2245   24.62    23.00   362   11.6  240
IR     GOES12  20050825  2245   24.96    22.45   362   12.7  239
IR     GOES12  20050825  2245   22.80    61.98   212   15.5  298
IR     GOES12  20050825  2245   22.72    61.94   212   16.4  300
IR     GOES12  20050825  2245   22.81    61.55   212   16.6  299
IR     GOES12  20050825  2245   22.46    60.34   200    7.0  292
IR     GOES12  20050825  2245   22.87    60.12   187    7.1  281
IR     GOES12  20050825  2245   22.68    59.54   187    6.7  282
IR     GOES12  20050825  2245   22.86    58.58   287    5.6  298
IR     GOES12  20050825  2245   22.86    58.38   300    6.2  298
IR     GOES12  20050825  2245   22.53    56.36   300    6.4  307
IR     GOES12  20050825  2245   22.50    56.22   300    6.6  313
IR     GOES12  20050825  2245   23.03    51.35   868    8.3   52
IR     GOES12  20050825  2245   23.07    44.71   350    8.1  258
IR     GOES12  20050825  2245   23.08    44.68   350    7.7  259
IR     GOES12  20050825  2245   22.89    44.02   137    5.2  226
IR     GOES12  20050825  2245   23.30    43.14   312   11.4  239
IR     GOES12  20050825  2245   23.20    39.14   262   20.0  234
IR     GOES12  20050825  2245   23.38    38.75   262   16.8  236
IR     GOES12  20050825  2245   23.40    38.37   287   14.6  233
IR     GOES12  20050825  2245   23.24    34.24   337    6.5  221
IR     GOES12  20050825  2245   23.55    33.99   325    7.5  234
IR     GOES12  20050825  2245   23.54    29.63   350    7.3  240
IR     GOES12  20050825  2245   23.50    29.54   350    7.3  239
IR     GOES12  20050825  2245   24.16    25.95   325   11.5  258
IR     GOES12  20050825  2245   24.15    24.42   362    8.8  241
IR     GOES12  20050825  2245   22.18    61.95   212   14.6  298
IR     GOES12  20050825  2245   21.94    61.60   212   13.9  308
IR     GOES12  20050825  2245   22.23    61.48   212   17.1  304
IR     GOES12  20050825  2245   22.20    60.82   200   15.8  313
IR     GOES12  20050825  2245   22.08    60.69   200   13.5  314
IR     GOES12  20050825  2245   22.07    56.90   225    5.9  311
IR     GOES12  20050825  2245   22.11    56.75   200    8.8  296
IR     GOES12  20050825  2245   22.29    56.23   275    6.7  312
IR     GOES12  20050825  2245   22.29    56.11   237    7.1  316
IR     GOES12  20050825  2245   21.98    55.30   906    8.0   63
IR     GOES12  20050825  2245   22.19    50.19   887    9.8   58
IR     GOES12  20050825  2245   22.06    47.67   793   13.0   77
IR     GOES12  20050825  2245   22.43    38.33   287   11.7  219
IR     GOES12  20050825  2245   22.47    37.36   312    8.9  217
IR     GOES12  20050825  2245   22.83    34.69   337    6.2  229
IR     GOES12  20050825  2245   22.84    34.62   337    6.2  229
IR     GOES12  20050825  2245   22.87    33.89   325    6.0  230
IR     GOES12  20050825  2245   22.68    33.27   300    6.1  224
IR     GOES12  20050825  2245   21.49    61.86   200   12.6  302
IR     GOES12  20050825  2245   21.53    61.65   200   14.8  308
IR     GOES12  20050825  2245   21.42    61.41   200   20.2  313
IR     GOES12  20050825  2245   21.18    60.87   200   12.7  318
IR     GOES12  20050825  2245   21.39    56.33   200    7.3  312
IR     GOES12  20050825  2245   21.60    55.76   887    8.3   72
IR     GOES12  20050825  2245   21.79    51.44   887    9.9   57
IR     GOES12  20050825  2245   21.47    50.91   887   10.4   47
IR     GOES12  20050825  2245   21.69    50.40   868   10.5   53
IR     GOES12  20050825  2245   21.54    50.15   887   10.8   51
IR     GOES12  20050825  2245   21.38    49.66   812   12.1   55
IR     GOES12  20050825  2245   21.78    48.59   812   13.2   64
IR     GOES12  20050825  2245   21.93    46.42   775   16.0   88
IR     GOES12  20050825  2245   22.25    39.70   250   19.3  214
IR     GOES12  20050825  2245   22.20    38.73   250   19.4  228
IR     GOES12  20050825  2245   22.24    37.80   325    9.1  215
IR     GOES12  20050825  2245   22.37    34.69   337    5.6  192
IR     GOES12  20050825  2245   22.21    34.39   312    5.3  202
IR     GOES12  20050825  2245   21.93    34.20   312    5.9  204
IR     GOES12  20050825  2245   20.98    60.92   200   12.8  320
IR     GOES12  20050825  2245   20.90    60.81   187   12.8  319
IR     GOES12  20050825  2245   20.87    60.27   187   18.8  320
IR     GOES12  20050825  2245   20.92    57.06   200    6.7  309
IR     GOES12  20050825  2245   20.93    56.74   200    7.4  312
IR     GOES12  20050825  2245   21.03    53.83   850    9.0   65
IR     GOES12  20050825  2245   21.16    53.61   887    9.6   66
IR     GOES12  20050825  2245   20.67    52.12   887   11.0   47
IR     GOES12  20050825  2245   21.13    50.08   850   12.0   52
IR     GOES12  20050825  2245   21.22    49.72   812   12.0   55
IR     GOES12  20050825  2245   21.19    49.37   775   12.2   62
IR     GOES12  20050825  2245   21.07    49.21   775   12.0   62
IR     GOES12  20050825  2245   20.98    48.15   718    9.8   71
IR     GOES12  20050825  2245   20.94    48.13   718    9.7   71
IR     GOES12  20050825  2245   21.18    46.95   587   11.2   76
IR     GOES12  20050825  2245   21.14    46.82   718   10.0   72
IR     GOES12  20050825  2245   21.04    43.37   237   12.8  203
IR     GOES12  20050825  2245   21.54    38.72   262   14.4  230
IR     GOES12  20050825  2245   21.65    36.78   362    5.8  212
IR     GOES12  20050825  2245   21.42    36.31   300    6.8  219
IR     GOES12  20050825  2245   21.47    36.16   300    6.1  217
IR     GOES12  20050825  2245   21.36    35.81   312    7.7  230
IR     GOES12  20050825  2245   21.72    35.14   325    7.7  226
IR     GOES12  20050825  2245   21.71    34.43   300    7.4  221
IR     GOES12  20050825  2245   21.44    32.78   300    5.9  228
IR     GOES12  20050825  2245   21.55    32.13   312    6.0  204
IR     GOES12  20050825  2245   20.08    61.34   200   15.1  294
IR     GOES12  20050825  2245   19.89    61.20   200   19.0  302
IR     GOES12  20050825  2245   20.38    60.64   175   18.8  315
IR     GOES12  20050825  2245   20.23    59.79   187   23.3  317
IR     GOES12  20050825  2245   20.28    55.00   175    8.5  294
IR     GOES12  20050825  2245   20.43    53.47   906    9.2   46
IR     GOES12  20050825  2245   20.36    53.18   868    8.5   55
IR     GOES12  20050825  2245   20.62    52.58   887    8.4   32
IR     GOES12  20050825  2245   20.42    52.24   887    9.8   48
IR     GOES12  20050825  2245   20.62    50.91   887   10.1   44
IR     GOES12  20050825  2245   20.27    50.08   868   11.1   50
IR     GOES12  20050825  2245   20.57    49.58   831    9.8   57
IR     GOES12  20050825  2245   20.65    48.25   718    8.7   72
IR     GOES12  20050825  2245   20.58    47.76   587    7.3   69
IR     GOES12  20050825  2245   20.34    46.23   775   12.6   65
IR     GOES12  20050825  2245   20.75    43.48   250    9.2  202
IR     GOES12  20050825  2245   20.79    43.38   250   11.1  201
IR     GOES12  20050825  2245   20.79    41.18   237   12.6  219
IR     GOES12  20050825  2245   20.88    37.29   287    8.3  261
IR     GOES12  20050825  2245   21.13    36.20   300    6.6  224
IR     GOES12  20050825  2245   20.91    35.63   312    5.3  232
IR     GOES12  20050825  2245   20.75    35.29   312    7.1  239
IR     GOES12  20050825  2245   20.82    33.75   300    7.4  232
IR     GOES12  20050825  2245   21.05    32.99   325    5.7  243
IR     GOES12  20050825  2245   21.12    32.32   312    6.6  228
IR     GOES12  20050825  2245   21.13    32.29   312    6.7  229
IR     GOES12  20050825  2245   19.77    61.12   200   18.9  304
IR     GOES12  20050825  2245   19.77    61.07   200   18.8  305
IR     GOES12  20050825  2245   19.70    60.50   175   18.7  304
IR     GOES12  20050825  2245   19.78    60.38   175   18.8  304
IR     GOES12  20050825  2245   19.42    60.04   175   20.9  308
IR     GOES12  20050825  2245   19.90    53.98   887    8.4   52
IR     GOES12  20050825  2245   19.52    52.98   887    8.7   34
IR     GOES12  20050825  2245   19.61    52.57   887    9.0   51
IR     GOES12  20050825  2245   19.73    46.13   775    9.0   77
IR     GOES12  20050825  2245   20.12    41.33   225   11.7  200
IR     GOES12  20050825  2245   20.03    40.56   237   16.3  210
IR     GOES12  20050825  2245   20.03    40.50   225   16.3  211
IR     GOES12  20050825  2245   20.04    40.07   237   14.8  200
IR     GOES12  20050825  2245   20.33    37.90   287    7.9  235
IR     GOES12  20050825  2245   20.22    37.40   262    8.9  246
IR     GOES12  20050825  2245   20.10    37.32   262    8.2  241
IR     GOES12  20050825  2245   20.38    36.42   262    7.3  243
IR     GOES12  20050825  2245   20.11    35.96   262    7.9  270
IR     GOES12  20050825  2245   20.38    35.34   287    7.0  243
IR     GOES12  20050825  2245   20.26    35.25   287    6.5  230
IR     GOES12  20050825  2245   20.29    34.34   262    9.7  249
IR     GOES12  20050825  2245   20.30    34.30   262   10.9  249
IR     GOES12  20050825  2245   20.11    33.76   237   13.1  262
IR     GOES12  20050825  2245   20.32    32.75   300    6.6  230
IR     GOES12  20050825  2245   19.17    60.77   175   18.1  314
IR     GOES12  20050825  2245   19.06    60.57   187   21.6  317
IR     GOES12  20050825  2245   18.90    60.17   175   17.7  307
IR     GOES12  20050825  2245   18.93    54.06   850    8.3   71
IR     GOES12  20050825  2245   19.30    53.51   850    9.6   67
IR     GOES12  20050825  2245   19.32    52.69   868    9.0   52
IR     GOES12  20050825  2245   19.01    52.30   887    8.7   52
IR     GOES12  20050825  2245   19.36    51.03   887   10.0   43
IR     GOES12  20050825  2245   19.00    50.79   887    9.8   39
IR     GOES12  20050825  2245   19.25    41.84   162    7.4  193
IR     GOES12  20050825  2245   19.28    41.08   175   11.1  208
IR     GOES12  20050825  2245   19.47    40.07   212   11.1  204
IR     GOES12  20050825  2245   19.32    39.79   225    9.4  202
IR     GOES12  20050825  2245   19.64    37.54   262   11.6  223
IR     GOES12  20050825  2245   19.44    37.35   237   12.2  226
IR     GOES12  20050825  2245   19.94    35.04   262    7.7  253
IR     GOES12  20050825  2245   19.94    34.87   250    7.2  255
IR     GOES12  20050825  2245   19.53    33.79   250   10.9  272
IR     GOES12  20050825  2245   19.84    33.32   262   12.4  266
IR     GOES12  20050825  2245   19.68    33.01   262   11.8  270
IR     GOES12  20050825  2245   18.47    60.06   162   17.6  321
IR     GOES12  20050825  2245   18.71    39.88   225   11.8  202
IR     GOES12  20050825  2245   18.72    38.05   262    7.6  238
IR     GOES12  20050825  2245   19.11    34.09   262    9.2  280
IR     GOES12  20050825  2245   19.25    33.73   275   11.0  283
IR     GOES12  20050825  2245   19.39    33.16   275    9.3  277
IR     GOES12  20050825  2245   17.88    60.00   162   13.9  326
IR     GOES12  20050825  2245   17.77    59.60   162   14.8  336
IR     GOES12  20050825  2245   17.83    58.08   887    5.7   65
IR     GOES12  20050825  2245   17.63    57.99   868    5.8   66
IR     GOES12  20050825  2245   17.69    57.14   887    5.7   66
IR     GOES12  20050825  2245   17.80    51.33   887    8.9   33
IR     GOES12  20050825  2245   17.96    50.98   887    9.3   25
IR     GOES12  20050825  2245   17.99    46.58   162   11.0  201
IR     GOES12  20050825  2245   17.99    46.56   162   11.1  201
IR     GOES12  20050825  2245   17.89    45.88   175    7.4  219
IR     GOES12  20050825  2245   18.06    39.77   200    7.5  229
IR     GOES12  20050825  2245   18.24    36.93   200    8.7  310
IR     GOES12  20050825  2245   18.37    35.28   225    6.1  293
IR     GOES12  20050825  2245   18.70    34.03   262    8.6  289
IR     GOES12  20050825  2245   18.47    33.72   250    7.2  299
IR     GOES12  20050825  2245   17.22    59.47   175    5.4    2
IR     GOES12  20050825  2245   17.25    54.91   868    6.0   62
IR     GOES12  20050825  2245   17.34    54.35   868    9.5   45
IR     GOES12  20050825  2245   17.51    46.79   162   11.6  202
IR     GOES12  20050825  2245   17.43    46.62   162    9.6  203
IR     GOES12  20050825  2245   17.56    46.09   162    8.2  213
IR     GOES12  20050825  2245   17.34    45.63   162    9.9  193
IR     GOES12  20050825  2245   17.42    44.03   137    9.8  217
IR     GOES12  20050825  2245   17.58    43.80   137    9.1  210
IR     GOES12  20050825  2245   17.60    43.29   137    9.0  201
IR     GOES12  20050825  2245   17.46    42.68   150    6.5  197
IR     GOES12  20050825  2245   17.46    42.65   162    6.2  210
IR     GOES12  20050825  2245   17.68    40.53   175    5.1  233
IR     GOES12  20050825  2245   17.89    40.05   187    6.6  211
IR     GOES12  20050825  2245   17.62    38.57   200    8.8  288
IR     GOES12  20050825  2245   17.51    38.24   187    5.8  300
IR     GOES12  20050825  2245   17.92    37.84   187    5.6  264
IR     GOES12  20050825  2245   17.67    36.76   212    5.1  296
IR     GOES12  20050825  2245   17.82    36.08   212    7.5  327
IR     GOES12  20050825  2245   17.99    35.93   225    6.4  315
IR     GOES12  20050825  2245   17.81    35.21   212    6.9  316
IR     GOES12  20050825  2245   17.94    34.90   225    5.2  318
IR     GOES12  20050825  2245   16.62    60.67   162    5.6   22
IR     GOES12  20050825  2245   16.54    55.06   868    6.6   57
IR     GOES12  20050825  2245   16.91    52.12   850    9.6   37
IR     GOES12  20050825  2245   16.88    52.01   868    9.7   39
IR     GOES12  20050825  2245   16.89    51.38   887    8.1   31
IR     GOES12  20050825  2245   16.61    49.83   237   11.2  162
IR     GOES12  20050825  2245   16.77    49.44   212   14.9  186
IR     GOES12  20050825  2245   16.77    47.90   225    8.6  191
IR     GOES12  20050825  2245   16.93    47.74   212    8.3  190
IR     GOES12  20050825  2245   16.74    47.26   175    9.5  201
IR     GOES12  20050825  2245   16.99    46.97   162    8.8  194
IR     GOES12  20050825  2245   17.10    45.68   162   11.1  197
IR     GOES12  20050825  2245   16.86    44.24   137    7.3  205
IR     GOES12  20050825  2245   16.86    44.21   137    7.1  204
IR     GOES12  20050825  2245   17.19    43.56   137    8.7  203
IR     GOES12  20050825  2245   16.89    43.01   137    6.9  199
IR     GOES12  20050825  2245   16.86    42.68   162    5.4  198
IR     GOES12  20050825  2245   17.19    40.95   212    6.8  205
IR     GOES12  20050825  2245   17.04    37.70   200    8.1  346
IR     GOES12  20050825  2245   17.05    37.42   200    8.5  344
IR     GOES12  20050825  2245   17.43    36.71   200    5.7  307
IR     GOES12  20050825  2245   16.87    36.69   200    7.2  350
IR     GOES12  20050825  2245   16.17    61.93   262    5.2  112
IR     GOES12  20050825  2245   15.79    61.29   312    9.1  121
IR     GOES12  20050825  2245   15.94    59.07   137    8.7  344
IR     GOES12  20050825  2245   15.86    58.99   137    9.6  340
IR     GOES12  20050825  2245   15.91    58.55   137   12.6  342
IR     GOES12  20050825  2245   15.87    58.13   162   13.8  340
IR     GOES12  20050825  2245   16.03    51.30   175   11.5  167
IR     GOES12  20050825  2245   16.04    50.57   175   12.0  161
IR     GOES12  20050825  2245   16.13    50.01   175   12.3  161
IR     GOES12  20050825  2245   16.06    49.87   175   12.4  160
IR     GOES12  20050825  2245   16.07    49.39   200   14.3  172
IR     GOES12  20050825  2245   16.07    48.98   187    9.5  154
IR     GOES12  20050825  2245   16.42    47.71   212    7.6  182
IR     GOES12  20050825  2245   16.55    46.88   187    5.5  211
IR     GOES12  20050825  2245   16.25    44.72   175    5.1  189
IR     GOES12  20050825  2245   16.18    44.30   175    5.2  175
IR     GOES12  20050825  2245   16.15    43.87   187    5.4  168
IR     GOES12  20050825  2245   16.40    43.43   212    5.3  180
IR     GOES12  20050825  2245   16.62    42.82   137    6.1  189
IR     GOES12  20050825  2245   16.19    42.47   287    5.4  177
IR     GOES12  20050825  2245   16.24    41.90   262    6.2  187
IR     GOES12  20050825  2245   16.76    37.69   200    8.5  347
IR     GOES12  20050825  2245   16.45    37.50   187    6.8    1
IR     GOES12  20050825  2245   15.31    59.97   175    9.0   20
IR     GOES12  20050825  2245   15.31    59.91   175    9.0   18
IR     GOES12  20050825  2245   15.32    59.24   137   12.4  333
IR     GOES12  20050825  2245   15.28    59.23   137   12.5  331
IR     GOES12  20050825  2245   15.68    57.88   150    8.3  357
IR     GOES12  20050825  2245   15.68    57.81   150    8.3  358
IR     GOES12  20050825  2245   15.80    51.13   250   12.6  161
IR     GOES12  20050825  2245   15.47    50.06   200   12.2  163
IR     GOES12  20050825  2245   15.59    49.89   200   11.6  163
IR     GOES12  20050825  2245   15.56    49.52   187   11.7  169
IR     GOES12  20050825  2245   15.48    49.13   200   13.2  164
IR     GOES12  20050825  2245   15.77    48.70   162    7.5  129
IR     GOES12  20050825  2245   15.63    46.02   162    7.5  188
IR     GOES12  20050825  2245   15.68    44.13   250    6.5  170
IR     GOES12  20050825  2245   15.84    43.77   187    5.6  160
IR     GOES12  20050825  2245   16.06    43.01   275    5.3  170
IR     GOES12  20050825  2245   15.95    42.47   275    5.9  169
IR     GOES12  20050825  2245   15.96    39.24   162    5.9   44
IR     GOES12  20050825  2245   16.11    38.17   187    5.5    6
IR     GOES12  20050825  2245   16.20    37.69   187    6.0   14
IR     GOES12  20050825  2245   15.87    35.33   756   11.6   63
IR     GOES12  20050825  2245   16.26    31.93   793    6.8  113
IR     GOES12  20050825  2245   16.21    31.06   775   10.2  122
IR     GOES12  20050825  2245   14.75    61.86   237   12.6   84
IR     GOES12  20050825  2245   14.71    61.33   300    6.4  105
IR     GOES12  20050825  2245   15.07    60.76   262    5.3   72
IR     GOES12  20050825  2245   14.61    60.30   225    6.0   45
IR     GOES12  20050825  2245   14.69    60.14   237    6.6   44
IR     GOES12  20050825  2245   14.74    59.46   175    8.4   34
IR     GOES12  20050825  2245   15.09    58.99   162    9.1    0
IR     GOES12  20050825  2245   14.78    58.72   162    8.5   17
IR     GOES12  20050825  2245   14.98    58.36   237    9.6   46
IR     GOES12  20050825  2245   15.02    50.88   200    7.9  170
IR     GOES12  20050825  2245   14.95    50.79   200    9.1  167
IR     GOES12  20050825  2245   14.84    50.18   175    9.7  159
IR     GOES12  20050825  2245   15.24    49.82   175    9.7  160
IR     GOES12  20050825  2245   14.83    48.88   175    8.9  157
IR     GOES12  20050825  2245   15.15    48.52   187    8.9  171
IR     GOES12  20050825  2245   15.02    45.15   237    5.1  137
IR     GOES12  20050825  2245   15.45    36.12   325    7.6   71
IR     GOES12  20050825  2245   15.59    35.51   793   11.3   62
IR     GOES12  20050825  2245   15.48    35.19   812   11.9   63
IR     GOES12  20050825  2245   15.57    33.42   775   10.4  109
IR     GOES12  20050825  2245   15.68    32.68   793    9.8  122
IR     GOES12  20050825  2245   15.77    32.13   775    9.1  121
IR     GOES12  20050825  2245   14.37    61.49   250    7.1   83
IR     GOES12  20050825  2245   14.03    60.57   287    6.0   96
IR     GOES12  20050825  2245   14.46    59.93   175    7.4   29
IR     GOES12  20050825  2245   14.39    59.44   162    9.2   30
IR     GOES12  20050825  2245   14.52    58.61   162    9.3   16
IR     GOES12  20050825  2245   14.29    58.45   150    9.9   19
IR     GOES12  20050825  2245   14.21    58.25   175    9.7   14
IR     GOES12  20050825  2245   14.14    57.75   175    9.8   12
IR     GOES12  20050825  2245   14.18    57.57   187    9.0   12
IR     GOES12  20050825  2245   14.38    54.75   868    5.1   73
IR     GOES12  20050825  2245   14.36    53.21   250    8.4  137
IR     GOES12  20050825  2245   14.30    52.39   237    9.9  138
IR     GOES12  20050825  2245   14.64    50.49   200   12.6  147
IR     GOES12  20050825  2245   14.37    50.43   187   11.7  151
IR     GOES12  20050825  2245   14.42    49.85   175   10.9  157
IR     GOES12  20050825  2245   14.47    49.51   187   13.5  159
IR     GOES12  20050825  2245   14.24    49.27   175   10.9  145
IR     GOES12  20050825  2245   14.40    48.74   200    8.5  153
IR     GOES12  20050825  2245   14.34    47.94   175    8.0  148
IR     GOES12  20050825  2245   14.27    47.64   187    7.5  144
IR     GOES12  20050825  2245   14.45    46.71   187    7.2  156
IR     GOES12  20050825  2245   14.45    46.60   175    6.9  154
IR     GOES12  20050825  2245   14.70    45.53   200    5.7  127
IR     GOES12  20050825  2245   14.71    45.35   225    5.7  132
IR     GOES12  20050825  2245   14.56    44.81   262    6.1  151
IR     GOES12  20050825  2245   14.35    43.74   262    5.7  127
IR     GOES12  20050825  2245   14.66    39.02   362    6.0  104
IR     GOES12  20050825  2245   14.67    38.93   387    6.1   98
IR     GOES12  20050825  2245   14.50    37.58   212    8.3   46
IR     GOES12  20050825  2245   14.52    36.93   793    8.1   47
IR     GOES12  20050825  2245   14.98    35.97   793   10.4   65
IR     GOES12  20050825  2245   14.98    35.87   812    9.6   61
IR     GOES12  20050825  2245   15.08    35.34   793    9.5   69
IR     GOES12  20050825  2245   14.78    33.33   775   12.4  126
IR     GOES12  20050825  2245   14.83    31.77   775   12.5  106
IR     GOES12  20050825  2245   13.73    64.67   200   20.9   45
IR     GOES12  20050825  2245   13.96    64.37   200   22.4   42
IR     GOES12  20050825  2245   13.61    60.90   237    8.5   83
IR     GOES12  20050825  2245   13.61    60.61   262    6.4  109
IR     GOES12  20050825  2245   13.58    60.16   250    5.4  103
IR     GOES12  20050825  2245   13.96    59.91   200    9.6   39
IR     GOES12  20050825  2245   13.56    58.38   162    9.0   25
IR     GOES12  20050825  2245   13.95    57.70   187    9.4    9
IR     GOES12  20050825  2245   13.67    55.60   906    5.0   63
IR     GOES12  20050825  2245   13.98    50.63   187   11.0  150
IR     GOES12  20050825  2245   13.99    50.48   187   11.2  149
IR     GOES12  20050825  2245   13.72    50.24   187    8.7  151
IR     GOES12  20050825  2245   14.00    49.66   187   11.7  147
IR     GOES12  20050825  2245   13.85    49.23   200    9.6  141
IR     GOES12  20050825  2245   13.78    49.14   212    9.4  138
IR     GOES12  20050825  2245   13.69    47.76   187    8.0  117
IR     GOES12  20050825  2245   13.70    47.40   187    5.2  129
IR     GOES12  20050825  2245   13.78    46.87   200    8.5  124
IR     GOES12  20050825  2245   13.78    46.84   200    8.4  125
IR     GOES12  20050825  2245   13.76    44.29   287    5.9  133
IR     GOES12  20050825  2245   13.92    43.80   262    8.1  126
IR     GOES12  20050825  2245   14.17    43.09   212    6.2  138
IR     GOES12  20050825  2245   13.94    41.35   225    5.3  109
IR     GOES12  20050825  2245   14.21    39.68   287    7.2   79
IR     GOES12  20050825  2245   13.91    39.52   312    7.0   74
IR     GOES12  20050825  2245   13.98    38.04   187    9.6   59
IR     GOES12  20050825  2245   14.07    37.72   225    9.2   55
IR     GOES12  20050825  2245   13.96    37.32   775   10.6   52
IR     GOES12  20050825  2245   13.97    36.82   225    8.7   55
IR     GOES12  20050825  2245   14.15    36.06   775   10.6   66
IR     GOES12  20050825  2245   14.12    32.71   775   14.2  121
IR     GOES12  20050825  2245   14.16    31.56   775   12.3  100
IR     GOES12  20050825  2245   12.99    62.43   262    6.6   90
IR     GOES12  20050825  2245   13.38    60.96   250    7.4   93
IR     GOES12  20050825  2245   13.42    60.53   262    6.0   97
IR     GOES12  20050825  2245   13.28    60.14   237    5.4  104
IR     GOES12  20050825  2245   12.98    59.65   175    8.6   50
IR     GOES12  20050825  2245   12.98    59.60   175    8.7   51
IR     GOES12  20050825  2245   13.51    53.52   350    6.8   45
IR     GOES12  20050825  2245   13.49    52.37   756    6.8   11
IR     GOES12  20050825  2245   13.23    51.75   225   13.1  130
IR     GOES12  20050825  2245   13.51    51.18   225   11.4  136
IR     GOES12  20050825  2245   13.25    50.80   187    8.6  140
IR     GOES12  20050825  2245   13.14    50.25   187    7.5  131
IR     GOES12  20050825  2245   13.23    49.87   212    7.5  121
IR     GOES12  20050825  2245   13.23    49.72   150    6.9  123
IR     GOES12  20050825  2245   13.47    49.13   225    8.0  136
IR     GOES12  20050825  2245   13.25    48.76   187    5.5  130
IR     GOES12  20050825  2245   13.29    48.63   187    6.3  129
IR     GOES12  20050825  2245   13.38    47.93   200    8.8  112
IR     GOES12  20050825  2245   13.19    47.55   212    7.1  124
IR     GOES12  20050825  2245   13.19    47.53   212    7.0  127
IR     GOES12  20050825  2245   13.39    46.98   200   11.3  120
IR     GOES12  20050825  2245   13.52    46.52   225    5.1  113
IR     GOES12  20050825  2245   13.49    46.03   225    6.5  162
IR     GOES12  20050825  2245   13.56    44.43   287    5.9  137
IR     GOES12  20050825  2245   13.34    43.87   287    5.4  126
IR     GOES12  20050825  2245   13.32    43.06   312    6.6  138
IR     GOES12  20050825  2245   13.26    42.33   187    6.2   68
IR     GOES12  20050825  2245   13.54    41.71   175    8.1   67
IR     GOES12  20050825  2245   13.47    41.33   212   12.3   82
IR     GOES12  20050825  2245   13.72    40.66   250   11.3   96
IR     GOES12  20050825  2245   13.51    39.75   250   10.9   78
IR     GOES12  20050825  2245   13.51    39.72   250    9.9   78
IR     GOES12  20050825  2245   13.53    38.89   262    7.2   67
IR     GOES12  20050825  2245   13.75    38.07   562    9.8   61
IR     GOES12  20050825  2245   13.75    37.89   600    9.9   60
IR     GOES12  20050825  2245   13.67    36.34   793   10.0   59
IR     GOES12  20050825  2245   13.47    35.03   775    9.4   81
IR     GOES12  20050825  2245   13.44    34.68   775    9.8   87
IR     GOES12  20050825  2245   13.51    33.35   187   11.7  102
IR     GOES12  20050825  2245   13.47    33.33   137   12.3  101
IR     GOES12  20050825  2245   13.54    32.44   225    7.4  101
IR     GOES12  20050825  2245   12.48    64.03   187   11.3   66
IR     GOES12  20050825  2245   12.39    61.16   262    6.6   90
IR     GOES12  20050825  2245   12.44    60.18   175   11.7   58
IR     GOES12  20050825  2245   12.71    60.00   187    9.9   56
IR     GOES12  20050825  2245   12.79    59.64   175    8.5   46
IR     GOES12  20050825  2245   12.87    58.62   312    8.8   45
IR     GOES12  20050825  2245   12.78    51.30   137    5.7  106
IR     GOES12  20050825  2245   12.90    51.06   137    6.8  113
IR     GOES12  20050825  2245   12.60    50.64   175    8.3  136
IR     GOES12  20050825  2245   12.95    50.22   200    7.3  126
IR     GOES12  20050825  2245   13.01    49.37   175    6.6  130
IR     GOES12  20050825  2245   12.97    49.13   212    7.1  128
IR     GOES12  20050825  2245   12.94    48.45   200    7.3  123
IR     GOES12  20050825  2245   12.96    47.56   225    8.3  125
IR     GOES12  20050825  2245   12.79    44.29   262    5.0   96
IR     GOES12  20050825  2245   12.70    43.11   225    7.0   84
IR     GOES12  20050825  2245   12.94    42.55   225    5.5   73
IR     GOES12  20050825  2245   13.11    42.02   212    7.9   60
IR     GOES12  20050825  2245   12.75    40.88   162   11.8   82
IR     GOES12  20050825  2245   13.00    36.47   793    9.3   53
IR     GOES12  20050825  2245   12.89    36.12   793    9.4   51
IR     GOES12  20050825  2245   13.15    35.40   775    9.2   66
IR     GOES12  20050825  2245   13.12    34.89   775    9.6   89
IR     GOES12  20050825  2245   12.97    34.54   737   10.5   83
IR     GOES12  20050825  2245   13.26    33.85   137   16.5   92
IR     GOES12  20050825  2245   13.26    33.81   137   16.4   92
IR     GOES12  20050825  2245   13.28    33.05   150    7.3   95
IR     GOES12  20050825  2245   13.06    32.43   200    8.5   68
IR     GOES12  20050825  2245   13.26    31.02   793   10.4   93
IR     GOES12  20050825  2245   13.08    30.40   275   12.7   92
IR     GOES12  20050825  2245   13.08    30.19   275    9.9   85
IR     GOES12  20050825  2245   13.02    29.51   275   11.3   85
IR     GOES12  20050825  2245   13.02    28.21   300   11.9   95
IR     GOES12  20050825  2245   11.84    64.89   250    8.8   68
IR     GOES12  20050825  2245   12.18    63.85   187    9.8   53
IR     GOES12  20050825  2245   11.92    63.69   175   13.9   51
IR     GOES12  20050825  2245   12.12    62.72   200   16.6   47
IR     GOES12  20050825  2245   12.28    61.21   237    6.4   86
IR     GOES12  20050825  2245   12.29    60.54   225   12.7   47
IR     GOES12  20050825  2245   12.02    60.41   225   13.9   60
IR     GOES12  20050825  2245   12.28    52.01   225    9.3  114
IR     GOES12  20050825  2245   12.33    51.23   137    7.0  115
IR     GOES12  20050825  2245   12.30    50.60   250    7.6  129
IR     GOES12  20050825  2245   12.19    49.97   250    9.3  130
IR     GOES12  20050825  2245   12.39    49.35   250    9.2  152
IR     GOES12  20050825  2245   12.11    43.62   212    6.2   87
IR     GOES12  20050825  2245   12.47    42.85   200    6.8   66
IR     GOES12  20050825  2245   12.48    42.69   187    6.8   59
IR     GOES12  20050825  2245   12.23    41.34   212   10.0   63
IR     GOES12  20050825  2245   12.31    41.18   162   12.6   65
IR     GOES12  20050825  2245   12.15    39.70   262   13.8   94
IR     GOES12  20050825  2245   12.35    37.74   400    7.0   54
IR     GOES12  20050825  2245   12.55    35.85   793    9.7   52
IR     GOES12  20050825  2245   12.74    34.27   137   15.3   88
IR     GOES12  20050825  2245   12.47    34.08   175   15.1   73
IR     GOES12  20050825  2245   12.33    33.72   162   15.3   72
IR     GOES12  20050825  2245   12.34    33.16   162   11.6   64
IR     GOES12  20050825  2245   12.72    32.22   312   11.2   73
IR     GOES12  20050825  2245   12.68    32.02   325   10.9   78
IR     GOES12  20050825  2245   12.74    29.60   287   12.4   73
IR     GOES12  20050825  2245   12.75    29.49   287   12.2   71
IR     GOES12  20050825  2245   12.50    28.33   237   11.1  102
IR     GOES12  20050825  2245   11.65    64.98   250    8.3   68
IR     GOES12  20050825  2245   11.54    64.86   250    8.6   61
IR     GOES12  20050825  2245   11.60    51.19   137    5.9  103
IR     GOES12  20050825  2245   11.68    50.92   237    5.1   92
IR     GOES12  20050825  2245   11.72    50.72   137    6.8   92
IR     GOES12  20050825  2245   11.58    49.90   250    9.6  112
IR     GOES12  20050825  2245   11.41    44.27   200    8.9   81
IR     GOES12  20050825  2245   11.72    44.01   212    6.4   86
IR     GOES12  20050825  2245   11.88    43.58   212    7.4   77
IR     GOES12  20050825  2245   11.58    43.05   212   11.0   44
IR     GOES12  20050825  2245   11.67    40.42   312    9.9   79
IR     GOES12  20050825  2245   11.61    39.63   225   11.2   83
IR     GOES12  20050825  2245   11.66    38.98   262    6.3   78
IR     GOES12  20050825  2245   11.96    37.70   387    6.2   67
IR     GOES12  20050825  2245   11.69    35.73   775    7.4   60
IR     GOES12  20050825  2245   11.70    35.70   756    7.5   61
IR     GOES12  20050825  2245   12.10    33.45   175   12.0   62
IR     GOES12  20050825  2245   12.10    33.18   162   11.5   64
IR     GOES12  20050825  2245   11.75    31.71   737    9.7   98
IR     GOES12  20050825  2245   12.05    30.66   312    9.8   82
IR     GOES12  20050825  2245   12.06    30.33   200    9.9   99
IR     GOES12  20050825  2245   12.20    29.46   287   13.5   77
IR     GOES12  20050825  2245   12.28    29.15   237   13.7   77
IR     GOES12  20050825  2245   11.06    52.35   262    7.1  105
IR     GOES12  20050825  2245   11.06    52.09   262    6.9  116
IR     GOES12  20050825  2245   11.01    50.31   250    9.2  108
IR     GOES12  20050825  2245   11.09    49.91   275    6.1  118
IR     GOES12  20050825  2245   11.03    48.92   262    5.6  106
IR     GOES12  20050825  2245   11.03    48.80   237    5.2  111
IR     GOES12  20050825  2245   11.29    44.66   287    5.9   85
IR     GOES12  20050825  2245   11.37    44.30   187    9.5   77
IR     GOES12  20050825  2245   11.31    43.50   175    9.6   37
IR     GOES12  20050825  2245   11.04    43.38   162   11.5   38
IR     GOES12  20050825  2245   11.36    40.73   287   12.3   85
IR     GOES12  20050825  2245   11.21    40.47   237   11.0   79
IR     GOES12  20050825  2245   11.05    37.00   175    9.9  102
IR     GOES12  20050825  2245   11.46    35.75   775    7.5   61
IR     GOES12  20050825  2245   11.25    34.91   718    6.8   54
IR     GOES12  20050825  2245   11.22    34.33   718    7.0   68
IR     GOES12  20050825  2245   11.19    32.12   756    7.6   83
IR     GOES12  20050825  2245   11.63    31.57   718    9.0   96
IR     GOES12  20050825  2245   11.25    31.28   756    8.6   95
IR     GOES12  20050825  2245   40.62    64.17   887    9.1  332
IR     GOES12  20050825  2245   40.85    61.96   850    5.1  290
IR     GOES12  20050825  2245   40.82    59.13   887    8.2  288
IR     GOES12  20050825  2245   38.55    64.88   850    8.1  286
IR     GOES12  20050825  2245   38.40    64.43   831   10.6  288
IR     GOES12  20050825  2245   38.24    64.34   831    9.4  291
IR     GOES12  20050825  2245   38.41    61.86   250   47.1  219
IR     GOES12  20050825  2245   38.84    61.53   250   50.7  219
IR     GOES12  20050825  2245   38.50    60.26   225   44.1  221
IR     GOES12  20050825  2245   38.42    59.56   350   27.1  227
IR     GOES12  20050825  2245   37.36    64.05   225   42.4  229
IR     GOES12  20050825  2245   37.54    63.10   237   39.8  229
IR     GOES12  20050825  2245   37.49    62.77   250   37.9  226
IR     GOES12  20050825  2245   37.61    62.05   250   40.3  224
IR     GOES12  20050825  2245   37.36    61.85   275   36.7  224
IR     GOES12  20050825  2245   37.79    61.39   287   33.6  221
IR     GOES12  20050825  2245   37.81    60.65   262   39.2  223
IR     GOES12  20050825  2245   38.08    60.22   275   41.1  221
IR     GOES12  20050825  2245   37.61    60.16   287   33.4  221
IR     GOES12  20050825  2245   38.05    59.60   337   26.7  219
IR     GOES12  20050825  2245   36.53    64.46   200   34.7  233
IR     GOES12  20050825  2245   36.75    63.90   225   35.0  236
IR     GOES12  20050825  2245   36.96    63.54   237   40.8  230
IR     GOES12  20050825  2245   36.92    63.05   250   37.1  226
IR     GOES12  20050825  2245   36.93    62.49   275   32.8  232
IR     GOES12  20050825  2245   37.20    62.05   250   39.1  224
IR     GOES12  20050825  2245   36.80    61.83   262   35.9  230
IR     GOES12  20050825  2245   36.70    61.48   262   35.7  226
IR     GOES12  20050825  2245   36.61    60.95   325   26.4  234
IR     GOES12  20050825  2245   37.03    60.69   325   25.9  226
IR     GOES12  20050825  2245   36.95    59.92   562   18.9  250
IR     GOES12  20050825  2245   36.33    64.30   237   31.7  236
IR     GOES12  20050825  2245   36.33    64.24   237   31.0  236
IR     GOES12  20050825  2245   36.35    63.53   237   34.8  229
IR     GOES12  20050825  2245   36.40    63.31   262   30.4  233
IR     GOES12  20050825  2245   35.96    62.78   325   23.1  234
IR     GOES12  20050825  2245   36.33    62.28   275   30.6  233
IR     GOES12  20050825  2245   36.38    62.18   287   31.4  232
IR     GOES12  20050825  2245   35.94    61.64   300   28.0  223
IR     GOES12  20050825  2245   36.51    61.05   325   25.9  236
IR     GOES12  20050825  2245   36.42    60.74   362   23.8  238
IR     GOES12  20050825  2245   36.54    59.96   562   18.2  251
IR     GOES12  20050825  2245   35.27    64.89   250   26.0  230
IR     GOES12  20050825  2245   35.42    64.79   250   27.8  230
IR     GOES12  20050825  2245   35.28    64.03   287   23.0  236
IR     GOES12  20050825  2245   35.33    64.00   287   24.2  237
IR     GOES12  20050825  2245   35.00    63.41   312   19.7  234
IR     GOES12  20050825  2245   35.50    63.03   312   24.0  235
IR     GOES12  20050825  2245   35.61    62.60   300   25.2  239
IR     GOES12  20050825  2245   35.44    61.57   562   12.5  268
IR     GOES12  20050825  2245   35.54    61.42   550   16.2  262
IR     GOES12  20050825  2245   35.41    60.79   775    9.1  263
IR     GOES12  20050825  2245   34.38    64.81   287   21.4  234
IR     GOES12  20050825  2245   34.49    64.42   300   20.7  234
IR     GOES12  20050825  2245   34.49    64.37   300   20.8  234
IR     GOES12  20050825  2245   34.74    63.88   300   23.2  237
IR     GOES12  20050825  2245   34.95    63.42   325   19.6  235
IR     GOES12  20050825  2245   34.86    62.98   300   22.1  236
IR     GOES12  20050825  2245   34.82    62.61   312   20.8  234
IR     GOES12  20050825  2245   34.69    61.85   737   11.2  261
IR     GOES12  20050825  2245   34.60    61.55   793   10.8  273
IR     GOES12  20050825  2245   34.72    60.79   775    9.6  270
IR     GOES12  20050825  2245   34.58    60.44   187   15.4  233
IR     GOES12  20050825  2245   34.53    60.32   187   15.3  236
IR     GOES12  20050825  2245   34.09    64.69   312   19.2  235
IR     GOES12  20050825  2245   33.62    64.00   300   18.6  242
IR     GOES12  20050825  2245   33.77    63.58   312   17.0  237
IR     GOES12  20050825  2245   33.68    63.46   325   16.4  242
IR     GOES12  20050825  2245   33.67    61.80   175   11.2  247
IR     GOES12  20050825  2245   34.17    61.23   237   16.7  226
IR     GOES12  20050825  2245   34.12    60.94   262   14.6  236
IR     GOES12  20050825  2245   34.19    60.47   237   14.1  240
IR     GOES12  20050825  2245   32.93    64.93   300   16.4  242
IR     GOES12  20050825  2245   32.93    64.90   300   16.4  242
IR     GOES12  20050825  2245   33.38    64.11   300   18.1  239
IR     GOES12  20050825  2245   33.39    63.75   325   14.4  242
IR     GOES12  20050825  2245   33.07    62.67   775    6.1  271
IR     GOES12  20050825  2245   33.43    61.58   175   12.4  252
IR     GOES12  20050825  2245   32.65    64.89   287   17.1  240
IR     GOES12  20050825  2245   32.70    64.76   337    8.0  256
IR     GOES12  20050825  2245   32.43    64.10   162   12.8  258
IR     GOES12  20050825  2245   32.67    63.65   412    6.7  285
IR     GOES12  20050825  2245   32.67    63.62   412    6.7  285
IR     GOES12  20050825  2245   32.25    63.24   812    5.8  271
IR     GOES12  20050825  2245   32.57    61.52   275    6.1  261
IR     GOES12  20050825  2245   32.58    61.50   275    6.1  261
IR     GOES12  20050825  2245   32.26    61.00   262    5.3  261
IR     GOES12  20050825  2245   32.79    60.45   775    9.7  284
IR     GOES12  20050825  2245   32.03    64.97   187   14.2  260
IR     GOES12  20050825  2245   31.62    64.85   187   12.7  268
IR     GOES12  20050825  2245   31.63    64.16   512    6.3  280
IR     GOES12  20050825  2245   31.63    61.84   300    7.1  248
IR     GOES12  20050825  2245   31.58    61.80   300    6.4  243
IR     GOES12  20050825  2245   32.02    61.15   212    7.1  246
IR     GOES12  20050825  2245   31.69    61.00   225    5.0  226
IR     GOES12  20050825  2245   32.08    60.49   737    5.8  271
IR     GOES12  20050825  2245   30.96    62.72   262    5.2  252
IR     GOES12  20050825  2245   31.02    62.07   300    6.2  251
IR     GOES12  20050825  2245   31.28    60.79   275    5.2  258
IR     GOES12  20050825  2245   26.19    63.25   262    5.7  217
IR     GOES12  20050825  2245   26.16    62.84   275    5.5  209
IR     GOES12  20050825  2245   26.12    62.21   312    6.8  246
IR     GOES12  20050825  2245   25.54    64.14   250    7.4  223
IR     GOES12  20050825  2245   25.72    63.08   250    6.1  254
IR     GOES12  20050825  2245   25.72    63.04   250    5.1  251
IR     GOES12  20050825  2245   25.95    62.45   312    5.2  214
IR     GOES12  20050825  2245   25.61    62.01   312    6.3  244
IR     GOES12  20050825  2245   25.88    61.69   287    6.5  254
IR     GOES12  20050825  2245   25.28    64.12   250    5.2  215
IR     GOES12  20050825  2245   25.28    64.07   250    5.0  224
IR     GOES12  20050825  2245   24.99    63.65   250    8.5  256
IR     GOES12  20050825  2245   25.30    62.97   275    9.9  247
IR     GOES12  20050825  2245   25.10    61.98   237    6.0  261
IR     GOES12  20050825  2245   25.02    61.92   237    7.9  261
IR     GOES12  20050825  2245   24.22    64.86   262   16.3  265
IR     GOES12  20050825  2245   24.51    64.62   250   17.3  264
IR     GOES12  20050825  2245   24.33    63.06   250   13.6  262
IR     GOES12  20050825  2245   23.68    64.61   250   14.8  275
IR     GOES12  20050825  2245   23.68    64.28   250   13.3  264
IR     GOES12  20050825  2245   23.77    64.11   250   11.5  260
IR     GOES12  20050825  2245   23.86    63.56   237   15.0  265
IR     GOES12  20050825  2245   23.90    63.17   250   13.1  269
IR     GOES12  20050825  2245   24.03    63.02   250   12.0  265
IR     GOES12  20050825  2245   23.83    62.45   250   14.3  265
IR     GOES12  20050825  2245   23.75    62.39   250   13.9  267
IR     GOES12  20050825  2245   24.05    61.71   225    9.1  262
IR     GOES12  20050825  2245   23.18    64.73   250   12.7  264
IR     GOES12  20050825  2245   22.93    64.68   262   11.2  266
IR     GOES12  20050825  2245   23.02    63.95   262    9.2  239
IR     GOES12  20050825  2245   23.40    63.58   225    9.4  243
IR     GOES12  20050825  2245   23.41    63.04   225    9.1  265
IR     GOES12  20050825  2245   23.37    62.69   225   12.5  271
IR     GOES12  20050825  2245   23.21    62.54   237   11.6  273
IR     GOES12  20050825  2245   23.17    62.07   225   11.6  284
IR     GOES12  20050825  2245   23.01    61.86   237    9.0  259
IR     GOES12  20050825  2245   22.77    64.39   275    8.8  258
IR     GOES12  20050825  2245   22.77    64.07   262   11.0  244
IR     GOES12  20050825  2245   22.57    63.69   262    8.6  264
IR     GOES12  20050825  2245   22.78    63.06   262    7.9  260
IR     GOES12  20050825  2245   22.75    62.95   237    9.3  264
IR     GOES12  20050825  2245   22.88    62.46   225   11.4  269
IR     GOES12  20050825  2245   21.65    64.98   262    9.5  275
IR     GOES12  20050825  2245   21.78    64.87   262    9.3  274
IR     GOES12  20050825  2245   21.70    64.28   250    8.2  263
IR     GOES12  20050825  2245   21.79    64.07   250    7.2  270
IR     GOES12  20050825  2245   22.04    63.76   237    6.5  279
IR     GOES12  20050825  2245   22.21    63.21   212    8.4  263
IR     GOES12  20050825  2245   21.76    63.14   237    7.0  271
IR     GOES12  20050825  2245   21.76    62.63   225    8.1  270
IR     GOES12  20050825  2245   21.97    62.33   225    7.2  268
IR     GOES12  20050825  2245   22.14    61.89   212   15.9  299
IR     GOES12  20050825  2245   21.53    64.94   237    9.5  273
IR     GOES12  20050825  2245   21.45    64.67   225    9.1  266
IR     GOES12  20050825  2245   21.41    64.58   212    8.6  275
IR     GOES12  20050825  2245   21.54    64.06   250    5.9  264
IR     GOES12  20050825  2245   21.14    63.64   212    7.2  291
IR     GOES12  20050825  2245   21.15    63.27   187    6.8  281
IR     GOES12  20050825  2245   21.44    62.87   225    5.4  267
IR     GOES12  20050825  2245   21.52    62.61   212    8.2  269
IR     GOES12  20050825  2245   20.98    63.52   212    8.1  290
IR     GOES12  20050825  2245   20.76    62.11   237    5.2  272
IR     GOES12  20050825  2245   19.90    63.04   175    6.7  320
IR     GOES12  20050825  2245   20.31    62.36   150    5.2  253
IR     GOES12  20050825  2245   19.32    64.95   162    7.0  349
IR     GOES12  20050825  2245   18.96    64.87   137    7.0    4
IR     GOES12  20050825  2245   18.29    64.62   150   12.0   14
IR     GOES12  20050825  2245   18.57    64.49   162   11.0   29
IR     GOES12  20050825  2245   17.90    64.56   150   13.7   29
IR     GOES12  20050825  2245   17.27    64.65   137   16.3   31
IR     GOES12  20050825  2245   17.36    63.73   237    6.2   93
IR     GOES12  20050825  2245   15.26    64.89   200   16.4   45
IR     GOES12  20050825  2245   15.37    64.75   200   12.6   36
IR     GOES12  20050825  2245   15.27    63.87   212   13.5   51
IR     GOES12  20050825  2245   15.51    62.66   275    6.1  120
IR     GOES12  20050825  2245   14.96    63.27   287    8.0  106
IR     GOES12  20050825  2245   14.96    63.25   287    6.9  111
WV     GOES12  20050825  2245   40.97    63.46   375   11.8  285
WV     GOES12  20050825  2245   40.76    63.18   425   11.1  278
WV     GOES12  20050825  2245   40.99    62.84   412    9.9  276
WV     GOES12  20050825  2245   40.88    60.82   425   21.1  229
WV     GOES12  20050825  2245   39.88    63.07   375   16.1  257
WV     GOES12  20050825  2245   39.83    60.99   250   56.0  219
WV     GOES12  20050825  2245   40.50    60.44   250   56.9  215
WV     GOES12  20050825  2245   40.12    60.39   250   55.6  215
WV     GOES12  20050825  2245   40.22    57.22   225   34.1  214
WV     GOES12  20050825  2245   40.28    54.29   162   19.1  227
WV     GOES12  20050825  2245   40.54    53.45   162   15.2  198
WV     GOES12  20050825  2245   40.45    53.01   150   16.0  215
WV     GOES12  20050825  2245   40.71    48.83   350    8.4  211
WV     GOES12  20050825  2245   40.49    45.74   387   13.8  197
WV     GOES12  20050825  2245   39.49    63.52   362   21.3  265
WV     GOES12  20050825  2245   39.49    63.46   375   21.1  265
WV     GOES12  20050825  2245   39.16    61.43   250   53.5  219
WV     GOES12  20050825  2245   39.33    61.22   250   54.7  219
WV     GOES12  20050825  2245   39.50    60.86   250   56.1  217
WV     GOES12  20050825  2245   39.39    56.16   325   25.0  219
WV     GOES12  20050825  2245   39.25    55.67   312   26.7  223
WV     GOES12  20050825  2245   39.75    55.25   300   28.1  214
WV     GOES12  20050825  2245   39.17    54.94   175   19.2  224
WV     GOES12  20050825  2245   39.84    54.33   162   17.6  226
WV     GOES12  20050825  2245   39.65    53.82   175   12.2  205
WV     GOES12  20050825  2245   40.01    48.51   337    7.8  151
WV     GOES12  20050825  2245   39.66    47.93   337    9.2  143
WV     GOES12  20050825  2245   39.76    47.05   350    6.9  168
WV     GOES12  20050825  2245   40.32    45.87   387   14.0  195
WV     GOES12  20050825  2245   40.47    35.91   375    8.3   32
WV     GOES12  20050825  2245   40.68    34.59   362    8.4   20
WV     GOES12  20050825  2245   40.89    31.96   337    6.7    7
WV     GOES12  20050825  2245   40.90    31.82   337    6.2    0
WV     GOES12  20050825  2245   38.59    63.01   250   63.5  226
WV     GOES12  20050825  2245   38.70    62.93   250   64.4  226
WV     GOES12  20050825  2245   38.83    61.76   250   52.5  221
WV     GOES12  20050825  2245   38.85    61.13   250   53.8  217
WV     GOES12  20050825  2245   38.40    57.06   250   25.0  214
WV     GOES12  20050825  2245   38.67    56.80   325   22.6  214
WV     GOES12  20050825  2245   38.44    55.84   225   19.0  224
WV     GOES12  20050825  2245   38.35    55.48   237   16.6  240
WV     GOES12  20050825  2245   39.10    53.96   275   15.3  233
WV     GOES12  20050825  2245   39.26    47.34   350    8.2  169
WV     GOES12  20050825  2245   39.20    46.33   362    9.8  179
WV     GOES12  20050825  2245   39.60    37.43   387    5.5   84
WV     GOES12  20050825  2245   40.05    36.41   387    7.6   56
WV     GOES12  20050825  2245   40.06    35.53   387    7.6   16
WV     GOES12  20050825  2245   40.07    35.35   387    7.7   18
WV     GOES12  20050825  2245   40.18    33.95   362    6.4    1
WV     GOES12  20050825  2245   40.24    33.18   350    7.0    7
WV     GOES12  20050825  2245   40.18    32.41   350    7.1   15
WV     GOES12  20050825  2245   40.09    32.19   337    7.3   15
WV     GOES12  20050825  2245   40.83    27.17   375    8.6   11
WV     GOES12  20050825  2245   40.95    25.82   262   18.9   15
WV     GOES12  20050825  2245   40.51    25.68   237   20.9   20
WV     GOES12  20050825  2245   40.79    25.02   250   19.1   18
WV     GOES12  20050825  2245   37.45    64.67   275   24.3  247
WV     GOES12  20050825  2245   37.74    61.35   287   31.8  226
WV     GOES12  20050825  2245   37.91    57.38   262   23.3  212
WV     GOES12  20050825  2245   37.71    57.06   187   18.6  219
WV     GOES12  20050825  2245   37.73    56.68   162   18.6  245
WV     GOES12  20050825  2245   37.93    52.77   312    7.1  298
WV     GOES12  20050825  2245   38.31    49.14   337    7.4  169
WV     GOES12  20050825  2245   38.00    48.99   325    7.7  153
WV     GOES12  20050825  2245   38.45    48.37   250   10.8  127
WV     GOES12  20050825  2245   38.62    46.17   387   14.1  176
WV     GOES12  20050825  2245   38.31    45.17   387   12.4  151
WV     GOES12  20050825  2245   38.32    45.00   387   12.5  147
WV     GOES12  20050825  2245   38.18    44.56   375    7.2  154
WV     GOES12  20050825  2245   38.17    43.86   375    5.3  154
WV     GOES12  20050825  2245   38.80    43.09   375    7.8  146
WV     GOES12  20050825  2245   38.56    42.71   375    7.1  157
WV     GOES12  20050825  2245   39.06    38.13   387    8.8   73
WV     GOES12  20050825  2245   38.88    37.70   387    7.3   56
WV     GOES12  20050825  2245   39.40    32.61   362    7.5   21
WV     GOES12  20050825  2245   39.50    32.09   350    7.4   20
WV     GOES12  20050825  2245   39.35    30.48   337    7.4   13
WV     GOES12  20050825  2245   40.06    26.42   275   20.8   22
WV     GOES12  20050825  2245   40.02    26.21   312   19.0   22
WV     GOES12  20050825  2245   40.10    25.36   312   16.5   21
WV     GOES12  20050825  2245   36.91    61.38   262   34.7  230
WV     GOES12  20050825  2245   36.91    61.36   250   36.2  229
WV     GOES12  20050825  2245   36.80    58.06   225   19.9  219
WV     GOES12  20050825  2245   36.86    57.79   237   19.7  221
WV     GOES12  20050825  2245   37.42    52.57   337    5.5  325
WV     GOES12  20050825  2245   37.27    50.09   312    6.8  101
WV     GOES12  20050825  2245   37.46    49.32   225   11.9  133
WV     GOES12  20050825  2245   37.41    49.28   225   11.9  133
WV     GOES12  20050825  2245   37.50    48.45   325    7.2  155
WV     GOES12  20050825  2245   37.98    44.37   375    7.3  156
WV     GOES12  20050825  2245   37.89    44.11   375    6.6  159
WV     GOES12  20050825  2245   37.82    43.58   375    5.1  137
WV     GOES12  20050825  2245   37.68    43.32   362    5.0  119
WV     GOES12  20050825  2245   38.31    37.42   400    6.2   17
WV     GOES12  20050825  2245   38.34    36.94   400    6.0   46
WV     GOES12  20050825  2245   38.05    36.58   387    7.5   33
WV     GOES12  20050825  2245   38.62    32.24   350    6.8   49
WV     GOES12  20050825  2245   38.85    31.35   337   10.2   32
WV     GOES12  20050825  2245   38.84    30.79   337    8.4   31
WV     GOES12  20050825  2245   38.84    30.13   325   10.6   31
WV     GOES12  20050825  2245   38.35    30.15   337   11.8   28
WV     GOES12  20050825  2245   38.48    28.47   312   18.1   45
WV     GOES12  20050825  2245   38.68    26.70   350   12.6   39
WV     GOES12  20050825  2245   38.94    25.51   350   15.1   45
WV     GOES12  20050825  2245   38.97    25.17   350   14.6   46
WV     GOES12  20050825  2245   39.02    23.91   275   22.7   47
WV     GOES12  20050825  2245   39.13    23.18   275   21.2   46
WV     GOES12  20050825  2245   35.78    64.17   250   29.0  230
WV     GOES12  20050825  2245   36.24    63.69   225   34.9  229
WV     GOES12  20050825  2245   36.27    62.45   275   31.5  235
WV     GOES12  20050825  2245   36.39    61.91   262   35.8  227
WV     GOES12  20050825  2245   36.29    61.65   250   35.5  227
WV     GOES12  20050825  2245   36.36    59.13   237   24.1  229
WV     GOES12  20050825  2245   36.12    58.66   237   20.6  226
WV     GOES12  20050825  2245   36.50    57.94   237   20.0  221
WV     GOES12  20050825  2245   36.50    57.88   237   20.0  221
WV     GOES12  20050825  2245   36.24    55.09   312    7.4  245
WV     GOES12  20050825  2245   36.45    54.88   325    8.6  253
WV     GOES12  20050825  2245   36.57    48.61   237   11.4  152
WV     GOES12  20050825  2245   37.57    36.66   387    8.1   49
WV     GOES12  20050825  2245   37.71    33.11   337   11.2   48
WV     GOES12  20050825  2245   37.25    32.92   350    9.5   45
WV     GOES12  20050825  2245   37.49    32.51   337   10.6   45
WV     GOES12  20050825  2245   38.08    30.93   350    8.3   30
WV     GOES12  20050825  2245   38.13    30.32   350   11.6   27
WV     GOES12  20050825  2245   37.92    30.24   337   12.5   30
WV     GOES12  20050825  2245   37.58    29.90   337   11.9   31
WV     GOES12  20050825  2245   38.22    28.42   275   18.1   41
WV     GOES12  20050825  2245   38.07    27.69   325   16.2   48
WV     GOES12  20050825  2245   38.07    27.02   337   15.1   45
WV     GOES12  20050825  2245   38.43    22.61   300   24.0   47
WV     GOES12  20050825  2245   35.42    62.20   275   27.6  227
WV     GOES12  20050825  2245   35.62    60.16   325   21.4  235
WV     GOES12  20050825  2245   35.89    55.03   312    5.0  229
WV     GOES12  20050825  2245   35.75    50.99   362    7.8  333
WV     GOES12  20050825  2245   35.55    50.97   350    6.4  329
WV     GOES12  20050825  2245   35.69    50.08   325    5.0  277
WV     GOES12  20050825  2245   35.55    49.92   262    7.2  276
WV     GOES12  20050825  2245   35.51    49.54   250    7.2  244
WV     GOES12  20050825  2245   36.11    48.69   275   11.1  160
WV     GOES12  20050825  2245   36.23    48.17   325   13.4  155
WV     GOES12  20050825  2245   36.44    44.15   375    8.8  146
WV     GOES12  20050825  2245   36.17    42.66   350    5.1  102
WV     GOES12  20050825  2245   36.07    42.62   350    5.7  101
WV     GOES12  20050825  2245   36.42    36.01   375    7.0   45
WV     GOES12  20050825  2245   37.02    34.71   362   10.1   85
WV     GOES12  20050825  2245   36.97    34.00   375    7.6   49
WV     GOES12  20050825  2245   36.99    33.70   362    8.4   48
WV     GOES12  20050825  2245   36.89    32.89   325   12.4   77
WV     GOES12  20050825  2245   36.75    32.72   325   11.8   76
WV     GOES12  20050825  2245   36.68    32.28   350   10.6   35
WV     GOES12  20050825  2245   37.31    30.07   350   10.1   46
WV     GOES12  20050825  2245   36.97    28.28   375   13.2   39
WV     GOES12  20050825  2245   37.21    26.54   387   19.9   42
WV     GOES12  20050825  2245   37.45    26.09   275   23.4   46
WV     GOES12  20050825  2245   37.70    24.36   287   24.9   42
WV     GOES12  20050825  2245   34.30    64.19   300   23.7  238
WV     GOES12  20050825  2245   34.52    62.93   300   22.4  230
WV     GOES12  20050825  2245   34.87    62.36   287   24.7  229
WV     GOES12  20050825  2245   34.46    61.28   262   17.6  228
WV     GOES12  20050825  2245   35.04    59.77   362   15.6  238
WV     GOES12  20050825  2245   34.64    53.77   262    7.6  328
WV     GOES12  20050825  2245   35.31    51.92   262    9.6  342
WV     GOES12  20050825  2245   35.27    50.45   250   12.3  307
WV     GOES12  20050825  2245   35.27    50.42   250   12.6  309
WV     GOES12  20050825  2245   35.19    50.00   250    6.5  278
WV     GOES12  20050825  2245   35.37    49.42   250   11.8  258
WV     GOES12  20050825  2245   35.53    44.13   362    6.8  130
WV     GOES12  20050825  2245   35.53    43.24   350    5.9   99
WV     GOES12  20050825  2245   35.56    42.72   350    5.3  110
WV     GOES12  20050825  2245   36.06    36.11   350    8.4   77
WV     GOES12  20050825  2245   35.87    35.83   362    7.2   63
WV     GOES12  20050825  2245   35.66    35.18   375    6.3   36
WV     GOES12  20050825  2245   35.76    33.66   375    6.7   49
WV     GOES12  20050825  2245   36.35    32.51   375   10.5   35
WV     GOES12  20050825  2245   36.29    31.94   325   13.0   71
WV     GOES12  20050825  2245   36.20    31.77   325   13.4   70
WV     GOES12  20050825  2245   35.98    31.33   337   13.2   59
WV     GOES12  20050825  2245   36.65    27.68   325   19.1   45
WV     GOES12  20050825  2245   36.71    25.67   250   29.0   44
WV     GOES12  20050825  2245   33.81    64.05   287   21.7  232
WV     GOES12  20050825  2245   33.63    63.66   300   18.9  237
WV     GOES12  20050825  2245   33.58    63.53   325   19.0  238
WV     GOES12  20050825  2245   34.23    62.44   312   20.5  235
WV     GOES12  20050825  2245   33.86    59.97   212   14.0  218
WV     GOES12  20050825  2245   33.86    59.94   250   14.1  215
WV     GOES12  20050825  2245   34.14    54.18   262    7.8  318
WV     GOES12  20050825  2245   34.14    54.01   225    9.2  325
WV     GOES12  20050825  2245   34.13    53.07   175    7.5   12
WV     GOES12  20050825  2245   34.44    52.69   275    7.6  346
WV     GOES12  20050825  2245   34.39    50.18   250    6.6  297
WV     GOES12  20050825  2245   34.30    49.98   250    8.6  298
WV     GOES12  20050825  2245   34.68    49.30   250    8.3  253
WV     GOES12  20050825  2245   34.14    49.24   275    7.7  303
WV     GOES12  20050825  2245   34.13    48.34   275    8.9  250
WV     GOES12  20050825  2245   35.52    33.49   362    7.9   53
WV     GOES12  20050825  2245   35.49    33.23   337   11.7   67
WV     GOES12  20050825  2245   35.26    32.21   362    9.7   46
WV     GOES12  20050825  2245   35.62    31.29   350   14.3   44
WV     GOES12  20050825  2245   35.44    27.48   400   19.5   30
WV     GOES12  20050825  2245   32.89    64.76   287   18.2  229
WV     GOES12  20050825  2245   33.38    64.19   287   21.0  235
WV     GOES12  20050825  2245   33.38    64.01   287   19.1  238
WV     GOES12  20050825  2245   33.48    61.60   175   10.0  253
WV     GOES12  20050825  2245   33.22    60.50   262   10.6  218
WV     GOES12  20050825  2245   33.51    60.23   250   13.6  217
WV     GOES12  20050825  2245   33.28    59.98   250   11.4  224
WV     GOES12  20050825  2245   33.63    54.67   237    6.8  325
WV     GOES12  20050825  2245   33.69    54.43   262    7.3  321
WV     GOES12  20050825  2245   33.32    54.00   175    6.3    9
WV     GOES12  20050825  2245   33.33    53.69   175    7.4    0
WV     GOES12  20050825  2245   33.29    53.45   175    7.0   11
WV     GOES12  20050825  2245   33.65    51.71   250   16.3  326
WV     GOES12  20050825  2245   33.43    51.03   250   15.5  328
WV     GOES12  20050825  2245   33.35    50.62   250   18.9  328
WV     GOES12  20050825  2245   33.74    49.45   250    6.7  300
WV     GOES12  20050825  2245   33.65    49.30   250    7.0  299
WV     GOES12  20050825  2245   34.70    33.79   325   11.7   61
WV     GOES12  20050825  2245   34.75    33.00   337   10.1   42
WV     GOES12  20050825  2245   34.83    31.81   350    8.8   43
WV     GOES12  20050825  2245   34.82    31.29   337   13.8   63
WV     GOES12  20050825  2245   34.45    30.84   350   12.1   39
WV     GOES12  20050825  2245   34.54    30.22   350   11.7   38
WV     GOES12  20050825  2245   32.74    64.83   275   18.4  230
WV     GOES12  20050825  2245   32.18    64.52   162   15.3  264
WV     GOES12  20050825  2245   32.66    62.03   325   11.8  240
WV     GOES12  20050825  2245   32.62    61.51   387    9.2  237
WV     GOES12  20050825  2245   32.35    61.17   275    7.7  233
WV     GOES12  20050825  2245   32.60    60.60   325    7.9  224
WV     GOES12  20050825  2245   32.23    60.14   325    8.0  229
WV     GOES12  20050825  2245   32.64    54.23   175    5.9    6
WV     GOES12  20050825  2245   33.06    53.35   162    6.1    6
WV     GOES12  20050825  2245   33.07    53.07   162    5.7   10
WV     GOES12  20050825  2245   32.95    52.39   262   11.0  345
WV     GOES12  20050825  2245   32.87    51.93   262    9.2  353
WV     GOES12  20050825  2245   32.82    51.92   262    9.3  350
WV     GOES12  20050825  2245   33.05    51.04   250   15.5  319
WV     GOES12  20050825  2245   32.65    50.31   250   14.5  326
WV     GOES12  20050825  2245   32.65    50.25   250   14.6  326
WV     GOES12  20050825  2245   33.12    49.29   250    9.7  305
WV     GOES12  20050825  2245   33.03    49.09   250   11.0  300
WV     GOES12  20050825  2245   33.19    48.70   250    9.4  294
WV     GOES12  20050825  2245   33.47    42.87   350    5.7  105
WV     GOES12  20050825  2245   33.40    41.60   350    7.3   85
WV     GOES12  20050825  2245   33.13    41.21   350    8.8   86
WV     GOES12  20050825  2245   34.05    32.42   350   11.0   25
WV     GOES12  20050825  2245   34.06    31.44   337   12.3   37
WV     GOES12  20050825  2245   34.16    30.79   337   11.6   36
WV     GOES12  20050825  2245   34.17    30.61   337   11.6   35
WV     GOES12  20050825  2245   34.21    29.95   337   12.9   36
WV     GOES12  20050825  2245   34.86    20.60   350    7.6  161
WV     GOES12  20050825  2245   31.62    64.90   175   12.0  270
WV     GOES12  20050825  2245   31.95    64.55   162   14.9  265
WV     GOES12  20050825  2245   31.92    63.45   212    7.6  254
WV     GOES12  20050825  2245   31.56    62.73   300    7.5  241
WV     GOES12  20050825  2245   31.67    61.96   275    5.9  224
WV     GOES12  20050825  2245   31.58    61.88   275    6.2  221
WV     GOES12  20050825  2245   31.78    61.25   275    6.2  224
WV     GOES12  20050825  2245   31.74    61.15   275    5.8  208
WV     GOES12  20050825  2245   31.56    60.76   337    6.4  237
WV     GOES12  20050825  2245   31.70    54.19   275    7.5  357
WV     GOES12  20050825  2245   31.91    53.61   312    6.2    4
WV     GOES12  20050825  2245   31.79    52.97   312    6.0   13
WV     GOES12  20050825  2245   32.36    50.44   250   14.1  325
WV     GOES12  20050825  2245   32.32    50.16   250   13.7  329
WV     GOES12  20050825  2245   32.33    49.90   250   12.2  339
WV     GOES12  20050825  2245   32.43    48.57   262    8.5  317
WV     GOES12  20050825  2245   32.32    47.84   287   11.0  353
WV     GOES12  20050825  2245   31.99    47.79   300    9.1    2
WV     GOES12  20050825  2245   32.28    45.75   387    6.9  114
WV     GOES12  20050825  2245   32.59    45.18   375    9.6   95
WV     GOES12  20050825  2245   32.61    44.74   387    6.3  125
WV     GOES12  20050825  2245   32.59    42.20   375    6.3   68
WV     GOES12  20050825  2245   32.67    41.58   362    8.9   81
WV     GOES12  20050825  2245   32.78    41.32   362    7.5   87
WV     GOES12  20050825  2245   31.30    62.03   250    6.0  221
WV     GOES12  20050825  2245   31.32    60.83   312    6.7  246
WV     GOES12  20050825  2245   31.43    60.29   275    6.3  241
WV     GOES12  20050825  2245   31.10    54.11   325    6.5    5
WV     GOES12  20050825  2245   31.55    53.21   312    5.3    4
WV     GOES12  20050825  2245   31.60    53.11   312    5.1   10
WV     GOES12  20050825  2245   31.63    52.27   300    5.5  338
WV     GOES12  20050825  2245   31.63    51.00   250   11.4    0
WV     GOES12  20050825  2245   31.13    50.65   300    6.3    1
WV     GOES12  20050825  2245   31.84    48.12   287    6.4   19
WV     GOES12  20050825  2245   31.75    45.88   400    7.3  112
WV     GOES12  20050825  2245   31.66    45.73   225    6.3  112
WV     GOES12  20050825  2245   32.01    44.29   400    6.3  131
WV     GOES12  20050825  2245   31.55    44.21   387    6.0   94
WV     GOES12  20050825  2245   32.00    42.58   387    7.0  109
WV     GOES12  20050825  2245   31.89    42.06   387    6.2  114
WV     GOES12  20050825  2245   31.85    41.79   387    5.8   97
WV     GOES12  20050825  2245   32.08    41.12   387    5.5   98
WV     GOES12  20050825  2245   32.24    31.10   350    8.3   43
WV     GOES12  20050825  2245   32.48    30.26   325   12.8   42
WV     GOES12  20050825  2245   32.55    29.95   337   12.2   37
WV     GOES12  20050825  2245   32.90    20.84   350   12.1  226
WV     GOES12  20050825  2245   30.37    55.24   212    7.2   67
WV     GOES12  20050825  2245   30.33    55.09   200    6.6   39
WV     GOES12  20050825  2245   30.62    54.53   225    6.6   40
WV     GOES12  20050825  2245   30.64    53.93   325    7.5   16
WV     GOES12  20050825  2245   30.78    53.78   287    7.5   17
WV     GOES12  20050825  2245   30.94    53.27   262    8.2    5
WV     GOES12  20050825  2245   30.72    52.95   262    9.6   19
WV     GOES12  20050825  2245   30.91    51.59   275    8.6  323
WV     GOES12  20050825  2245   30.52    50.95   287    7.9   13
WV     GOES12  20050825  2245   30.95    50.36   300    9.2  358
WV     GOES12  20050825  2245   30.94    49.66   300    7.1  343
WV     GOES12  20050825  2245   30.90    48.14   262   17.1    4
WV     GOES12  20050825  2245   30.64    47.91   262   19.3    8
WV     GOES12  20050825  2245   31.17    46.20   212    5.9  116
WV     GOES12  20050825  2245   30.63    45.96   212    6.8  111
WV     GOES12  20050825  2245   31.31    44.16   387    6.1   81
WV     GOES12  20050825  2245   31.18    43.93   387    5.8   85
WV     GOES12  20050825  2245   31.15    42.69   387    6.2  101
WV     GOES12  20050825  2245   31.42    41.90   387    6.2   77
WV     GOES12  20050825  2245   31.32    37.65   387    8.4   86
WV     GOES12  20050825  2245   31.45    35.45   362   12.9   83
WV     GOES12  20050825  2245   31.89    31.98   350   10.2   65
WV     GOES12  20050825  2245   31.93    31.36   350    9.2   51
WV     GOES12  20050825  2245   31.95    31.11   362    7.9   40
WV     GOES12  20050825  2245   31.99    30.43   400    5.2  340
WV     GOES12  20050825  2245   31.90    28.92   375    7.2  353
WV     GOES12  20050825  2245   31.86    26.63   350    9.3  351
WV     GOES12  20050825  2245   32.69    21.03   375   15.0  228
WV     GOES12  20050825  2245   32.66    20.73   400   10.1  236
WV     GOES12  20050825  2245   29.88    54.75   300    6.0   22
WV     GOES12  20050825  2245   29.89    54.64   300    5.8   22
WV     GOES12  20050825  2245   29.83    53.69   212    9.8   25
WV     GOES12  20050825  2245   29.79    53.34   200   10.9   26
WV     GOES12  20050825  2245   29.85    53.00   225    8.1   15
WV     GOES12  20050825  2245   29.73    52.54   325   10.4   27
WV     GOES12  20050825  2245   29.80    51.84   300    7.2   35
WV     GOES12  20050825  2245   29.85    51.77   312    6.3   36
WV     GOES12  20050825  2245   30.24    51.07   287    6.7    5
WV     GOES12  20050825  2245   30.06    49.69   237    7.0  358
WV     GOES12  20050825  2245   30.11    49.59   225    7.7    0
WV     GOES12  20050825  2245   29.94    49.19   250   13.1  355
WV     GOES12  20050825  2245   30.10    48.62   250   15.2    0
WV     GOES12  20050825  2245   30.08    48.11   250   21.0    4
WV     GOES12  20050825  2245   30.18    45.66   212    7.4  111
WV     GOES12  20050825  2245   30.58    44.93   212    5.4  117
WV     GOES12  20050825  2245   30.63    42.87   387    5.6   87
WV     GOES12  20050825  2245   30.66    40.49   400    6.4   87
WV     GOES12  20050825  2245   31.08    33.61   375    6.9   56
WV     GOES12  20050825  2245   30.71    32.76   375    8.8   52
WV     GOES12  20050825  2245   31.02    30.06   387    5.7  343
WV     GOES12  20050825  2245   31.44    28.56   375    6.3  346
WV     GOES12  20050825  2245   31.58    26.56   350    9.1  336
WV     GOES12  20050825  2245   28.98    61.83   325    6.1  138
WV     GOES12  20050825  2245   29.48    54.66   200    9.6   52
WV     GOES12  20050825  2245   29.36    54.13   212    8.8   27
WV     GOES12  20050825  2245   29.47    53.59   200   12.4   33
WV     GOES12  20050825  2245   29.16    53.35   200   12.0   24
WV     GOES12  20050825  2245   29.31    52.96   337   11.3   24
WV     GOES12  20050825  2245   29.09    52.61   237   15.1   29
WV     GOES12  20050825  2245   29.43    51.97   287    8.7   32
WV     GOES12  20050825  2245   29.22    51.40   287   12.6   19
WV     GOES12  20050825  2245   29.11    50.88   237    9.4   17
WV     GOES12  20050825  2245   29.25    50.67   212    8.1   14
WV     GOES12  20050825  2245   29.04    50.18   287    8.9    4
WV     GOES12  20050825  2245   29.70    49.55   225    9.1    3
WV     GOES12  20050825  2245   29.67    49.02   250   15.5    1
WV     GOES12  20050825  2245   29.27    48.98   250   18.2    4
WV     GOES12  20050825  2245   29.22    46.84   300    6.5   17
WV     GOES12  20050825  2245   29.30    45.93   350    7.1   16
WV     GOES12  20050825  2245   29.69    45.40   400    8.4  117
WV     GOES12  20050825  2245   29.71    44.85   400    6.6   98
WV     GOES12  20050825  2245   29.93    42.08   387    6.1   27
WV     GOES12  20050825  2245   29.67    41.72   400    5.0   36
WV     GOES12  20050825  2245   30.50    33.16   362    9.6   64
WV     GOES12  20050825  2245   30.67    28.78   375    6.6  325
WV     GOES12  20050825  2245   30.68    28.70   375    6.7  325
WV     GOES12  20050825  2245   30.83    27.06   350   10.0  333
WV     GOES12  20050825  2245   31.08    23.98   362   15.2  247
WV     GOES12  20050825  2245   31.04    23.18   375   17.2  245
WV     GOES12  20050825  2245   31.23    21.82   387   12.7  249
WV     GOES12  20050825  2245   28.16    60.76   275    9.1  135
WV     GOES12  20050825  2245   28.16    60.48   275   11.3  138
WV     GOES12  20050825  2245   28.63    54.58   187    7.8   37
WV     GOES12  20050825  2245   28.64    53.99   200   11.0   46
WV     GOES12  20050825  2245   28.60    53.95   200    9.5   38
WV     GOES12  20050825  2245   28.35    53.26   200   13.1   26
WV     GOES12  20050825  2245   28.81    52.85   212   15.8   27
WV     GOES12  20050825  2245   28.55    52.73   212   14.4   34
WV     GOES12  20050825  2245   28.85    51.86   312    7.9  356
WV     GOES12  20050825  2245   28.91    51.38   300   11.9   18
WV     GOES12  20050825  2245   28.89    50.72   212    7.0   18
WV     GOES12  20050825  2245   28.76    50.60   225    6.3    8
WV     GOES12  20050825  2245   28.50    50.23   275    6.7   13
WV     GOES12  20050825  2245   28.80    49.53   212   14.4    9
WV     GOES12  20050825  2245   28.99    49.27   237   16.2    7
WV     GOES12  20050825  2245   28.85    46.86   300    5.9   12
WV     GOES12  20050825  2245   28.77    46.62   337    5.5    8
WV     GOES12  20050825  2245   28.65    46.41   325    6.0   18
WV     GOES12  20050825  2245   30.02    28.82   362    5.1  318
WV     GOES12  20050825  2245   30.11    28.03   362    6.1  310
WV     GOES12  20050825  2245   30.15    26.74   337    9.7  331
WV     GOES12  20050825  2245   30.25    24.46   312   11.3  278
WV     GOES12  20050825  2245   27.41    63.17   237    5.6  171
WV     GOES12  20050825  2245   27.64    62.57   250    5.5  159
WV     GOES12  20050825  2245   27.68    62.52   250    5.4  157
WV     GOES12  20050825  2245   27.96    61.96   337    5.1  141
WV     GOES12  20050825  2245   27.94    58.76   362    7.5  142
WV     GOES12  20050825  2245   27.76    53.89   225   11.7   48
WV     GOES12  20050825  2245   27.99    53.62   250   11.0   41
WV     GOES12  20050825  2245   28.14    53.08   200    9.6   31
WV     GOES12  20050825  2245   28.16    52.54   287    8.1   25
WV     GOES12  20050825  2245   28.16    52.45   287    8.3   26
WV     GOES12  20050825  2245   28.21    50.84   212    6.3    2
WV     GOES12  20050825  2245   28.23    50.34   275    7.6   19
WV     GOES12  20050825  2245   28.07    49.69   225   16.6   10
WV     GOES12  20050825  2245   28.32    46.84   337    5.6  359
WV     GOES12  20050825  2245   28.47    46.41   312    6.7   27
WV     GOES12  20050825  2245   28.39    46.09   337    7.9   15
WV     GOES12  20050825  2245   28.01    45.49   350    8.5    0
WV     GOES12  20050825  2245   28.55    44.46   412    6.2   99
WV     GOES12  20050825  2245   28.47    44.29   412    5.5  100
WV     GOES12  20050825  2245   28.97    27.07   350   10.9  281
WV     GOES12  20050825  2245   29.14    25.11   362   12.4  266
WV     GOES12  20050825  2245   29.62    23.30   350   17.7  255
WV     GOES12  20050825  2245   29.64    23.09   362   16.0  257
WV     GOES12  20050825  2245   27.44    54.12   300    9.5   52
WV     GOES12  20050825  2245   27.37    53.53   337    7.7   25
WV     GOES12  20050825  2245   27.34    53.14   312    6.3   14
WV     GOES12  20050825  2245   27.10    52.51   400    5.5   13
WV     GOES12  20050825  2245   27.60    50.55   212    8.1    8
WV     GOES12  20050825  2245   27.44    50.24   212   11.1   23
WV     GOES12  20050825  2245   27.14    49.99   200   16.6   17
WV     GOES12  20050825  2245   27.73    47.07   337    6.8  351
WV     GOES12  20050825  2245   27.78    46.91   350    6.2  355
WV     GOES12  20050825  2245   27.59    46.20   337    6.0  355
WV     GOES12  20050825  2245   27.55    46.07   287    5.8  359
WV     GOES12  20050825  2245   27.38    45.81   225    6.7    5
WV     GOES12  20050825  2245   27.69    41.73   400    5.6   92
WV     GOES12  20050825  2245   27.59    41.00   400    7.3   93
WV     GOES12  20050825  2245   28.21    34.61   375    7.2  267
WV     GOES12  20050825  2245   27.94    33.91   375    6.7  273
WV     GOES12  20050825  2245   28.68    27.25   362   10.7  282
WV     GOES12  20050825  2245   28.84    24.71   362   15.3  266
WV     GOES12  20050825  2245   28.63    21.54   225   39.5  241
WV     GOES12  20050825  2245   28.67    20.87   237   38.8  239
WV     GOES12  20050825  2245   28.71    20.30   262   35.7  238
WV     GOES12  20050825  2245   26.23    63.29   250    6.7  221
WV     GOES12  20050825  2245   26.16    62.89   275    5.7  211
WV     GOES12  20050825  2245   26.26    61.68   275    5.6  239
WV     GOES12  20050825  2245   26.35    61.35   250    5.2  244
WV     GOES12  20050825  2245   26.30    56.10   225    6.6   85
WV     GOES12  20050825  2245   26.45    55.15   300    6.7   55
WV     GOES12  20050825  2245   26.38    54.88   225    6.1   30
WV     GOES12  20050825  2245   26.65    54.33   225    6.5   46
WV     GOES12  20050825  2245   26.44    54.06   225    7.7   41
WV     GOES12  20050825  2245   26.80    53.72   250   11.0   45
WV     GOES12  20050825  2245   26.91    52.93   350    6.4    4
WV     GOES12  20050825  2245   26.75    52.36   362    6.8   34
WV     GOES12  20050825  2245   26.85    50.59   212    8.3   30
WV     GOES12  20050825  2245   27.00    50.09   200   16.4   17
WV     GOES12  20050825  2245   26.56    47.64   350    5.1    8
WV     GOES12  20050825  2245   26.81    47.00   325    6.7    0
WV     GOES12  20050825  2245   26.77    46.87   325    6.5  358
WV     GOES12  20050825  2245   26.90    45.80   237    5.7   11
WV     GOES12  20050825  2245   26.84    41.74   400    5.5   73
WV     GOES12  20050825  2245   26.90    41.50   400    6.7   88
WV     GOES12  20050825  2245   27.39    34.85   362    9.5  266
WV     GOES12  20050825  2245   27.66    34.06   375    6.5  266
WV     GOES12  20050825  2245   27.73    33.51   375    7.3  246
WV     GOES12  20050825  2245   27.95    27.28   400   10.4  278
WV     GOES12  20050825  2245   27.89    23.01   200   37.9  238
WV     GOES12  20050825  2245   27.96    22.55   200   37.4  239
WV     GOES12  20050825  2245   28.36    21.44   225   37.8  240
WV     GOES12  20050825  2245   28.20    20.96   237   34.5  238
WV     GOES12  20050825  2245   28.21    20.16   287   28.0  235
WV     GOES12  20050825  2245   25.79    64.21   250    6.4  220
WV     GOES12  20050825  2245   25.91    62.43   337    6.2  210
WV     GOES12  20050825  2245   25.88    61.69   275    6.5  247
WV     GOES12  20050825  2245   25.80    61.36   275    6.7  247
WV     GOES12  20050825  2245   26.04    57.74   350    6.4  126
WV     GOES12  20050825  2245   26.02    57.07   325    7.7  123
WV     GOES12  20050825  2245   25.99    56.21   275    6.8   78
WV     GOES12  20050825  2245   25.96    55.89   262    5.4   60
WV     GOES12  20050825  2245   25.77    53.28   200    9.6   36
WV     GOES12  20050825  2245   25.86    51.89   300   12.3   50
WV     GOES12  20050825  2245   26.00    48.84   212    6.6   10
WV     GOES12  20050825  2245   26.07    47.99   212    5.7   17
WV     GOES12  20050825  2245   26.07    47.93   212    5.7   16
WV     GOES12  20050825  2245   25.96    47.55   300    5.9   14
WV     GOES12  20050825  2245   27.37    24.81   262   32.2  246
WV     GOES12  20050825  2245   27.43    24.58   262   32.4  245
WV     GOES12  20050825  2245   27.16    23.72   162   30.2  239
WV     GOES12  20050825  2245   27.66    22.97   200   36.6  239
WV     GOES12  20050825  2245   27.33    22.53   237   29.0  237
WV     GOES12  20050825  2245   27.60    21.07   262   24.7  237
WV     GOES12  20050825  2245   27.24    21.04   300   20.9  237
WV     GOES12  20050825  2245   25.37    63.73   250    6.0  220
WV     GOES12  20050825  2245   25.23    54.35   225    5.1   21
WV     GOES12  20050825  2245   25.12    53.63   287    8.0   25
WV     GOES12  20050825  2245   25.43    53.23   212    9.4   35
WV     GOES12  20050825  2245   25.58    52.64   250    9.8   43
WV     GOES12  20050825  2245   25.64    52.03   300   12.8   50
WV     GOES12  20050825  2245   25.60    51.88   300   14.3   55
WV     GOES12  20050825  2245   25.44    48.78   212    5.4    8
WV     GOES12  20050825  2245   25.36    48.75   212    5.2    8
WV     GOES12  20050825  2245   25.77    48.05   225    6.7    5
WV     GOES12  20050825  2245   25.70    47.54   250    6.0   15
WV     GOES12  20050825  2245   25.76    36.56   200   30.8  252
WV     GOES12  20050825  2245   25.95    36.20   200   31.6  254
WV     GOES12  20050825  2245   26.17    28.60   300   23.7  254
WV     GOES12  20050825  2245   26.27    28.33   300   23.3  255
WV     GOES12  20050825  2245   26.38    27.22   312   22.2  253
WV     GOES12  20050825  2245   26.53    26.81   300   25.5  252
WV     GOES12  20050825  2245   26.41    25.86   312   23.2  246
WV     GOES12  20050825  2245   26.66    25.45   275   26.0  246
WV     GOES12  20050825  2245   26.56    24.76   300   25.5  243
WV     GOES12  20050825  2245   26.64    24.15   275   25.8  240
WV     GOES12  20050825  2245   26.56    23.32   262   22.4  239
WV     GOES12  20050825  2245   26.92    22.54   250   23.7  240
WV     GOES12  20050825  2245   26.80    21.55   300   19.0  239
WV     GOES12  20050825  2245   27.07    20.84   300   19.7  241
WV     GOES12  20050825  2245   27.02    20.09   362   16.6  236
WV     GOES12  20050825  2245   24.86    53.69   287    8.1   25
WV     GOES12  20050825  2245   24.86    53.64   287    8.3   28
WV     GOES12  20050825  2245   24.63    51.51   250   14.1   30
WV     GOES12  20050825  2245   24.81    51.25   250   14.2   30
WV     GOES12  20050825  2245   25.01    48.90   212    5.2   11
WV     GOES12  20050825  2245   25.05    48.77   212    5.2   11
WV     GOES12  20050825  2245   24.90    46.97   287    6.2   30
WV     GOES12  20050825  2245   25.39    39.12   312   19.2  251
WV     GOES12  20050825  2245   25.39    38.95   312   19.3  250
WV     GOES12  20050825  2245   25.10    38.66   300   20.7  249
WV     GOES12  20050825  2245   25.28    37.51   325   15.9  246
WV     GOES12  20050825  2245   25.10    36.77   225   28.5  249
WV     GOES12  20050825  2245   25.25    36.23   237   30.4  245
WV     GOES12  20050825  2245   25.31    36.07   250   30.9  245
WV     GOES12  20050825  2245   25.46    35.52   250   32.6  249
WV     GOES12  20050825  2245   25.14    34.89   237   29.4  257
WV     GOES12  20050825  2245   25.87    29.94   275   21.9  255
WV     GOES12  20050825  2245   25.95    28.54   287   23.8  255
WV     GOES12  20050825  2245   25.87    27.48   325   19.5  250
WV     GOES12  20050825  2245   26.04    26.90   312   20.8  249
WV     GOES12  20050825  2245   25.91    26.78   300   21.0  248
WV     GOES12  20050825  2245   26.05    25.95   325   20.4  245
WV     GOES12  20050825  2245   25.64    24.51   325   14.5  232
WV     GOES12  20050825  2245   25.87    23.69   287   17.4  244
WV     GOES12  20050825  2245   26.08    22.99   287   19.7  244
WV     GOES12  20050825  2245   25.82    22.24   325   15.1  243
WV     GOES12  20050825  2245   23.72    64.75   250   17.4  274
WV     GOES12  20050825  2245   23.98    63.40   250   16.1  265
WV     GOES12  20050825  2245   23.94    63.36   250   17.0  268
WV     GOES12  20050825  2245   23.83    62.52   250   15.1  266
WV     GOES12  20050825  2245   23.79    62.31   225   14.0  271
WV     GOES12  20050825  2245   24.09    59.63   175   13.0  288
WV     GOES12  20050825  2245   23.97    49.57   350    6.7   46
WV     GOES12  20050825  2245   24.41    39.70   275   15.3  238
WV     GOES12  20050825  2245   24.77    37.41   212   26.3  252
WV     GOES12  20050825  2245   24.70    37.08   250   25.7  244
WV     GOES12  20050825  2245   24.75    36.83   250   24.7  246
WV     GOES12  20050825  2245   24.82    36.33   250   27.8  246
WV     GOES12  20050825  2245   24.92    35.10   250   29.0  256
WV     GOES12  20050825  2245   24.99    34.44   262   29.5  257
WV     GOES12  20050825  2245   24.71    33.91   262   27.6  257
WV     GOES12  20050825  2245   24.92    33.24   250   31.0  261
WV     GOES12  20050825  2245   24.97    33.18   250   32.8  259
WV     GOES12  20050825  2245   25.13    29.05   325   11.0  252
WV     GOES12  20050825  2245   25.55    24.62   325   13.9  238
WV     GOES12  20050825  2245   25.22    24.04   312   15.7  244
WV     GOES12  20050825  2245   25.33    23.73   312   16.1  244
WV     GOES12  20050825  2245   25.58    22.44   337   14.0  244
WV     GOES12  20050825  2245   25.37    22.27   375   12.7  241
WV     GOES12  20050825  2245   23.46    64.98   250   16.1  270
WV     GOES12  20050825  2245   23.38    64.78   250   15.3  272
WV     GOES12  20050825  2245   23.02    64.00   262   12.3  253
WV     GOES12  20050825  2245   23.02    63.81   250   12.2  251
WV     GOES12  20050825  2245   23.44    63.39   250   12.4  246
WV     GOES12  20050825  2245   23.20    62.64   237   10.9  248
WV     GOES12  20050825  2245   22.97    61.89   225   17.8  303
WV     GOES12  20050825  2245   23.19    61.12   200   12.9  296
WV     GOES12  20050825  2245   23.02    60.93   200   17.8  301
WV     GOES12  20050825  2245   23.04    60.07   200    7.6  289
WV     GOES12  20050825  2245   23.38    59.59   212   12.9  290
WV     GOES12  20050825  2245   23.34    59.50   225   12.8  290
WV     GOES12  20050825  2245   23.11    58.59   287    5.2  303
WV     GOES12  20050825  2245   23.03    58.41   287    5.7  300
WV     GOES12  20050825  2245   23.34    51.00   350    9.1   30
WV     GOES12  20050825  2245   23.60    50.49   362    7.2   45
WV     GOES12  20050825  2245   23.70    50.07   362    8.0   47
WV     GOES12  20050825  2245   23.70    49.99   362    6.6   41
WV     GOES12  20050825  2245   23.58    43.43   325    9.5  233
WV     GOES12  20050825  2245   23.55    43.17   337    9.7  238
WV     GOES12  20050825  2245   23.81    40.82   325   12.8  251
WV     GOES12  20050825  2245   23.83    38.36   287   19.4  232
WV     GOES12  20050825  2245   24.52    25.67   337   11.5  253
WV     GOES12  20050825  2245   24.52    24.92   337   10.7  255
WV     GOES12  20050825  2245   24.80    23.71   337   13.2  241
WV     GOES12  20050825  2245   24.87    23.34   325   15.3  242
WV     GOES12  20050825  2245   24.67    22.97   362   13.9  240
WV     GOES12  20050825  2245   22.77    64.07   262   11.1  252
WV     GOES12  20050825  2245   22.57    63.76   250   11.2  264
WV     GOES12  20050825  2245   22.49    63.37   225    9.5  268
WV     GOES12  20050825  2245   22.79    62.54   237    9.9  265
WV     GOES12  20050825  2245   22.67    62.44   237    9.9  270
WV     GOES12  20050825  2245   22.89    61.87   212   19.0  306
WV     GOES12  20050825  2245   22.60    61.62   237   17.3  302
WV     GOES12  20050825  2245   22.62    60.63   200   13.9  298
WV     GOES12  20050825  2245   22.33    60.28   212    7.8  303
WV     GOES12  20050825  2245   22.84    59.93   175    8.8  299
WV     GOES12  20050825  2245   22.85    59.38   250    6.2  281
WV     GOES12  20050825  2245   22.86    58.60   287    5.5  300
WV     GOES12  20050825  2245   22.74    58.43   300    6.2  303
WV     GOES12  20050825  2245   22.53    56.39   312    6.9  304
WV     GOES12  20050825  2245   22.54    56.24   300    7.0  313
WV     GOES12  20050825  2245   22.99    54.70   350    5.2   15
WV     GOES12  20050825  2245   22.82    51.50   350   12.1   29
WV     GOES12  20050825  2245   23.12    51.25   350    8.6   27
WV     GOES12  20050825  2245   23.02    48.80   275    7.7   73
WV     GOES12  20050825  2245   22.81    44.95   337    8.9  248
WV     GOES12  20050825  2245   22.82    44.78   325    8.1  245
WV     GOES12  20050825  2245   22.85    44.03   137    6.6  235
WV     GOES12  20050825  2245   23.29    43.38   337    9.0  234
WV     GOES12  20050825  2245   23.01    42.97   287    9.0  237
WV     GOES12  20050825  2245   23.35    41.68   350    5.9  262
WV     GOES12  20050825  2245   23.43    40.71   312   11.0  243
WV     GOES12  20050825  2245   23.24    39.09   262   21.7  234
WV     GOES12  20050825  2245   23.38    38.75   250   21.6  236
WV     GOES12  20050825  2245   23.40    38.43   275   15.7  233
WV     GOES12  20050825  2245   23.26    37.69   300   10.9  225
WV     GOES12  20050825  2245   24.16    25.95   312   13.3  260
WV     GOES12  20050825  2245   23.82    24.11   300   11.4  258
WV     GOES12  20050825  2245   21.82    64.82   250   11.9  271
WV     GOES12  20050825  2245   21.74    64.32   237   11.0  277
WV     GOES12  20050825  2245   21.75    63.98   237    7.6  275
WV     GOES12  20050825  2245   21.67    63.73   225    7.9  289
WV     GOES12  20050825  2245   22.17    63.26   212    9.4  272
WV     GOES12  20050825  2245   22.08    63.20   212    9.3  267
WV     GOES12  20050825  2245   21.76    62.75   225    9.3  279
WV     GOES12  20050825  2245   22.18    61.95   212   15.9  299
WV     GOES12  20050825  2245   21.94    61.60   212   15.9  307
WV     GOES12  20050825  2245   22.19    61.43   212   17.6  305
WV     GOES12  20050825  2245   22.16    60.75   187   13.9  313
WV     GOES12  20050825  2245   22.12    60.73   200   13.6  313
WV     GOES12  20050825  2245   22.09    59.98   312    7.7  302
WV     GOES12  20050825  2245   21.94    59.14   300   13.6  308
WV     GOES12  20050825  2245   22.03    56.84   212    6.7  311
WV     GOES12  20050825  2245   22.29    56.18   300    7.2  313
WV     GOES12  20050825  2245   22.01    52.59   350    7.5   38
WV     GOES12  20050825  2245   22.05    50.79   362    5.0  351
WV     GOES12  20050825  2245   22.05    50.76   362    5.0  352
WV     GOES12  20050825  2245   22.65    42.62   350    6.4  226
WV     GOES12  20050825  2245   22.32    40.07   250   18.2  224
WV     GOES12  20050825  2245   22.50    39.70   250   17.3  224
WV     GOES12  20050825  2245   22.89    36.44   287   16.2  245
WV     GOES12  20050825  2245   22.94    35.09   350    7.6  215
WV     GOES12  20050825  2245   22.87    33.78   312    8.2  238
WV     GOES12  20050825  2245   22.67    33.56   300    7.8  230
WV     GOES12  20050825  2245   22.65    33.08   300    8.2  221
WV     GOES12  20050825  2245   23.00    32.01   250   19.3  263
WV     GOES12  20050825  2245   22.89    30.55   287   11.9  251
WV     GOES12  20050825  2245   22.81    30.44   300   11.2  256
WV     GOES12  20050825  2245   23.36    24.65   262   17.3  268
WV     GOES12  20050825  2245   23.41    24.43   262   15.3  270
WV     GOES12  20050825  2245   21.53    64.99   237    9.2  275
WV     GOES12  20050825  2245   21.45    64.72   212    9.6  278
WV     GOES12  20050825  2245   21.58    64.29   237   11.1  280
WV     GOES12  20050825  2245   21.22    63.84   212   11.1  292
WV     GOES12  20050825  2245   21.43    63.52   225    9.3  291
WV     GOES12  20050825  2245   21.19    62.87   187   13.2  302
WV     GOES12  20050825  2245   21.60    62.67   212   11.2  285
WV     GOES12  20050825  2245   21.28    62.28   200   13.2  300
WV     GOES12  20050825  2245   21.57    61.72   200   13.3  307
WV     GOES12  20050825  2245   21.54    61.46   212   20.2  312
WV     GOES12  20050825  2245   21.42    61.31   212   20.3  311
WV     GOES12  20050825  2245   21.26    60.84   200   15.8  317
WV     GOES12  20050825  2245   21.35    60.38   200   21.9  312
WV     GOES12  20050825  2245   21.57    57.10   325    6.2  334
WV     GOES12  20050825  2245   21.22    56.45   200    9.2  309
WV     GOES12  20050825  2245   21.35    56.31   200    8.0  305
WV     GOES12  20050825  2245   21.75    53.05   350    6.7   40
WV     GOES12  20050825  2245   21.75    52.95   350    7.4   41
WV     GOES12  20050825  2245   21.77    52.29   362    6.9   16
WV     GOES12  20050825  2245   21.77    52.18   362    6.7   12
WV     GOES12  20050825  2245   21.75    51.47   375    6.5  317
WV     GOES12  20050825  2245   21.79    51.23   375    5.7  326
WV     GOES12  20050825  2245   22.16    40.01   250   17.1  223
WV     GOES12  20050825  2245   22.20    38.79   250   17.4  226
WV     GOES12  20050825  2245   22.21    38.66   250   16.7  226
WV     GOES12  20050825  2245   22.28    37.85   312   11.2  212
WV     GOES12  20050825  2245   22.29    37.59   312   12.7  202
WV     GOES12  20050825  2245   22.44    35.10   362    5.8  219
WV     GOES12  20050825  2245   22.18    34.09   300    7.6  223
WV     GOES12  20050825  2245   22.42    33.50   287   11.9  239
WV     GOES12  20050825  2245   22.18    32.34   300    7.3  210
WV     GOES12  20050825  2245   20.52    64.98   187    6.0  307
WV     GOES12  20050825  2245   21.02    63.60   212    8.9  289
WV     GOES12  20050825  2245   20.91    62.88   200   15.1  300
WV     GOES12  20050825  2245   20.97    61.55   225   17.7  309
WV     GOES12  20050825  2245   20.98    60.92   200   14.5  318
WV     GOES12  20050825  2245   20.94    60.80   200   14.5  317
WV     GOES12  20050825  2245   20.86    60.34   200   19.1  320
WV     GOES12  20050825  2245   20.83    60.18   200   19.1  320
WV     GOES12  20050825  2245   21.02    58.26   337    6.9  322
WV     GOES12  20050825  2245   20.62    57.91   200   10.1  325
WV     GOES12  20050825  2245   20.80    57.36   350    5.9   12
WV     GOES12  20050825  2245   20.97    56.98   200    7.1  311
WV     GOES12  20050825  2245   20.93    56.74   200    7.4  314
WV     GOES12  20050825  2245   20.86    54.21   375    7.8   12
WV     GOES12  20050825  2245   21.19    52.45   375    7.9    8
WV     GOES12  20050825  2245   21.13    44.53   175   16.8  214
WV     GOES12  20050825  2245   21.32    43.57   200   15.3  210
WV     GOES12  20050825  2245   21.59    40.66   200   20.5  214
WV     GOES12  20050825  2245   21.60    40.38   225   19.9  217
WV     GOES12  20050825  2245   21.57    39.02   262   12.5  234
WV     GOES12  20050825  2245   21.42    36.35   300    8.1  229
WV     GOES12  20050825  2245   21.43    36.18   300    8.1  224
WV     GOES12  20050825  2245   21.42    33.21   300    6.4  227
WV     GOES12  20050825  2245   22.07    27.12   350    5.4  237
WV     GOES12  20050825  2245   22.19    26.55   350    6.9  229
WV     GOES12  20050825  2245   20.08    64.87   187    5.3  318
WV     GOES12  20050825  2245   20.24    64.70   187    5.9  317
WV     GOES12  20050825  2245   19.93    64.00   162    7.6  337
WV     GOES12  20050825  2245   19.90    63.18   175    9.3  313
WV     GOES12  20050825  2245   20.32    62.01   200   15.5  298
WV     GOES12  20050825  2245   20.28    61.92   200   16.3  300
WV     GOES12  20050825  2245   20.12    61.36   200   16.1  299
WV     GOES12  20050825  2245   20.08    61.32   200   17.3  300
WV     GOES12  20050825  2245   20.34    60.62   175   18.3  314
WV     GOES12  20050825  2245   20.34    60.59   187   20.0  314
WV     GOES12  20050825  2245   20.02    60.00   187   22.5  315
WV     GOES12  20050825  2245   19.95    59.89   187   23.9  315
WV     GOES12  20050825  2245   20.15    59.56   187   23.3  317
WV     GOES12  20050825  2245   20.50    57.88   200    7.3  316
WV     GOES12  20050825  2245   20.48    56.74   200    7.0  308
WV     GOES12  20050825  2245   20.42    55.78   175    8.7  289
WV     GOES12  20050825  2245   20.48    54.96   150    8.4  299
WV     GOES12  20050825  2245   20.48    54.82   162    6.9  304
WV     GOES12  20050825  2245   20.63    52.15   375    6.1    1
WV     GOES12  20050825  2245   20.56    51.66   375    9.4  336
WV     GOES12  20050825  2245   20.65    51.19   375    8.7  331
WV     GOES12  20050825  2245   20.30    50.59   362    6.9  319
WV     GOES12  20050825  2245   20.75    43.51   237    8.0  210
WV     GOES12  20050825  2245   20.75    43.37   275    8.1  211
WV     GOES12  20050825  2245   20.87    41.25   237   14.8  212
WV     GOES12  20050825  2245   20.62    41.20   237   15.1  210
WV     GOES12  20050825  2245   20.68    40.74   237   16.4  203
WV     GOES12  20050825  2245   20.92    37.50   287   10.4  274
WV     GOES12  20050825  2245   20.60    37.27   250   11.4  270
WV     GOES12  20050825  2245   21.09    36.15   300    7.7  224
WV     GOES12  20050825  2245   20.70    35.68   287    9.0  215
WV     GOES12  20050825  2245   20.83    35.36   312    8.6  238
WV     GOES12  20050825  2245   20.68    34.99   275    9.2  247
WV     GOES12  20050825  2245   20.86    33.63   300    5.7  236
WV     GOES12  20050825  2245   21.22    33.13   300    6.1  226
WV     GOES12  20050825  2245   21.25    31.29   325    8.2  247
WV     GOES12  20050825  2245   19.76    64.94   175    5.4  338
WV     GOES12  20050825  2245   19.64    64.66   187    5.5  336
WV     GOES12  20050825  2245   19.73    64.02   162    7.1  352
WV     GOES12  20050825  2245   19.74    63.42   175    6.3  321
WV     GOES12  20050825  2245   19.79    62.18   175   14.1  301
WV     GOES12  20050825  2245   19.72    61.56   187   16.3  314
WV     GOES12  20050825  2245   19.77    61.14   200   17.9  306
WV     GOES12  20050825  2245   19.61    60.93   175   16.5  306
WV     GOES12  20050825  2245   19.78    60.38   175   18.8  304
WV     GOES12  20050825  2245   19.74    60.31   175   20.2  305
WV     GOES12  20050825  2245   19.34    59.96   175   19.0  313
WV     GOES12  20050825  2245   19.85    56.03   337    7.6  297
WV     GOES12  20050825  2245   19.83    55.14   175    8.8  302
WV     GOES12  20050825  2245   19.93    54.07   275    6.9  343
WV     GOES12  20050825  2245   19.70    53.52   275    6.2  354
WV     GOES12  20050825  2245   19.79    53.43   287    6.4  355
WV     GOES12  20050825  2245   19.90    52.04   375    6.6  356
WV     GOES12  20050825  2245   19.84    51.01   375    7.2  331
WV     GOES12  20050825  2245   19.83    42.68   262   14.4  228
WV     GOES12  20050825  2245   19.85    42.05   250   15.7  226
WV     GOES12  20050825  2245   19.87    41.55   225    8.7  193
WV     GOES12  20050825  2245   20.12    41.33   225    9.4  197
WV     GOES12  20050825  2245   20.03    40.56   237   16.3  210
WV     GOES12  20050825  2245   20.07    40.42   225   15.9  210
WV     GOES12  20050825  2245   20.44    38.20   262    9.3  250
WV     GOES12  20050825  2245   20.43    37.23   250   11.9  273
WV     GOES12  20050825  2245   20.28    36.84   250    9.4  250
WV     GOES12  20050825  2245   20.41    36.69   250    9.4  246
WV     GOES12  20050825  2245   20.15    34.96   275    7.1  238
WV     GOES12  20050825  2245   20.11    34.81   262    7.7  238
WV     GOES12  20050825  2245   20.14    34.09   250   11.0  256
WV     GOES12  20050825  2245   20.11    33.80   237   12.9  261
WV     GOES12  20050825  2245   19.00    64.89   137    7.3    1
WV     GOES12  20050825  2245   19.20    64.62   175    6.7  354
WV     GOES12  20050825  2245   19.18    63.42   162    9.5  341
WV     GOES12  20050825  2245   19.02    63.32   162   11.1  327
WV     GOES12  20050825  2245   19.13    61.19   200   20.5  328
WV     GOES12  20050825  2245   18.76    59.44   175   15.2  320
WV     GOES12  20050825  2245   19.18    55.80   275    7.4  311
WV     GOES12  20050825  2245   19.18    55.60   237    6.8  313
WV     GOES12  20050825  2245   19.28    54.84   187    7.2  312
WV     GOES12  20050825  2245   19.38    42.98   262   14.1  226
WV     GOES12  20050825  2245   19.33    41.88   162    8.1  202
WV     GOES12  20050825  2245   19.25    41.84   162    7.9  203
WV     GOES12  20050825  2245   19.35    41.23   175   11.2  213
WV     GOES12  20050825  2245   19.45    40.85   187    7.1  199
WV     GOES12  20050825  2245   19.47    40.07   212   11.0  204
WV     GOES12  20050825  2245   19.47    40.04   212   10.9  205
WV     GOES12  20050825  2245   19.64    37.57   262   12.5  232
WV     GOES12  20050825  2245   19.37    37.16   225    9.4  249
WV     GOES12  20050825  2245   19.94    34.91   262    7.3  243
WV     GOES12  20050825  2245   19.87    34.70   250    8.0  256
WV     GOES12  20050825  2245   19.73    33.84   237   11.8  261
WV     GOES12  20050825  2245   19.53    33.79   250   11.2  274
WV     GOES12  20050825  2245   19.68    33.08   262   11.8  275
WV     GOES12  20050825  2245   18.45    64.93   150    8.0  358
WV     GOES12  20050825  2245   18.37    64.62   162   11.8   11
WV     GOES12  20050825  2245   18.67    60.03   175   11.2  297
WV     GOES12  20050825  2245   18.62    53.82   337    8.4   19
WV     GOES12  20050825  2245   18.74    51.75   400   11.0   38
WV     GOES12  20050825  2245   18.79    51.59   412   10.9   39
WV     GOES12  20050825  2245   18.76    51.12   400    7.3   14
WV     GOES12  20050825  2245   19.04    39.60   200    9.5  226
WV     GOES12  20050825  2245   18.92    36.99   200    8.2  275
WV     GOES12  20050825  2245   19.15    34.10   262    9.1  280
WV     GOES12  20050825  2245   19.25    33.59   275   11.7  286
WV     GOES12  20050825  2245   19.09    33.48   262   11.0  290
WV     GOES12  20050825  2245   17.51    64.54   137   13.3   30
WV     GOES12  20050825  2245   18.07    60.05   162   15.3  327
WV     GOES12  20050825  2245   17.92    59.91   162   16.3  331
WV     GOES12  20050825  2245   17.61    59.68   162   14.5  337
WV     GOES12  20050825  2245   17.68    55.14   362    5.9   24
WV     GOES12  20050825  2245   18.19    51.49   425    9.6   43
WV     GOES12  20050825  2245   18.19    51.32   425    9.0   37
WV     GOES12  20050825  2245   17.91    48.00   200   16.5  198
WV     GOES12  20050825  2245   17.99    46.56   162   11.6  201
WV     GOES12  20050825  2245   18.18    45.33   225   13.0  213
WV     GOES12  20050825  2245   18.09    40.21   175    5.1  226
WV     GOES12  20050825  2245   18.06    39.77   187    7.6  226
WV     GOES12  20050825  2245   18.16    36.89   200    8.8  307
WV     GOES12  20050825  2245   18.68    35.76   250    6.9  267
WV     GOES12  20050825  2245   18.37    35.25   225    6.0  293
WV     GOES12  20050825  2245   18.61    34.27   262    8.2  294
WV     GOES12  20050825  2245   18.70    34.03   275    8.6  290
WV     GOES12  20050825  2245   18.47    33.72   250    7.4  298
WV     GOES12  20050825  2245   17.12    64.62   137   15.5   25
WV     GOES12  20050825  2245   17.46    58.89   175   19.0  332
WV     GOES12  20050825  2245   17.46    56.24   400    7.2   39
WV     GOES12  20050825  2245   17.51    55.60   400    7.2   43
WV     GOES12  20050825  2245   17.32    55.45   400    7.6   43
WV     GOES12  20050825  2245   17.22    48.93   175   18.4  185
WV     GOES12  20050825  2245   17.26    48.82   175   16.7  184
WV     GOES12  20050825  2245   17.72    47.80   200   15.9  196
WV     GOES12  20050825  2245   17.47    46.80   162   12.2  202
WV     GOES12  20050825  2245   17.60    46.24   162    8.3  210
WV     GOES12  20050825  2245   17.53    46.01   162    9.2  204
WV     GOES12  20050825  2245   17.34    45.63   162   11.2  196
WV     GOES12  20050825  2245   17.37    44.29   137    9.4  214
WV     GOES12  20050825  2245   17.58    43.80   137    9.3  209
WV     GOES12  20050825  2245   17.43    43.55   137    8.2  205
WV     GOES12  20050825  2245   17.61    42.76   137    7.5  189
WV     GOES12  20050825  2245   17.45    42.71   162    6.0  208
WV     GOES12  20050825  2245   17.49    38.94   200    8.6  294
WV     GOES12  20050825  2245   17.53    37.56   200    8.7  341
WV     GOES12  20050825  2245   17.86    37.14   200    7.5  314
WV     GOES12  20050825  2245   17.67    36.76   200    5.5  296
WV     GOES12  20050825  2245   17.98    35.99   212    6.8  322
WV     GOES12  20050825  2245   17.94    34.94   225    5.4  320
WV     GOES12  20050825  2245   17.94    34.90   225    5.8  317
WV     GOES12  20050825  2245   16.57    64.96   150   13.3   11
WV     GOES12  20050825  2245   16.61    64.63   187   17.3   26
WV     GOES12  20050825  2245   16.43    63.35   212    8.5   25
WV     GOES12  20050825  2245   16.67    59.16   162    8.5    1
WV     GOES12  20050825  2245   16.73    53.66   562    8.2   41
WV     GOES12  20050825  2245   16.77    53.46   475    8.4   29
WV     GOES12  20050825  2245   16.94    52.66   412   10.2   49
WV     GOES12  20050825  2245   16.91    52.10   425    9.3   56
WV     GOES12  20050825  2245   16.70    50.74   237   11.2  170
WV     GOES12  20050825  2245   16.82    50.62   200   11.5  176
WV     GOES12  20050825  2245   16.64    49.92   237   12.4  170
WV     GOES12  20050825  2245   16.61    49.83   237   12.8  169
WV     GOES12  20050825  2245   16.73    49.32   175   15.1  179
WV     GOES12  20050825  2245   16.93    47.74   212    9.9  185
WV     GOES12  20050825  2245   16.78    47.28   187    9.7  201
WV     GOES12  20050825  2245   16.99    47.00   162    8.9  192
WV     GOES12  20050825  2245   17.10    45.68   162    9.8  197
WV     GOES12  20050825  2245   16.86    44.24   137    7.0  205
WV     GOES12  20050825  2245   17.11    43.63   137    7.2  204
WV     GOES12  20050825  2245   16.84    43.30   137    7.9  195
WV     GOES12  20050825  2245   16.89    43.01   137    7.0  201
WV     GOES12  20050825  2245   17.19    40.95   200    5.0  226
WV     GOES12  20050825  2245   17.03    40.64   187    5.1  217
WV     GOES12  20050825  2245   17.12    37.61   200    9.0  344
WV     GOES12  20050825  2245   17.18    37.16   200    7.7  333
WV     GOES12  20050825  2245   17.44    36.68   200    7.0  316
WV     GOES12  20050825  2245   17.45    36.20   225    7.7  337
WV     GOES12  20050825  2245   17.45    35.07   212    7.7  321
WV     GOES12  20050825  2245   16.26    64.92   162   15.9   15
WV     GOES12  20050825  2245   16.09    62.37   162    6.1   50
WV     GOES12  20050825  2245   16.04    60.11   212   13.6   13
WV     GOES12  20050825  2245   16.13    59.37   200   11.8  355
WV     GOES12  20050825  2245   15.94    59.07   137    8.6  352
WV     GOES12  20050825  2245   16.09    58.96   137    8.5  350
WV     GOES12  20050825  2245   16.18    58.61   137    8.9  332
WV     GOES12  20050825  2245   15.87    58.13   162   12.5  338
WV     GOES12  20050825  2245   15.91    57.92   150    8.2  359
WV     GOES12  20050825  2245   16.37    53.69   487    7.9   51
WV     GOES12  20050825  2245   16.07    53.34   400    7.3   38
WV     GOES12  20050825  2245   16.11    53.31   400    7.0   37
WV     GOES12  20050825  2245   16.17    51.96   175    9.5  175
WV     GOES12  20050825  2245   16.17    51.84   175    9.3  177
WV     GOES12  20050825  2245   16.03    51.30   175   13.2  166
WV     GOES12  20050825  2245   16.11    50.84   237   12.9  166
WV     GOES12  20050825  2245   16.04    50.65   237   13.5  163
WV     GOES12  20050825  2245   16.28    50.16   200   13.2  168
WV     GOES12  20050825  2245   16.06    49.87   175   12.2  160
WV     GOES12  20050825  2245   16.42    49.23   200   13.5  175
WV     GOES12  20050825  2245   16.42    49.17   200   13.2  173
WV     GOES12  20050825  2245   16.20    48.73   187   10.3  166
WV     GOES12  20050825  2245   16.35    47.23   187    9.4  187
WV     GOES12  20050825  2245   16.48    46.76   175    6.4  204
WV     GOES12  20050825  2245   16.31    43.84   187    6.5  172
WV     GOES12  20050825  2245   16.24    43.66   237    5.9  173
WV     GOES12  20050825  2245   16.65    42.90   162    5.8  193
WV     GOES12  20050825  2245   16.44    39.05   162    5.7   34
WV     GOES12  20050825  2245   16.64    37.75   200    8.8  348
WV     GOES12  20050825  2245   16.45    37.50   200    6.2  358
WV     GOES12  20050825  2245   16.83    36.67   200    6.3  352
WV     GOES12  20050825  2245   15.46    60.44   162    7.3   47
WV     GOES12  20050825  2245   15.35    59.97   175    9.0   18
WV     GOES12  20050825  2245   15.31    59.70   175    9.3   20
WV     GOES12  20050825  2245   15.28    59.23   187   12.9  328
WV     GOES12  20050825  2245   15.36    58.99   137   11.2  358
WV     GOES12  20050825  2245   15.33    58.40   250   11.4   55
WV     GOES12  20050825  2245   15.42    54.96   400    8.0   42
WV     GOES12  20050825  2245   15.48    53.62   387    6.3   36
WV     GOES12  20050825  2245   15.44    53.38   400    6.2   38
WV     GOES12  20050825  2245   15.50    52.18   137    7.6  162
WV     GOES12  20050825  2245   15.71    51.64   137   10.5  165
WV     GOES12  20050825  2245   15.40    51.32   137   13.1  165
WV     GOES12  20050825  2245   15.76    51.14   250   13.2  163
WV     GOES12  20050825  2245   15.72    50.80   237   11.5  166
WV     GOES12  20050825  2245   15.62    50.27   200   11.2  171
WV     GOES12  20050825  2245   15.63    49.89   200   11.4  160
WV     GOES12  20050825  2245   15.55    49.55   175   10.1  168
WV     GOES12  20050825  2245   15.48    49.13   200   12.6  166
WV     GOES12  20050825  2245   15.73    48.73   200    9.6  170
WV     GOES12  20050825  2245   15.97    46.70   162    5.0  187
WV     GOES12  20050825  2245   15.63    45.84   162    6.5  184
WV     GOES12  20050825  2245   15.68    44.13   262    5.5  160
WV     GOES12  20050825  2245   16.09    38.99   175    6.8   41
WV     GOES12  20050825  2245   16.11    38.21   187    5.4    4
WV     GOES12  20050825  2245   16.13    37.50   187    6.0   15
WV     GOES12  20050825  2245   14.78    61.99   212   12.3   56
WV     GOES12  20050825  2245   14.60    61.72   275    9.8   88
WV     GOES12  20050825  2245   14.95    60.50   250    6.8   54
WV     GOES12  20050825  2245   14.96    60.23   175    7.7   42
WV     GOES12  20050825  2245   14.73    60.11   237    6.7   45
WV     GOES12  20050825  2245   14.74    59.48   175    8.8   33
WV     GOES12  20050825  2245   15.09    58.99   162    9.3    1
WV     GOES12  20050825  2245   14.74    58.75   162    8.7   23
WV     GOES12  20050825  2245   14.98    58.36   237    9.8   44
WV     GOES12  20050825  2245   14.92    54.76   400    8.4   38
WV     GOES12  20050825  2245   14.75    53.21   250    8.8  140
WV     GOES12  20050825  2245   14.95    52.82   250    8.7  153
WV     GOES12  20050825  2245   14.91    52.70   250    9.5  152
WV     GOES12  20050825  2245   15.16    52.09   137   10.1  164
WV     GOES12  20050825  2245   14.81    51.94   237   11.5  149
WV     GOES12  20050825  2245   14.90    51.36   137    7.6  157
WV     GOES12  20050825  2245   14.86    51.29   137    6.5  153
WV     GOES12  20050825  2245   14.84    50.23   200   10.9  158
WV     GOES12  20050825  2245   15.24    49.82   175   11.1  156
WV     GOES12  20050825  2245   15.24    49.75   175   10.9  155
WV     GOES12  20050825  2245   14.90    49.30   187   12.0  164
WV     GOES12  20050825  2245   15.14    48.80   200    9.4  162
WV     GOES12  20050825  2245   15.28    47.55   175    5.6  181
WV     GOES12  20050825  2245   14.84    46.46   162    6.2  167
WV     GOES12  20050825  2245   15.16    38.12   187    8.4   32
WV     GOES12  20050825  2245   15.13    37.70   200    7.1   37
WV     GOES12  20050825  2245   15.74    33.27   350    7.9   45
WV     GOES12  20050825  2245   15.41    29.64   337    8.5  124
WV     GOES12  20050825  2245   15.93    27.51   337    7.5   94
WV     GOES12  20050825  2245   14.41    64.91   200   20.0   37
WV     GOES12  20050825  2245   14.11    64.43   200   18.2   46
WV     GOES12  20050825  2245   14.14    61.33   175    8.2   47
WV     GOES12  20050825  2245   14.58    59.70   175    8.8   30
WV     GOES12  20050825  2245   14.55    59.25   162    9.6   40
WV     GOES12  20050825  2245   14.51    58.91   175    8.7  354
WV     GOES12  20050825  2245   14.29    58.50   137    9.9   23
WV     GOES12  20050825  2245   14.21    58.30   162    9.7   15
WV     GOES12  20050825  2245   14.18    58.12   175    9.2   10
WV     GOES12  20050825  2245   14.53    57.74   187    9.7   32
WV     GOES12  20050825  2245   14.34    57.41   187    8.9   11
WV     GOES12  20050825  2245   14.53    54.85   287    8.0   65
WV     GOES12  20050825  2245   14.23    54.51   287    8.1   65
WV     GOES12  20050825  2245   14.24    53.56   250    6.9  134
WV     GOES12  20050825  2245   14.36    53.18   250    9.1  140
WV     GOES12  20050825  2245   14.37    52.53   237   10.1  142
WV     GOES12  20050825  2245   14.30    52.44   237   10.1  140
WV     GOES12  20050825  2245   14.65    52.01   237   11.6  146
WV     GOES12  20050825  2245   14.70    51.54   137   10.1  152
WV     GOES12  20050825  2245   14.36    51.02   187   11.0  146
WV     GOES12  20050825  2245   14.64    50.66   187   11.8  145
WV     GOES12  20050825  2245   14.37    50.45   187   11.8  150
WV     GOES12  20050825  2245   14.61    50.12   175   10.1  156
WV     GOES12  20050825  2245   14.43    49.55   187   13.1  158
WV     GOES12  20050825  2245   14.51    49.41   187   12.9  160
WV     GOES12  20050825  2245   14.52    48.85   175    8.5  156
WV     GOES12  20050825  2245   14.44    48.74   187    8.2  155
WV     GOES12  20050825  2245   14.61    47.92   162    7.3  153
WV     GOES12  20050825  2245   14.45    46.60   175    7.3  153
WV     GOES12  20050825  2245   14.70    45.67   187    5.4  125
WV     GOES12  20050825  2245   14.66    45.57   200    5.6  127
WV     GOES12  20050825  2245   14.80    44.90   250    5.4  142
WV     GOES12  20050825  2245   14.31    43.75   275    6.4  121
WV     GOES12  20050825  2245   14.62    39.09   375    6.8  108
WV     GOES12  20050825  2245   14.64    38.46   187    9.2   35
WV     GOES12  20050825  2245   14.68    38.24   200    8.5   34
WV     GOES12  20050825  2245   14.93    37.87   200    7.4   34
WV     GOES12  20050825  2245   14.52    36.97   212    8.3   43
WV     GOES12  20050825  2245   15.05    36.33   250    5.0   51
WV     GOES12  20050825  2245   14.84    30.03   337    7.2  123
WV     GOES12  20050825  2245   14.92    29.93   337    7.6  124
WV     GOES12  20050825  2245   15.05    28.31   337    8.3  126
WV     GOES12  20050825  2245   13.58    64.63   200   21.0   45
WV     GOES12  20050825  2245   13.96    64.39   200   18.9   44
WV     GOES12  20050825  2245   13.74    63.94   200   13.3   55
WV     GOES12  20050825  2245   13.66    63.86   187   17.9   58
WV     GOES12  20050825  2245   13.64    61.61   200   12.8   79
WV     GOES12  20050825  2245   13.95    60.89   200    8.2   32
WV     GOES12  20050825  2245   13.89    59.64   162   14.1   38
WV     GOES12  20050825  2245   13.93    59.21   150   12.3   37
WV     GOES12  20050825  2245   13.94    58.80   150    8.9   28
WV     GOES12  20050825  2245   13.56    58.40   162    8.2   22
WV     GOES12  20050825  2245   13.80    58.01   187    8.4   19
WV     GOES12  20050825  2245   13.99    57.63   187    8.3    9
WV     GOES12  20050825  2245   14.04    57.17   187    8.5   12
WV     GOES12  20050825  2245   14.04    56.96   175    9.9    7
WV     GOES12  20050825  2245   14.04    56.70   175   10.0    4
WV     GOES12  20050825  2245   13.99    55.17   275    8.3   88
WV     GOES12  20050825  2245   13.95    54.92   287    6.8   72
WV     GOES12  20050825  2245   14.10    52.81   237   11.4  129
WV     GOES12  20050825  2245   13.92    51.81   137    8.2  168
WV     GOES12  20050825  2245   13.89    51.52   225   10.8  140
WV     GOES12  20050825  2245   13.78    51.10   187   11.4  135
WV     GOES12  20050825  2245   13.67    50.89   187    9.2  144
WV     GOES12  20050825  2245   13.99    50.48   187   11.2  149
WV     GOES12  20050825  2245   13.99    50.31   187    9.8  153
WV     GOES12  20050825  2245   14.00    49.68   187   11.8  149
WV     GOES12  20050825  2245   13.93    49.52   187   11.7  143
WV     GOES12  20050825  2245   13.82    49.18   212    9.5  138
WV     GOES12  20050825  2245   14.14    48.51   212    8.5  151
WV     GOES12  20050825  2245   13.92    47.83   187    8.3  132
WV     GOES12  20050825  2245   14.16    47.53   187    7.1  138
WV     GOES12  20050825  2245   13.74    47.01   200    7.9  131
WV     GOES12  20050825  2245   14.13    46.81   200    7.5  149
WV     GOES12  20050825  2245   13.83    44.78   275    6.9  131
WV     GOES12  20050825  2245   14.27    43.81   275    5.9  121
WV     GOES12  20050825  2245   13.91    41.16   250   11.1   96
WV     GOES12  20050825  2245   14.03    40.76   300    8.7   97
WV     GOES12  20050825  2245   13.96    40.35   337    8.1   98
WV     GOES12  20050825  2245   14.21    39.68   287    7.0   70
WV     GOES12  20050825  2245   13.91    39.49   287    7.0   71
WV     GOES12  20050825  2245   13.94    38.08   187    9.3   59
WV     GOES12  20050825  2245   13.96    37.32   225   10.6   51
WV     GOES12  20050825  2245   14.32    37.08   212    9.2   44
WV     GOES12  20050825  2245   14.37    36.66   212    9.2   45
WV     GOES12  20050825  2245   14.64    28.73   337    7.4  117
WV     GOES12  20050825  2245   13.35    64.73   212   20.4   46
WV     GOES12  20050825  2245   12.94    64.10   187   13.8   63
WV     GOES12  20050825  2245   13.02    59.67   187    8.2   41
WV     GOES12  20050825  2245   13.13    59.36   312    9.6   38
WV     GOES12  20050825  2245   13.14    59.03   312    7.5   40
WV     GOES12  20050825  2245   13.18    58.68   312    8.3   33
WV     GOES12  20050825  2245   13.45    58.48   312    8.0   26
WV     GOES12  20050825  2245   13.30    58.15   325    8.9   35
WV     GOES12  20050825  2245   13.31    54.68   287    8.1   82
WV     GOES12  20050825  2245   13.51    51.21   225   12.2  135
WV     GOES12  20050825  2245   13.56    50.88   187    9.0  144
WV     GOES12  20050825  2245   13.21    50.78   187    8.7  141
WV     GOES12  20050825  2245   13.53    50.32   187    8.0  146
WV     GOES12  20050825  2245   13.23    49.87   212    7.4  126
WV     GOES12  20050825  2245   13.54    49.32   175    9.6  137
WV     GOES12  20050825  2245   13.47    49.16   212    8.4  136
WV     GOES12  20050825  2245   13.25    48.76   187    5.8  127
WV     GOES12  20050825  2245   13.56    48.41   200    8.2  138
WV     GOES12  20050825  2245   13.34    48.02   200    8.3  113
WV     GOES12  20050825  2245   13.38    47.73   187    7.6  113
WV     GOES12  20050825  2245   13.46    47.36   200    5.4  140
WV     GOES12  20050825  2245   13.56    46.62   212    6.5  115
WV     GOES12  20050825  2245   13.56    46.54   212    5.4  116
WV     GOES12  20050825  2245   13.65    42.28   175    5.4  105
WV     GOES12  20050825  2245   13.32    41.14   225    9.5   86
WV     GOES12  20050825  2245   13.33    40.59   237   11.2   81
WV     GOES12  20050825  2245   13.62    40.04   175   11.0   76
WV     GOES12  20050825  2245   13.51    39.75   262   11.4   76
WV     GOES12  20050825  2245   13.55    39.56   275   11.1   75
WV     GOES12  20050825  2245   13.61    38.61   187    7.4   51
WV     GOES12  20050825  2245   13.70    38.14   187    9.6   62
WV     GOES12  20050825  2245   13.75    37.70   225    9.7   59
WV     GOES12  20050825  2245   13.77    37.18   225   13.1   53
WV     GOES12  20050825  2245   13.51    33.55   137   17.8   93
WV     GOES12  20050825  2245   13.51    33.32   175   12.6  100
WV     GOES12  20050825  2245   13.53    32.54   212    7.8  101
WV     GOES12  20050825  2245   13.74    28.20   337    7.8   78
WV     GOES12  20050825  2245   12.67    64.92   287   16.0   53
WV     GOES12  20050825  2245   12.37    64.69   262   10.7   64
WV     GOES12  20050825  2245   12.82    64.39   300   12.4   59
WV     GOES12  20050825  2245   12.52    63.88   187    9.8   65
WV     GOES12  20050825  2245   12.57    63.24   212   13.0   48
WV     GOES12  20050825  2245   12.65    62.73   212   17.1   64
WV     GOES12  20050825  2245   12.40    60.58   225   12.8   48
WV     GOES12  20050825  2245   12.44    60.18   175   12.2   58
WV     GOES12  20050825  2245   12.48    59.95   175   10.9   47
WV     GOES12  20050825  2245   12.79    59.30   312    9.4   42
WV     GOES12  20050825  2245   12.83    59.21   312    9.1   41
WV     GOES12  20050825  2245   12.88    58.19   325    8.8   36
WV     GOES12  20050825  2245   12.81    57.42   362    5.2   90
WV     GOES12  20050825  2245   12.89    51.72   225    9.1  132
WV     GOES12  20050825  2245   12.60    50.98   162    6.9  143
WV     GOES12  20050825  2245   12.87    50.65   162    7.5  138
WV     GOES12  20050825  2245   12.95    50.22   200    6.9  128
WV     GOES12  20050825  2245   12.96    49.80   212    7.2  112
WV     GOES12  20050825  2245   13.00    49.57   175    5.5  121
WV     GOES12  20050825  2245   13.01    49.25   212    6.8  125
WV     GOES12  20050825  2245   12.99    48.29   175    7.3  116
WV     GOES12  20050825  2245   12.92    47.44   212    8.4  126
WV     GOES12  20050825  2245   13.00    45.56   262    7.6  123
WV     GOES12  20050825  2245   12.91    44.38   262    5.0  107
WV     GOES12  20050825  2245   12.76    43.73   250    6.0   89
WV     GOES12  20050825  2245   12.96    43.45   300    5.7   90
WV     GOES12  20050825  2245   12.90    42.78   237    5.3   82
WV     GOES12  20050825  2245   12.90    42.61   237    5.8   72
WV     GOES12  20050825  2245   13.11    42.02   212    7.7   59
WV     GOES12  20050825  2245   12.69    41.71   325   10.7   72
WV     GOES12  20050825  2245   12.75    40.88   175   12.2   85
WV     GOES12  20050825  2245   13.14    40.46   175   11.3   67
WV     GOES12  20050825  2245   13.21    39.40   337   13.5   71
WV     GOES12  20050825  2245   12.76    38.61   337   12.2   87
WV     GOES12  20050825  2245   12.82    34.32   137   15.3  105
WV     GOES12  20050825  2245   13.27    33.78   137   16.7   93
WV     GOES12  20050825  2245   13.32    33.14   150    8.4   95
WV     GOES12  20050825  2245   13.30    32.30   187    6.7   84
WV     GOES12  20050825  2245   13.20    30.22   275   11.2   90
WV     GOES12  20050825  2245   13.14    29.48   275   11.3   90
WV     GOES12  20050825  2245   13.19    29.35   275    9.8   91
WV     GOES12  20050825  2245   13.50    27.98   337    8.1   82
WV     GOES12  20050825  2245   12.10    64.83   312    9.3   66
WV     GOES12  20050825  2245   12.07    64.38   175   13.0   52
WV     GOES12  20050825  2245   12.03    64.01   162   11.3   51
WV     GOES12  20050825  2245   11.92    63.71   175   13.5   49
WV     GOES12  20050825  2245   11.85    63.63   175   16.1   51
WV     GOES12  20050825  2245   12.07    63.27   175   16.8   52
WV     GOES12  20050825  2245   12.15    62.70   200   16.9   44
WV     GOES12  20050825  2245   11.86    61.39   187    9.1   56
WV     GOES12  20050825  2245   12.21    60.64   225   12.7   52
WV     GOES12  20050825  2245   12.26    59.68   175   11.0   48
WV     GOES12  20050825  2245   12.22    59.63   175   11.3   49
WV     GOES12  20050825  2245   12.04    58.73   337    5.7   87
WV     GOES12  20050825  2245   12.38    52.96   362    5.9   51
WV     GOES12  20050825  2245   12.19    52.40   225    9.0  110
WV     GOES12  20050825  2245   12.31    52.05   237    7.6  112
WV     GOES12  20050825  2245   12.40    51.39   137    6.7  100
WV     GOES12  20050825  2245   12.33    51.23   137    6.8  111
WV     GOES12  20050825  2245   12.29    50.89   137    7.1  120
WV     GOES12  20050825  2245   12.40    49.25   250   11.9  158
WV     GOES12  20050825  2245   12.38    47.90   237    8.8  131
WV     GOES12  20050825  2245   12.37    44.17   262    7.1   86
WV     GOES12  20050825  2245   12.11    43.65   225    5.8   83
WV     GOES12  20050825  2245   12.11    43.62   225    5.9   84
WV     GOES12  20050825  2245   12.47    42.85   200    7.3   67
WV     GOES12  20050825  2245   12.48    42.69   200    6.8   62
WV     GOES12  20050825  2245   12.56    42.20   175   11.2   57
WV     GOES12  20050825  2245   12.46    41.83   350    9.2   60
WV     GOES12  20050825  2245   12.23    41.37   237   11.9   66
WV     GOES12  20050825  2245   12.51    40.84   175   13.3   86
WV     GOES12  20050825  2245   12.60    38.61   325   12.4   87
WV     GOES12  20050825  2245   12.57    38.44   350   12.3   88
WV     GOES12  20050825  2245   12.74    34.34   137   15.3   94
WV     GOES12  20050825  2245   12.44    33.96   162   14.3   67
WV     GOES12  20050825  2245   12.32    33.76   137   15.3   74
WV     GOES12  20050825  2245   12.34    33.22   162   12.8   68
WV     GOES12  20050825  2245   12.75    32.58   225    8.5   51
WV     GOES12  20050825  2245   12.72    31.91   312   12.2   75
WV     GOES12  20050825  2245   12.34    31.73   325   11.1   77
WV     GOES12  20050825  2245   12.86    29.64   275   11.7   82
WV     GOES12  20050825  2245   12.87    29.30   275   11.3   80
WV     GOES12  20050825  2245   12.48    29.05   237   12.5   81
WV     GOES12  20050825  2245   12.38    28.48   275    9.2   83
WV     GOES12  20050825  2245   11.57    64.88   250    8.8   63
WV     GOES12  20050825  2245   11.20    64.44   175   16.4   55
WV     GOES12  20050825  2245   11.62    63.36   187   14.0   60
WV     GOES12  20050825  2245   11.67    62.42   187   10.6   47
WV     GOES12  20050825  2245   11.30    61.73   200   11.0   91
WV     GOES12  20050825  2245   11.34    61.42   325   10.0  107
WV     GOES12  20050825  2245   11.70    58.75   350    5.3   89
WV     GOES12  20050825  2245   11.63    58.40   350    9.0   62
WV     GOES12  20050825  2245   11.73    56.25   325    8.6  106
WV     GOES12  20050825  2245   11.47    55.28   212    7.7  106
WV     GOES12  20050825  2245   11.47    55.25   212    7.8  106
WV     GOES12  20050825  2245   11.40    52.18   312    6.5   55
WV     GOES12  20050825  2245   11.83    51.04   137    5.8  115
WV     GOES12  20050825  2245   11.68    50.94   137    5.4  102
WV     GOES12  20050825  2245   11.54    50.61   237   12.0  107
WV     GOES12  20050825  2245   11.45    48.52   237    5.0  111
WV     GOES12  20050825  2245   11.46    48.17   212    5.1  113
WV     GOES12  20050825  2245   11.41    44.29   200    9.1   80
WV     GOES12  20050825  2245   11.72    44.01   212    6.1   87
WV     GOES12  20050825  2245   11.84    43.61   212    7.8   69
WV     GOES12  20050825  2245   11.58    43.11   212   11.0   43
WV     GOES12  20050825  2245   11.63    42.75   175   11.6   40
WV     GOES12  20050825  2245   11.83    42.38   287   11.0   52
WV     GOES12  20050825  2245   11.89    41.34   337   11.7   64
WV     GOES12  20050825  2245   11.93    41.03   312   10.9   61
WV     GOES12  20050825  2245   11.71    40.44   312    8.6   83
WV     GOES12  20050825  2245   11.70    39.00   237    8.2   86
WV     GOES12  20050825  2245   11.72    38.08   287   18.0  100
WV     GOES12  20050825  2245   11.65    37.73   287    9.9  102
WV     GOES12  20050825  2245   12.15    34.61   350   12.5   68
WV     GOES12  20050825  2245   12.10    33.51   187   14.2   68
WV     GOES12  20050825  2245   12.10    33.38   175   12.2   65
WV     GOES12  20050825  2245   12.18    31.81   262   12.4   76
WV     GOES12  20050825  2245   12.16    30.94   287   13.0   72
WV     GOES12  20050825  2245   12.20    30.65   287   12.7   74
WV     GOES12  20050825  2245   12.06    30.30   212    8.2   98
WV     GOES12  20050825  2245   12.28    29.33   287   13.1   76
WV     GOES12  20050825  2245   11.90    28.55   275   13.1   68
WV     GOES12  20050825  2245   11.09    64.55   162   12.6   53
WV     GOES12  20050825  2245   11.15    61.50   325   10.9  101
WV     GOES12  20050825  2245   11.18    58.43   362   11.5   56
WV     GOES12  20050825  2245   11.03    54.27   212   11.4  110
WV     GOES12  20050825  2245   11.15    53.95   175    7.0   96
WV     GOES12  20050825  2245   11.09    52.37   262    6.8  101
WV     GOES12  20050825  2245   11.10    52.30   262    6.6  103
WV     GOES12  20050825  2245   11.10    51.63   162    6.2   92
WV     GOES12  20050825  2245   11.14    51.55   262    7.2   93
WV     GOES12  20050825  2245   11.04    50.52   250    8.4  121
WV     GOES12  20050825  2245   11.12    50.44   250    9.0  115
WV     GOES12  20050825  2245   11.29    49.32   250    9.1  114
WV     GOES12  20050825  2245   11.11    48.74   225    7.6  100
WV     GOES12  20050825  2245   11.33    44.41   187    9.4   77
WV     GOES12  20050825  2245   11.37    44.30   200    9.5   76
WV     GOES12  20050825  2245   11.04    43.65   137   11.1   42
WV     GOES12  20050825  2245   11.04    43.38   162   11.3   39
WV     GOES12  20050825  2245   11.05    43.14   162   11.5   37
WV     GOES12  20050825  2245   11.05    42.70   187   12.5   48
WV     GOES12  20050825  2245   11.33    42.30   200   12.7   38
WV     GOES12  20050825  2245   11.44    40.72   275   13.7   88
WV     GOES12  20050825  2245   11.21    40.41   225    8.0   75
WV     GOES12  20050825  2245   11.18    40.16   262    7.0   75
WV     GOES12  20050825  2245   11.43    39.28   212   11.3   77
WV     GOES12  20050825  2245   11.24    38.91   325   13.2  100
WV     GOES12  20050825  2245   11.44    38.43   275   15.9  112
WV     GOES12  20050825  2245   11.37    38.02   237   14.6   97
WV     GOES12  20050825  2245   11.35    37.34   250    8.4  100
WV     GOES12  20050825  2245   11.16    37.01   225    8.2   96
WV     GOES12  20050825  2245   11.09    36.72   225    7.9   94
WV     GOES12  20050825  2245   11.41    34.32   337   13.9   80
WV     GOES12  20050825  2245   11.34    34.24   325   14.8   77
WV     GOES12  20050825  2245   11.17    31.48   287   10.7   82
WV     GOES12  20050825  2245   11.65    30.94   362   12.3   76
WV     GOES12  20050825  2245   11.66    30.40   175    7.1   93
WV     GOES12  20050825  2245   11.67    30.04   350    7.5   90
WV     GOES12  20050825  2245   11.65    29.29   337   13.0   77
WV     GOES12  20050825  2245   11.70    28.64   212   12.4   73
WV     GOES12  20050825  2245   11.09    29.69   262   14.4   71
WV     GOES12  20050825  2245   11.02    29.49   262   15.1   70
WV10   GOES12  20050825  2245   24.78    95.41   387    8.4  111
WV10   GOES12  20050825  2245   22.37    95.05   275    5.0   85
WV11   GOES12  20050825  2245   28.25    95.37   175   14.4  105
WV11   GOES12  20050825  2245   27.62    96.49   325    9.6  121
WV11   GOES12  20050825  2245   27.15    95.57   275    7.1   97
WV11   GOES12  20050825  2245   26.05    95.00   275    8.4   99
WV11   GOES12  20050825  2245   24.36    95.43   350    8.6  112
WV11   GOES12  20050825  2245   23.63    95.62   225    5.1   99
WV11   GOES12  20050825  2245   22.37    95.05   275    5.1   83
WV11   GOES12  20050825  2245   19.32    95.07   187    5.6   70
IR     GOES12  20050825  2245   24.89   112.35   287    5.4  110
IR     GOES12  20050825  2245   24.24   112.16   200    7.4  141
IR     GOES12  20050825  2245   23.33   111.89   237    9.1   89
IR     GOES12  20050825  2245   22.72   112.61   250    9.8   99
IR     GOES12  20050825  2245   22.54   112.25   175    9.1  108
IR     GOES12  20050825  2245   22.06   113.81   718   12.0  137
IR     GOES12  20050825  2245   21.98   113.00   162    7.9  137
IR     GOES12  20050825  2245   22.18   112.69   187    6.8  139
IR     GOES12  20050825  2245   22.26   112.52   175    6.6  142
IR     GOES12  20050825  2245   22.02   111.93   187    6.8  103
IR     GOES12  20050825  2245   21.68   112.82   200   11.8  124
IR     GOES12  20050825  2245   21.63   112.57   200    9.3  128
IR     GOES12  20050825  2245   21.52   111.99   200   10.9  117
IR     GOES12  20050825  2245   21.51   111.55   175    7.8   75
IR     GOES12  20050825  2245   20.76   113.66   162   11.6  125
IR     GOES12  20050825  2245   20.69   112.96   200   14.5  113
IR     GOES12  20050825  2245   20.50   112.26   200   11.3  127
IR     GOES12  20050825  2245   20.57   111.87   137   13.1  102
IR     GOES12  20050825  2245   19.94   112.82   200   11.9  114
IR     GOES12  20050825  2245   20.01   112.56   200   11.0  118
IR     GOES12  20050825  2245   19.86   111.82   212   11.9  119
IR     GOES12  20050825  2245   20.06   111.58   200    9.9  113
IR     GOES12  20050825  2245   19.78   112.92   200   12.7  113
IR     GOES12  20050825  2245   19.31   112.26   212   14.1  116
IR     GOES12  20050825  2245   19.38   111.91   212   13.3  115
IR     GOES12  20050825  2245   19.61   111.52   212   12.0  119
IR     GOES12  20050825  2245   18.74   112.35   212   11.9  105
IR     GOES12  20050825  2245   19.09   111.97   225   13.3  115
IR     GOES12  20050825  2245   19.13   111.73   237   12.7  113
IR     GOES12  20050825  2245   18.79   111.32   250   11.5  108
IR     GOES12  20050825  2245   18.47   112.64   200   13.2   98
IR     GOES12  20050825  2245   18.45   112.26   212   12.2  102
IR     GOES12  20050825  2245   18.52   111.73   212   11.9   99
IR     GOES12  20050825  2245   18.51   111.48   237    9.7  116
IR     GOES12  20050825  2245   17.81   112.37   212   15.1  108
IR     GOES12  20050825  2245   16.89   111.13   162   16.1  108
IR     GOES12  20050825  2245   16.31   111.91   137   16.4  106
IR     GOES12  20050825  2245   16.33   111.25   162   18.8  102
IR     GOES12  20050825  2245   16.03   111.74   137   15.5  108
IR     GOES12  20050825  2245   16.01   111.11   162   19.9  101
IR     GOES12  20050825  2245   15.39   111.61   212   14.6  106
IR     GOES12  20050825  2245   14.70   111.02   200   16.1  110
IR     GOES12  20050825  2245   13.84   102.16   187   13.3   63
IR     GOES12  20050825  2245   13.92   102.12   200   13.5   64
IR     GOES12  20050825  2245   13.87   101.50   175   13.0   61
IR     GOES12  20050825  2245   13.90   101.36   175   13.9   65
IR     GOES12  20050825  2245   13.73   100.48   187   11.6   70
IR     GOES12  20050825  2245   13.96   100.29   225   11.1   76
IR     GOES12  20050825  2245   13.96    98.00   162   18.0   71
IR     GOES12  20050825  2245   14.00    97.83   137   11.3   70
IR     GOES12  20050825  2245   13.71   110.41   212    8.1   79
IR     GOES12  20050825  2245   13.28   108.83   162    7.5   60
IR     GOES12  20050825  2245   13.41   103.85   187    6.4   20
IR     GOES12  20050825  2245   13.52   103.30   162    8.5   28
IR     GOES12  20050825  2245   13.49   101.73   250    9.6   69
IR     GOES12  20050825  2245   13.56   101.48   200   12.4   65
IR     GOES12  20050825  2245   13.52   101.17   187    9.8   76
IR     GOES12  20050825  2245   13.58   100.56   187   12.0   69
IR     GOES12  20050825  2245   13.27   100.29   187   12.0   73
IR     GOES12  20050825  2245   13.34    99.78   187    8.6   54
IR     GOES12  20050825  2245   13.06    99.00   212   11.1   76
IR     GOES12  20050825  2245   13.16    98.26   312   11.4   50
IR     GOES12  20050825  2245   13.38    97.54   250   18.0   47
IR     GOES12  20050825  2245   13.37    97.35   250   17.0   45
IR     GOES12  20050825  2245   12.86   110.82   212   11.5   63
IR     GOES12  20050825  2245   13.00   109.92   187   16.1   59
IR     GOES12  20050825  2245   12.99   109.74   187   13.9   51
IR     GOES12  20050825  2245   13.06   105.46   200    6.2   13
IR     GOES12  20050825  2245   12.82   103.34   175    9.7   39
IR     GOES12  20050825  2245   12.87   101.41   250   14.9   60
IR     GOES12  20050825  2245   12.90   101.34   262   15.6   61
IR     GOES12  20050825  2245   12.51   100.86   237    9.0   74
IR     GOES12  20050825  2245   12.58   100.30   225   14.0   54
IR     GOES12  20050825  2245   12.72    99.62   187   16.1   50
IR     GOES12  20050825  2245   12.70    98.57   312   12.9   68
IR     GOES12  20050825  2245   12.88    97.77   250   14.6   45
IR     GOES12  20050825  2245   12.19   110.31   212   16.9   63
IR     GOES12  20050825  2245   12.58   110.18   212   14.0   85
IR     GOES12  20050825  2245   12.14   107.78   175   16.5   39
IR     GOES12  20050825  2245   12.42   102.41   187   17.3   62
IR     GOES12  20050825  2245   12.35   102.30   187   17.4   63
IR     GOES12  20050825  2245   12.36   100.89   250    9.0   76
IR     GOES12  20050825  2245   12.24   100.78   237    9.2   74
IR     GOES12  20050825  2245   12.07    99.52   200   15.0   68
IR     GOES12  20050825  2245   11.99    99.12   262   14.4   61
IR     GOES12  20050825  2245   11.94    98.48   262   14.8   54
IR     GOES12  20050825  2245   11.78   110.96   200   22.4   63
IR     GOES12  20050825  2245   11.82   110.94   200   22.1   63
IR     GOES12  20050825  2245   12.00   110.47   200   19.1   62
IR     GOES12  20050825  2245   11.67   109.21   200   20.2   74
IR     GOES12  20050825  2245   11.70   109.10   200   19.7   72
IR     GOES12  20050825  2245   11.57   108.43   237   13.1   83
IR     GOES12  20050825  2245   11.92   108.35   187   13.7   68
IR     GOES12  20050825  2245   11.69   104.11   187   17.4   27
IR     GOES12  20050825  2245   11.77   102.30   175   18.4   58
IR     GOES12  20050825  2245   11.88   101.96   187   16.2   67
IR     GOES12  20050825  2245   11.75   100.61   262   20.3   54
IR     GOES12  20050825  2245   11.74   100.19   200   14.9   44
IR     GOES12  20050825  2245   11.78   100.15   212   14.0   43
IR     GOES12  20050825  2245   11.76    99.17   262   15.4   62
IR     GOES12  20050825  2245   11.55    97.98   200   20.1   47
IR     GOES12  20050825  2245   11.67    97.90   200   19.4   47
IR     GOES12  20050825  2245   11.35   110.79   200   21.7   63
IR     GOES12  20050825  2245   11.34   110.33   187   22.6   62
IR     GOES12  20050825  2245   11.30   109.97   187   21.0   65
IR     GOES12  20050825  2245   11.06   109.39   200   22.6   60
IR     GOES12  20050825  2245   11.20   109.07   187   22.7   59
IR     GOES12  20050825  2245   11.04   108.54   187   19.4   55
IR     GOES12  20050825  2245   11.27   104.45   200   18.8   29
IR     GOES12  20050825  2245   11.13   100.27   287   13.1   80
IR     GOES12  20050825  2245   11.28   100.16   287   16.2   69
IR     GOES12  20050825  2245   11.20    99.84   250   16.9   61
IR     GOES12  20050825  2245   28.59    95.76   187   18.7  103
IR     GOES12  20050825  2245   28.67    95.41   187   16.2   96
IR     GOES12  20050825  2245   28.75    95.03   162   16.3   98
IR     GOES12  20050825  2245   27.10    96.17   262   14.6  100
IR     GOES12  20050825  2245   27.14    95.99   300   14.9   96
IR     GOES12  20050825  2245   27.21    95.28   275   14.4  101
IR     GOES12  20050825  2245   27.21    95.22   287   13.6  101
IR     GOES12  20050825  2245   26.80   110.21   162    7.7   68
IR     GOES12  20050825  2245   26.79    95.88   275   15.4   96
IR     GOES12  20050825  2245   26.04    95.38   287   13.7  104
IR     GOES12  20050825  2245   24.75    95.21   162   13.5  101
IR     GOES12  20050825  2245   23.64   110.22   212    9.9   90
IR     GOES12  20050825  2245   23.11   112.83   237   11.4   90
IR     GOES12  20050825  2245   22.84   111.29   262   11.3   74
IR     GOES12  20050825  2245   22.56   110.56   262   11.3   71
IR     GOES12  20050825  2245   22.09    95.91   175    6.2  101
IR     GOES12  20050825  2245   22.04    95.23   312    7.5  101
IR     GOES12  20050825  2245   22.03    95.18   300    7.9  103
IR     GOES12  20050825  2245   22.27   111.89   175    9.7   94
IR     GOES12  20050825  2245   22.11   108.80   225    6.2   54
IR     GOES12  20050825  2245   21.74   107.65   237   12.9   80
IR     GOES12  20050825  2245   21.53   112.06   200   13.8  123
IR     GOES12  20050825  2245   20.57   111.97   200   15.7  110
IR     GOES12  20050825  2245   19.98   110.45   237   12.0  123
IR     GOES12  20050825  2245   19.65   111.56   200   15.2  122
IR     GOES12  20050825  2245   19.48   111.42   200   14.5  122
IR     GOES12  20050825  2245   19.52   108.99   162   11.1  112
IR     GOES12  20050825  2245   19.56   108.95   162   12.4  111
IR     GOES12  20050825  2245   19.18   107.11   137   11.5  123
IR     GOES12  20050825  2245   19.37    96.01   262    6.6  112
IR     GOES12  20050825  2245   19.19   111.11   212   11.2  117
IR     GOES12  20050825  2245   18.98   108.52   162   16.6  104
IR     GOES12  20050825  2245   19.02   107.04   137   12.5  117
IR     GOES12  20050825  2245   18.93   105.39   175   11.8   34
IR     GOES12  20050825  2245   18.79   104.84   187    9.3   26
IR     GOES12  20050825  2245   18.79   104.75   187    9.7   25
IR     GOES12  20050825  2245   18.31   110.39   312   13.3  102
IR     GOES12  20050825  2245   18.08   109.50   262   13.5   92
IR     GOES12  20050825  2245   18.12   109.39   275   13.9   91
IR     GOES12  20050825  2245   18.14   108.66   200   14.6   96
IR     GOES12  20050825  2245   18.25   108.49   200   13.7  100
IR     GOES12  20050825  2245   18.04   106.67   175   13.8   90
IR     GOES12  20050825  2245   17.86   106.10   187    9.9   65
IR     GOES12  20050825  2245   17.86   102.86   237   10.9  133
IR     GOES12  20050825  2245   17.91   101.69   275    8.9  129
IR     GOES12  20050825  2245   17.98   101.24   275    9.5  123
IR     GOES12  20050825  2245   17.67   109.15   200   13.3   91
IR     GOES12  20050825  2245   17.67   109.12   200   13.7   91
IR     GOES12  20050825  2245   17.70   108.69   187   13.3   87
IR     GOES12  20050825  2245   17.60   108.18   175   17.3   93
IR     GOES12  20050825  2245   17.78   107.51   187   17.1   98
IR     GOES12  20050825  2245   17.55   106.50   175    8.9   91
IR     GOES12  20050825  2245   17.82   106.07   187    9.9   65
IR     GOES12  20050825  2245   17.65   102.53   137   11.6  102
IR     GOES12  20050825  2245   16.09   105.25   275   10.9  114
IR     GOES12  20050825  2245   16.06   109.93   225    8.6   83
IR     GOES12  20050825  2245   15.62   108.44   187   17.3   81
IR     GOES12  20050825  2245   15.71   102.11   187    9.8   95
IR     GOES12  20050825  2245   15.81   101.31   187    8.3  114
IR     GOES12  20050825  2245   15.88   101.11   212    8.7  120
IR     GOES12  20050825  2245   15.58    99.65   212   12.8  111
IR     GOES12  20050825  2245   15.69    99.27   162    7.6   92
IR     GOES12  20050825  2245   15.72    98.95   200    7.1   88
IR     GOES12  20050825  2245   15.78    97.90   225    8.3   77
IR     GOES12  20050825  2245   15.78    97.85   225    8.6   77
IR     GOES12  20050825  2245   15.49    97.25   175   11.5   69
IR     GOES12  20050825  2245   15.41    97.05   175   12.3   68
IR     GOES12  20050825  2245   15.50    95.19   137   21.0   79
IR     GOES12  20050825  2245   15.36   110.53   212   15.5   99
IR     GOES12  20050825  2245   15.55   110.25   187   17.6   98
IR     GOES12  20050825  2245   15.32   102.27   187    9.1  101
IR     GOES12  20050825  2245   15.20   100.02   212   11.4  119
WV     GOES12  20050825  2245   31.74   118.62   325   14.8  238
WV     GOES12  20050825  2245   31.05   118.96   312   12.3  233
WV     GOES12  20050825  2245   30.45   118.26   300   11.4  241
WV     GOES12  20050825  2245   30.41   116.89   300    9.2  270
WV     GOES12  20050825  2245   28.77    95.80   187   15.1  106
WV     GOES12  20050825  2245   28.72    95.39   187   15.3   94
WV     GOES12  20050825  2245   29.05   117.23   337    6.7  120
WV     GOES12  20050825  2245   28.83   114.21   350    8.3   49
WV     GOES12  20050825  2245   27.74    97.01   200   20.5  105
WV     GOES12  20050825  2245   28.03   116.91   312    8.2  148
WV     GOES12  20050825  2245   28.17   114.48   337    6.5   89
WV     GOES12  20050825  2245   27.10    96.19   275    9.6  102
WV     GOES12  20050825  2245   27.16    95.24   275   15.5   96
WV     GOES12  20050825  2245   27.16    95.11   287   11.4   98
WV     GOES12  20050825  2245   27.72   117.03   300    8.1  155
WV     GOES12  20050825  2245   27.66   116.70   312    8.0  154
WV     GOES12  20050825  2245   26.99   110.55   150   12.6  109
WV     GOES12  20050825  2245   26.76   110.23   175    7.8   52
WV     GOES12  20050825  2245   26.65   109.80   162    6.9   23
WV     GOES12  20050825  2245   26.17    95.51   300    9.3   93
WV     GOES12  20050825  2245   25.61   109.07   175    6.4    8
WV     GOES12  20050825  2245   25.38    96.56   325    9.2  124
WV     GOES12  20050825  2245   25.42    96.20   325    9.9  133
WV     GOES12  20050825  2245   25.14   109.03   187    9.1    4
WV     GOES12  20050825  2245   24.63    95.60   312   11.9  117
WV     GOES12  20050825  2245   24.88    95.29   175   11.4   94
WV     GOES12  20050825  2245   24.79    95.15   175   11.6   94
WV     GOES12  20050825  2245   24.26   112.63   200    7.2  149
WV     GOES12  20050825  2245   24.24   112.16   200    7.6  140
WV     GOES12  20050825  2245   23.66   108.55   162   11.8  352
WV     GOES12  20050825  2245   23.73   108.15   175   12.9  350
WV     GOES12  20050825  2245   23.22    96.28   225    5.9  106
WV     GOES12  20050825  2245   23.12   114.09   162   10.2  143
WV     GOES12  20050825  2245   23.30   110.03   250   12.7   42
WV     GOES12  20050825  2245   23.33   108.83   212    7.9  353
WV     GOES12  20050825  2245   23.20   108.57   200    8.9  349
WV     GOES12  20050825  2245   23.14   108.13   212   11.7  337
WV     GOES12  20050825  2245   23.10    97.96   237    8.0  111
WV     GOES12  20050825  2245   23.10    97.83   225    7.9  112
WV     GOES12  20050825  2245   23.00   114.27   162   10.1  144
WV     GOES12  20050825  2245   22.68   113.50   162    8.9  136
WV     GOES12  20050825  2245   22.70   113.15   175   10.3  132
WV     GOES12  20050825  2245   22.85   112.73   237    9.0   98
WV     GOES12  20050825  2245   22.40   111.88   200    5.8  104
WV     GOES12  20050825  2245   22.64   110.56   250    5.4   55
WV     GOES12  20050825  2245   22.70   109.91   225    8.0   36
WV     GOES12  20050825  2245   22.60   109.63   225    7.8   32
WV     GOES12  20050825  2245   22.55   109.21   237    7.9   22
WV     GOES12  20050825  2245   22.22    97.63   200    5.5  126
WV     GOES12  20050825  2245   22.39    96.34   200    5.3  114
WV     GOES12  20050825  2245   22.21    95.68   175    5.7   89
WV     GOES12  20050825  2245   22.33    95.28   275    5.0   86
WV     GOES12  20050825  2245   22.16   113.29   162    9.4  137
WV     GOES12  20050825  2245   22.02   112.91   162    7.8  134
WV     GOES12  20050825  2245   22.18   112.72   187    7.1  138
WV     GOES12  20050825  2245   21.97   111.53   187    9.3   74
WV     GOES12  20050825  2245   22.14   109.59   225    8.2   31
WV     GOES12  20050825  2245   22.00   109.24   225    7.8   33
WV     GOES12  20050825  2245   21.99   108.79   225    6.3   18
WV     GOES12  20050825  2245   21.88   107.98   212    5.0   24
WV     GOES12  20050825  2245   21.28   113.18   187   12.0  119
WV     GOES12  20050825  2245   21.64   112.83   200   11.5  124
WV     GOES12  20050825  2245   21.38   112.61   137   11.6  119
WV     GOES12  20050825  2245   21.52   111.99   200   11.5  121
WV     GOES12  20050825  2245   21.34   111.61   162    8.5   62
WV     GOES12  20050825  2245   21.20   111.10   187    8.3   73
WV     GOES12  20050825  2245   21.13   110.37   237    5.2   77
WV     GOES12  20050825  2245   21.34   108.08   212    5.8   16
WV     GOES12  20050825  2245   21.16    97.95   200    6.4  153
WV     GOES12  20050825  2245   21.03   113.15   200   11.9  116
WV     GOES12  20050825  2245   20.57   111.97   200   13.3  104
WV     GOES12  20050825  2245   20.56   111.75   137   11.9   99
WV     GOES12  20050825  2245   20.74   111.10   187    6.4   94
WV     GOES12  20050825  2245   20.74   111.03   175    6.2   93
WV     GOES12  20050825  2245   20.96   110.16   237    6.5   88
WV     GOES12  20050825  2245   20.75   108.98   250    5.5   54
WV     GOES12  20050825  2245   19.94   112.82   200   11.7  115
WV     GOES12  20050825  2245   20.01   112.56   200   11.2  116
WV     GOES12  20050825  2245   19.86   111.82   212   11.7  119
WV     GOES12  20050825  2245   20.05   111.39   200    9.3  114
WV     GOES12  20050825  2245   20.25   111.02   212    8.9  112
WV     GOES12  20050825  2245   20.28   110.88   212    8.8  113
WV     GOES12  20050825  2245   20.14   110.32   250    7.3  121
WV     GOES12  20050825  2245   19.92   108.61   162    8.2  116
WV     GOES12  20050825  2245   20.28   108.43   162    8.3   91
WV     GOES12  20050825  2245   19.89   107.82   137    9.0   83
WV     GOES12  20050825  2245   19.82   113.00   200   12.9  112
WV     GOES12  20050825  2245   19.31   112.29   225   14.1  116
WV     GOES12  20050825  2245   19.38   111.91   212   13.2  116
WV     GOES12  20050825  2245   19.65   111.56   212   11.7  119
WV     GOES12  20050825  2245   19.77   111.32   200   10.9  116
WV     GOES12  20050825  2245   19.71   110.78   212    9.0  122
WV     GOES12  20050825  2245   19.27   110.05   275    9.6  102
WV     GOES12  20050825  2245   19.56   108.89   162   11.9  106
WV     GOES12  20050825  2245   19.18   108.40   162   13.3   93
WV     GOES12  20050825  2245   19.22   105.66   162   12.9   25
WV     GOES12  20050825  2245   19.42   105.57   175   16.4   29
WV     GOES12  20050825  2245   19.08    95.55   200    5.2   65
WV     GOES12  20050825  2245   19.20    95.10   200    5.5   48
WV     GOES12  20050825  2245   19.19   112.53   212   13.9  119
WV     GOES12  20050825  2245   19.09   112.00   225   13.5  115
WV     GOES12  20050825  2245   19.00   111.54   237   11.4  110
WV     GOES12  20050825  2245   19.14   110.91   225    8.8  109
WV     GOES12  20050825  2245   19.08   110.32   275   11.4   99
WV     GOES12  20050825  2245   19.07   110.20   275   11.4   98
WV     GOES12  20050825  2245   18.97   109.54   312    8.9   87
WV     GOES12  20050825  2245   18.66   108.54   175   13.3   81
WV     GOES12  20050825  2245   19.10   108.46   162   14.1   92
WV     GOES12  20050825  2245   18.59   107.58   162   12.7   79
WV     GOES12  20050825  2245   18.58   107.20   137   11.8   53
WV     GOES12  20050825  2245   18.70   105.89   200    9.6    3
WV     GOES12  20050825  2245   18.74   105.84   200    9.8    4
WV     GOES12  20050825  2245   18.92   105.28   187   12.6   15
WV     GOES12  20050825  2245   18.99   104.80   200   11.9    6
WV     GOES12  20050825  2245   18.78   104.62   200   12.5    7
WV     GOES12  20050825  2245   18.93   104.19   200    9.4   11
WV     GOES12  20050825  2245   18.43   112.66   225   13.2   98
WV     GOES12  20050825  2245   18.49   112.24   212   11.8  102
WV     GOES12  20050825  2245   18.52   111.79   212   12.0   99
WV     GOES12  20050825  2245   18.51   111.48   237   12.9   98
WV     GOES12  20050825  2245   18.19   110.54   350   12.9  102
WV     GOES12  20050825  2245   18.27   110.41   325   13.8  102
WV     GOES12  20050825  2245   18.22   108.74   237   13.1  102
WV     GOES12  20050825  2245   18.49   108.50   187   12.3   91
WV     GOES12  20050825  2245   18.40   108.01   162    8.7  112
WV     GOES12  20050825  2245   18.30   107.53   162   11.9   82
WV     GOES12  20050825  2245   18.28   106.68   175   11.9   67
WV     GOES12  20050825  2245   18.40   106.60   187    7.1   78
WV     GOES12  20050825  2245   17.86   106.02   200    8.3   29
WV     GOES12  20050825  2245   18.09   105.55   187   12.6   15
WV     GOES12  20050825  2245   17.92   105.18   200   12.6    5
WV     GOES12  20050825  2245   18.38   104.69   200   13.2   12
WV     GOES12  20050825  2245   18.21   104.32   187   13.7   37
WV     GOES12  20050825  2245   18.05   104.04   175    7.6   31
WV     GOES12  20050825  2245   17.91   103.56   187    7.3   22
WV     GOES12  20050825  2245   17.88   102.13   162    7.9   67
WV     GOES12  20050825  2245   17.98   112.58   225   14.9  104
WV     GOES12  20050825  2245   17.91   111.88   137   12.7  100
WV     GOES12  20050825  2245   17.91   111.57   137   18.2   93
WV     GOES12  20050825  2245   17.89   111.17   137   15.4  101
WV     GOES12  20050825  2245   17.55   109.12   187   13.5   75
WV     GOES12  20050825  2245   17.70   108.69   200   12.2   76
WV     GOES12  20050825  2245   17.36   108.15   187   15.2   83
WV     GOES12  20050825  2245   17.39   107.90   175   17.7   91
WV     GOES12  20050825  2245   17.38   107.27   137   12.9  106
WV     GOES12  20050825  2245   17.45   107.06   137    9.7  107
WV     GOES12  20050825  2245   17.74   105.88   200    8.3   26
WV     GOES12  20050825  2245   17.40   105.36   225   11.2   12
WV     GOES12  20050825  2245   17.76   105.14   200   12.4    7
WV     GOES12  20050825  2245   17.38   104.52   200   15.0   32
WV     GOES12  20050825  2245   17.29   104.07   200   11.6   32
WV     GOES12  20050825  2245   17.64   103.66   187    8.0   28
WV     GOES12  20050825  2245   17.43   103.41   187    8.9   29
WV     GOES12  20050825  2245   17.73   102.49   175    7.5   46
WV     GOES12  20050825  2245   17.71   101.83   137    8.9   74
WV     GOES12  20050825  2245   16.93   111.29   162   15.6  108
WV     GOES12  20050825  2245   17.04   110.99   162   16.5  104
WV     GOES12  20050825  2245   17.06   110.25   237    6.8   75
WV     GOES12  20050825  2245   17.31   109.26   187   14.5   68
WV     GOES12  20050825  2245   16.88   108.17   162   17.6   86
WV     GOES12  20050825  2245   16.92   108.12   137   17.5   84
WV     GOES12  20050825  2245   17.14   107.50   137   18.0   90
WV     GOES12  20050825  2245   17.18   107.36   137   15.8   96
WV     GOES12  20050825  2245   16.91   104.55   200   16.5   32
WV     GOES12  20050825  2245   16.99   103.05   175    7.9  109
WV     GOES12  20050825  2245   17.02   102.77   175    6.1  119
WV     GOES12  20050825  2245   16.79   101.48   200    5.2  147
WV     GOES12  20050825  2245   16.87   101.26   212    5.5  143
WV     GOES12  20050825  2245   16.68    99.83   237   11.9  119
WV     GOES12  20050825  2245   16.48   110.75   162   17.9  104
WV     GOES12  20050825  2245   16.55   110.35   137   15.4  102
WV     GOES12  20050825  2245   16.74   110.17   237    8.0   84
WV     GOES12  20050825  2245   16.61   108.27   162   17.8   91
WV     GOES12  20050825  2245   16.68   107.89   137   17.7   83
WV     GOES12  20050825  2245   16.26   107.23   137   12.9   55
WV     GOES12  20050825  2245   16.45   106.83   137   12.7   45
WV     GOES12  20050825  2245   16.47   106.09   187    7.4   46
WV     GOES12  20050825  2245   16.26   105.44   237    7.9   57
WV     GOES12  20050825  2245   16.52   104.90   200   17.4   27
WV     GOES12  20050825  2245   16.11   100.77   162   14.5  130
WV     GOES12  20050825  2245   16.11   100.72   162   14.4  133
WV     GOES12  20050825  2245   16.48    99.80   225   11.5  118
WV     GOES12  20050825  2245   15.95    98.54   212    6.6   70
WV     GOES12  20050825  2245   15.93    97.68   187    9.3   59
WV     GOES12  20050825  2245   16.03   111.74   137   15.9  109
WV     GOES12  20050825  2245   16.01   111.17   162   21.7  101
WV     GOES12  20050825  2245   15.96   110.61   162   19.5   95
WV     GOES12  20050825  2245   16.00   110.54   162   18.7   96
WV     GOES12  20050825  2245   16.06   109.90   225    8.7   76
WV     GOES12  20050825  2245   15.71   108.81   175    9.5   80
WV     GOES12  20050825  2245   15.79   108.68   175   11.2   79
WV     GOES12  20050825  2245   15.65   108.08   162   14.4   73
WV     GOES12  20050825  2245   15.69   107.81   137    8.4   79
WV     GOES12  20050825  2245   15.61   106.26   187   16.1   40
WV     GOES12  20050825  2245   15.98   105.25   225    8.8   61
WV     GOES12  20050825  2245   15.67   102.10   175    7.6   85
WV     GOES12  20050825  2245   15.42   101.65   175    5.0   90
WV     GOES12  20050825  2245   15.77   101.27   175    6.4   98
WV     GOES12  20050825  2245   15.91   100.79   150   14.9  127
WV     GOES12  20050825  2245   15.73    99.23   162    7.1   78
WV     GOES12  20050825  2245   15.76    99.18   162    7.8   73
WV     GOES12  20050825  2245   15.68    98.77   200    6.5   65
WV     GOES12  20050825  2245   15.82    97.79   175    8.8   62
WV     GOES12  20050825  2245   15.53    97.36   187   11.4   55
WV     GOES12  20050825  2245   15.53    97.21   187   11.5   54
WV     GOES12  20050825  2245   15.76    96.98   337   10.8   67
WV     GOES12  20050825  2245   15.83    96.48   187   15.1   62
WV     GOES12  20050825  2245   15.39   111.64   212   15.6  105
WV     GOES12  20050825  2245   15.34   109.70   187   17.4   86
WV     GOES12  20050825  2245   15.33   109.35   187   13.6   82
WV     GOES12  20050825  2245   15.04   108.68   175   12.4   74
WV     GOES12  20050825  2245   15.11   108.36   175   11.9   79
WV     GOES12  20050825  2245   15.18   107.86   175    9.2   76
WV     GOES12  20050825  2245   15.36   107.60   175    7.1   89
WV     GOES12  20050825  2245   15.40   107.27   187   14.9   68
WV     GOES12  20050825  2245   15.20   105.53   237    7.0   87
WV     GOES12  20050825  2245   14.92   103.50   212    6.6   24
WV     GOES12  20050825  2245   15.32   102.27   175    6.9   86
WV     GOES12  20050825  2245   15.11   101.39   200    6.5   84
WV     GOES12  20050825  2245   15.10   101.09   175    7.9   94
WV     GOES12  20050825  2245   14.94   100.81   162    8.0   84
WV     GOES12  20050825  2245   15.16   100.24   212    9.3   83
WV     GOES12  20050825  2245   15.12   100.21   200    9.6   84
WV     GOES12  20050825  2245   14.91    99.01   225    7.0   79
WV     GOES12  20050825  2245   14.96    97.72   137   12.6   56
WV     GOES12  20050825  2245   14.95    97.35   137   12.4   52
WV     GOES12  20050825  2245   14.87    97.22   162   13.1   50
WV     GOES12  20050825  2245   14.94    96.77   187   14.8   50
WV     GOES12  20050825  2245   14.89    95.97   250   15.1   58
WV     GOES12  20050825  2245   14.48   109.97   162   12.6   87
WV     GOES12  20050825  2245   14.81   108.97   162    9.4   86
WV     GOES12  20050825  2245   14.85   108.95   162    9.3   85
WV     GOES12  20050825  2245   14.91   108.46   175   12.0   80
WV     GOES12  20050825  2245   14.82   107.96   175    8.6   74
WV     GOES12  20050825  2245   14.44   106.49   175    7.8   64
WV     GOES12  20050825  2245   14.85   105.95   187   16.4   40
WV     GOES12  20050825  2245   14.82   104.30   212    9.4   31
WV     GOES12  20050825  2245   14.60   103.29   175    6.0   31
WV     GOES12  20050825  2245   14.36   102.99   175    7.4   24
WV     GOES12  20050825  2245   14.59   102.64   162    7.0   52
WV     GOES12  20050825  2245   14.74   102.38   162    9.2   72
WV     GOES12  20050825  2245   14.34   101.68   200    8.1   88
WV     GOES12  20050825  2245   14.60   101.44   200    8.1   72
WV     GOES12  20050825  2245   14.52   101.25   200    8.5   69
WV     GOES12  20050825  2245   14.74   100.63   175    8.6   79
WV     GOES12  20050825  2245   14.35   100.12   175    9.4   75
WV     GOES12  20050825  2245   14.34    99.87   162    8.6   72
WV     GOES12  20050825  2245   14.35    98.00   187   14.0   91
WV     GOES12  20050825  2245   14.34    97.88   187   12.6   95
WV     GOES12  20050825  2245   14.68    97.10   162   13.3   49
WV     GOES12  20050825  2245   14.48    96.50   250   18.1   59
WV     GOES12  20050825  2245   14.47    96.45   262   17.9   58
WV     GOES12  20050825  2245   14.66    96.06   187   14.5   61
WV     GOES12  20050825  2245   14.28   111.49   250    5.1   86
WV     GOES12  20050825  2245   14.30   110.42   162   11.1   76
WV     GOES12  20050825  2245   13.86   108.38   187    9.5   66
WV     GOES12  20050825  2245   13.78   106.48   187    6.5   43
WV     GOES12  20050825  2245   14.01   104.77   212    5.7   35
WV     GOES12  20050825  2245   13.98   103.19   162    9.0   30
WV     GOES12  20050825  2245   13.81   102.62   162   13.6   33
WV     GOES12  20050825  2245   13.84   102.19   187   13.5   62
WV     GOES12  20050825  2245   13.87   101.56   175   15.0   58
WV     GOES12  20050825  2245   13.87   101.53   175   14.9   58
WV     GOES12  20050825  2245   13.70   100.47   187   12.2   70
WV     GOES12  20050825  2245   13.77   100.11   212   11.6   67
WV     GOES12  20050825  2245   13.72    99.76   175    6.0   74
WV     GOES12  20050825  2245   13.90    99.11   175    7.2   51
WV     GOES12  20050825  2245   14.08    98.31   162   17.9   74
WV     GOES12  20050825  2245   13.98    96.89   162   16.2   58
WV     GOES12  20050825  2245   14.09    96.57   250   21.0   56
WV     GOES12  20050825  2245   13.63    96.32   287   19.5   57
WV     GOES12  20050825  2245   13.69    95.22   325   12.8   90
WV     GOES12  20050825  2245   13.71   110.41   187    9.4   80
WV     GOES12  20050825  2245   13.32   108.81   162    8.2   65
WV     GOES12  20050825  2245   13.70   108.35   187    9.6   61
WV     GOES12  20050825  2245   13.67   104.95   187    7.2   30
WV     GOES12  20050825  2245   13.42   104.46   225    9.2   15
WV     GOES12  20050825  2245   13.45   103.86   187    6.5   31
WV     GOES12  20050825  2245   13.22   103.66   187    8.5   29
WV     GOES12  20050825  2245   13.52   103.32   162   11.0   31
WV     GOES12  20050825  2245   13.51   102.83   162   14.0   28
WV     GOES12  20050825  2245   13.15   102.01   237   16.4   66
WV     GOES12  20050825  2245   13.36   101.03   200    8.8   84
WV     GOES12  20050825  2245   13.50   100.57   187   12.8   71
WV     GOES12  20050825  2245   13.58   100.26   187   12.4   70
WV     GOES12  20050825  2245   13.34    99.80   187    9.1   55
WV     GOES12  20050825  2245   13.27    98.23   275   12.0   45
WV     GOES12  20050825  2245   13.34    97.90   250   20.4   64
WV     GOES12  20050825  2245   13.42    97.52   250   17.9   45
WV     GOES12  20050825  2245   13.26    97.24   250   16.7   45
WV     GOES12  20050825  2245   13.32    96.15   275   21.1   53
WV     GOES12  20050825  2245   13.43    95.97   287   20.2   60
WV     GOES12  20050825  2245   12.94   110.69   212    9.9   56
WV     GOES12  20050825  2245   12.88   109.95   187   16.1   62
WV     GOES12  20050825  2245   12.99   109.68   187   13.0   48
WV     GOES12  20050825  2245   13.10   105.47   187    7.6   19
WV     GOES12  20050825  2245   13.02   105.26   200   11.1   22
WV     GOES12  20050825  2245   12.61   104.09   200   11.6   19
WV     GOES12  20050825  2245   12.83   103.76   187   12.3   23
WV     GOES12  20050825  2245   12.86   103.38   175   12.8   31
WV     GOES12  20050825  2245   13.01   102.83   162   18.1   31
WV     GOES12  20050825  2245   12.58   102.31   212   17.7   64
WV     GOES12  20050825  2245   12.80   101.78   262   14.4   60
WV     GOES12  20050825  2245   12.87   101.54   250   14.6   58
WV     GOES12  20050825  2245   12.94   101.32   262   17.3   64
WV     GOES12  20050825  2245   12.96   100.32   212   12.0   62
WV     GOES12  20050825  2245   12.50   100.04   175   13.6   52
WV     GOES12  20050825  2245   12.68    99.64   187   15.9   49
WV     GOES12  20050825  2245   12.64    99.15   175   11.0   59
WV     GOES12  20050825  2245   12.98    99.07   200   15.7   46
WV     GOES12  20050825  2245   12.90    98.69   275   12.7   57
WV     GOES12  20050825  2245   12.73    97.78   250   14.5   44
WV     GOES12  20050825  2245   12.92    97.51   212   15.9   52
WV     GOES12  20050825  2245   12.95    97.30   237   15.8   48
WV     GOES12  20050825  2245   12.92    95.14   312   14.6   63
WV     GOES12  20050825  2245   12.44   111.06   225   15.9   62
WV     GOES12  20050825  2245   12.19   110.31   212   18.3   62
WV     GOES12  20050825  2245   12.14   107.81   175   16.2   40
WV     GOES12  20050825  2245   12.35   106.72   187   15.4   37
WV     GOES12  20050825  2245   12.41   106.02   225    9.1   26
WV     GOES12  20050825  2245   12.45   106.00   225    9.2   27
WV     GOES12  20050825  2245   12.06   105.46   200   14.3   26
WV     GOES12  20050825  2245   12.07   103.91   200   15.0   33
WV     GOES12  20050825  2245   12.25   103.49   200   15.2   27
WV     GOES12  20050825  2245   12.35   102.76   175   20.9   34
WV     GOES12  20050825  2245   12.11   102.12   212   17.8   62
WV     GOES12  20050825  2245   12.07   101.98   212   17.1   65
WV     GOES12  20050825  2245   12.30   101.69   237   11.7   65
WV     GOES12  20050825  2245   12.01   100.30   212   16.9   53
WV     GOES12  20050825  2245   12.39   100.15   187   14.2   51
WV     GOES12  20050825  2245   12.07    99.47   212   16.5   63
WV     GOES12  20050825  2245   11.99    99.12   262   14.4   60
WV     GOES12  20050825  2245   12.33    98.96   275   13.8   55
WV     GOES12  20050825  2245   12.13    98.70   187   15.2   57
WV     GOES12  20050825  2245   11.93    97.90   200   19.6   44
WV     GOES12  20050825  2245   12.15    97.35   212   21.2   59
WV     GOES12  20050825  2245   12.15    97.26   212   21.9   59
WV     GOES12  20050825  2245   12.37    96.78   287   20.2   62
WV     GOES12  20050825  2245   11.78   110.99   200   22.5   63
WV     GOES12  20050825  2245   11.66   110.76   200   21.9   61
WV     GOES12  20050825  2245   11.73   110.25   200   20.7   63
WV     GOES12  20050825  2245   11.74   109.25   200   19.9   71
WV     GOES12  20050825  2245   11.74   109.17   200   20.3   71
WV     GOES12  20050825  2245   11.52   107.65   237   12.9   72
WV     GOES12  20050825  2245   11.54   106.69   200   17.8   36
WV     GOES12  20050825  2245   11.88   106.37   200   14.5   28
WV     GOES12  20050825  2245   11.92   106.29   200   14.4   28
WV     GOES12  20050825  2245   11.39   104.38   200   19.6   27
WV     GOES12  20050825  2245   11.69   104.17   187   16.9   28
WV     GOES12  20050825  2245   11.87   103.70   200   18.1   33
WV     GOES12  20050825  2245   11.56   103.50   200   21.7   31
WV     GOES12  20050825  2245   11.63   102.99   200   24.5   32
WV     GOES12  20050825  2245   11.89   102.57   237   19.4   51
WV     GOES12  20050825  2245   11.73   102.32   175   17.9   59
WV     GOES12  20050825  2245   11.81   102.00   187   16.9   66
WV     GOES12  20050825  2245   11.78   100.17   212   16.8   62
WV     GOES12  20050825  2245   11.77    99.93   212   15.6   60
WV     GOES12  20050825  2245   11.69    99.75   200   15.8   70
WV     GOES12  20050825  2245   11.69    99.30   250   16.4   57
WV     GOES12  20050825  2245   11.68    98.79   187   15.8   57
WV     GOES12  20050825  2245   11.83    98.62   187   15.3   56
WV     GOES12  20050825  2245   11.55    97.98   200   19.7   47
WV     GOES12  20050825  2245   11.67    97.90   200   19.9   47
WV     GOES12  20050825  2245   11.81    97.48   212   22.4   67
WV     GOES12  20050825  2245   11.73    97.19   212   23.7   44
WV     GOES12  20050825  2245   11.46    96.66   237   17.5   60
WV     GOES12  20050825  2245   11.46    96.33   187   18.6   67
WV     GOES12  20050825  2245   11.71    95.04   312   11.7   74
WV     GOES12  20050825  2245   11.34   110.33   187   22.8   64
WV     GOES12  20050825  2245   11.34   110.01   187   21.5   64
WV     GOES12  20050825  2245   11.06   109.45   200   22.2   60
WV     GOES12  20050825  2245   11.28   109.03   187   22.1   60
WV     GOES12  20050825  2245   11.04   108.54   187   20.0   53
WV     GOES12  20050825  2245   11.33   107.64   212   17.3   45
WV     GOES12  20050825  2245   11.07   105.87   200   22.0   41
WV     GOES12  20050825  2245   11.16   104.54   200   20.3   28
WV     GOES12  20050825  2245   11.08   104.08   200   21.0   29
WV     GOES12  20050825  2245   11.15   104.01   200   20.9   29
WV     GOES12  20050825  2245   11.07   103.41   187   20.6   31
WV     GOES12  20050825  2245   11.29   100.46   275   20.3   60
WV     GOES12  20050825  2245   11.20    99.81   250   18.0   58
WV     GOES12  20050825  2245   11.20    99.49   250   21.9   57
WV     GOES12  20050825  2245   11.21    98.02   200   21.4   63
WV     GOES12  20050825  2245   11.16    96.82   237   18.0   59
WV     GOES12  20050825  2245   11.08    96.16   175   16.0   61
