 type   sat      day     hms     lat     lon     pre   spd   dir   rff    qi
WV10   GOES12  20080827  2255   32.54    79.49   300   11.0  241  77.36  0.94
WV10   GOES12  20080827  2255   32.41    78.16   287    4.9  249  70.43  0.70
WV10   GOES12  20080827  2255   32.07    79.13   300    8.3  257  71.96  0.60
WV10   GOES12  20080827  2255   31.48    78.24   287    4.0  253  66.07  0.73
WV10   GOES12  20080827  2255   31.02    79.20   312    9.5  237  57.55  0.81
WV10   GOES12  20080827  2255   30.66    75.84   312    3.7  268  60.86  0.78
WV10   GOES12  20080827  2255   30.88    75.30   312    3.5  263  62.86  0.85
WV10   GOES12  20080827  2255   29.88    78.82   337    7.7  286  76.69  0.68
WV10   GOES12  20080827  2255   29.99    77.97   212    5.9  292  78.03  0.61
WV10   GOES12  20080827  2255   29.57    88.10   325    6.6  254  57.56  0.65
WV10   GOES12  20080827  2255   29.30    85.98   312   14.2  239  79.19  0.97
WV10   GOES12  20080827  2255   29.17    84.99   287   15.2  243  68.21  0.99
WV10   GOES12  20080827  2255   29.60    83.74   287   15.9  246  75.57  0.91
WV10   GOES12  20080827  2255   29.43    79.13   262    7.9  291  71.31  0.76
WV10   GOES12  20080827  2255   29.43    78.70   262    7.6  293  73.40  0.75
WV10   GOES12  20080827  2255   28.51    85.46   337   14.8  241  61.04  0.92
WV10   GOES12  20080827  2255   28.32    78.76   187    8.8  278  70.43  0.62
WV10   GOES12  20080827  2255   28.64    78.04   187    8.9  282  65.61  0.87
WV10   GOES12  20080827  2255   28.64    77.41   200    6.1  288  60.54  0.50
WV10   GOES12  20080827  2255   28.63    73.94   412    5.4  271  61.27  0.70
WV10   GOES12  20080827  2255   27.79    87.96   325   17.0  228  51.68  0.98
WV10   GOES12  20080827  2255   27.99    87.01   312   18.1  234  57.76  0.94
WV10   GOES12  20080827  2255   27.98    86.58   300   19.8  234  56.45  0.82
WV10   GOES12  20080827  2255   27.95    84.76   225   13.5  237  72.56  0.88
WV10   GOES12  20080827  2255   27.88    79.38   312    6.8  269  64.80  0.74
WV10   GOES12  20080827  2255   27.48    88.99   225   11.2  236  54.22  0.56
WV10   GOES12  20080827  2255   27.24    87.88   187   18.4  230  69.02  0.85
WV10   GOES12  20080827  2255   27.34    87.57   187   18.2  231  69.21  0.89
WV10   GOES12  20080827  2255   27.31    85.75   225   13.5  244  71.75  0.94
WV10   GOES12  20080827  2255   26.38    88.09   187   15.5  232  75.08  0.88
WV10   GOES12  20080827  2255   26.15    87.53   175   13.3  230  77.43  0.96
WV10   GOES12  20080827  2255   26.47    87.25   187   13.2  232  70.48  0.95
WV10   GOES12  20080827  2255   26.13    77.67   237    4.0  289  63.15  0.53
WV10   GOES12  20080827  2255   26.23    74.18   400    5.9   16  76.23  0.68
WV10   GOES12  20080827  2255   25.80    72.05   250    4.8   49  73.68  0.66
WV10   GOES12  20080827  2255   25.85    88.67   225   13.7  230  78.69  0.78
WV10   GOES12  20080827  2255   25.38    74.31   175    6.2   20  71.89  0.72
WV10   GOES12  20080827  2255   25.81    73.80   175    6.1   16  75.45  0.72
WV10   GOES12  20080827  2255   24.87    87.49   312    8.2  221  72.36  0.82
WV10   GOES12  20080827  2255   24.96    86.56   212    7.9  221  78.23  0.81
WV10   GOES12  20080827  2255   24.84    85.31   387    9.0  218  59.88  0.62
WV10   GOES12  20080827  2255   24.72    84.57   375    6.7  216  71.64  0.70
WV10   GOES12  20080827  2255   24.78    80.39   350    5.3  287  57.22  0.54
WV10   GOES12  20080827  2255   24.33    86.60   212    7.2  220  73.43  0.99
WV10   GOES12  20080827  2255   22.36    75.92   175   10.8   52  57.12  0.78
WV10   GOES12  20080827  2255   21.95    75.92   250   10.8   52  58.19  0.78
WV10   GOES12  20080827  2255   21.85    73.26   150    7.7  276  63.44  0.73
WV10   GOES12  20080827  2255   21.48    88.66   275    6.7  273  77.53  0.77
WV10   GOES12  20080827  2255   20.95    78.46   137    6.2   52  66.55  0.77
WV10   GOES12  20080827  2255   20.95    77.78   137    8.1   64  64.87  0.69
WV10   GOES12  20080827  2255   21.14    75.82   225   10.9   39  63.44  0.60
WV10   GOES12  20080827  2255   20.37    80.60   137    7.5   35  62.74  0.96
WV10   GOES12  20080827  2255   20.46    80.21   137    7.6   33  62.63  0.86
WV10   GOES12  20080827  2255   19.94    87.29   150    7.7  316  66.57  0.67
WV10   GOES12  20080827  2255   19.79    83.12   250    5.6  114  71.18  0.97
WV10   GOES12  20080827  2255   19.57    80.56   200    5.3   53  70.15  0.72
WV10   GOES12  20080827  2255   19.66    79.98   137    7.7   42  66.22  0.97
WV10   GOES12  20080827  2255   19.29    83.38   187    7.2  118  68.76  0.87
WV10   GOES12  20080827  2255   19.29    82.79   187    6.8  123  63.14  0.82
WV10   GOES12  20080827  2255   18.51    84.22   175    9.3  103  76.45  0.98
WV10   GOES12  20080827  2255   18.31    83.42   200    8.2  110  78.78  0.98
WV10   GOES12  20080827  2255   18.30    83.23   200    7.7  112  74.99  0.97
WV10   GOES12  20080827  2255   18.59    82.08   387    4.9   98  77.84  0.98
WV10   GOES12  20080827  2255   18.49    81.69   400    5.2   97  75.40  0.77
WV10   GOES12  20080827  2255   18.37    79.27   150    6.7   83  62.35  0.88
WV10   GOES12  20080827  2255   18.47    78.89   175    5.8   85  59.44  0.95
WV10   GOES12  20080827  2255   17.92    84.57   187    9.8  108  78.20  0.95
WV10   GOES12  20080827  2255   17.92    83.70   312    8.3  103  77.26  0.97
WV10   GOES12  20080827  2255   17.91    83.11   325    7.9  108  71.71  0.99
WV10   GOES12  20080827  2255   17.79    80.31   350    6.8   68  69.55  0.90
WV10   GOES12  20080827  2255   17.79    79.93   137    7.1   69  68.97  0.94
WV10   GOES12  20080827  2255   17.08    87.35   137   10.5  346  62.25  0.80
WV10   GOES12  20080827  2255   17.14    84.14   350    8.1  114  63.69  0.85
WV10   GOES12  20080827  2255   17.32    82.79   337    7.8   96  75.53  0.66
WV10   GOES12  20080827  2255   17.12    82.21   237    9.3   89  67.08  0.93
WV10   GOES12  20080827  2255   17.10    80.19   312    6.8   89  64.08  0.89
WV10   GOES12  20080827  2255   16.44    81.89   200    8.5   83  79.90  0.84
WV10   GOES12  20080827  2255   16.33    80.27   325    6.0   86  64.10  0.63
WV10   GOES12  20080827  2255   15.59    83.86   150    6.2   72  77.10  0.90
WV10   GOES12  20080827  2255   15.58    83.48   150    6.2   76  75.61  0.84
WV10   GOES12  20080827  2255   15.67    82.82   275    7.7   78  80.82  0.89
WV10   GOES12  20080827  2255   15.94    80.07   287    6.2   76  69.00  0.61
WV10   GOES12  20080827  2255   15.09    82.60   325    7.7   78  73.53  0.96
WV10   GOES12  20080827  2255   14.52    82.30   312    8.8   65  66.76  0.97
WV10   GOES12  20080827  2255   14.13    81.43   162    7.9   87  81.83  0.86
WV10   GOES12  20080827  2255   14.13    80.77   175    8.3  100  68.02  0.89
WV10   GOES12  20080827  2255   13.85    82.56   300    7.9   61  68.49  0.86
WV10   GOES12  20080827  2255   13.56    82.07   300    7.8   65  72.53  0.86
WV10   GOES12  20080827  2255   13.75    81.23   162    8.1  101  70.30  0.98
WV10   GOES12  20080827  2255   13.84    80.86   162    8.1  101  70.33  0.96
WV10   GOES12  20080827  2255   13.73    77.96   300   12.1  103  54.87  0.58
WV10   GOES12  20080827  2255   13.09    82.34   187    9.0   75  75.67  0.84
WV10   GOES12  20080827  2255   12.90    81.58   187    6.5   89  61.56  0.81
WV10   GOES12  20080827  2255   12.99    80.56   175    8.3  102  60.94  0.94
WV10   GOES12  20080827  2255   13.17    80.28   287    9.4  105  61.33  0.75
IR     GOES12  20080827  2255   33.82    59.74   237   17.9  249  63.14  0.70
IR     GOES12  20080827  2255   33.25    61.03   262   16.8  277  64.94  0.51
IR     GOES12  20080827  2255   33.45    59.14   375   14.2  249  71.44  0.86
IR     GOES12  20080827  2255   32.72    61.50   287   20.5  284  55.10  0.91
IR     GOES12  20080827  2255   32.72    61.36   300   19.0  282  58.86  0.93
IR     GOES12  20080827  2255   32.63    60.96   375   11.7  271  62.88  0.65
IR     GOES12  20080827  2255   32.28    59.92   300   12.5  263  69.72  0.91
IR     GOES12  20080827  2255   32.28    59.81   300   13.3  261  69.14  0.98
IR     GOES12  20080827  2255   32.39    59.31   275   13.3  272  77.67  1.00
IR     GOES12  20080827  2255   31.82    61.47   300   12.2  271  66.56  0.60
IR     GOES12  20080827  2255   31.74    61.10   300    9.8  268  61.06  0.96
IR     GOES12  20080827  2255   31.90    60.31   287   11.8  272  73.86  0.99
IR     GOES12  20080827  2255   31.95    60.09   287   12.2  267  69.94  0.99
IR     GOES12  20080827  2255   31.59    59.61   275   11.1  283  76.48  0.96
IR     GOES12  20080827  2255   32.11    59.29   275   12.2  278  72.96  0.97
IR     GOES12  20080827  2255   31.35    61.92   312    8.6  269  58.46  0.74
IR     GOES12  20080827  2255   31.27    61.31   362    6.9  252  55.23  0.78
IR     GOES12  20080827  2255   31.10    60.74   337    7.3  297  67.03  0.76
IR     GOES12  20080827  2255   31.21    59.97   325    7.4  285  71.22  0.97
IR     GOES12  20080827  2255   31.35    59.81   312    8.5  284  71.41  0.95
IR     GOES12  20080827  2255   31.27    59.33   250    7.6  290  65.47  0.97
IR     GOES12  20080827  2255   30.90    59.20   250    7.4  291  71.24  0.98
IR     GOES12  20080827  2255   30.20    61.72   275    7.8  315  72.42  0.77
IR     GOES12  20080827  2255   30.67    61.13   212    8.2  291  64.33  0.84
IR     GOES12  20080827  2255   30.40    60.92   212    7.1  306  66.58  0.96
IR     GOES12  20080827  2255   30.41    60.51   237    9.8  306  70.96  0.95
IR     GOES12  20080827  2255   30.24    60.18   212    8.6  308  74.85  1.00
IR     GOES12  20080827  2255   30.56    59.86   225    8.5  298  80.28  0.98
IR     GOES12  20080827  2255   30.62    59.46   212    6.7  292  68.41  0.96
IR     GOES12  20080827  2255   30.67    59.08   237    8.3  296  77.53  0.90
IR     GOES12  20080827  2255   30.00    60.73   212    8.6  310  73.39  0.98
IR     GOES12  20080827  2255   29.96    60.48   200    8.3  309  74.33  0.99
IR     GOES12  20080827  2255   29.87    60.06   162    9.0  321  72.69  0.69
IR     GOES12  20080827  2255   29.61    59.57   237    8.5  335  62.03  0.82
IR     GOES12  20080827  2255   27.43    61.99   868    4.5  124  75.83  0.90
IR     GOES12  20080827  2255   27.97    61.31   887    4.0  138  73.84  0.86
IR     GOES12  20080827  2255   27.25    60.11   868    4.6  107  81.53  0.62
IR     GOES12  20080827  2255   26.56    61.74   868    5.4  109  82.83  0.88
IR     GOES12  20080827  2255   26.30    59.96   868    6.5  109  86.06  0.97
IR     GOES12  20080827  2255   26.65    59.53   887    5.7  114  80.40  0.97
IR     GOES12  20080827  2255   25.94    60.38   868    7.6  115  74.12  0.94
IR     GOES12  20080827  2255   24.35    61.43   887    9.5   89  81.28  0.97
IR     GOES12  20080827  2255   24.03    60.68   850   10.3   88  86.25  0.99
IR     GOES12  20080827  2255   24.07    60.50   850   10.4   89  86.26  0.99
IR     GOES12  20080827  2255   20.79    59.69   337    6.8  286  56.30  0.72
IR     GOES12  20080827  2255   20.76    59.23   237    3.9  180  72.98  0.60
IR     GOES12  20080827  2255   20.34    60.64   250    9.1  176  60.64  0.66
IR     GOES12  20080827  2255   18.94    60.68   300    5.2  317  59.71  0.60
IR     GOES12  20080827  2255   18.76    59.44   187    5.9  167  66.45  0.55
IR     GOES12  20080827  2255   18.66    60.70   300    5.2  317  61.88  0.67
IR     GOES12  20080827  2255   18.40    59.13   162    6.1  115  74.08  0.95
IR     GOES12  20080827  2255   17.63    60.99   237    5.0  205  69.80  0.83
IR     GOES12  20080827  2255   17.89    59.10   162    6.7  103  68.91  0.89
IR     GOES12  20080827  2255   17.58    59.04   175    5.7   78  76.81  0.95
IR     GOES12  20080827  2255   17.31    61.61   175    5.8  309  68.11  0.72
IR     GOES12  20080827  2255   17.04    61.41   175    4.7  313  70.37  0.64
IR     GOES12  20080827  2255   17.33    60.06   137    3.4  134  56.99  0.80
IR     GOES12  20080827  2255   17.50    59.10   175    5.6   80  80.59  0.96
IR     GOES12  20080827  2255   16.68    61.98   175    6.3  323  68.89  0.58
IR     GOES12  20080827  2255   16.48    59.11   212    7.5   40  61.36  0.95
IR     GOES12  20080827  2255   15.98    61.72   175    6.8   20  72.66  0.61
IR     GOES12  20080827  2255   16.11    60.95   175    6.5   12  74.04  0.91
IR     GOES12  20080827  2255   15.96    60.07   175    7.7   56  67.76  1.00
IR     GOES12  20080827  2255   15.81    60.02   162    7.4   55  66.22  1.00
IR     GOES12  20080827  2255   16.17    59.28   200    6.7   39  65.44  0.91
IR     GOES12  20080827  2255   15.63    62.00   187    5.2   18  72.34  0.78
IR     GOES12  20080827  2255   15.60    61.10   175    9.3   20  68.16  0.73
IR     GOES12  20080827  2255   15.68    60.71   137    8.8   34  63.81  0.90
IR     GOES12  20080827  2255   15.61    60.15   162    9.2   44  72.47  0.78
IR     GOES12  20080827  2255   15.55    59.11   237    6.0   69  66.74  0.64
IR     GOES12  20080827  2255   15.06    61.03   162   11.1   27  70.61  0.61
IR     GOES12  20080827  2255   14.84    60.60   175    9.6   34  73.07  0.88
IR     GOES12  20080827  2255   14.06    61.94   137   13.5   46  63.36  0.95
IR     GOES12  20080827  2255   14.27    59.97   237    4.7   55  60.85  0.57
IR     GOES12  20080827  2255   13.87    82.82   187    9.9   67  70.01  0.98
IR     GOES12  20080827  2255   13.64    82.68   187   10.9   60  61.38  0.93
IR     GOES12  20080827  2255   13.52    82.11   225    7.9   65  70.92  0.89
IR     GOES12  20080827  2255   13.52    82.09   225    8.1   66  72.53  0.86
IR     GOES12  20080827  2255   13.71    81.71   187    6.5   85  66.09  0.96
IR     GOES12  20080827  2255   13.63    81.36   162    8.7  102  67.94  0.92
IR     GOES12  20080827  2255   13.82    80.85   162    9.9  103  64.82  0.98
IR     GOES12  20080827  2255   13.55    80.50   162    8.9   99  68.63  0.79
IR     GOES12  20080827  2255   13.47    80.46   162    9.7  101  65.38  0.99
IR     GOES12  20080827  2255   13.66    79.97   162   11.9  103  57.55  0.96
IR     GOES12  20080827  2255   13.81    79.57   175   10.8   89  65.91  0.95
IR     GOES12  20080827  2255   13.84    76.19   212    8.2   36  70.83  0.99
IR     GOES12  20080827  2255   13.73    76.13   212    8.0   40  71.86  0.99
IR     GOES12  20080827  2255   13.77    75.00   187    6.5   30  64.20  0.62
IR     GOES12  20080827  2255   13.80    74.79   187    3.5  357  51.41  0.52
IR     GOES12  20080827  2255   13.84    74.30   175   11.4   32  56.94  0.76
IR     GOES12  20080827  2255   13.69    72.93   175    6.9   60  75.78  0.54
IR     GOES12  20080827  2255   13.85    70.05   212    7.8   45  69.30  0.83
IR     GOES12  20080827  2255   13.56    67.34   150   14.2    4  54.27  0.75
IR     GOES12  20080827  2255   13.72    65.34   225    7.5   56  58.13  0.91
IR     GOES12  20080827  2255   13.65    65.11   200    9.1   58  54.16  0.69
IR     GOES12  20080827  2255   13.85    63.34   162   12.3   44  72.65  0.96
IR     GOES12  20080827  2255   13.44    63.28   162   13.6   48  71.84  0.97
IR     GOES12  20080827  2255   13.59    62.83   175    8.8   49  56.33  0.82
IR     GOES12  20080827  2255   13.75    62.60   137    9.6   51  61.95  0.90
IR     GOES12  20080827  2255   13.83    62.28   137    8.9   52  58.73  0.87
IR     GOES12  20080827  2255   13.76    61.71   137   14.1   50  63.45  0.99
IR     GOES12  20080827  2255   13.76    61.49   137   13.1   50  68.92  0.98
IR     GOES12  20080827  2255   13.65    61.19   262    7.9   46  78.64  0.64
IR     GOES12  20080827  2255   13.26    82.66   187   12.0   72  66.28  0.93
IR     GOES12  20080827  2255   13.18    82.51   187    8.3   62  63.04  0.97
IR     GOES12  20080827  2255   13.37    82.13   225    7.6   66  69.78  0.96
IR     GOES12  20080827  2255   13.29    81.61   162    7.2   78  69.47  0.90
IR     GOES12  20080827  2255   13.29    81.40   162    8.1   96  73.80  0.98
IR     GOES12  20080827  2255   13.09    80.19   150    5.7   89  59.42  0.98
IR     GOES12  20080827  2255   13.05    79.70   175    9.0   68  66.79  0.79
IR     GOES12  20080827  2255   13.24    79.30   250    6.1   81  68.61  0.67
IR     GOES12  20080827  2255   12.82    78.50   200   11.1   58  71.02  0.99
IR     GOES12  20080827  2255   13.12    77.15   200    9.3   50  69.69  0.84
IR     GOES12  20080827  2255   13.24    76.87   200    8.0   58  64.78  0.92
IR     GOES12  20080827  2255   13.20    76.36   212    9.8   49  80.16  0.99
IR     GOES12  20080827  2255   13.01    76.12   212    9.8   50  77.34  0.98
IR     GOES12  20080827  2255   13.08    75.38   212    8.2   48  71.53  0.88
IR     GOES12  20080827  2255   13.01    75.19   225    9.3   38  74.99  0.89
IR     GOES12  20080827  2255   12.98    69.77   200   14.6   28  46.64  0.73
IR     GOES12  20080827  2255   12.87    69.62   137   13.7   32  46.56  0.78
IR     GOES12  20080827  2255   13.18    67.40   137   13.5   23  60.21  0.96
IR     GOES12  20080827  2255   13.03    66.70   175   13.2   38  66.03  0.67
IR     GOES12  20080827  2255   13.11    66.61   200   13.2   39  66.57  0.70
IR     GOES12  20080827  2255   13.32    64.19   187   15.8   51  62.15  0.62
IR     GOES12  20080827  2255   12.98    63.70   187   15.3   47  78.11  1.00
IR     GOES12  20080827  2255   13.25    63.33   162   15.1   45  76.96  1.00
IR     GOES12  20080827  2255   13.40    63.26   162   13.6   48  72.19  0.97
IR     GOES12  20080827  2255   13.25    62.96   175   11.1   48  61.88  0.90
IR     GOES12  20080827  2255   13.06    62.36   175    9.4   59  53.48  0.97
IR     GOES12  20080827  2255   12.92    62.10   162   13.3   53  68.35  1.00
IR     GOES12  20080827  2255   13.15    61.73   212   14.6   44  63.55  0.99
IR     GOES12  20080827  2255   13.11    61.64   225   14.5   43  61.48  1.00
IR     GOES12  20080827  2255   12.35    82.95   187   12.2   79  72.82  0.94
IR     GOES12  20080827  2255   12.50    82.74   187   11.9   77  72.74  0.93
IR     GOES12  20080827  2255   12.54    82.38   175   11.9   81  67.32  0.98
IR     GOES12  20080827  2255   12.72    81.98   150    9.8   83  67.03  0.69
IR     GOES12  20080827  2255   12.72    81.92   150    9.9   84  67.01  0.69
IR     GOES12  20080827  2255   12.57    81.35   187    6.8   88  61.11  0.97
IR     GOES12  20080827  2255   12.61    81.31   187    6.8   89  61.13  0.92
IR     GOES12  20080827  2255   12.46    80.77   137    5.0   87  56.08  1.00
IR     GOES12  20080827  2255   12.68    80.33   137    4.6   87  53.53  0.90
IR     GOES12  20080827  2255   12.53    79.77   175   14.3   70  64.25  0.98
IR     GOES12  20080827  2255   12.41    79.66   212   14.4   69  63.61  0.92
IR     GOES12  20080827  2255   12.79    78.50   200   11.1   58  70.34  1.00
IR     GOES12  20080827  2255   12.30    78.18   175   14.6   60  71.42  1.00
IR     GOES12  20080827  2255   12.41    77.71   225   13.3   61  71.40  0.94
IR     GOES12  20080827  2255   12.48    77.63   200   12.8   60  81.64  0.85
IR     GOES12  20080827  2255   12.63    77.27   212    9.6   51  64.40  0.79
IR     GOES12  20080827  2255   12.37    76.10   175   11.2   55  70.08  0.92
IR     GOES12  20080827  2255   12.41    76.06   175   10.9   55  70.09  0.96
IR     GOES12  20080827  2255   12.41    75.44   162    8.2   90  54.13  0.79
IR     GOES12  20080827  2255   12.37    73.86   150   18.7   57  46.52  0.60
IR     GOES12  20080827  2255   12.38    69.85   175   11.1   71  64.18  0.75
IR     GOES12  20080827  2255   12.38    69.51   137    8.4  100  46.27  0.77
IR     GOES12  20080827  2255   12.49    68.67   175    6.3   89  48.60  0.82
IR     GOES12  20080827  2255   12.62    66.91   162   15.4   21  64.59  0.93
IR     GOES12  20080827  2255   12.77    66.38   175   15.1   21  63.18  0.95
IR     GOES12  20080827  2255   12.58    65.94   137   15.8   21  59.98  0.99
IR     GOES12  20080827  2255   12.63    64.44   287    6.5   74  72.82  0.82
IR     GOES12  20080827  2255   12.78    64.32   300    7.5   68  78.75  0.82
IR     GOES12  20080827  2255   12.68    63.63   187   16.3   48  72.27  0.99
IR     GOES12  20080827  2255   12.75    63.56   187   16.1   49  72.59  1.00
IR     GOES12  20080827  2255   12.34    63.21   162   16.5   47  78.58  0.97
IR     GOES12  20080827  2255   12.46    62.52   162   15.4   56  66.81  0.93
IR     GOES12  20080827  2255   12.76    62.04   162   14.2   53  71.72  1.00
IR     GOES12  20080827  2255   12.50    61.88   162   14.0   52  71.39  0.95
IR     GOES12  20080827  2255   12.58    61.57   187    9.4   47  55.20  0.57
IR     GOES12  20080827  2255   11.79    88.65   262   12.0   91  68.19  0.99
IR     GOES12  20080827  2255   12.16    82.93   187   11.8   80  75.03  0.91
IR     GOES12  20080827  2255   12.13    82.75   187   11.3   79  79.42  0.99
IR     GOES12  20080827  2255   12.16    82.39   175    9.4   81  76.16  1.00
IR     GOES12  20080827  2255   12.20    82.20   175    7.6   81  65.55  0.60
IR     GOES12  20080827  2255   12.16    81.66   150    6.9   70  60.70  0.89
IR     GOES12  20080827  2255   12.19    81.41   187    5.3   94  53.39  0.96
IR     GOES12  20080827  2255   12.15    80.08   137   13.1   73  56.53  0.81
IR     GOES12  20080827  2255   12.07    79.53   212   16.3   67  60.00  0.90
IR     GOES12  20080827  2255   11.92    79.00   162   16.3   70  68.30  1.00
IR     GOES12  20080827  2255   11.85    78.74   187   16.2   70  72.07  1.00
IR     GOES12  20080827  2255   12.15    78.45   175   15.2   62  71.33  1.00
IR     GOES12  20080827  2255   11.96    77.87   200   13.1   54  65.02  0.97
IR     GOES12  20080827  2255   11.96    77.81   200   14.1   56  70.12  0.99
IR     GOES12  20080827  2255   12.11    77.50   225   15.5   57  63.69  0.92
IR     GOES12  20080827  2255   11.96    76.52   175   13.7   61  73.64  0.91
IR     GOES12  20080827  2255   12.14    75.25   162    8.5   84  57.23  0.66
IR     GOES12  20080827  2255   12.14    74.89   162    9.5   78  63.85  0.98
IR     GOES12  20080827  2255   11.84    74.45   200   16.2   72  52.87  0.74
IR     GOES12  20080827  2255   11.84    74.16   162   11.5   80  66.70  0.71
IR     GOES12  20080827  2255   11.77    72.53   237    3.8  134  61.54  0.75
IR     GOES12  20080827  2255   12.19    70.64   250    4.7  130  61.17  0.58
IR     GOES12  20080827  2255   12.11    69.92   150   10.9   69  68.43  0.80
IR     GOES12  20080827  2255   12.19    69.42   175   12.7   77  54.67  0.86
IR     GOES12  20080827  2255   11.78    69.05   175   15.4   26  48.06  0.99
IR     GOES12  20080827  2255   11.75    66.42   150   15.2   30  76.02  0.94
IR     GOES12  20080827  2255   11.84    64.17   212   19.2   39  50.09  0.93
IR     GOES12  20080827  2255   11.92    63.74   162   20.0   41  60.13  0.95
IR     GOES12  20080827  2255   11.96    63.27   162   17.6   44  71.65  0.99
IR     GOES12  20080827  2255   12.12    62.85   162   15.5   50  76.49  0.97
IR     GOES12  20080827  2255   12.08    62.55   162   11.9   60  55.42  0.95
IR     GOES12  20080827  2255   12.08    62.24   162   16.9   46  71.17  1.00
IR     GOES12  20080827  2255   12.24    61.94   162   14.6   54  70.66  0.98
IR     GOES12  20080827  2255   12.02    61.27   312    7.6   35  77.25  0.59
IR     GOES12  20080827  2255   11.76    60.65   187   14.0   44  75.93  1.00
IR     GOES12  20080827  2255   12.29    60.05   162   15.0   40  73.25  0.88
IR     GOES12  20080827  2255   11.64    88.95   262    6.0   95  54.86  0.88
IR     GOES12  20080827  2255   11.45    88.71   312    8.5   93  70.93  0.59
IR     GOES12  20080827  2255   11.63    87.98   212   17.4   75  68.74  0.97
IR     GOES12  20080827  2255   11.63    87.76   212   16.5   81  66.83  0.85
IR     GOES12  20080827  2255   11.21    86.82   162   15.4   82  72.67  0.99
IR     GOES12  20080827  2255   11.32    78.88   200   20.1   69  56.83  0.96
IR     GOES12  20080827  2255   11.58    78.12   187   17.8   67  67.40  1.00
IR     GOES12  20080827  2255   11.58    77.79   175   18.7   66  62.66  1.00
IR     GOES12  20080827  2255   11.17    76.64   187   16.5   97  47.62  0.96
IR     GOES12  20080827  2255   11.36    76.01   162    7.8   89  48.98  0.69
IR     GOES12  20080827  2255   11.39    75.95   162    7.3   89  48.38  0.84
IR     GOES12  20080827  2255   11.13    75.25   137   12.8   65  63.44  0.63
IR     GOES12  20080827  2255   11.51    71.75   212    6.1   73  72.68  0.81
IR     GOES12  20080827  2255   11.48    69.31   150   14.6   35  55.92  0.78
IR     GOES12  20080827  2255   11.63    69.03   162   14.8   29  52.40  0.98
IR     GOES12  20080827  2255   11.48    68.53   162   14.8   29  55.01  0.99
IR     GOES12  20080827  2255   11.30    68.28   137   15.9   30  56.85  0.99
IR     GOES12  20080827  2255   11.45    67.65   137   16.9   20  51.82  1.00
IR     GOES12  20080827  2255   11.64    67.56   137   16.6   18  52.21  0.99
IR     GOES12  20080827  2255   11.65    64.44   162   17.4   34  64.75  0.92
IR     GOES12  20080827  2255   11.62    63.42   162   18.0   44  68.26  0.83
IR     GOES12  20080827  2255   11.72    60.69   187   13.9   42  72.28  1.00
IR     GOES12  20080827  2255   11.72    60.47   187   14.4   46  77.36  1.00
IR     GOES12  20080827  2255   11.00    88.64   300   11.2   95  79.51  0.82
IR     GOES12  20080827  2255   11.00    88.62   300   11.5   95  77.57  0.85
IR     GOES12  20080827  2255   10.95    77.86   187   18.2   65  67.49  1.00
IR     GOES12  20080827  2255   10.78    66.14   150   14.6   50  64.79  0.80
IR     GOES12  20080827  2255   11.01    64.84   200   16.7   44  61.36  0.96
IR     GOES12  20080827  2255   10.39    87.41   262    9.7   89  61.81  0.80
IR     GOES12  20080827  2255   10.43    77.73   200   17.5   75  70.03  0.91
IR     GOES12  20080827  2255   10.35    75.52   187   22.2   66  48.00  0.68
IR     GOES12  20080827  2255   10.13    74.94   137   20.3   68  53.37  0.92
IR     GOES12  20080827  2255   10.52    66.94   200   11.7   95  52.67  0.89
IR     GOES12  20080827  2255   10.11    66.52   200   11.7   81  62.80  0.86
IR     GOES12  20080827  2255   10.49    64.75   300   11.9   55  63.23  0.60
IR     GOES12  20080827  2255   10.16    64.18   187    8.8   65  53.56  0.65
IR     GOES12  20080827  2255   10.51    62.08   375    5.1   57  58.39  0.79
IR     GOES12  20080827  2255   10.51    61.95   400    5.0   54  79.27  0.83
IR     GOES12  20080827  2255   10.41    60.46   237    4.8   64  67.11  0.92
IR     GOES12  20080827  2255   10.41    60.44   237    4.8   64  67.23  0.92
IR     GOES12  20080827  2255    9.60    86.42   250   13.2   73  72.00  0.82
IR     GOES12  20080827  2255    9.71    85.97   162   16.2   74  65.48  0.99
IR     GOES12  20080827  2255    9.79    85.71   150   23.1   78  59.53  0.97
IR     GOES12  20080827  2255    9.93    85.27   162   11.8   85  52.55  0.81
IR     GOES12  20080827  2255    9.58    81.59   137   14.6   93  55.15  0.77
IR     GOES12  20080827  2255    9.73    81.05   200   13.8   99  59.26  0.95
IR     GOES12  20080827  2255    9.73    81.03   187   13.9   99  59.75  0.94
IR     GOES12  20080827  2255    9.65    77.93   162   17.6   88  61.28  0.91
IR     GOES12  20080827  2255    9.53    77.36   162   18.9   84  69.89  0.98
IR     GOES12  20080827  2255    9.98    77.24   150   18.9   74  69.45  0.91
IR     GOES12  20080827  2255    9.62    61.23   150   11.1   10  61.14  0.93
IR     GOES12  20080827  2255    9.06    87.96   237   14.1   66  70.42  0.87
IR     GOES12  20080827  2255    9.23    86.51   162   17.8   76  74.82  0.74
IR     GOES12  20080827  2255    9.42    86.41   162   15.7   78  63.83  0.77
IR     GOES12  20080827  2255    9.23    85.87   162   19.6   83  67.92  0.86
IR     GOES12  20080827  2255    9.01    85.73   150   21.8   82  69.41  0.92
IR     GOES12  20080827  2255    9.32    82.43   187   12.0  114  51.19  0.65
IR     GOES12  20080827  2255    9.36    81.42   162   14.5   92  61.61  0.80
IR     GOES12  20080827  2255    9.24    80.38   225   13.2   78  78.29  0.61
IR     GOES12  20080827  2255    9.28    80.13   187   19.3   79  59.04  0.70
IR     GOES12  20080827  2255    9.35    79.94   287    8.0   67  75.96  0.63
IR     GOES12  20080827  2255    9.31    78.91   175   13.5   82  57.59  0.55
IR     GOES12  20080827  2255    9.05    76.75   150   21.9   83  65.86  0.94
IR     GOES12  20080827  2255    9.05    76.32   137   25.7   77  49.78  0.91
IR     GOES12  20080827  2255    9.17    61.32   150   11.5    5  58.76  0.72
IR     GOES12  20080827  2255    9.11    59.30   337    5.5   50  71.41  0.78
IR     GOES12  20080827  2255    9.15    59.12   337    4.8   36  72.36  0.69
IR     GOES12  20080827  2255    8.65    88.88   212   14.3   48  56.81  0.82
IR     GOES12  20080827  2255    8.69    88.48   237   13.2   61  73.72  0.88
IR     GOES12  20080827  2255    8.60    86.85   212    9.5   85  63.48  0.66
IR     GOES12  20080827  2255    8.68    86.53   212    8.5   76  67.67  0.99
IR     GOES12  20080827  2255    8.71    86.23   137   28.4   76  49.37  0.89
IR     GOES12  20080827  2255    8.71    86.19   150   23.9   78  69.68  0.79
IR     GOES12  20080827  2255    8.71    85.87   150   20.4   75  66.37  0.81
IR     GOES12  20080827  2255    8.63    85.31   200    4.0   66  49.93  0.52
IR     GOES12  20080827  2255    8.52    84.71   150   21.8   72  69.61  1.00
IR     GOES12  20080827  2255    8.48    84.56   150   21.9   75  79.52  0.97
IR     GOES12  20080827  2255    8.48    84.26   137   16.1   75  51.09  0.55
IR     GOES12  20080827  2255    8.77    82.99   137   20.4   71  61.21  0.72
IR     GOES12  20080827  2255    8.44    82.75   137   16.5   64  58.92  0.65
IR     GOES12  20080827  2255    8.79    76.29   137   27.9   77  45.30  0.92
IR     GOES12  20080827  2255    8.77    60.33   150    8.1    6  79.82  0.80
IR     GOES12  20080827  2255    8.78    59.29   337    6.3   38  81.23  0.99
IR     GOES12  20080827  2255    8.89    59.13   337    6.2   39  82.15  1.00
IR     GOES12  20080827  2255    8.05    86.86   287   12.7   69  71.30  0.98
IR     GOES12  20080827  2255    8.26    85.55   175   11.3   84  53.53  0.72
IR     GOES12  20080827  2255    8.26    85.42   187   11.1   83  65.82  0.62
IR     GOES12  20080827  2255    8.26    84.72   162   21.0   72  67.91  0.97
IR     GOES12  20080827  2255    8.26    84.46   150   22.6   77  75.23  0.75
IR     GOES12  20080827  2255    8.18    82.17   162   14.1   63  56.82  0.71
IR     GOES12  20080827  2255    7.99    81.87   137   21.5   58  55.88  0.69
IR     GOES12  20080827  2255    8.17    80.07   137   23.2   69  60.22  0.76
IR     GOES12  20080827  2255    7.91    79.40   137   19.0   72  62.67  0.84
IR     GOES12  20080827  2255    8.24    77.19   150   24.8   84  54.73  0.87
IR     GOES12  20080827  2255    8.24    76.65   137   19.4   78  66.91  0.94
IR     GOES12  20080827  2255    7.39    87.78   775    3.2  162  79.90  0.66
IR     GOES12  20080827  2255    7.39    87.74   775    3.4  146  81.93  0.89
IR     GOES12  20080827  2255    7.72    86.91   187   13.6   66  69.25  0.84
IR     GOES12  20080827  2255    7.79    86.39   262    9.3   79  62.43  0.98
IR     GOES12  20080827  2255    7.68    85.94   237   11.7   82  71.72  0.88
IR     GOES12  20080827  2255    7.56    85.66   262   11.1   85  72.19  0.68
IR     GOES12  20080827  2255    7.33    83.21   150   24.4   90  46.50  0.67
IR     GOES12  20080827  2255    7.69    79.52   175   14.0   79  60.08  0.91
IR     GOES12  20080827  2255    7.69    79.50   175   13.9   80  59.57  0.91
IR     GOES12  20080827  2255    6.80    88.80   250   14.2   70  81.30  0.96
IR     GOES12  20080827  2255    7.19    84.69   162   27.7   81  51.87  0.62
IR     GOES12  20080827  2255    7.15    84.20   175   16.9   80  70.16  0.62
IR     GOES12  20080827  2255    6.77    79.18   150   24.4   73  67.97  0.92
IR     GOES12  20080827  2255    6.81    79.07   150   25.5   74  61.47  0.85
IR     GOES12  20080827  2255    7.10    78.53   175   16.8   77  74.04  0.90
IR     GOES12  20080827  2255    6.85    78.18   175   16.9   82  75.18  0.95
IR     GOES12  20080827  2255    6.62    88.93   250   14.1   71  77.64  0.99
IR     GOES12  20080827  2255    6.62    88.84   237   13.6   73  71.10  0.83
IR     GOES12  20080827  2255    6.27    83.76   287    6.3   97  67.94  0.79
IR     GOES12  20080827  2255    6.27    83.67   287    6.3  100  67.05  0.79
IR     GOES12  20080827  2255    6.23    82.96   287   11.3   88  61.72  0.92
IR     GOES12  20080827  2255    6.38    82.58   237   12.0   91  72.24  0.96
IR     GOES12  20080827  2255    6.30    80.74   137   30.3   62  48.47  0.97
IR     GOES12  20080827  2255    6.48    80.47   137   29.3   70  50.55  0.99
IR     GOES12  20080827  2255    6.59    80.05   150   28.3   68  55.72  0.97
IR     GOES12  20080827  2255    6.59    79.57   137   26.8   73  56.16  0.88
IR     GOES12  20080827  2255    6.59    79.15   150   25.0   74  65.61  0.97
IR     GOES12  20080827  2255    6.37    78.65   175   18.1   85  66.87  0.87
IR     GOES12  20080827  2255    6.63    78.22   175   11.5   84  50.43  0.58
IR     GOES12  20080827  2255    6.33    77.92   175   17.1   79  74.47  0.77
IR     GOES12  20080827  2255    6.26    77.03   175   15.8   84  65.73  0.89
IR     GOES12  20080827  2255    5.70    88.03   275   13.6   73  74.32  0.90
IR     GOES12  20080827  2255    5.77    87.97   262   13.8   71  79.81  0.98
IR     GOES12  20080827  2255    5.95    86.77   450   10.7   97  80.31  0.56
IR     GOES12  20080827  2255    6.02    86.07   300    9.6   74  82.04  0.73
IR     GOES12  20080827  2255    6.01    83.67   287    6.4  102  65.97  0.72
IR     GOES12  20080827  2255    5.68    82.78   287    9.7   92  73.55  0.99
IR     GOES12  20080827  2255    5.75    82.53   275   11.2  108  63.94  0.74
IR     GOES12  20080827  2255    5.71    79.79   200   17.6   79  69.77  0.99
IR     GOES12  20080827  2255    5.71    79.67   200   19.7   81  70.85  0.92
IR     GOES12  20080827  2255    5.75    79.00   225   20.4   88  56.93  0.95
IR     GOES12  20080827  2255    6.04    78.48   175   20.7   83  68.89  0.96
IR     GOES12  20080827  2255    5.93    77.94   162   19.1   82  69.77  0.94
IR     GOES12  20080827  2255    5.52    88.85   225   16.7   66  70.30  0.94
IR     GOES12  20080827  2255    5.59    88.57   225   15.4   72  79.46  0.98
IR     GOES12  20080827  2255    5.52    88.48   225   15.4   72  80.08  0.97
IR     GOES12  20080827  2255    5.55    88.07   225   13.9   73  75.33  0.96
IR     GOES12  20080827  2255    5.29    85.77   187   15.3   70  60.07  1.00
IR     GOES12  20080827  2255    5.40    85.45   225    7.6   80  56.38  1.00
IR     GOES12  20080827  2255    5.46    83.01   237   13.8   83  71.93  0.51
IR     GOES12  20080827  2255    5.46    82.56   275   11.3  103  69.54  0.85
IR     GOES12  20080827  2255    5.49    79.85   162   18.2   80  52.34  0.94
IR     GOES12  20080827  2255    5.27    79.52   162   20.2   85  55.32  0.95
IR     GOES12  20080827  2255    5.27    79.33   200   19.2   83  77.32  0.99
IR     GOES12  20080827  2255    5.16    78.93   225   15.9   81  65.72  0.97
IR     GOES12  20080827  2255    5.20    78.75   200   15.5   78  57.42  0.99
IR     GOES12  20080827  2255    5.20    78.25   150   22.9   80  71.44  0.90
IR     GOES12  20080827  2255    5.31    77.65   162   17.9   77  64.87  0.98
IR     GOES12  20080827  2255    5.38    77.46   162   18.2   78  68.79  0.93
IR     GOES12  20080827  2255    5.24    77.21   150   23.4   81  61.09  0.86
IR     GOES12  20080827  2255    4.74    86.31   175   27.2   75  58.04  0.97
IR     GOES12  20080827  2255    4.63    85.80   162   29.6   77  63.01  0.98
IR     GOES12  20080827  2255    4.95    84.51   200   10.9   84  57.36  0.78
IR     GOES12  20080827  2255    4.62    82.26   350    8.6   76  81.16  0.95
IR     GOES12  20080827  2255    4.73    80.72   350    7.0  108  66.31  0.62
IR     GOES12  20080827  2255    4.91    79.18   225   17.0   81  68.18  1.00
IR     GOES12  20080827  2255    4.73    78.68   212   23.1   81  59.95  0.89
IR     GOES12  20080827  2255    4.73    78.66   200   24.0   79  60.07  0.77
IR     GOES12  20080827  2255    4.69    78.08   162   19.6   80  69.07  0.94
IR     GOES12  20080827  2255    4.54    77.02   187   11.2   81  48.51  0.58
IR     GOES12  20080827  2255    4.05    85.92   831    8.1   83  76.77  0.60
IR     GOES12  20080827  2255    4.14    78.49   200   25.6   74  56.02  0.71
IR     GOES12  20080827  2255    4.14    78.47   200   24.8   72  56.34  0.71
IR     GOES12  20080827  2255    4.18    78.16   187   16.4   73  52.75  0.74
IR     GOES12  20080827  2255    4.25    77.46   162   20.9   79  75.08  0.93
IR     GOES12  20080827  2255   33.81    77.25   237    8.7  190  71.18  0.78
IR     GOES12  20080827  2255   33.80    75.77   287    6.2  239  66.79  0.66
IR     GOES12  20080827  2255   33.95    75.28   262    3.9  274  69.20  0.61
IR     GOES12  20080827  2255   33.56    73.62   287    4.8  289  76.85  0.66
IR     GOES12  20080827  2255   33.52    71.63   237   11.8  303  82.73  0.96
IR     GOES12  20080827  2255   33.78    69.61   262   20.0  318  73.98  0.74
IR     GOES12  20080827  2255   33.84    68.29   175   25.6  317  72.91  0.98
IR     GOES12  20080827  2255   33.94    68.23   162   25.1  314  74.01  0.97
IR     GOES12  20080827  2255   33.80    67.60   237   31.8  309  52.98  0.97
IR     GOES12  20080827  2255   33.71    67.09   250   27.0  313  79.00  0.72
IR     GOES12  20080827  2255   33.77    66.51   200   34.3  319  67.64  0.87
IR     GOES12  20080827  2255   33.81    64.15   887    8.1  298  83.03  0.79
IR     GOES12  20080827  2255   33.87    63.78   868    8.9  287  77.62  0.76
IR     GOES12  20080827  2255   33.79    60.79   250   12.3  267  47.05  0.93
IR     GOES12  20080827  2255   32.76    78.13   212    8.8  211  72.79  0.78
IR     GOES12  20080827  2255   33.38    77.49   237    6.7  194  77.38  0.75
IR     GOES12  20080827  2255   33.13    76.09   275    7.1  292  54.51  0.67
IR     GOES12  20080827  2255   33.08    74.52   287    4.6  280  72.55  0.63
IR     GOES12  20080827  2255   33.08    74.19   337    7.6  266  73.88  0.59
IR     GOES12  20080827  2255   32.90    72.87   337    9.4  272  63.71  0.82
IR     GOES12  20080827  2255   33.14    72.18   350   10.9  302  57.27  0.67
IR     GOES12  20080827  2255   33.28    71.49   250   13.0  298  65.35  0.97
IR     GOES12  20080827  2255   33.09    71.34   237   11.2  302  72.94  0.98
IR     GOES12  20080827  2255   32.77    69.94   362    6.9  336  66.45  0.66
IR     GOES12  20080827  2255   33.01    69.59   337   10.0  318  65.57  0.94
IR     GOES12  20080827  2255   33.07    68.95   400    7.3  329  74.22  0.62
IR     GOES12  20080827  2255   33.02    68.78   387    8.0  326  73.09  0.65
IR     GOES12  20080827  2255   33.37    67.25   250   25.5  310  71.39  0.67
IR     GOES12  20080827  2255   33.33    67.16   250   25.7  311  74.65  0.74
IR     GOES12  20080827  2255   33.29    66.67   275   26.0  312  69.72  0.86
IR     GOES12  20080827  2255   32.97    62.87   287   13.7  271  53.68  0.79
IR     GOES12  20080827  2255   33.18    62.13   287   13.0  264  50.11  0.91
IR     GOES12  20080827  2255   33.29    61.55   275   15.0  272  57.48  0.76
IR     GOES12  20080827  2255   33.20    61.06   250   22.1  275  61.54  0.76
IR     GOES12  20080827  2255   33.21    60.98   262   21.3  276  62.51  0.79
IR     GOES12  20080827  2255   33.46    60.37   212   17.6  270  60.92  0.81
IR     GOES12  20080827  2255   32.63    79.92   237   14.5  219  59.05  0.73
IR     GOES12  20080827  2255   32.34    79.55   200   11.3  243  73.19  0.71
IR     GOES12  20080827  2255   32.33    78.01   200    8.2  200  57.78  0.87
IR     GOES12  20080827  2255   32.05    77.90   225    8.0  210  58.94  0.92
IR     GOES12  20080827  2255   32.23    76.83   287    7.0  296  61.27  0.72
IR     GOES12  20080827  2255   32.57    72.05   350    8.3  273  64.28  0.66
IR     GOES12  20080827  2255   32.57    71.95   362    5.5  291  72.30  0.57
IR     GOES12  20080827  2255   32.49    69.55   362   11.8  320  60.92  0.82
IR     GOES12  20080827  2255   32.40    69.26   362   10.3  331  72.59  0.77
IR     GOES12  20080827  2255   32.40    69.16   362   10.3  332  72.98  0.77
IR     GOES12  20080827  2255   32.56    67.57   262   23.4  325  57.34  0.72
IR     GOES12  20080827  2255   32.14    67.30   337    9.8  320  61.59  0.62
IR     GOES12  20080827  2255   32.62    66.54   337   15.1  310  74.29  0.76
IR     GOES12  20080827  2255   32.62    66.49   337   14.1  315  73.13  0.86
IR     GOES12  20080827  2255   32.25    66.04   275   19.3  308  72.50  0.78
IR     GOES12  20080827  2255   32.13    64.75   387    8.7  277  67.56  0.67
IR     GOES12  20080827  2255   32.28    64.30   275   11.5  282  48.44  0.61
IR     GOES12  20080827  2255   32.35    63.10   312    9.3  281  53.46  0.81
IR     GOES12  20080827  2255   32.31    63.00   312    9.2  277  53.24  0.80
IR     GOES12  20080827  2255   32.27    62.59   212   21.6  283  62.20  0.82
IR     GOES12  20080827  2255   32.65    62.22   212   20.8  286  76.63  0.72
IR     GOES12  20080827  2255   32.53    61.48   300   16.3  281  69.20  0.75
IR     GOES12  20080827  2255   32.67    61.37   300   17.9  279  65.34  0.75
IR     GOES12  20080827  2255   32.68    61.00   375   15.5  268  74.97  0.81
IR     GOES12  20080827  2255   32.45    60.65   362   12.1  273  68.84  0.66
IR     GOES12  20080827  2255   31.98    80.91   237   11.1  238  55.95  0.53
IR     GOES12  20080827  2255   31.42    80.45   250   12.9  248  74.99  0.82
IR     GOES12  20080827  2255   31.41    80.17   237   12.3  256  65.26  0.92
IR     GOES12  20080827  2255   31.36    79.72   225   12.3  247  68.95  0.70
IR     GOES12  20080827  2255   31.55    79.45   200   11.5  255  69.43  0.84
IR     GOES12  20080827  2255   31.73    79.04   175   11.2  264  70.77  0.92
IR     GOES12  20080827  2255   31.58    78.08   287    3.7  264  68.81  0.92
IR     GOES12  20080827  2255   31.77    76.97   275    5.7  280  62.84  0.69
IR     GOES12  20080827  2255   31.53    75.07   375    3.8  292  78.87  0.76
IR     GOES12  20080827  2255   31.39    74.73   300    7.5  285  56.57  0.56
IR     GOES12  20080827  2255   31.51    69.42   175   15.2  332  61.81  0.77
IR     GOES12  20080827  2255   31.65    68.91   212   12.5  351  60.78  0.74
IR     GOES12  20080827  2255   31.66    68.81   225   12.8  352  58.13  0.74
IR     GOES12  20080827  2255   31.85    68.24   275   13.9  358  48.22  0.78
IR     GOES12  20080827  2255   31.90    67.40   337    7.9  342  53.60  0.68
IR     GOES12  20080827  2255   31.54    66.58   756    8.1  310  79.80  0.61
IR     GOES12  20080827  2255   31.54    66.55   775    8.1  310  83.62  0.62
IR     GOES12  20080827  2255   31.62    64.41   237   18.9  297  61.48  0.81
IR     GOES12  20080827  2255   31.77    64.19   250   19.2  294  61.76  0.86
IR     GOES12  20080827  2255   31.87    63.61   337   12.0  287  74.56  0.61
IR     GOES12  20080827  2255   31.93    62.98   300   11.3  290  67.93  0.67
IR     GOES12  20080827  2255   31.99    62.51   212   23.2  279  51.13  0.77
IR     GOES12  20080827  2255   31.82    61.45   300    9.9  268  59.04  0.87
IR     GOES12  20080827  2255   31.88    61.02   300   11.5  268  65.53  0.84
IR     GOES12  20080827  2255   31.19    80.63   225   13.7  246  76.49  0.71
IR     GOES12  20080827  2255   31.09    79.98   275   11.5  253  73.36  0.92
IR     GOES12  20080827  2255   31.09    79.93   275   11.1  251  77.88  0.96
IR     GOES12  20080827  2255   31.18    79.36   175   11.9  260  77.81  0.87
IR     GOES12  20080827  2255   31.16    77.40   275    3.7  308  78.87  0.53
IR     GOES12  20080827  2255   31.07    77.20   287    5.1  317  76.40  0.63
IR     GOES12  20080827  2255   30.88    76.03   287    4.7  286  60.95  0.76
IR     GOES12  20080827  2255   30.86    69.54   212    7.0  357  67.43  0.77
IR     GOES12  20080827  2255   31.00    69.38   225    7.9  353  67.81  0.71
IR     GOES12  20080827  2255   31.24    68.97   200   13.6  342  69.09  0.80
IR     GOES12  20080827  2255   30.96    68.69   337    8.5  346  68.90  0.78
IR     GOES12  20080827  2255   31.15    67.97   262   13.3  357  54.37  0.99
IR     GOES12  20080827  2255   31.16    67.77   287   13.6  356  54.82  0.98
IR     GOES12  20080827  2255   30.84    67.45   212    8.2  320  50.07  0.60
IR     GOES12  20080827  2255   30.82    65.53   400    5.9  286  82.73  0.61
IR     GOES12  20080827  2255   30.96    65.00   337    7.5  310  60.69  0.62
IR     GOES12  20080827  2255   31.15    64.78   225   16.1  305  63.38  0.62
IR     GOES12  20080827  2255   31.35    64.35   250   16.2  291  57.62  0.64
IR     GOES12  20080827  2255   30.80    63.89   775    8.8  297  81.82  0.67
IR     GOES12  20080827  2255   30.87    62.73   350    8.4  286  72.89  0.67
IR     GOES12  20080827  2255   31.01    62.35   225   18.0  296  54.87  0.88
IR     GOES12  20080827  2255   30.97    62.28   225   18.7  296  52.05  0.85
IR     GOES12  20080827  2255   31.26    61.65   312    8.5  266  58.01  0.71
IR     GOES12  20080827  2255   30.81    60.92   300   11.2  283  63.33  0.99
IR     GOES12  20080827  2255   31.05    60.70   325    8.5  288  79.85  0.63
IR     GOES12  20080827  2255   30.50    80.85   200   11.9  260  73.07  0.96
IR     GOES12  20080827  2255   30.18    80.56   312   12.4  260  65.53  0.82
IR     GOES12  20080827  2255   30.49    80.11   262   12.3  258  67.24  0.82
IR     GOES12  20080827  2255   30.35    79.88   850   10.1  274  60.97  0.80
IR     GOES12  20080827  2255   29.98    78.71   212    7.1  288  73.14  0.88
IR     GOES12  20080827  2255   30.07    77.96   212    5.3  298  75.03  0.86
IR     GOES12  20080827  2255   30.34    77.40   212    4.9  295  74.17  0.93
IR     GOES12  20080827  2255   30.38    76.57   262    7.5  347  66.80  0.70
IR     GOES12  20080827  2255   30.38    76.54   250    7.5  348  67.81  0.71
IR     GOES12  20080827  2255   30.21    71.77   850    8.1  346  66.62  0.74
IR     GOES12  20080827  2255   30.48    71.39   375    7.4  350  59.65  0.73
IR     GOES12  20080827  2255   30.07    70.99   350    5.1  316  74.90  0.98
IR     GOES12  20080827  2255   29.94    70.78   387    6.5  346  73.52  0.81
IR     GOES12  20080827  2255   30.22    70.35   312    4.6  323  67.69  0.77
IR     GOES12  20080827  2255   30.13    70.13   387    5.5  349  77.85  0.78
IR     GOES12  20080827  2255   30.46    68.92   337    6.3  334  74.25  0.62
IR     GOES12  20080827  2255   30.46    68.90   337    7.1  328  72.74  0.74
IR     GOES12  20080827  2255   30.32    68.39   287    5.8  328  52.14  0.91
IR     GOES12  20080827  2255   30.51    68.08   212   13.1  333  60.73  0.94
IR     GOES12  20080827  2255   30.16    66.65   312   11.8  340  76.57  0.88
IR     GOES12  20080827  2255   30.21    66.52   300   14.3  330  65.36  0.86
IR     GOES12  20080827  2255   30.17    66.12   275   13.2  324  62.85  0.62
IR     GOES12  20080827  2255   30.22    65.59   262   11.0  322  67.21  0.96
IR     GOES12  20080827  2255   30.23    65.04   362    7.4  303  71.30  0.83
IR     GOES12  20080827  2255   30.32    64.98   362    7.1  307  76.79  0.72
IR     GOES12  20080827  2255   30.29    64.54   337   10.6  322  71.74  0.78
IR     GOES12  20080827  2255   30.25    64.11   737    8.3  311  65.55  0.84
IR     GOES12  20080827  2255   30.12    63.65   225   11.2  330  72.08  0.92
IR     GOES12  20080827  2255   30.58    63.23   512    9.8  292  60.10  0.84
IR     GOES12  20080827  2255   30.18    62.69   225    9.0  330  62.76  0.92
IR     GOES12  20080827  2255   30.25    61.66   275    7.8  310  76.31  0.91
IR     GOES12  20080827  2255   30.63    61.11   287    9.5  284  67.97  0.98
IR     GOES12  20080827  2255   29.50    87.26   250   22.8  239  56.43  0.97
IR     GOES12  20080827  2255   29.49    86.86   200   22.4  243  58.14  0.79
IR     GOES12  20080827  2255   29.67    86.43   212   22.6  242  60.85  0.84
IR     GOES12  20080827  2255   29.57    85.85   362    5.6  267  60.37  0.73
IR     GOES12  20080827  2255   29.92    85.39   312   17.8  243  60.51  0.80
IR     GOES12  20080827  2255   29.87    85.09   262   22.5  242  61.31  0.80
IR     GOES12  20080827  2255   29.50    84.80   225   23.0  246  54.07  0.86
IR     GOES12  20080827  2255   29.76    84.01   250   12.8  241  53.03  0.78
IR     GOES12  20080827  2255   29.67    79.04   262    7.2  286  78.21  0.91
IR     GOES12  20080827  2255   29.35    78.61   212    4.1  296  61.22  0.75
IR     GOES12  20080827  2255   29.80    78.48   225    6.0  306  67.64  0.86
IR     GOES12  20080827  2255   29.75    77.92   225    6.1  308  79.40  0.76
IR     GOES12  20080827  2255   29.80    77.70   212    8.7  300  63.24  0.76
IR     GOES12  20080827  2255   29.57    72.11   831    5.0  355  81.25  0.94
IR     GOES12  20080827  2255   29.48    71.36   831    5.6    0  81.57  0.80
IR     GOES12  20080827  2255   29.48    71.33   831    5.7  359  81.06  0.76
IR     GOES12  20080827  2255   29.31    70.71   162    5.0   44  69.49  0.77
IR     GOES12  20080827  2255   29.63    70.13   325    4.2  350  82.62  0.95
IR     GOES12  20080827  2255   29.45    69.53   225    4.5    4  75.58  0.80
IR     GOES12  20080827  2255   29.45    69.51   225    4.6    2  74.67  0.83
IR     GOES12  20080827  2255   29.46    69.07   250    7.2  352  66.74  0.84
IR     GOES12  20080827  2255   29.33    68.74   225    5.5    3  69.68  0.76
IR     GOES12  20080827  2255   29.87    68.28   212    8.4  328  57.02  0.84
IR     GOES12  20080827  2255   29.86    65.78   287   11.5  326  65.94  0.98
IR     GOES12  20080827  2255   29.46    65.38   212   12.0  358  67.68  0.98
IR     GOES12  20080827  2255   29.59    65.19   250    9.7  359  66.46  0.83
IR     GOES12  20080827  2255   29.47    64.66   212    9.8  350  74.19  0.76
IR     GOES12  20080827  2255   29.65    64.44   212   11.0  343  78.38  0.90
IR     GOES12  20080827  2255   29.84    64.02   250    9.6  340  71.49  0.95
IR     GOES12  20080827  2255   29.94    63.73   250   11.4  335  63.58  0.97
IR     GOES12  20080827  2255   29.53    63.43   225    8.0  328  69.57  0.78
IR     GOES12  20080827  2255   29.86    62.88   225    9.3  323  80.92  0.87
IR     GOES12  20080827  2255   29.91    62.45   225   11.2  320  65.33  0.96
IR     GOES12  20080827  2255   29.83    62.00   362    5.3  294  71.78  0.68
IR     GOES12  20080827  2255   29.97    61.73   312    7.0  317  75.12  0.77
IR     GOES12  20080827  2255   28.80    88.19   212   17.8  226  64.75  0.87
IR     GOES12  20080827  2255   29.18    87.12   250   20.9  243  63.44  0.96
IR     GOES12  20080827  2255   29.11    85.32   275   18.3  244  74.74  0.88
IR     GOES12  20080827  2255   29.06    84.94   225   13.1  244  56.72  0.68
IR     GOES12  20080827  2255   29.10    84.85   237   23.2  245  52.08  0.75
IR     GOES12  20080827  2255   28.74    80.69   225    6.6  284  59.37  0.92
IR     GOES12  20080827  2255   29.05    80.46   250    8.6  256  72.50  0.72
IR     GOES12  20080827  2255   28.91    80.29   225   12.0  271  59.53  0.86
IR     GOES12  20080827  2255   28.73    79.89   237    8.3  283  70.76  0.98
IR     GOES12  20080827  2255   28.64    78.75   262    6.5  304  78.63  0.90
IR     GOES12  20080827  2255   28.81    78.30   262    7.7  319  69.79  0.68
IR     GOES12  20080827  2255   28.72    77.62   187    9.7  321  62.91  0.91
IR     GOES12  20080827  2255   28.95    71.24   850    7.2   17  75.26  0.96
IR     GOES12  20080827  2255   29.13    70.72   162    5.0   44  71.20  0.77
IR     GOES12  20080827  2255   29.13    70.55   300    3.6   25  78.63  0.68
IR     GOES12  20080827  2255   29.18    70.09   300    4.1  355  68.52  0.93
IR     GOES12  20080827  2255   28.78    69.65   262    9.7   26  58.00  0.79
IR     GOES12  20080827  2255   29.14    68.97   350    5.9  351  74.88  0.86
IR     GOES12  20080827  2255   29.10    68.85   362    4.9  341  77.58  0.84
IR     GOES12  20080827  2255   28.76    67.02   225   12.6   16  64.10  0.86
IR     GOES12  20080827  2255   28.77    66.81   225   12.3   18  64.95  0.84
IR     GOES12  20080827  2255   29.04    66.22   225   12.4  353  61.77  0.79
IR     GOES12  20080827  2255   29.09    66.16   225   12.5  353  62.38  0.81
IR     GOES12  20080827  2255   28.92    65.49   162   12.3    1  69.42  0.94
IR     GOES12  20080827  2255   29.28    65.33   212   11.5  357  73.86  0.91
IR     GOES12  20080827  2255   28.88    64.81   200   11.2  359  73.18  0.94
IR     GOES12  20080827  2255   29.20    64.37   225   11.0  353  68.49  0.69
IR     GOES12  20080827  2255   29.25    64.19   212    9.7  354  75.91  0.71
IR     GOES12  20080827  2255   29.21    63.80   262    7.0  357  72.38  0.68
IR     GOES12  20080827  2255   29.13    63.51   312    7.2  335  79.68  0.76
IR     GOES12  20080827  2255   29.14    62.91   287    4.1  307  61.25  0.95
IR     GOES12  20080827  2255   29.25    61.94   275    3.7  301  63.60  0.68
IR     GOES12  20080827  2255   28.15    88.69   262   14.5  225  70.13  0.99
IR     GOES12  20080827  2255   28.58    88.41   225   16.7  229  73.93  0.91
IR     GOES12  20080827  2255   28.08    87.66   312   10.6  244  60.41  0.61
IR     GOES12  20080827  2255   28.08    87.36   250   18.4  237  70.45  0.97
IR     GOES12  20080827  2255   28.46    86.67   287   17.4  233  69.20  0.86
IR     GOES12  20080827  2255   28.41    86.32   237   17.7  237  77.30  1.00
IR     GOES12  20080827  2255   28.25    80.56   200   14.1  275  51.75  0.92
IR     GOES12  20080827  2255   28.34    80.08   225   11.4  269  58.28  0.99
IR     GOES12  20080827  2255   28.33    79.75   212    7.9  275  79.42  0.96
IR     GOES12  20080827  2255   28.33    79.48   262    7.4  283  76.04  0.96
IR     GOES12  20080827  2255   28.37    78.52   262    6.4  297  73.51  0.74
IR     GOES12  20080827  2255   28.32    78.42   187    7.5  295  73.02  0.91
IR     GOES12  20080827  2255   28.28    78.06   200    5.2  310  65.16  0.60
IR     GOES12  20080827  2255   28.10    77.63   187    9.6  304  73.98  0.64
IR     GOES12  20080827  2255   28.41    77.32   237    8.8  331  68.13  0.92
IR     GOES12  20080827  2255   28.36    74.21   300    3.1    5  62.84  0.56
IR     GOES12  20080827  2255   28.45    73.78   275    5.5  287  62.96  0.76
IR     GOES12  20080827  2255   28.46    71.76   812    5.2   31  76.99  0.93
IR     GOES12  20080827  2255   28.46    71.33   812    7.6   23  71.66  0.76
IR     GOES12  20080827  2255   28.35    68.61   756   11.4   32  50.71  0.60
IR     GOES12  20080827  2255   28.49    67.88   162   13.3   23  64.08  0.92
IR     GOES12  20080827  2255   28.23    67.48   225   12.4   21  61.81  0.94
IR     GOES12  20080827  2255   28.41    66.96   225   12.2   21  67.03  0.75
IR     GOES12  20080827  2255   28.51    65.78   137    9.4   13  72.94  0.83
IR     GOES12  20080827  2255   27.97    88.79   250   14.4  225  70.27  1.00
IR     GOES12  20080827  2255   27.75    88.63   275   12.9  230  70.48  0.96
IR     GOES12  20080827  2255   27.65    88.14   275   12.9  237  65.16  0.68
IR     GOES12  20080827  2255   27.86    87.65   300   15.2  237  75.86  0.95
IR     GOES12  20080827  2255   27.90    87.29   250   18.7  238  66.42  0.98
IR     GOES12  20080827  2255   27.90    87.17   250   18.6  237  68.06  0.96
IR     GOES12  20080827  2255   27.89    86.75   200   18.3  234  69.25  0.95
IR     GOES12  20080827  2255   27.42    84.96   225    9.5  245  62.55  0.64
IR     GOES12  20080827  2255   27.72    84.48   225   11.7  245  75.46  0.77
IR     GOES12  20080827  2255   27.63    79.85   325    7.5  278  67.01  0.64
IR     GOES12  20080827  2255   27.84    79.17   262    3.6  301  65.01  0.93
IR     GOES12  20080827  2255   27.79    77.50   187    9.3  317  74.70  0.82
IR     GOES12  20080827  2255   27.40    76.99   175   13.8  324  59.97  0.83
IR     GOES12  20080827  2255   27.53    72.84   850    5.0   54  82.25  0.79
IR     GOES12  20080827  2255   27.62    72.48   831    4.9   41  77.03  0.94
IR     GOES12  20080827  2255   27.53    72.15   831    6.7   42  79.70  0.96
IR     GOES12  20080827  2255   27.36    71.25   887    6.3   45  82.80  0.87
IR     GOES12  20080827  2255   27.54    70.20   437    8.0   32  69.94  0.54
IR     GOES12  20080827  2255   27.42    69.39   225    5.6   53  71.94  0.83
IR     GOES12  20080827  2255   27.68    68.99   850    9.5   40  62.02  0.79
IR     GOES12  20080827  2255   27.38    68.75   868    6.8   56  82.12  0.76
IR     GOES12  20080827  2255   27.70    67.26   868    5.3   79  83.27  0.94
IR     GOES12  20080827  2255   27.74    67.14   850    4.7   74  80.39  0.94
IR     GOES12  20080827  2255   27.58    66.55   868    5.2   84  79.77  0.95
IR     GOES12  20080827  2255   27.61    64.27   868    3.7  106  84.52  0.84
IR     GOES12  20080827  2255   27.60    62.43   868    3.7   95  74.38  0.99
IR     GOES12  20080827  2255   27.60    62.01   887    3.7  101  77.43  0.97
IR     GOES12  20080827  2255   27.52    61.55   868    4.3  111  82.10  0.83
IR     GOES12  20080827  2255   27.27    88.75   287    8.6  236  54.93  0.91
IR     GOES12  20080827  2255   27.13    88.09   187   18.1  233  69.41  0.99
IR     GOES12  20080827  2255   27.12    87.97   187   18.0  231  71.73  0.99
IR     GOES12  20080827  2255   27.20    87.66   187   17.8  228  69.66  0.97
IR     GOES12  20080827  2255   26.89    87.16   187   15.9  232  78.61  0.91
IR     GOES12  20080827  2255   27.18    85.92   225    9.1  243  56.99  0.68
IR     GOES12  20080827  2255   27.17    85.68   225   12.7  245  71.00  0.93
IR     GOES12  20080827  2255   27.17    85.54   225   14.0  253  59.14  0.94
IR     GOES12  20080827  2255   27.16    84.59   225   12.2  249  66.63  0.79
IR     GOES12  20080827  2255   26.98    81.01   187    6.3  278  73.88  0.87
IR     GOES12  20080827  2255   27.15    79.95   200    7.1  291  72.82  0.69
IR     GOES12  20080827  2255   27.10    79.30   237    4.1  292  71.94  0.98
IR     GOES12  20080827  2255   27.15    79.24   237    4.1  291  71.74  0.98
IR     GOES12  20080827  2255   26.71    78.63   237    3.9  284  67.70  0.91
IR     GOES12  20080827  2255   26.70    72.60   250    5.8   49  62.06  0.83
IR     GOES12  20080827  2255   26.79    72.36   850    6.9   60  83.78  0.84
IR     GOES12  20080827  2255   27.06    69.79   275    9.4   37  68.98  0.95
IR     GOES12  20080827  2255   27.11    69.77   287    9.4   37  71.29  0.92
IR     GOES12  20080827  2255   27.16    69.17   287    9.0   57  65.27  0.74
IR     GOES12  20080827  2255   26.86    68.62   831    7.0   73  74.46  0.94
IR     GOES12  20080827  2255   26.78    68.15   868    7.1   84  73.82  0.88
IR     GOES12  20080827  2255   26.96    67.44   868    6.8   94  73.07  0.93
IR     GOES12  20080827  2255   26.85    65.29   225    6.0   61  53.76  0.88
IR     GOES12  20080827  2255   27.16    65.07   237    6.9   58  58.29  0.91
IR     GOES12  20080827  2255   27.26    64.09   868    4.1  104  85.36  0.92
IR     GOES12  20080827  2255   27.10    63.50   887    4.5  112  80.08  0.76
IR     GOES12  20080827  2255   27.15    63.18   887    3.4  103  78.07  0.75
IR     GOES12  20080827  2255   26.18    88.26   187   15.2  225  74.81  0.97
IR     GOES12  20080827  2255   26.34    87.79   187   14.6  228  79.67  0.89
IR     GOES12  20080827  2255   26.20    87.38   262    8.6  239  61.49  0.63
IR     GOES12  20080827  2255   26.16    87.33   237    8.6  236  60.17  0.64
IR     GOES12  20080827  2255   26.41    86.97   175   11.6  231  66.01  0.78
IR     GOES12  20080827  2255   26.20    79.78   187   11.3  283  56.62  0.96
IR     GOES12  20080827  2255   26.32    79.22   200    7.8  313  66.01  0.88
IR     GOES12  20080827  2255   26.18    73.88   175    8.7   26  65.11  0.83
IR     GOES12  20080827  2255   26.11    70.88   275    6.9   37  75.16  0.77
IR     GOES12  20080827  2255   26.19    70.73   412    7.6   38  79.84  0.75
IR     GOES12  20080827  2255   26.45    70.42   200    5.4   52  72.07  0.60
IR     GOES12  20080827  2255   26.46    70.09   375   10.2   47  65.67  0.80
IR     GOES12  20080827  2255   26.25    68.80   868    5.5   71  69.53  0.87
IR     GOES12  20080827  2255   26.17    68.40   793   10.0   73  76.43  0.98
IR     GOES12  20080827  2255   26.17    68.38   793   10.1   74  75.25  0.98
IR     GOES12  20080827  2255   26.56    67.71   775    8.1   88  75.95  0.74
IR     GOES12  20080827  2255   26.14    67.34   162    7.2   63  69.16  0.68
IR     GOES12  20080827  2255   26.31    66.97   175    7.5   70  61.43  0.94
IR     GOES12  20080827  2255   26.32    66.71   175   11.1   65  67.82  0.91
IR     GOES12  20080827  2255   26.49    66.46   175    7.4   63  63.85  0.55
IR     GOES12  20080827  2255   26.19    66.15   225    9.8   60  62.44  0.83
IR     GOES12  20080827  2255   26.11    65.68   225   14.4   68  62.77  0.98
IR     GOES12  20080827  2255   26.21    65.22   262   13.5   61  65.29  1.00
IR     GOES12  20080827  2255   26.21    65.17   262   13.9   61  62.76  0.99
IR     GOES12  20080827  2255   26.17    64.43   287    6.2   97  61.57  0.93
IR     GOES12  20080827  2255   26.18    64.09   462    5.2   95  80.17  0.78
IR     GOES12  20080827  2255   26.20    62.66   868    6.5  106  77.92  0.71
IR     GOES12  20080827  2255   25.63    88.74   225   14.1  227  72.15  0.91
IR     GOES12  20080827  2255   26.00    88.28   187   14.5  227  81.34  0.98
IR     GOES12  20080827  2255   25.95    87.81   175   13.3  237  67.26  0.93
IR     GOES12  20080827  2255   25.60    87.12   175   11.3  229  75.60  0.93
IR     GOES12  20080827  2255   25.89    86.89   225    9.7  241  66.53  0.70
IR     GOES12  20080827  2255   25.78    81.45   275    3.2  284  79.70  0.88
IR     GOES12  20080827  2255   25.78    81.43   275    3.4  287  77.97  0.92
IR     GOES12  20080827  2255   25.69    80.98   137    3.1    6  55.36  0.52
IR     GOES12  20080827  2255   25.48    80.45   175    6.0  286  74.69  0.74
IR     GOES12  20080827  2255   25.60    80.34   187    6.4  286  75.33  0.75
IR     GOES12  20080827  2255   25.63    77.77   137    9.6  350  63.69  0.89
IR     GOES12  20080827  2255   25.54    74.74   175    9.2   24  67.09  0.97
IR     GOES12  20080827  2255   25.41    74.47   137    9.6   29  58.04  0.84
IR     GOES12  20080827  2255   25.41    73.82   137    9.0   15  63.87  0.63
IR     GOES12  20080827  2255   25.68    71.76   237    7.1   58  70.42  0.74
IR     GOES12  20080827  2255   25.72    71.46   475    6.2   50  74.73  0.59
IR     GOES12  20080827  2255   25.85    71.08   250    7.0   41  76.43  0.89
IR     GOES12  20080827  2255   25.85    70.96   250    7.2   42  76.86  0.86
IR     GOES12  20080827  2255   25.81    70.47   175    7.3   44  78.33  0.85
IR     GOES12  20080827  2255   25.73    69.86   868    8.0   56  84.12  0.72
IR     GOES12  20080827  2255   25.86    69.27   850    9.0   51  70.37  0.72
IR     GOES12  20080827  2255   25.44    68.97   793    9.7   44  63.07  0.92
IR     GOES12  20080827  2255   25.61    68.56   212   11.1   59  73.62  1.00
IR     GOES12  20080827  2255   25.61    68.53   200   11.1   59  78.23  1.00
IR     GOES12  20080827  2255   25.92    67.97   200   13.0   53  69.26  0.85
IR     GOES12  20080827  2255   25.66    67.73   200   12.3   50  71.51  0.92
IR     GOES12  20080827  2255   25.71    67.18   175   11.5   70  65.07  0.95
IR     GOES12  20080827  2255   25.63    66.86   175   12.7   59  65.48  0.69
IR     GOES12  20080827  2255   25.80    66.66   175    7.9   64  65.88  0.91
IR     GOES12  20080827  2255   25.85    66.39   225    9.7   66  58.54  0.89
IR     GOES12  20080827  2255   25.90    65.70   225   14.3   69  64.91  0.96
IR     GOES12  20080827  2255   25.86    65.68   225   14.6   68  64.82  0.99
IR     GOES12  20080827  2255   25.90    65.27   250   13.8   60  67.82  0.99
IR     GOES12  20080827  2255   25.48    64.76   287    6.7   94  61.03  0.90
IR     GOES12  20080827  2255   26.00    64.40   287    6.5   88  66.95  0.98
IR     GOES12  20080827  2255   25.38    88.97   262   14.1  227  63.07  0.92
IR     GOES12  20080827  2255   25.03    88.54   262   12.9  228  62.34  0.72
IR     GOES12  20080827  2255   25.07    88.37   262   11.7  228  67.87  0.86
IR     GOES12  20080827  2255   25.06    87.84   275    8.3  235  73.88  0.61
IR     GOES12  20080827  2255   24.92    87.13   250    6.6  232  76.64  0.82
IR     GOES12  20080827  2255   24.95    86.39   212    6.1  227  68.90  0.69
IR     GOES12  20080827  2255   25.15    85.61   162    7.4  223  67.57  0.89
IR     GOES12  20080827  2255   25.19    85.56   162   10.9  222  67.18  0.58
IR     GOES12  20080827  2255   24.88    84.33   312    3.6  203  69.28  0.60
IR     GOES12  20080827  2255   25.09    80.24   212    4.3  293  80.45  0.61
IR     GOES12  20080827  2255   25.21    77.74   137    9.5  352  68.98  0.85
IR     GOES12  20080827  2255   24.87    77.43   387    7.2   67  74.42  0.85
IR     GOES12  20080827  2255   24.87    77.24   412    7.1   63  82.96  0.70
IR     GOES12  20080827  2255   24.91    75.42   906    6.0   64  62.43  0.68
IR     GOES12  20080827  2255   25.16    74.65   137    9.9   27  59.73  0.77
IR     GOES12  20080827  2255   24.97    69.02   756    8.3   51  83.92  0.82
IR     GOES12  20080827  2255   24.97    68.71   687   11.1   50  60.57  0.67
IR     GOES12  20080827  2255   24.89    68.39   225   13.2   58  73.99  0.88
IR     GOES12  20080827  2255   24.85    68.21   225   13.2   47  69.40  0.74
IR     GOES12  20080827  2255   25.02    67.82   200   13.1   54  77.56  0.89
IR     GOES12  20080827  2255   25.16    67.25   225   15.7   56  66.51  0.94
IR     GOES12  20080827  2255   25.08    66.95   225   10.0   62  57.13  0.82
IR     GOES12  20080827  2255   25.08    66.76   225    9.6   61  56.15  0.69
IR     GOES12  20080827  2255   25.00    66.30   756    6.1   75  81.57  0.89
IR     GOES12  20080827  2255   25.01    65.52   450    4.6   72  72.87  0.76
IR     GOES12  20080827  2255   25.19    64.79   287    7.6   86  67.72  0.93
IR     GOES12  20080827  2255   25.28    64.48   793    5.6  107  76.24  0.84
IR     GOES12  20080827  2255   24.94    64.11   718    4.7   90  84.65  0.78
IR     GOES12  20080827  2255   25.12    63.80   550    5.1   76  79.21  0.62
IR     GOES12  20080827  2255   24.65    88.68   175    6.3  234  58.94  0.60
IR     GOES12  20080827  2255   24.73    88.52   275    7.7  221  67.97  0.61
IR     GOES12  20080827  2255   24.51    87.99   175    7.0  228  64.57  0.88
IR     GOES12  20080827  2255   24.59    87.71   250    6.4  220  69.30  0.78
IR     GOES12  20080827  2255   24.50    87.49   250    5.9  230  73.36  0.81
IR     GOES12  20080827  2255   24.69    86.18   212    6.0  227  74.23  0.88
IR     GOES12  20080827  2255   24.69    86.10   212    6.0  225  76.17  0.82
IR     GOES12  20080827  2255   24.59    85.03   150    7.0  258  62.56  0.56
IR     GOES12  20080827  2255   24.58    78.99   237    3.4   24  65.18  0.70
IR     GOES12  20080827  2255   24.48    74.65   906    8.2   77  74.91  0.83
IR     GOES12  20080827  2255   24.15    74.33   868    8.3   83  79.21  0.87
IR     GOES12  20080827  2255   24.57    73.99   868    9.4   77  76.16  0.89
IR     GOES12  20080827  2255   24.53    73.80   868    8.5   75  82.65  0.74
IR     GOES12  20080827  2255   24.34    68.98   200   15.6   63  58.82  0.86
IR     GOES12  20080827  2255   24.55    68.86   225   14.8   60  64.04  0.93
IR     GOES12  20080827  2255   24.68    68.36   225   13.5   52  79.56  0.89
IR     GOES12  20080827  2255   24.22    68.13   225   13.8   51  79.83  0.90
IR     GOES12  20080827  2255   24.60    67.55   200   11.9   51  70.81  0.97
IR     GOES12  20080827  2255   24.61    67.39   200   11.7   50  68.59  0.71
IR     GOES12  20080827  2255   24.44    66.86   300   12.2   51  79.93  0.94
IR     GOES12  20080827  2255   24.44    66.77   325   10.4   46  60.90  0.76
IR     GOES12  20080827  2255   24.49    66.46   350   13.4   57  79.01  0.86
IR     GOES12  20080827  2255   24.54    65.75   737    5.8   79  74.95  0.99
IR     GOES12  20080827  2255   24.59    65.09   756    4.9   84  84.63  0.85
IR     GOES12  20080827  2255   24.59    65.04   756    5.0   85  85.35  0.86
IR     GOES12  20080827  2255   24.68    64.42   812    6.0   94  78.39  0.86
IR     GOES12  20080827  2255   24.48    64.04   525    6.9   78  73.75  0.77
IR     GOES12  20080827  2255   24.36    63.72   537    6.0   88  78.25  0.64
IR     GOES12  20080827  2255   24.66    63.40   337    5.2   65  58.13  0.51
IR     GOES12  20080827  2255   24.58    63.17   525    6.3   70  71.14  0.61
IR     GOES12  20080827  2255   24.54    62.67   462    6.4   96  73.50  0.90
IR     GOES12  20080827  2255   24.55    62.34   437    5.5   81  77.64  0.91
IR     GOES12  20080827  2255   24.55    62.05   512    8.2   88  75.78  1.00
IR     GOES12  20080827  2255   24.51    61.84   575    7.6   95  75.51  0.96
IR     GOES12  20080827  2255   23.81    88.43   175    5.3  224  66.49  0.55
IR     GOES12  20080827  2255   23.97    85.61   187    5.2  197  73.09  0.71
IR     GOES12  20080827  2255   23.66    79.16   262    4.0   33  81.29  0.76
IR     GOES12  20080827  2255   23.49    77.94   225    7.3    2  65.94  0.86
IR     GOES12  20080827  2255   23.82    75.78   868    7.5   69  65.59  0.93
IR     GOES12  20080827  2255   23.90    75.30   868    7.8   79  70.93  0.99
IR     GOES12  20080827  2255   23.94    74.75   868    9.1   80  85.84  0.90
IR     GOES12  20080827  2255   23.98    74.63   850    8.9   82  84.76  0.92
IR     GOES12  20080827  2255   23.94    74.18   887    7.8   85  72.69  0.81
IR     GOES12  20080827  2255   23.78    73.67   887    8.9   81  85.31  0.94
IR     GOES12  20080827  2255   23.84    68.50   200   14.9   59  63.04  0.97
IR     GOES12  20080827  2255   24.01    68.40   200   14.6   57  67.63  0.97
IR     GOES12  20080827  2255   23.64    67.87   225   14.5   55  65.07  0.89
IR     GOES12  20080827  2255   23.89    67.44   212   13.9   42  64.07  0.96
IR     GOES12  20080827  2255   23.98    67.31   237   14.4   43  63.60  0.89
IR     GOES12  20080827  2255   24.07    66.94   337   14.0   53  77.15  0.94
IR     GOES12  20080827  2255   23.73    66.70   337   15.7   50  63.55  0.66
IR     GOES12  20080827  2255   23.62    66.16   225   18.4   56  51.77  0.96
IR     GOES12  20080827  2255   23.74    65.89   225   16.7   64  58.51  0.90
IR     GOES12  20080827  2255   23.62    65.43   225   20.5   70  45.50  0.89
IR     GOES12  20080827  2255   23.59    65.06   337   14.4   87  51.89  0.98
IR     GOES12  20080827  2255   23.63    64.90   350   14.2   88  55.67  0.96
IR     GOES12  20080827  2255   23.85    63.79   262    7.1   96  54.65  0.54
IR     GOES12  20080827  2255   24.07    63.44   500    5.4   74  71.29  0.78
IR     GOES12  20080827  2255   23.82    63.04   437    6.5   90  71.04  0.80
IR     GOES12  20080827  2255   24.08    62.61   437    6.6  107  65.89  0.86
IR     GOES12  20080827  2255   24.05    62.14   512    8.4   85  76.87  0.84
IR     GOES12  20080827  2255   24.05    62.07   525    7.8   87  84.68  0.92
IR     GOES12  20080827  2255   22.95    78.86   150    8.6   16  67.67  0.75
IR     GOES12  20080827  2255   23.24    78.30   175    6.3   15  70.65  0.62
IR     GOES12  20080827  2255   23.28    78.12   200    7.6    4  75.04  0.90
IR     GOES12  20080827  2255   23.24    77.23   756    9.1   78  76.42  0.92
IR     GOES12  20080827  2255   23.28    77.16   756    9.3   78  78.64  0.81
IR     GOES12  20080827  2255   23.07    76.82   250    9.5   68  53.40  0.75
IR     GOES12  20080827  2255   23.19    76.48   868   11.1   75  79.25  0.97
IR     GOES12  20080827  2255   23.24    76.09   887   10.4   76  77.09  0.95
IR     GOES12  20080827  2255   23.32    75.32   850    9.9   79  80.35  0.98
IR     GOES12  20080827  2255   22.95    72.80   475    8.4   70  74.17  0.98
IR     GOES12  20080827  2255   23.32    72.61   437    9.4   71  71.34  0.97
IR     GOES12  20080827  2255   23.16    72.25   831    8.9   80  80.54  0.95
IR     GOES12  20080827  2255   23.05    69.21   175    5.7   51  69.88  0.77
IR     GOES12  20080827  2255   23.05    69.17   175    5.8   45  74.06  0.81
IR     GOES12  20080827  2255   23.18    68.01   387   12.6   43  71.90  0.91
IR     GOES12  20080827  2255   23.31    67.71   312   14.8   40  63.05  0.83
IR     GOES12  20080827  2255   23.02    67.33   387   11.0   48  79.20  0.76
IR     GOES12  20080827  2255   22.95    66.21   225   19.9   54  44.97  0.93
IR     GOES12  20080827  2255   23.38    64.96   337   14.0   89  50.48  0.96
IR     GOES12  20080827  2255   23.14    64.40   250   14.0  135  53.28  0.81
IR     GOES12  20080827  2255   23.31    64.25   250   13.8  130  56.53  0.93
IR     GOES12  20080827  2255   23.06    63.97   262   15.8  134  49.30  0.97
IR     GOES12  20080827  2255   22.94    63.56   250   11.3  137  64.95  0.74
IR     GOES12  20080827  2255   22.99    62.99   325    6.8  138  70.10  0.90
IR     GOES12  20080827  2255   23.45    62.61   325    6.3  142  82.98  0.90
IR     GOES12  20080827  2255   23.46    62.52   287    6.6  142  66.14  0.92
IR     GOES12  20080827  2255   22.62    78.22   868    8.8   68  75.16  0.89
IR     GOES12  20080827  2255   22.46    77.76   793   11.0   63  77.92  0.68
IR     GOES12  20080827  2255   22.58    77.49   793   11.6   73  72.25  0.68
IR     GOES12  20080827  2255   22.45    77.08   250   11.9   46  73.22  0.94
IR     GOES12  20080827  2255   22.33    76.76   225   11.0   39  74.05  0.88
IR     GOES12  20080827  2255   22.33    76.08   187   15.3   47  51.87  0.99
IR     GOES12  20080827  2255   22.33    75.79   187   13.6   46  57.07  0.83
IR     GOES12  20080827  2255   22.41    75.20   237   13.6   38  78.01  0.99
IR     GOES12  20080827  2255   22.33    75.04   237   13.1   42  77.52  0.99
IR     GOES12  20080827  2255   22.37    74.43   375   10.8   82  71.71  0.70
IR     GOES12  20080827  2255   22.41    73.82   775   10.7   83  84.59  0.95
IR     GOES12  20080827  2255   22.45    73.64   812    8.9   91  69.37  0.66
IR     GOES12  20080827  2255   22.54    73.21   337   12.3   78  62.48  0.83
IR     GOES12  20080827  2255   22.50    72.69   350    9.4   84  76.23  0.98
IR     GOES12  20080827  2255   22.50    72.65   362    9.2   84  76.41  0.98
IR     GOES12  20080827  2255   22.74    72.23   831    8.9   85  78.43  0.92
IR     GOES12  20080827  2255   22.47    69.13   262   11.5   40  48.25  0.77
IR     GOES12  20080827  2255   22.69    67.40   375   10.8   41  81.19  0.88
IR     GOES12  20080827  2255   22.41    67.15   425    3.9   50  69.60  0.72
IR     GOES12  20080827  2255   22.49    63.46   262   14.1  162  56.43  0.85
IR     GOES12  20080827  2255   22.87    63.07   300    7.4  146  61.90  0.98
IR     GOES12  20080827  2255   22.87    62.93   325    7.6  154  73.64  0.95
IR     GOES12  20080827  2255   22.54    62.66   250   12.7  168  71.96  0.97
IR     GOES12  20080827  2255   22.43    62.28   362    8.1  168  60.09  0.94
IR     GOES12  20080827  2255   21.83    88.62   250    6.5  259  77.48  0.91
IR     GOES12  20080827  2255   21.82    88.48   237    5.0  258  80.62  0.86
IR     GOES12  20080827  2255   21.79    82.47   137    7.9   68  60.94  0.99
IR     GOES12  20080827  2255   21.74    81.81   137    8.8   65  59.27  0.82
IR     GOES12  20080827  2255   21.70    80.72   287    5.0   55  74.96  0.99
IR     GOES12  20080827  2255   21.98    80.41   212    6.6   75  58.17  0.96
IR     GOES12  20080827  2255   21.65    79.56   137    7.6   74  54.45  0.85
IR     GOES12  20080827  2255   21.84    77.90   850   11.0   67  75.55  0.96
IR     GOES12  20080827  2255   22.05    77.30   350   11.2   74  65.96  0.59
IR     GOES12  20080827  2255   22.09    76.89   225   11.4   40  75.18  0.89
IR     GOES12  20080827  2255   22.09    76.76   225   11.2   40  72.28  0.96
IR     GOES12  20080827  2255   21.68    76.39   250   15.9   42  66.32  1.00
IR     GOES12  20080827  2255   22.04    75.86   187   13.1   43  61.38  0.98
IR     GOES12  20080827  2255   21.96    75.52   187   15.4   44  52.90  1.00
IR     GOES12  20080827  2255   22.08    75.13   237   13.6   35  71.33  0.96
IR     GOES12  20080827  2255   22.04    73.83   718   10.7   79  80.01  0.93
IR     GOES12  20080827  2255   22.05    73.02   187    7.8   44  66.47  0.52
IR     GOES12  20080827  2255   21.80    72.50   137    7.4  265  71.71  0.59
IR     GOES12  20080827  2255   21.76    71.85   137    9.5  265  73.63  0.96
IR     GOES12  20080827  2255   22.19    68.83   362    8.3   32  66.01  0.92
IR     GOES12  20080827  2255   21.70    68.56   325    9.0   33  69.27  0.78
IR     GOES12  20080827  2255   21.78    68.30   337    8.1   35  74.40  0.98
IR     GOES12  20080827  2255   21.71    67.87   337    6.5    8  66.84  0.73
IR     GOES12  20080827  2255   21.96    67.31   312    7.5   21  67.57  0.61
IR     GOES12  20080827  2255   22.08    67.01   437    6.0   38  64.11  0.76
IR     GOES12  20080827  2255   21.72    66.80   312    5.9   10  63.28  0.67
IR     GOES12  20080827  2255   22.06    65.43   300    4.9  299  66.64  0.97
IR     GOES12  20080827  2255   21.98    65.27   312    4.1  302  72.94  0.97
IR     GOES12  20080827  2255   21.95    64.00   250   16.3  188  47.32  0.72
IR     GOES12  20080827  2255   22.16    63.68   275   15.6  170  48.29  0.91
IR     GOES12  20080827  2255   22.08    63.41   275   13.2  172  55.90  0.98
IR     GOES12  20080827  2255   21.76    63.07   275    8.4  205  61.80  0.83
IR     GOES12  20080827  2255   22.14    62.31   337    7.9  163  65.10  0.94
IR     GOES12  20080827  2255   21.29    88.46   237    4.3  260  73.08  0.95
IR     GOES12  20080827  2255   21.17    88.24   225    4.0  277  80.32  0.91
IR     GOES12  20080827  2255   21.29    88.02   212    5.2  291  63.27  0.91
IR     GOES12  20080827  2255   21.14    86.34   312    4.4   84  67.91  0.99
IR     GOES12  20080827  2255   21.57    84.58   187    3.4   95  74.98  0.73
IR     GOES12  20080827  2255   21.52    84.37   175    3.7   93  79.73  0.78
IR     GOES12  20080827  2255   21.45    80.80   137    5.2   55  64.05  1.00
IR     GOES12  20080827  2255   21.53    80.71   287    5.1   54  75.64  0.99
IR     GOES12  20080827  2255   21.49    80.28   137    6.7   54  68.50  0.57
IR     GOES12  20080827  2255   21.04    79.79   137    9.6   35  61.75  0.92
IR     GOES12  20080827  2255   21.12    79.68   137    9.4   35  62.49  0.90
IR     GOES12  20080827  2255   21.08    79.34   137    7.1   50  71.22  0.77
IR     GOES12  20080827  2255   21.11    77.80   137    9.9   51  61.00  0.66
IR     GOES12  20080827  2255   21.35    77.13   737   12.6   51  73.26  1.00
IR     GOES12  20080827  2255   21.35    77.11   737   12.7   51  73.00  0.99
IR     GOES12  20080827  2255   21.11    76.43   687   14.4   62  74.09  0.60
IR     GOES12  20080827  2255   21.11    76.21   250   16.5   43  66.18  0.93
IR     GOES12  20080827  2255   21.15    75.29   250   15.5   58  57.22  0.77
IR     GOES12  20080827  2255   21.15    75.18   250   15.5   59  56.41  0.72
IR     GOES12  20080827  2255   21.07    73.64   150    6.1  272  72.92  0.96
IR     GOES12  20080827  2255   21.31    73.32   150    6.3  278  75.16  0.99
IR     GOES12  20080827  2255   21.35    72.94   150    7.2  282  70.53  0.98
IR     GOES12  20080827  2255   21.40    72.74   137    6.8  276  66.13  0.92
IR     GOES12  20080827  2255   21.11    72.16   150    8.3  269  76.34  0.98
IR     GOES12  20080827  2255   21.11    72.09   150    8.2  268  75.68  0.96
IR     GOES12  20080827  2255   21.12    71.69   137    9.2  266  71.06  0.98
IR     GOES12  20080827  2255   21.48    71.21   237   12.7  270  45.47  0.92
IR     GOES12  20080827  2255   21.48    70.71   200    6.5   71  48.70  0.81
IR     GOES12  20080827  2255   21.49    69.88   212    6.1  280  54.30  0.80
IR     GOES12  20080827  2255   21.50    68.27   325    4.0   34  59.56  0.61
IR     GOES12  20080827  2255   21.55    67.38   300    3.8   38  53.55  0.78
IR     GOES12  20080827  2255   21.51    66.89   287    7.3    7  55.03  0.66
IR     GOES12  20080827  2255   21.59    66.67   287    6.5  350  62.58  0.70
IR     GOES12  20080827  2255   21.35    66.35   312    8.6  320  66.17  0.65
IR     GOES12  20080827  2255   21.19    66.06   325   11.0  316  56.71  0.85
IR     GOES12  20080827  2255   21.32    65.53   275    7.5  285  58.73  0.87
IR     GOES12  20080827  2255   21.36    65.32   300   12.4  270  51.24  0.67
IR     GOES12  20080827  2255   21.21    64.85   300    8.8  256  72.07  0.93
IR     GOES12  20080827  2255   21.25    64.64   300   10.4  243  61.46  0.63
IR     GOES12  20080827  2255   21.18    64.03   287   13.3  233  55.24  0.91
IR     GOES12  20080827  2255   21.34    63.85   300   12.2  220  57.88  0.87
IR     GOES12  20080827  2255   21.47    63.42   300   10.8  184  53.33  0.86
IR     GOES12  20080827  2255   21.55    63.21   312   10.0  199  62.95  0.64
IR     GOES12  20080827  2255   21.00    87.90   275    4.8  292  74.64  0.84
IR     GOES12  20080827  2255   20.98    86.30   337    4.3   88  76.98  0.99
IR     GOES12  20080827  2255   20.87    83.93   225    3.8   50  55.62  0.63
IR     GOES12  20080827  2255   20.44    80.59   225    4.8   49  75.87  0.76
IR     GOES12  20080827  2255   20.88    80.03   137    8.5   37  67.16  0.98
IR     GOES12  20080827  2255   20.92    79.83   137    9.5   36  62.60  0.90
IR     GOES12  20080827  2255   20.84    79.04   137    8.0   50  75.91  0.89
IR     GOES12  20080827  2255   20.88    79.00   137    8.1   51  74.09  0.95
IR     GOES12  20080827  2255   20.83    78.48   137   12.2   46  53.21  0.92
IR     GOES12  20080827  2255   20.51    77.87   137    7.1   85  55.99  0.81
IR     GOES12  20080827  2255   20.47    77.67   137   12.8   78  47.37  0.88
IR     GOES12  20080827  2255   20.83    77.36   262   13.0   28  61.03  0.89
IR     GOES12  20080827  2255   20.59    72.73   137    4.2  247  53.43  0.83
IR     GOES12  20080827  2255   20.87    72.57   137    5.3  250  56.23  0.90
IR     GOES12  20080827  2255   20.67    71.77   150    7.8  260  67.77  0.79
IR     GOES12  20080827  2255   20.71    71.39   162    7.0  272  74.27  0.96
IR     GOES12  20080827  2255   20.71    71.34   162    7.2  265  78.55  0.96
IR     GOES12  20080827  2255   20.88    70.82   175    6.7  272  74.58  0.94
IR     GOES12  20080827  2255   20.41    68.78   250    5.9  269  60.42  0.70
IR     GOES12  20080827  2255   20.65    68.00   250    8.1  281  69.80  0.73
IR     GOES12  20080827  2255   20.54    67.51   275    5.4  281  64.99  0.96
IR     GOES12  20080827  2255   20.86    67.11   300    7.3  303  72.41  0.84
IR     GOES12  20080827  2255   20.58    66.79   300   11.1  306  59.99  0.80
IR     GOES12  20080827  2255   20.95    66.47   312    5.1  309  64.21  0.83
IR     GOES12  20080827  2255   20.59    66.22   325    6.1  286  64.18  0.91
IR     GOES12  20080827  2255   20.96    65.69   287    7.1  298  62.49  0.75
IR     GOES12  20080827  2255   20.72    65.39   300    9.2  273  77.56  0.85
IR     GOES12  20080827  2255   20.88    64.95   300    8.2  266  75.50  0.95
IR     GOES12  20080827  2255   20.88    64.90   300    8.3  265  75.71  0.94
IR     GOES12  20080827  2255   20.77    64.45   337    8.6  265  63.29  0.88
IR     GOES12  20080827  2255   20.93    64.14   250   15.4  239  45.10  0.86
IR     GOES12  20080827  2255   20.82    63.14   262   10.9  212  75.99  0.92
IR     GOES12  20080827  2255   20.71    62.46   275    8.4  220  67.04  0.81
IR     GOES12  20080827  2255   20.88    62.12   275    9.2  210  75.72  0.99
IR     GOES12  20080827  2255   20.00    88.00   162    9.2  307  59.25  0.79
IR     GOES12  20080827  2255   20.11    87.71   150    7.1  324  73.42  0.91
IR     GOES12  20080827  2255   20.35    87.37   137    4.4  328  59.58  0.64
IR     GOES12  20080827  2255   19.95    84.03   250    5.9   95  71.22  0.87
IR     GOES12  20080827  2255   19.95    84.01   250    6.1   94  70.30  0.85
IR     GOES12  20080827  2255   20.32    80.59   225    4.7   47  73.35  0.75
IR     GOES12  20080827  2255   19.84    80.37   200    6.7   69  73.24  0.58
IR     GOES12  20080827  2255   20.24    79.89   137   11.6   46  56.55  0.79
IR     GOES12  20080827  2255   19.80    79.59   700    8.6   42  75.55  0.72
IR     GOES12  20080827  2255   20.35    79.34   137    8.1   46  72.81  0.85
IR     GOES12  20080827  2255   20.35    79.07   137   12.6   54  52.79  0.87
IR     GOES12  20080827  2255   19.95    78.84   137    8.7   62  68.72  0.73
IR     GOES12  20080827  2255   20.19    78.22   137    5.4   81  56.73  0.85
IR     GOES12  20080827  2255   20.15    77.97   137    6.9   80  59.82  0.77
IR     GOES12  20080827  2255   20.27    77.53   137    8.3   39  60.00  0.71
IR     GOES12  20080827  2255   20.27    77.49   137    9.0   39  57.89  0.78
IR     GOES12  20080827  2255   20.27    77.13   187   11.5   32  64.27  0.93
IR     GOES12  20080827  2255   20.15    73.85   225    3.9   96  57.69  0.60
IR     GOES12  20080827  2255   20.23    73.00   287    7.2  136  53.06  0.60
IR     GOES12  20080827  2255   20.03    72.43   300    5.3  106  78.24  0.87
IR     GOES12  20080827  2255   20.11    72.36   287    4.5   89  69.94  0.90
IR     GOES12  20080827  2255   20.19    71.36   287    3.3  276  62.99  0.64
IR     GOES12  20080827  2255   20.03    70.96   312    4.2   75  64.97  0.82
IR     GOES12  20080827  2255   20.12    69.60   262    3.9  295  54.02  0.90
IR     GOES12  20080827  2255   20.24    69.32   262    4.6  305  55.36  0.87
IR     GOES12  20080827  2255   20.01    68.28   250    7.0  281  68.47  0.71
IR     GOES12  20080827  2255   20.10    67.07   287    5.1  283  62.11  0.60
IR     GOES12  20080827  2255   19.98    66.51   287    5.1  297  58.50  0.82
IR     GOES12  20080827  2255   20.19    66.23   312    9.5  296  72.29  0.78
IR     GOES12  20080827  2255   19.91    65.79   300    8.2  266  65.25  0.85
IR     GOES12  20080827  2255   20.19    65.52   325    7.7  276  71.34  0.82
IR     GOES12  20080827  2255   20.00    65.04   325    9.7  271  76.40  0.97
IR     GOES12  20080827  2255   20.32    64.65   337    8.4  273  72.10  0.90
IR     GOES12  20080827  2255   20.16    64.37   350    6.1  276  79.91  0.79
IR     GOES12  20080827  2255   20.41    64.21   337    6.1  275  71.55  0.80
IR     GOES12  20080827  2255   19.85    63.73   262    7.0  237  71.00  0.69
IR     GOES12  20080827  2255   20.01    63.60   262    6.7  230  67.88  0.68
IR     GOES12  20080827  2255   20.02    63.21   262    7.4  266  51.50  0.63
IR     GOES12  20080827  2255   20.19    62.62   300    9.6  214  67.50  0.97
IR     GOES12  20080827  2255   20.27    62.52   300    9.7  212  66.80  0.95
IR     GOES12  20080827  2255   19.78    83.50   250    7.3  112  67.72  0.96
IR     GOES12  20080827  2255   19.58    83.24   250    5.4  114  71.67  0.68
IR     GOES12  20080827  2255   19.56    80.82   831    9.2   56  61.04  0.70
IR     GOES12  20080827  2255   19.36    80.46   756    8.9   46  70.47  0.72
IR     GOES12  20080827  2255   19.56    79.96   737   11.4   51  58.46  0.86
IR     GOES12  20080827  2255   19.68    79.43   137    7.6   45  67.11  0.96
IR     GOES12  20080827  2255   19.35    78.51   187   11.6   64  59.80  0.62
IR     GOES12  20080827  2255   19.63    78.18   137    9.3   79  57.96  0.73
IR     GOES12  20080827  2255   19.27    77.03   150    9.1   39  60.05  0.91
IR     GOES12  20080827  2255   19.31    76.68   137   10.9   51  48.75  0.94
IR     GOES12  20080827  2255   19.27    75.26   162    3.9   92  62.90  0.60
IR     GOES12  20080827  2255   19.63    74.56   200    4.7  103  59.82  0.72
IR     GOES12  20080827  2255   19.67    74.07   200    7.9   96  54.28  0.60
IR     GOES12  20080827  2255   19.31    73.68   175    4.4  232  68.72  0.75
IR     GOES12  20080827  2255   19.39    73.01   325    4.6  105  71.70  0.66
IR     GOES12  20080827  2255   19.41    68.11   212    9.3  284  61.37  0.85
IR     GOES12  20080827  2255   19.29    67.87   187    6.6  274  65.65  0.69
IR     GOES12  20080827  2255   19.54    67.39   287    4.9  252  56.18  0.63
IR     GOES12  20080827  2255   19.74    66.95   250    6.4  271  70.83  0.59
IR     GOES12  20080827  2255   19.58    66.63   287    8.3  267  65.54  1.00
IR     GOES12  20080827  2255   19.55    66.07   237    5.5  287  72.49  0.64
IR     GOES12  20080827  2255   19.59    66.02   237    5.9  284  74.13  0.76
IR     GOES12  20080827  2255   19.35    65.67   250    7.9  258  67.75  0.72
IR     GOES12  20080827  2255   19.68    65.22   287    9.7  265  77.93  0.69
IR     GOES12  20080827  2255   19.76    64.76   337    7.6  277  77.97  0.84
IR     GOES12  20080827  2255   19.76    64.56   325    7.5  269  74.22  0.89
IR     GOES12  20080827  2255   19.73    64.13   312    6.8  242  63.72  0.94
IR     GOES12  20080827  2255   19.69    63.81   275    7.0  236  70.38  0.78
IR     GOES12  20080827  2255   19.38    63.36   325    6.1  245  74.12  0.86
IR     GOES12  20080827  2255   19.54    63.19   187    8.6  238  67.01  0.71
IR     GOES12  20080827  2255   19.82    62.73   187   11.0  219  72.62  0.96
IR     GOES12  20080827  2255   19.79    62.46   187    8.6  222  65.19  0.98
IR     GOES12  20080827  2255   18.72    87.88   137   12.4  348  60.50  0.85
IR     GOES12  20080827  2255   19.13    85.41   287    7.0   91  70.28  0.74
IR     GOES12  20080827  2255   19.12    85.17   300    9.3  108  66.26  0.74
IR     GOES12  20080827  2255   18.72    84.71   175   11.4   93  63.46  0.90
IR     GOES12  20080827  2255   18.76    84.22   175   12.0   97  60.44  0.95
IR     GOES12  20080827  2255   18.76    84.20   175   12.2   97  59.96  0.95
IR     GOES12  20080827  2255   19.15    83.73   300   12.5  100  55.01  0.80
IR     GOES12  20080827  2255   19.07    83.43   187    7.8  111  75.29  0.85
IR     GOES12  20080827  2255   19.14    83.03   250    5.7   95  79.17  0.82
IR     GOES12  20080827  2255   19.10    82.81   237    5.9   97  82.10  0.72
IR     GOES12  20080827  2255   19.09    81.96   212    4.6   83  70.91  0.77
IR     GOES12  20080827  2255   19.01    81.89   212    4.5   84  70.23  0.81
IR     GOES12  20080827  2255   19.16    78.55   200   13.7   63  53.38  0.91
IR     GOES12  20080827  2255   18.92    78.10   200    9.8   52  75.02  0.84
IR     GOES12  20080827  2255   18.88    78.03   200    8.9   47  79.11  0.75
IR     GOES12  20080827  2255   18.72    77.55   200    6.8   45  68.11  0.98
IR     GOES12  20080827  2255   18.99    77.13   175   10.9   41  60.15  0.96
IR     GOES12  20080827  2255   19.03    77.00   175    9.0   38  66.57  0.94
IR     GOES12  20080827  2255   19.07    76.41   187   11.3   40  56.37  1.00
IR     GOES12  20080827  2255   18.99    75.46   162    4.3  126  58.12  0.67
IR     GOES12  20080827  2255   19.03    75.42   162    4.4  129  57.51  0.68
IR     GOES12  20080827  2255   18.60    75.02   200   11.2   44  47.72  0.84
IR     GOES12  20080827  2255   19.03    73.15   275    6.7   70  56.55  0.79
IR     GOES12  20080827  2255   19.03    73.13   275    7.0   70  55.38  0.75
IR     GOES12  20080827  2255   19.09    68.35   187    7.1  322  57.10  0.61
IR     GOES12  20080827  2255   18.72    65.67   250    4.9  262  69.85  0.67
IR     GOES12  20080827  2255   18.80    65.44   262    5.5  270  69.67  0.79
IR     GOES12  20080827  2255   19.08    64.81   262    9.2  270  64.53  0.97
IR     GOES12  20080827  2255   19.13    64.58   275    7.4  282  59.94  0.83
IR     GOES12  20080827  2255   18.89    64.15   287    5.4  267  63.32  0.90
IR     GOES12  20080827  2255   18.89    64.13   287    5.3  269  62.34  0.88
IR     GOES12  20080827  2255   18.74    63.67   300    6.0  249  73.25  0.89
IR     GOES12  20080827  2255   18.52    87.79   137   11.2  349  66.58  0.85
IR     GOES12  20080827  2255   18.09    85.07   187   12.6  102  64.34  0.93
IR     GOES12  20080827  2255   18.45    84.89   187   11.5  103  68.83  0.88
IR     GOES12  20080827  2255   18.44    84.40   175   11.0   88  63.45  0.95
IR     GOES12  20080827  2255   18.28    84.28   175   11.4   89  62.53  0.95
IR     GOES12  20080827  2255   18.20    83.67   275   12.2   99  56.52  0.78
IR     GOES12  20080827  2255   18.20    83.63   275   12.3   99  56.11  0.78
IR     GOES12  20080827  2255   18.20    83.29   212    4.9   98  62.15  0.95
IR     GOES12  20080827  2255   18.43    82.66   187    7.0   78  65.44  0.77
IR     GOES12  20080827  2255   18.50    82.20   187    7.1   88  79.53  0.85
IR     GOES12  20080827  2255   18.46    82.06   187    7.3   86  78.25  0.79
IR     GOES12  20080827  2255   18.10    79.77   162    8.1   29  53.64  0.63
IR     GOES12  20080827  2255   18.25    79.08   150    8.1   91  59.23  0.92
IR     GOES12  20080827  2255   18.09    78.63   187    7.4   94  56.76  0.78
IR     GOES12  20080827  2255   18.09    78.08   137    9.5  101  52.12  0.65
IR     GOES12  20080827  2255   18.05    77.60   137    3.5   46  56.25  0.67
IR     GOES12  20080827  2255   18.13    77.38   187    6.3   19  57.83  0.65
IR     GOES12  20080827  2255   18.09    76.68   175    4.7   89  60.58  0.67
IR     GOES12  20080827  2255   18.12    76.40   212    5.6  108  50.42  0.53
IR     GOES12  20080827  2255   18.44    76.20   187    3.3   91  59.18  0.84
IR     GOES12  20080827  2255   18.12    75.76   212    6.1   87  58.94  0.72
IR     GOES12  20080827  2255   18.52    75.61   200    5.5   87  62.22  0.74
IR     GOES12  20080827  2255   18.52    75.07   200    9.4   49  52.29  0.77
IR     GOES12  20080827  2255   18.37    70.00   175    7.0  270  77.76  0.84
IR     GOES12  20080827  2255   18.37    69.82   150    7.1  270  73.77  0.72
IR     GOES12  20080827  2255   18.30    69.25   175    4.1  273  66.13  0.99
IR     GOES12  20080827  2255   18.26    69.14   200    3.6  275  69.46  0.97
IR     GOES12  20080827  2255   18.46    68.85   187    3.7  253  61.39  0.62
IR     GOES12  20080827  2255   18.50    67.91   175    7.3  337  51.23  0.89
IR     GOES12  20080827  2255   18.58    67.38   225    4.0  294  65.40  0.68
IR     GOES12  20080827  2255   18.44    65.91   212    8.4  283  66.20  0.57
IR     GOES12  20080827  2255   18.36    65.85   225    7.1  260  63.13  0.74
IR     GOES12  20080827  2255   18.26    64.27   250    6.8  247  75.59  0.71
IR     GOES12  20080827  2255   18.26    64.18   262    7.2  246  72.93  0.69
IR     GOES12  20080827  2255   18.62    63.65   300    6.4  261  77.19  0.67
IR     GOES12  20080827  2255   17.78    84.91   187   11.4  106  70.76  0.96
IR     GOES12  20080827  2255   17.82    84.87   187   11.2  106  72.29  0.95
IR     GOES12  20080827  2255   17.97    84.28   175    9.6   92  73.37  0.95
IR     GOES12  20080827  2255   17.93    83.92   287    9.1   90  71.41  0.90
IR     GOES12  20080827  2255   17.93    83.79   300   10.5   96  70.08  0.78
IR     GOES12  20080827  2255   17.92    83.30   262    6.3   96  72.57  0.92
IR     GOES12  20080827  2255   17.61    83.17   237    8.7   89  68.71  1.00
IR     GOES12  20080827  2255   17.60    81.93   237    6.6   89  73.41  0.71
IR     GOES12  20080827  2255   17.60    81.76   300   10.9   91  65.81  0.77
IR     GOES12  20080827  2255   17.83    81.41   237    3.8   75  61.34  0.62
IR     GOES12  20080827  2255   17.75    80.35   275    8.4   52  67.35  0.97
IR     GOES12  20080827  2255   17.75    80.27   275    9.2   55  67.35  0.98
IR     GOES12  20080827  2255   17.70    79.08   162    6.0   91  58.62  0.90
IR     GOES12  20080827  2255   17.90    78.78   187    6.4   81  63.69  0.92
IR     GOES12  20080827  2255   17.89    78.36   187    7.2   86  60.43  0.80
IR     GOES12  20080827  2255   17.89    78.34   137    7.3   88  62.52  0.79
IR     GOES12  20080827  2255   17.66    77.70   137    3.6   61  56.44  0.78
IR     GOES12  20080827  2255   17.70    77.31   137    4.1   83  60.12  0.78
IR     GOES12  20080827  2255   17.77    76.68   150    4.3   77  65.33  0.64
IR     GOES12  20080827  2255   17.77    76.11   275    4.8   85  63.16  0.60
IR     GOES12  20080827  2255   17.81    76.05   275    4.7   92  60.99  0.70
IR     GOES12  20080827  2255   17.93    75.70   212    5.7   65  70.05  0.84
IR     GOES12  20080827  2255   17.93    75.37   175    4.5   28  65.41  0.65
IR     GOES12  20080827  2255   17.74    70.63   225    5.1  262  76.93  0.88
IR     GOES12  20080827  2255   17.59    70.24   212    5.2  269  81.45  0.73
IR     GOES12  20080827  2255   17.87    68.72   187    3.8  283  68.66  0.85
IR     GOES12  20080827  2255   17.83    68.65   175    4.1  286  66.64  0.98
IR     GOES12  20080827  2255   17.66    64.94   200    4.5  290  63.99  0.96
IR     GOES12  20080827  2255   17.66    64.89   212    4.6  290  69.23  0.90
IR     GOES12  20080827  2255   17.59    64.58   200   12.4  305  51.97  0.78
IR     GOES12  20080827  2255   17.75    63.63   312    3.5  271  73.58  0.59
IR     GOES12  20080827  2255   17.48    63.40   275    4.2  252  82.03  0.84
IR     GOES12  20080827  2255   17.43    84.82   187   11.5  106  67.05  0.92
IR     GOES12  20080827  2255   17.38    84.51   175   13.7  100  55.20  0.85
IR     GOES12  20080827  2255   17.19    84.14   187    6.3   89  62.33  0.72
IR     GOES12  20080827  2255   17.22    83.79   237    8.9   89  68.29  0.75
IR     GOES12  20080827  2255   17.30    83.29   300   10.1   93  73.74  0.97
IR     GOES12  20080827  2255   17.29    83.20   287   11.1   93  64.89  0.98
IR     GOES12  20080827  2255   17.32    81.66   337   10.3   89  74.51  0.77
IR     GOES12  20080827  2255   17.32    81.59   350   11.6   89  63.99  0.76
IR     GOES12  20080827  2255   17.16    80.60   175    7.5   79  75.26  0.59
IR     GOES12  20080827  2255   17.23    78.13   162    6.8   86  61.52  0.80
IR     GOES12  20080827  2255   17.11    76.13   137    3.5   97  55.81  0.82
IR     GOES12  20080827  2255   17.19    75.28   162    4.5   12  70.92  0.72
IR     GOES12  20080827  2255   17.38    75.13   162    4.5    2  67.01  0.69
IR     GOES12  20080827  2255   17.43    64.82   187    5.1  318  61.52  0.65
IR     GOES12  20080827  2255   17.36    63.95   225    3.5  299  64.53  0.82
IR     GOES12  20080827  2255   15.82    62.77   162    5.1   22  64.55  0.67
IR     GOES12  20080827  2255   15.29    83.99   150    8.0   77  70.61  0.72
IR     GOES12  20080827  2255   15.36    83.69   150    5.6   81  70.09  0.70
IR     GOES12  20080827  2255   15.51    83.11   287    8.3   84  76.49  0.82
IR     GOES12  20080827  2255   15.63    82.96   287    8.9   86  73.51  0.75
IR     GOES12  20080827  2255   15.43    82.71   275    7.4   78  77.66  0.82
IR     GOES12  20080827  2255   15.35    82.29   275    7.0   78  74.12  0.70
IR     GOES12  20080827  2255   15.43    81.99   225    8.1   73  76.15  0.66
IR     GOES12  20080827  2255   15.58    81.74   337    9.7   83  77.11  0.50
IR     GOES12  20080827  2255   15.19    80.10   287    7.5   75  72.98  0.66
IR     GOES12  20080827  2255   15.34    79.93   300    8.4   79  79.12  0.63
IR     GOES12  20080827  2255   15.19    79.67   300    9.8   87  70.13  0.71
IR     GOES12  20080827  2255   15.65    79.29   300    6.7   81  71.77  0.71
IR     GOES12  20080827  2255   15.18    78.95   175   11.9   86  63.05  0.73
IR     GOES12  20080827  2255   15.33    77.21   150   19.2   59  44.12  0.64
IR     GOES12  20080827  2255   15.49    76.87   187   11.9   53  57.32  0.70
IR     GOES12  20080827  2255   15.29    76.37   200    6.6   72  60.44  0.70
IR     GOES12  20080827  2255   15.52    75.69   250   12.6   47  47.28  0.93
IR     GOES12  20080827  2255   15.18    75.15   275    7.8   28  54.58  0.93
IR     GOES12  20080827  2255   15.18    74.87   250    4.8  300  52.48  0.79
IR     GOES12  20080827  2255   15.48    74.74   275    4.4  274  57.30  0.76
IR     GOES12  20080827  2255   15.48    74.31   225    8.1  353  58.51  0.76
IR     GOES12  20080827  2255   15.64    73.86   237    3.9  291  62.30  0.89
IR     GOES12  20080827  2255   15.56    73.15   225    5.5    9  58.36  0.83
IR     GOES12  20080827  2255   15.56    73.13   225    5.4    9  58.53  0.83
IR     GOES12  20080827  2255   15.57    70.47   162    7.6   31  57.74  0.68
IR     GOES12  20080827  2255   15.59    66.19   187    6.3  327  60.35  0.60
IR     GOES12  20080827  2255   15.25    65.88   187    7.8  340  65.36  0.77
IR     GOES12  20080827  2255   15.30    64.33   237    7.5  332  61.18  0.77
IR     GOES12  20080827  2255   15.47    62.95   175    7.9   12  81.93  0.80
IR     GOES12  20080827  2255   15.28    62.67   175    6.8   21  71.93  0.63
IR     GOES12  20080827  2255   15.09    83.00   162    6.3   80  71.07  0.75
IR     GOES12  20080827  2255   15.05    82.74   150    7.2   79  80.04  0.78
IR     GOES12  20080827  2255   14.89    82.51   250    7.4   71  82.69  0.72
IR     GOES12  20080827  2255   14.97    82.13   250    7.3   74  80.13  0.72
IR     GOES12  20080827  2255   14.87    76.20   250   11.2   41  58.39  0.83
IR     GOES12  20080827  2255   14.99    75.09   250    8.5   27  61.94  0.94
IR     GOES12  20080827  2255   15.02    65.60   150    8.2  349  71.23  0.87
IR     GOES12  20080827  2255   15.02    65.32   150    8.2  350  70.14  0.76
IR     GOES12  20080827  2255   15.03    64.75   237    7.5  344  66.65  0.82
IR     GOES12  20080827  2255   15.04    63.75   175    6.0   17  60.87  0.66
WV     GOES12  20080827  2255   33.62    77.48   237    9.2  176  59.84  0.79
WV     GOES12  20080827  2255   33.85    76.97   212    6.5  179  67.12  0.71
WV     GOES12  20080827  2255   33.81    76.48   237    5.9  202  75.41  0.88
WV     GOES12  20080827  2255   34.00    73.82   237    4.9  311  63.77  0.72
WV     GOES12  20080827  2255   33.88    69.71   187   21.5  323  77.66  0.83
WV     GOES12  20080827  2255   33.78    69.59   262   19.5  322  67.66  0.90
WV     GOES12  20080827  2255   33.99    68.38   175   22.1  304  47.87  0.88
WV     GOES12  20080827  2255   33.91    66.70   162   31.8  316  65.26  0.97
WV     GOES12  20080827  2255   33.91    59.74   225   20.6  246  61.63  0.88
WV     GOES12  20080827  2255   32.90    78.16   212    9.6  201  65.85  0.94
WV     GOES12  20080827  2255   33.38    77.52   237    9.5  175  56.69  0.76
WV     GOES12  20080827  2255   33.40    69.08   250   21.6  314  69.41  0.91
WV     GOES12  20080827  2255   33.42    67.40   237   23.2  309  57.47  0.99
WV     GOES12  20080827  2255   33.33    67.26   250   23.1  310  65.77  1.00
WV     GOES12  20080827  2255   33.33    66.82   275   25.0  315  73.23  0.97
WV     GOES12  20080827  2255   32.86    66.62   312   20.8  314  74.68  0.97
WV     GOES12  20080827  2255   32.97    62.97   287   12.3  274  51.67  0.84
WV     GOES12  20080827  2255   33.23    62.09   275   13.6  266  50.01  0.77
WV     GOES12  20080827  2255   33.20    61.06   262   20.6  280  62.03  0.80
WV     GOES12  20080827  2255   33.41    60.57   175   14.1  267  46.17  0.80
WV     GOES12  20080827  2255   32.58    79.31   187    8.3  237  63.24  0.90
WV     GOES12  20080827  2255   32.48    78.32   187    9.2  194  50.45  0.97
WV     GOES12  20080827  2255   32.20    70.66   300   11.7  342  56.82  0.68
WV     GOES12  20080827  2255   32.54    69.07   350   15.5  336  53.73  0.59
WV     GOES12  20080827  2255   32.60    68.68   225   18.9  334  65.13  0.96
WV     GOES12  20080827  2255   32.27    68.36   187   18.6  336  68.87  0.96
WV     GOES12  20080827  2255   32.61    67.66   275   23.8  322  59.07  0.97
WV     GOES12  20080827  2255   32.61    67.59   275   23.2  324  60.44  0.99
WV     GOES12  20080827  2255   32.47    67.12   325   19.9  319  58.72  0.91
WV     GOES12  20080827  2255   32.67    66.48   312   20.7  313  69.82  0.99
WV     GOES12  20080827  2255   32.67    66.41   300   20.9  311  71.68  1.00
WV     GOES12  20080827  2255   32.44    66.07   250   12.8  307  46.83  0.62
WV     GOES12  20080827  2255   32.25    63.45   262   14.4  295  61.55  0.90
WV     GOES12  20080827  2255   32.70    62.37   212   18.6  288  60.02  0.63
WV     GOES12  20080827  2255   32.52    61.85   212   22.5  287  62.62  1.00
WV     GOES12  20080827  2255   32.52    61.79   212   22.8  287  60.47  1.00
WV     GOES12  20080827  2255   32.72    61.36   300   20.3  283  54.30  0.99
WV     GOES12  20080827  2255   32.64    60.93   350   20.9  278  51.01  0.69
WV     GOES12  20080827  2255   32.27    60.32   300   14.5  272  75.57  0.97
WV     GOES12  20080827  2255   32.33    59.75   325   14.5  263  68.08  0.89
WV     GOES12  20080827  2255   31.65    80.31   225   11.7  243  71.54  1.00
WV     GOES12  20080827  2255   31.59    79.43   200    9.7  246  75.68  0.98
WV     GOES12  20080827  2255   31.68    79.09   175    8.4  251  65.21  0.97
WV     GOES12  20080827  2255   31.97    70.42   300    8.0    3  61.31  0.62
WV     GOES12  20080827  2255   31.69    70.04   287    7.6    0  62.22  0.61
WV     GOES12  20080827  2255   31.70    69.41   187   14.0  335  71.33  0.87
WV     GOES12  20080827  2255   31.80    68.42   225   17.3  339  64.20  1.00
WV     GOES12  20080827  2255   31.71    68.20   262   17.8  340  58.76  0.93
WV     GOES12  20080827  2255   31.62    67.78   287   19.6  337  57.76  1.00
WV     GOES12  20080827  2255   31.91    66.72   287   18.9  307  56.40  0.96
WV     GOES12  20080827  2255   31.90    64.37   250   17.1  296  72.77  0.67
WV     GOES12  20080827  2255   31.98    63.05   262   18.6  294  63.48  0.93
WV     GOES12  20080827  2255   31.98    62.82   212   21.5  293  66.63  0.97
WV     GOES12  20080827  2255   31.63    61.87   300   14.3  283  65.39  0.92
WV     GOES12  20080827  2255   31.55    61.29   300   11.1  284  77.77  0.94
WV     GOES12  20080827  2255   32.08    60.59   350   13.9  273  70.26  0.87
WV     GOES12  20080827  2255   31.90    60.20   275   14.3  274  68.36  1.00
WV     GOES12  20080827  2255   31.90    60.15   287   14.4  274  66.76  0.99
WV     GOES12  20080827  2255   32.15    59.47   275   13.1  273  79.07  0.98
WV     GOES12  20080827  2255   32.06    59.33   262   12.6  275  81.01  0.92
WV     GOES12  20080827  2255   30.73    80.62   225   11.0  252  70.90  0.92
WV     GOES12  20080827  2255   31.18    80.43   237   11.8  252  71.07  0.99
WV     GOES12  20080827  2255   31.09    80.05   275   11.2  242  72.49  0.95
WV     GOES12  20080827  2255   31.18    79.83   237   11.2  243  71.84  0.82
WV     GOES12  20080827  2255   31.18    79.46   200    9.6  251  75.74  0.97
WV     GOES12  20080827  2255   31.27    78.92   312   10.4  256  62.23  0.55
WV     GOES12  20080827  2255   30.98    78.14   287    5.2  299  72.83  0.96
WV     GOES12  20080827  2255   30.71    77.63   262    4.1  326  71.58  0.77
WV     GOES12  20080827  2255   30.80    77.22   262    3.2  354  65.34  0.80
WV     GOES12  20080827  2255   31.22    71.38   312    6.2  329  67.38  0.63
WV     GOES12  20080827  2255   30.99    71.00   300    4.0  356  75.17  0.66
WV     GOES12  20080827  2255   30.72    70.61   300    5.9  357  71.71  0.98
WV     GOES12  20080827  2255   30.76    70.56   300    5.3  352  79.22  0.98
WV     GOES12  20080827  2255   30.86    70.19   300    6.0  334  70.77  0.94
WV     GOES12  20080827  2255   31.00    69.66   225   11.7    1  57.09  0.50
WV     GOES12  20080827  2255   31.28    69.29   262   13.7  339  61.50  0.75
WV     GOES12  20080827  2255   31.28    68.94   237   15.7  341  57.62  0.99
WV     GOES12  20080827  2255   31.24    68.64   200   15.5  345  62.57  0.99
WV     GOES12  20080827  2255   31.29    68.01   275   19.2  337  55.25  1.00
WV     GOES12  20080827  2255   31.25    67.89   300   19.4  336  54.15  1.00
WV     GOES12  20080827  2255   31.02    67.44   300   16.9  343  61.22  0.85
WV     GOES12  20080827  2255   31.18    65.91   275   14.6  326  69.62  0.93
WV     GOES12  20080827  2255   31.05    65.57   275   14.1  327  67.71  0.88
WV     GOES12  20080827  2255   31.10    65.24   275   15.3  336  53.39  0.85
WV     GOES12  20080827  2255   31.08    61.29   300   11.4  292  68.74  0.91
WV     GOES12  20080827  2255   30.95    60.90   300    8.0  290  72.58  0.99
WV     GOES12  20080827  2255   31.29    60.32   325    9.9  287  72.28  0.99
WV     GOES12  20080827  2255   31.39    60.04   312    9.4  287  69.54  1.00
WV     GOES12  20080827  2255   31.02    59.93   312    8.2  293  70.70  0.99
WV     GOES12  20080827  2255   30.94    59.34   262    7.0  292  68.79  0.99
WV     GOES12  20080827  2255   30.54    80.83   212   12.8  249  73.01  0.99
WV     GOES12  20080827  2255   30.13    80.58   300   11.0  240  65.72  0.98
WV     GOES12  20080827  2255   30.54    80.19   275   11.0  247  74.94  0.96
WV     GOES12  20080827  2255   30.58    79.18   312    8.3  283  65.32  0.89
WV     GOES12  20080827  2255   30.57    78.19   287    4.7  302  73.49  0.86
WV     GOES12  20080827  2255   30.52    78.07   287    4.8  307  74.86  0.90
WV     GOES12  20080827  2255   30.39    77.65   212    5.4  315  68.20  0.99
WV     GOES12  20080827  2255   30.48    77.38   250    3.1  341  66.01  0.82
WV     GOES12  20080827  2255   30.43    76.59   275    6.4  339  73.17  0.92
WV     GOES12  20080827  2255   30.38    73.82   325    4.5  340  62.98  0.92
WV     GOES12  20080827  2255   30.21    70.42   312    3.4  332  71.34  0.82
WV     GOES12  20080827  2255   30.21    70.39   312    3.4  332  71.04  0.81
WV     GOES12  20080827  2255   30.51    68.20   275   13.6  358  60.82  0.88
WV     GOES12  20080827  2255   30.51    68.15   262   14.2  358  57.76  0.91
WV     GOES12  20080827  2255   30.51    67.73   312   15.5  341  57.50  0.83
WV     GOES12  20080827  2255   30.17    66.35   187   16.5  336  60.91  1.00
WV     GOES12  20080827  2255   30.35    66.13   275   15.8  337  59.37  0.99
WV     GOES12  20080827  2255   30.31    65.68   262    9.6  324  64.77  1.00
WV     GOES12  20080827  2255   30.27    65.56   262    9.6  323  65.21  1.00
WV     GOES12  20080827  2255   30.05    64.74   350   11.1  322  62.61  0.91
WV     GOES12  20080827  2255   30.20    64.45   350   10.5  342  55.92  0.65
WV     GOES12  20080827  2255   30.16    63.72   225   11.1  328  74.96  0.96
WV     GOES12  20080827  2255   30.16    63.70   225   11.3  328  73.98  0.95
WV     GOES12  20080827  2255   30.36    62.96   237    9.1  312  70.47  0.99
WV     GOES12  20080827  2255   30.36    62.89   237    9.2  311  71.54  0.88
WV     GOES12  20080827  2255   30.19    62.43   225    9.7  311  78.53  0.96
WV     GOES12  20080827  2255   30.25    61.81   300    8.2  312  72.67  0.99
WV     GOES12  20080827  2255   30.25    61.79   312    8.0  313  71.59  0.97
WV     GOES12  20080827  2255   30.72    61.09   200    8.0  292  62.93  0.88
WV     GOES12  20080827  2255   30.40    60.94   225    7.5  306  69.65  0.96
WV     GOES12  20080827  2255   30.46    60.32   237    9.0  309  72.59  1.00
WV     GOES12  20080827  2255   30.60    60.16   212    8.7  309  68.14  1.00
WV     GOES12  20080827  2255   30.62    59.49   225    6.8  289  67.63  0.99
WV     GOES12  20080827  2255   30.67    59.08   237    8.4  295  75.96  0.87
WV     GOES12  20080827  2255   29.49    86.64   250   19.2  242  77.95  0.90
WV     GOES12  20080827  2255   29.85    86.41   212   22.9  241  60.47  0.99
WV     GOES12  20080827  2255   29.83    85.16   250   21.0  241  70.54  0.99
WV     GOES12  20080827  2255   29.46    84.77   212   18.9  243  69.26  1.00
WV     GOES12  20080827  2255   29.45    83.92   212   18.3  245  63.86  0.99
WV     GOES12  20080827  2255   29.86    80.88   225    7.6  236  54.44  0.84
WV     GOES12  20080827  2255   29.86    80.64   250   12.0  240  61.12  0.90
WV     GOES12  20080827  2255   29.44    78.93   212    6.1  278  70.65  0.87
WV     GOES12  20080827  2255   29.35    78.66   262    6.9  283  69.42  0.94
WV     GOES12  20080827  2255   29.35    78.44   225    5.0  297  69.38  0.92
WV     GOES12  20080827  2255   29.89    78.02   212    7.1  286  70.61  0.52
WV     GOES12  20080827  2255   29.39    77.69   212    8.1  309  69.17  0.79
WV     GOES12  20080827  2255   29.70    77.33   212    7.9  327  65.30  0.69
WV     GOES12  20080827  2255   29.61    76.87   312    5.8  317  77.56  0.89
WV     GOES12  20080827  2255   29.88    76.10   312    5.4  338  70.82  0.93
WV     GOES12  20080827  2255   29.62    70.87   162    6.3   32  71.35  0.72
WV     GOES12  20080827  2255   29.27    70.03   287    3.4   28  69.38  0.89
WV     GOES12  20080827  2255   29.72    69.42   225    4.4   10  71.21  0.79
WV     GOES12  20080827  2255   29.77    69.27   225    5.3    9  73.46  0.94
WV     GOES12  20080827  2255   29.68    68.88   225    5.5    1  70.45  0.94
WV     GOES12  20080827  2255   29.55    68.38   162   12.5   15  69.89  0.94
WV     GOES12  20080827  2255   29.65    68.22   162   12.8   18  65.78  0.94
WV     GOES12  20080827  2255   29.61    67.54   162   10.7    9  70.59  0.70
WV     GOES12  20080827  2255   29.45    66.15   237   12.6  357  65.80  0.92
WV     GOES12  20080827  2255   29.40    65.98   137   12.2    1  69.13  0.99
WV     GOES12  20080827  2255   29.46    65.41   212   11.5  358  69.72  0.99
WV     GOES12  20080827  2255   29.64    65.21   237   11.4    2  60.29  0.99
WV     GOES12  20080827  2255   29.56    64.70   212    8.9  345  67.75  0.97
WV     GOES12  20080827  2255   29.61    64.27   225    8.8  342  73.28  0.97
WV     GOES12  20080827  2255   29.43    64.14   225    8.3  342  72.04  0.94
WV     GOES12  20080827  2255   29.98    63.60   225   11.3  323  70.86  0.99
WV     GOES12  20080827  2255   29.86    63.04   225    8.3  320  71.35  1.00
WV     GOES12  20080827  2255   29.90    62.93   225    8.6  318  72.56  1.00
WV     GOES12  20080827  2255   29.91    62.50   225    9.7  310  67.98  0.98
WV     GOES12  20080827  2255   29.92    61.91   225    7.9  312  75.07  0.99
WV     GOES12  20080827  2255   29.62    61.30   337    6.6  325  69.08  0.90
WV     GOES12  20080827  2255   29.76    61.05   162    6.6  323  68.44  0.99
WV     GOES12  20080827  2255   29.68    60.68   187    6.5  322  74.45  0.99
WV     GOES12  20080827  2255   29.88    60.04   175    8.2  320  75.37  0.79
WV     GOES12  20080827  2255   29.57    59.68   200    8.5  331  63.82  0.78
WV     GOES12  20080827  2255   29.61    59.60   250    8.5  331  62.89  0.71
WV     GOES12  20080827  2255   28.87    86.90   312   13.4  238  79.59  0.63
WV     GOES12  20080827  2255   29.25    85.96   312   11.5  244  62.12  0.97
WV     GOES12  20080827  2255   29.07    85.41   250   17.0  241  71.23  0.88
WV     GOES12  20080827  2255   29.06    85.04   237   12.6  250  52.25  0.63
WV     GOES12  20080827  2255   29.06    84.99   225   14.2  248  59.51  0.59
WV     GOES12  20080827  2255   29.19    84.66   212   18.7  242  65.32  1.00
WV     GOES12  20080827  2255   29.05    80.63   225    8.0  235  56.24  0.52
WV     GOES12  20080827  2255   29.05    80.25   237    8.4  271  75.80  0.82
WV     GOES12  20080827  2255   28.73    79.77   262    7.5  286  70.76  0.89
WV     GOES12  20080827  2255   28.68    78.87   262    6.1  302  76.17  0.89
WV     GOES12  20080827  2255   28.72    78.05   262    6.6  298  66.24  0.90
WV     GOES12  20080827  2255   28.90    77.55   212    9.0  318  65.88  0.97
WV     GOES12  20080827  2255   28.76    77.33   212    8.5  318  70.22  0.99
WV     GOES12  20080827  2255   29.03    76.93   312    4.4  338  68.05  0.69
WV     GOES12  20080827  2255   28.76    73.77   287    3.6  300  77.39  0.98
WV     GOES12  20080827  2255   28.76    73.72   275    4.4  287  67.85  0.75
WV     GOES12  20080827  2255   29.22    70.20   337    3.5   30  65.44  0.97
WV     GOES12  20080827  2255   29.18    70.06   275    3.7   29  71.87  0.91
WV     GOES12  20080827  2255   29.14    69.33   200    3.5    7  66.79  0.81
WV     GOES12  20080827  2255   28.74    69.02   250    9.5   37  61.12  1.00
WV     GOES12  20080827  2255   28.88    68.65   200    6.8   26  77.71  0.80
WV     GOES12  20080827  2255   28.75    67.83   162   13.6   27  64.66  1.00
WV     GOES12  20080827  2255   29.16    67.53   287    8.3   18  62.42  0.85
WV     GOES12  20080827  2255   28.85    66.80   212   12.9   16  62.30  0.86
WV     GOES12  20080827  2255   29.13    66.21   262   12.0  359  67.24  0.91
WV     GOES12  20080827  2255   29.18    66.03   137   12.0    2  66.42  1.00
WV     GOES12  20080827  2255   29.05    65.38   162   11.7    0  76.14  0.99
WV     GOES12  20080827  2255   28.79    65.01   200    8.3  354  64.64  0.99
WV     GOES12  20080827  2255   28.79    64.99   187    8.4  354  64.94  0.99
WV     GOES12  20080827  2255   28.89    64.61   162    9.7    6  74.94  0.76
WV     GOES12  20080827  2255   29.21    63.85   262    6.3  339  70.93  0.87
WV     GOES12  20080827  2255   29.13    63.54   312    7.8  344  72.84  0.81
WV     GOES12  20080827  2255   28.82    63.40   200    9.6    2  69.64  0.76
WV     GOES12  20080827  2255   29.27    62.99   262    8.5  339  66.15  0.86
WV     GOES12  20080827  2255   29.19    62.68   312    7.0  328  73.72  0.55
WV     GOES12  20080827  2255   29.25    62.02   325    5.8  338  75.01  0.74
WV     GOES12  20080827  2255   28.54    88.55   225   18.9  224  59.89  0.96
WV     GOES12  20080827  2255   28.54    88.47   237   18.3  225  62.27  0.98
WV     GOES12  20080827  2255   28.60    87.11   312   10.0  243  58.18  0.95
WV     GOES12  20080827  2255   28.34    80.37   225   12.4  264  55.17  0.95
WV     GOES12  20080827  2255   28.33    79.82   225    8.7  272  70.52  0.99
WV     GOES12  20080827  2255   28.33    79.67   200    8.0  275  79.89  0.81
WV     GOES12  20080827  2255   28.51    79.30   225    9.5  275  62.61  0.96
WV     GOES12  20080827  2255   28.28    78.11   200    5.8  292  67.54  0.67
WV     GOES12  20080827  2255   28.14    77.72   187    8.6  297  71.79  0.77
WV     GOES12  20080827  2255   28.28    77.20   187    9.4  326  67.57  0.96
WV     GOES12  20080827  2255   28.32    77.15   187    9.3  322  72.39  0.98
WV     GOES12  20080827  2255   28.49    75.84   312    5.1  312  68.72  0.61
WV     GOES12  20080827  2255   28.49    73.87   287    3.2  309  77.09  0.93
WV     GOES12  20080827  2255   28.06    71.51   312    4.8   21  74.25  0.99
WV     GOES12  20080827  2255   28.47    69.67   300    9.9   32  59.23  0.85
WV     GOES12  20080827  2255   28.38    69.60   300    9.1   31  64.33  0.89
WV     GOES12  20080827  2255   28.52    69.18   275    9.8   35  63.52  1.00
WV     GOES12  20080827  2255   28.35    68.54   162   10.9   33  73.46  1.00
WV     GOES12  20080827  2255   28.35    68.52   162   10.9   33  74.58  1.00
WV     GOES12  20080827  2255   28.53    67.87   162   13.5   28  64.32  1.00
WV     GOES12  20080827  2255   28.36    67.21   225   10.3   20  78.16  0.65
WV     GOES12  20080827  2255   28.45    66.93   225   10.9   25  71.41  0.83
WV     GOES12  20080827  2255   28.50    66.68   137    8.6   29  66.10  0.86
WV     GOES12  20080827  2255   28.51    66.05   137    9.0   26  67.68  0.98
WV     GOES12  20080827  2255   28.51    65.83   137    9.2   19  73.96  0.97
WV     GOES12  20080827  2255   28.52    65.53   162    8.8   12  72.13  0.94
WV     GOES12  20080827  2255   28.52    64.92   162    8.1    5  70.40  0.96
WV     GOES12  20080827  2255   28.53    64.85   162    8.7    7  76.18  0.90
WV     GOES12  20080827  2255   28.54    63.79   337    7.4    1  74.80  0.78
WV     GOES12  20080827  2255   28.54    63.74   350    7.6    2  73.23  0.79
WV     GOES12  20080827  2255   27.93    88.88   237   15.3  223  68.68  1.00
WV     GOES12  20080827  2255   27.79    88.73   262   15.2  222  65.97  1.00
WV     GOES12  20080827  2255   27.52    88.20   275   18.9  230  56.67  1.00
WV     GOES12  20080827  2255   27.86    87.73   300   17.6  233  61.33  1.00
WV     GOES12  20080827  2255   27.86    87.38   225   18.6  236  69.94  1.00
WV     GOES12  20080827  2255   27.85    87.28   237   18.9  236  66.95  1.00
WV     GOES12  20080827  2255   27.89    86.92   237   18.9  233  65.82  0.99
WV     GOES12  20080827  2255   27.52    85.65   225   10.3  233  58.64  0.88
WV     GOES12  20080827  2255   27.64    85.08   225   12.6  235  70.53  0.85
WV     GOES12  20080827  2255   27.42    84.93   225   11.0  235  68.53  0.98
WV     GOES12  20080827  2255   27.77    84.65   212   11.5  225  58.87  0.94
WV     GOES12  20080827  2255   27.50    84.31   162   13.2  258  58.55  0.99
WV     GOES12  20080827  2255   27.84    79.24   187    6.3  276  64.59  0.85
WV     GOES12  20080827  2255   27.88    78.34   187    6.2  275  59.29  0.64
WV     GOES12  20080827  2255   27.84    78.12   200    6.0  292  67.51  0.67
WV     GOES12  20080827  2255   27.75    77.57   187    9.3  310  77.48  0.94
WV     GOES12  20080827  2255   27.66    77.50   187    8.1  315  77.13  0.94
WV     GOES12  20080827  2255   27.70    77.09   175   13.8  322  59.97  0.83
WV     GOES12  20080827  2255   27.70    76.74   300   13.9  318  46.30  0.91
WV     GOES12  20080827  2255   27.31    73.32   175    3.6  349  68.44  0.82
WV     GOES12  20080827  2255   27.88    71.50   312    4.8   21  76.34  0.97
WV     GOES12  20080827  2255   27.88    71.38   325    5.1   24  75.22  0.99
WV     GOES12  20080827  2255   27.46    69.37   225    6.5   59  71.43  0.70
WV     GOES12  20080827  2255   27.44    66.97   225   10.3   39  78.37  0.90
WV     GOES12  20080827  2255   27.83    63.90   162    7.3   29  76.58  0.77
WV     GOES12  20080827  2255   27.79    63.76   162    7.5   32  72.55  0.78
WV     GOES12  20080827  2255   27.08    88.14   187   18.8  231  65.71  1.00
WV     GOES12  20080827  2255   27.04    88.03   187   18.6  231  67.09  1.00
WV     GOES12  20080827  2255   26.85    87.39   187   14.1  229  69.36  0.99
WV     GOES12  20080827  2255   26.85    87.22   187   15.7  231  80.96  0.88
WV     GOES12  20080827  2255   27.24    86.98   187   16.3  231  77.70  0.94
WV     GOES12  20080827  2255   27.23    86.54   300   20.3  231  50.50  0.57
WV     GOES12  20080827  2255   27.13    85.97   225    9.4  238  58.75  1.00
WV     GOES12  20080827  2255   26.95    85.68   225   14.5  248  59.82  0.89
WV     GOES12  20080827  2255   27.25    85.11   225   12.3  239  77.78  0.99
WV     GOES12  20080827  2255   27.20    84.72   225    9.9  222  58.22  0.82
WV     GOES12  20080827  2255   27.20    84.45   225   13.3  253  59.20  0.92
WV     GOES12  20080827  2255   26.81    80.83   200    6.4  259  70.20  0.97
WV     GOES12  20080827  2255   27.15    79.26   262    4.6  287  77.68  0.73
WV     GOES12  20080827  2255   27.13    76.58   175   10.4  301  56.83  0.91
WV     GOES12  20080827  2255   27.05    75.02   300    7.5    8  64.55  0.63
WV     GOES12  20080827  2255   26.70    73.52   237    5.0    7  75.88  0.97
WV     GOES12  20080827  2255   27.13    73.30   187    3.7  351  69.80  0.87
WV     GOES12  20080827  2255   26.70    72.50   312    3.9   21  75.24  0.68
WV     GOES12  20080827  2255   27.06    69.77   262    4.8   42  62.51  0.76
WV     GOES12  20080827  2255   27.15    69.48   225    6.0   57  72.22  0.91
WV     GOES12  20080827  2255   26.91    67.38   175   11.7   47  67.60  0.60
WV     GOES12  20080827  2255   26.93    65.60   325    9.2   53  70.98  0.96
WV     GOES12  20080827  2255   27.07    65.22   300    6.7   55  78.01  0.83
WV     GOES12  20080827  2255   26.86    64.84   262    7.5   62  65.75  0.88
WV     GOES12  20080827  2255   26.58    88.83   225   12.4  233  62.49  0.75
WV     GOES12  20080827  2255   26.22    88.19   187   15.6  224  71.78  1.00
WV     GOES12  20080827  2255   26.30    87.86   187   15.7  227  75.78  0.99
WV     GOES12  20080827  2255   26.38    87.77   187   16.6  228  70.44  0.98
WV     GOES12  20080827  2255   26.59    87.41   187   14.0  229  73.41  0.97
WV     GOES12  20080827  2255   26.41    87.07   250    9.4  231  63.95  1.00
WV     GOES12  20080827  2255   26.67    86.62   312   11.3  240  72.54  0.97
WV     GOES12  20080827  2255   26.57    86.10   225    7.8  229  57.86  0.90
WV     GOES12  20080827  2255   26.61    86.01   225    7.4  231  56.90  0.81
WV     GOES12  20080827  2255   26.65    85.45   225   13.0  257  55.52  0.84
WV     GOES12  20080827  2255   26.25    80.30   150    8.6  285  68.51  0.97
WV     GOES12  20080827  2255   26.29    80.21   150    9.1  284  66.48  0.97
WV     GOES12  20080827  2255   26.54    79.16   187    9.2  301  70.50  0.73
WV     GOES12  20080827  2255   26.23    77.67   237    4.8  295  65.03  0.50
WV     GOES12  20080827  2255   26.53    75.19   312    8.0   42  53.77  0.70
WV     GOES12  20080827  2255   26.14    74.06   175    6.5   22  74.01  0.98
WV     GOES12  20080827  2255   26.27    73.62   175    6.2   14  81.52  0.63
WV     GOES12  20080827  2255   26.31    73.59   175    6.3   14  83.49  0.65
WV     GOES12  20080827  2255   26.36    73.24   275    5.0    8  80.77  0.95
WV     GOES12  20080827  2255   26.53    72.84   325    4.8   12  77.77  0.91
WV     GOES12  20080827  2255   26.58    71.43   275    6.1   44  76.25  0.55
WV     GOES12  20080827  2255   26.59    70.01   462    6.0   50  73.04  0.52
WV     GOES12  20080827  2255   26.00    67.78   187    9.6   51  70.40  0.85
WV     GOES12  20080827  2255   26.14    67.29   175    9.2   55  76.30  0.98
WV     GOES12  20080827  2255   26.31    66.92   175    7.4   66  62.75  0.83
WV     GOES12  20080827  2255   26.36    66.49   225   11.9   53  79.91  0.79
WV     GOES12  20080827  2255   26.54    66.14   225   11.1   52  74.74  0.99
WV     GOES12  20080827  2255   26.16    65.63   225   13.0   64  72.29  0.98
WV     GOES12  20080827  2255   26.25    65.16   262   12.6   65  71.19  0.96
WV     GOES12  20080827  2255   26.25    65.09   262   12.6   65  70.63  0.95
WV     GOES12  20080827  2255   26.09    64.46   275    9.7   77  78.88  0.97
WV     GOES12  20080827  2255   26.17    64.38   262    9.7   82  70.45  0.92
WV     GOES12  20080827  2255   26.26    61.66   337    8.3   96  55.63  0.60
WV     GOES12  20080827  2255   25.58    88.76   225   15.5  222  61.23  0.99
WV     GOES12  20080827  2255   26.01    88.38   187   14.4  223  72.41  0.98
WV     GOES12  20080827  2255   25.91    87.86   175   13.1  229  77.97  0.99
WV     GOES12  20080827  2255   25.82    87.41   312    8.1  227  69.01  1.00
WV     GOES12  20080827  2255   25.60    87.12   312   10.3  228  71.77  0.93
WV     GOES12  20080827  2255   25.94    86.79   225    9.5  234  70.82  0.99
WV     GOES12  20080827  2255   25.93    86.41   225   10.4  244  67.04  0.88
WV     GOES12  20080827  2255   25.79    85.72   162   12.1  230  72.49  0.62
WV     GOES12  20080827  2255   25.87    85.56   162   11.9  231  73.89  0.66
WV     GOES12  20080827  2255   25.91    85.21   225    9.7  226  64.40  0.84
WV     GOES12  20080827  2255   25.81    84.03   325    4.4  208  64.60  0.74
WV     GOES12  20080827  2255   25.48    80.59   175    6.1  290  75.72  0.72
WV     GOES12  20080827  2255   25.82    80.21   212    7.3  271  63.00  0.73
WV     GOES12  20080827  2255   25.68    78.66   187    8.8  301  65.80  0.59
WV     GOES12  20080827  2255   25.72    77.82   137   11.2  341  62.59  0.98
WV     GOES12  20080827  2255   25.72    77.80   137   11.1  342  62.94  0.98
WV     GOES12  20080827  2255   25.58    74.70   175    8.1   22  72.84  0.95
WV     GOES12  20080827  2255   25.41    74.47   137    7.4   28  63.30  0.88
WV     GOES12  20080827  2255   25.54    74.19   175    7.3   27  74.74  0.92
WV     GOES12  20080827  2255   25.46    73.81   175    7.8   14  73.05  0.88
WV     GOES12  20080827  2255   25.59    73.35   175    7.3   19  77.52  0.97
WV     GOES12  20080827  2255   25.63    73.23   175    7.3   20  77.39  0.94
WV     GOES12  20080827  2255   25.89    71.78   250    6.0   50  77.00  0.80
WV     GOES12  20080827  2255   25.66    68.51   200   10.8   56  78.08  0.91
WV     GOES12  20080827  2255   25.57    68.14   162    8.9   80  60.71  0.59
WV     GOES12  20080827  2255   25.92    67.78   187   10.9   50  72.10  0.92
WV     GOES12  20080827  2255   25.58    67.43   162    9.2   57  77.56  0.93
WV     GOES12  20080827  2255   25.50    67.25   175   11.1   65  71.55  0.92
WV     GOES12  20080827  2255   25.88    66.91   175   11.2   54  71.14  0.98
WV     GOES12  20080827  2255   25.89    66.53   225   11.7   60  70.76  0.86
WV     GOES12  20080827  2255   25.85    66.08   225   12.2   61  74.04  0.83
WV     GOES12  20080827  2255   25.90    65.67   225   13.0   64  77.43  0.98
WV     GOES12  20080827  2255   25.94    65.46   225   13.1   64  77.03  0.94
WV     GOES12  20080827  2255   25.99    65.07   262   12.9   65  69.95  0.91
WV     GOES12  20080827  2255   26.00    64.35   262   11.0   80  75.44  0.91
WV     GOES12  20080827  2255   25.71    63.71   262   11.3   83  66.40  0.88
WV     GOES12  20080827  2255   25.07    88.37   250   10.9  228  76.05  0.95
WV     GOES12  20080827  2255   25.10    87.87   262    8.8  231  79.68  0.98
WV     GOES12  20080827  2255   24.92    87.39   262    8.2  231  78.78  0.99
WV     GOES12  20080827  2255   24.92    87.15   250    7.5  233  79.43  0.98
WV     GOES12  20080827  2255   25.17    86.63   212    8.0  231  72.80  0.93
WV     GOES12  20080827  2255   24.95    86.39   212    7.6  226  79.84  0.98
WV     GOES12  20080827  2255   25.11    85.63   162    9.3  219  69.89  0.98
WV     GOES12  20080827  2255   24.85    85.48   212    8.4  215  64.22  0.98
WV     GOES12  20080827  2255   24.89    85.13   162    8.9  239  70.17  0.86
WV     GOES12  20080827  2255   24.97    84.50   325    5.9  214  78.62  0.89
WV     GOES12  20080827  2255   24.97    84.43   325    6.2  216  75.92  0.97
WV     GOES12  20080827  2255   24.87    83.45   337    4.7  223  77.07  1.00
WV     GOES12  20080827  2255   25.12    83.38   325    4.8  222  79.57  1.00
WV     GOES12  20080827  2255   25.07    82.32   325    3.1  220  76.07  0.61
WV     GOES12  20080827  2255   24.85    81.49   300    3.1  279  71.85  0.84
WV     GOES12  20080827  2255   25.01    80.70   287    6.6  290  55.06  0.60
WV     GOES12  20080827  2255   25.22    80.13   212    3.9  290  75.27  0.73
WV     GOES12  20080827  2255   25.21    77.92   137    8.6  341  73.04  0.88
WV     GOES12  20080827  2255   25.21    77.76   137    8.4  343  73.22  0.89
WV     GOES12  20080827  2255   24.91    75.02   312    6.1   23  74.47  0.67
WV     GOES12  20080827  2255   25.12    74.77   175    6.6   20  71.17  0.78
WV     GOES12  20080827  2255   25.20    74.63   137    7.6   23  69.14  0.82
WV     GOES12  20080827  2255   25.16    74.19   175    6.0   16  68.66  0.82
WV     GOES12  20080827  2255   25.16    73.93   137    6.9   12  73.22  0.73
WV     GOES12  20080827  2255   25.22    69.87   175    7.9   55  78.66  0.83
WV     GOES12  20080827  2255   25.18    69.64   175    7.8   47  75.82  0.62
WV     GOES12  20080827  2255   25.01    69.13   212    9.3   44  58.02  0.78
WV     GOES12  20080827  2255   24.85    68.77   225   15.2   58  64.19  1.00
WV     GOES12  20080827  2255   24.85    68.75   225   15.3   58  63.77  0.99
WV     GOES12  20080827  2255   25.23    68.30   200   15.0   68  58.17  0.90
WV     GOES12  20080827  2255   25.11    67.77   200   12.0   59  74.46  0.84
WV     GOES12  20080827  2255   25.08    66.95   225   12.4   59  69.07  1.00
WV     GOES12  20080827  2255   24.99    66.63   225   11.4   55  62.95  0.90
WV     GOES12  20080827  2255   25.30    66.11   225   11.6   61  66.56  0.99
WV     GOES12  20080827  2255   25.09    65.84   350   12.7   53  70.20  0.88
WV     GOES12  20080827  2255   24.93    65.08   262   12.3   69  67.95  0.94
WV     GOES12  20080827  2255   25.31    64.78   262    8.9   72  62.99  0.97
WV     GOES12  20080827  2255   25.33    63.37   312    4.4   97  68.54  0.78
WV     GOES12  20080827  2255   24.73    88.47   237    9.1  226  76.16  0.63
WV     GOES12  20080827  2255   24.26    87.98   175    7.0  219  68.40  0.79
WV     GOES12  20080827  2255   24.63    87.36   250    7.3  230  80.20  1.00
WV     GOES12  20080827  2255   24.37    86.88   275    5.4  211  70.10  0.96
WV     GOES12  20080827  2255   24.45    86.62   212    7.4  227  71.60  0.99
WV     GOES12  20080827  2255   24.69    86.15   212    7.6  216  72.19  0.91
WV     GOES12  20080827  2255   24.48    85.77   162    9.1  231  69.72  0.89
WV     GOES12  20080827  2255   24.72    85.37   212    7.7  215  66.12  0.82
WV     GOES12  20080827  2255   24.63    85.01   150    9.1  254  60.25  0.86
WV     GOES12  20080827  2255   24.71    84.66   187    6.8  212  71.08  0.93
WV     GOES12  20080827  2255   24.67    84.54   337    6.3  215  73.48  0.90
WV     GOES12  20080827  2255   24.71    84.17   325    5.3  223  74.10  0.73
WV     GOES12  20080827  2255   24.16    78.90   212    5.6  354  71.04  0.96
WV     GOES12  20080827  2255   24.20    78.15   212    5.8  341  73.54  0.95
WV     GOES12  20080827  2255   24.53    74.47   325    6.1   37  75.17  0.89
WV     GOES12  20080827  2255   24.63    69.04   225   13.7   58  70.34  0.92
WV     GOES12  20080827  2255   24.34    68.89   200   15.0   59  63.42  0.98
WV     GOES12  20080827  2255   24.55    68.53   225   15.2   50  65.81  0.87
WV     GOES12  20080827  2255   24.35    67.94   225   12.2   50  69.22  0.82
WV     GOES12  20080827  2255   24.60    67.76   187   11.6   45  66.99  0.85
WV     GOES12  20080827  2255   24.32    67.10   200   14.6   43  61.81  0.81
WV     GOES12  20080827  2255   24.62    66.45   350   10.0   42  55.56  0.83
WV     GOES12  20080827  2255   24.20    65.87   300   11.4   58  71.25  0.68
WV     GOES12  20080827  2255   24.46    65.45   250   12.7   72  77.55  0.98
WV     GOES12  20080827  2255   24.46    65.43   287   13.0   73  60.39  0.99
WV     GOES12  20080827  2255   24.54    62.48   412    3.7   86  70.99  0.65
WV     GOES12  20080827  2255   24.46    62.23   450    4.9   86  78.76  0.54
WV     GOES12  20080827  2255   23.72    88.58   175    7.3  228  82.65  0.86
WV     GOES12  20080827  2255   23.76    88.42   175    6.4  225  74.34  0.93
WV     GOES12  20080827  2255   24.05    88.22   250    8.0  227  76.04  0.92
WV     GOES12  20080827  2255   24.08    87.25   250    5.6  220  77.74  0.72
WV     GOES12  20080827  2255   24.11    86.59   250    7.8  230  60.26  0.99
WV     GOES12  20080827  2255   23.76    85.37   137    4.7  241  73.29  0.76
WV     GOES12  20080827  2255   23.62    84.22   137    4.4  208  59.55  0.71
WV     GOES12  20080827  2255   23.53    77.94   250    7.3  351  54.47  0.97
WV     GOES12  20080827  2255   23.87    70.37   337   12.3   62  73.46  0.78
WV     GOES12  20080827  2255   24.01    68.66   200   12.0   56  74.75  0.92
WV     GOES12  20080827  2255   23.88    68.43   200   14.2   56  68.97  0.91
WV     GOES12  20080827  2255   24.06    67.96   225   11.9   61  62.48  0.88
WV     GOES12  20080827  2255   23.68    67.68   225   11.8   30  55.66  0.61
WV     GOES12  20080827  2255   23.66    66.11   225   16.5   56  58.15  0.93
WV     GOES12  20080827  2255   23.59    64.99   350   14.3   85  56.12  0.93
WV     GOES12  20080827  2255   24.01    64.30   262    9.5  128  59.66  0.64
WV     GOES12  20080827  2255   23.89    63.93   250    9.8  124  70.14  0.96
WV     GOES12  20080827  2255   23.89    63.88   250    9.8  124  71.21  0.96
WV     GOES12  20080827  2255   24.03    63.18   312    4.2   91  58.80  0.71
WV     GOES12  20080827  2255   23.52    88.65   175    7.3  226  76.91  0.70
WV     GOES12  20080827  2255   23.25    84.95   162    3.1  219  77.73  0.95
WV     GOES12  20080827  2255   23.37    84.47   250    4.4  208  65.14  0.88
WV     GOES12  20080827  2255   23.37    84.45   250    4.4  207  65.06  0.89
WV     GOES12  20080827  2255   23.03    83.31   200   11.6   70  44.76  0.60
WV     GOES12  20080827  2255   22.96    78.95   175    7.7    7  72.80  0.99
WV     GOES12  20080827  2255   23.00    78.89   175    7.5    9  74.89  1.00
WV     GOES12  20080827  2255   23.24    78.37   162    5.4  349  64.82  0.85
WV     GOES12  20080827  2255   23.41    78.08   225    6.8  345  57.83  0.73
WV     GOES12  20080827  2255   23.35    67.68   325   14.5   40  68.13  0.91
WV     GOES12  20080827  2255   23.31    67.50   337   16.8   44  58.47  0.91
WV     GOES12  20080827  2255   23.44    66.70   225   17.4   48  53.68  0.99
WV     GOES12  20080827  2255   23.03    66.34   225   18.7   55  48.25  0.89
WV     GOES12  20080827  2255   23.25    65.58   225   19.3   66  46.25  0.93
WV     GOES12  20080827  2255   23.29    65.49   225   19.3   66  46.04  0.93
WV     GOES12  20080827  2255   23.38    64.87   337   13.9   86  51.19  0.90
WV     GOES12  20080827  2255   23.10    64.29   250   14.6  140  51.93  0.71
WV     GOES12  20080827  2255   23.45    62.61   337    7.0  168  58.17  0.72
WV     GOES12  20080827  2255   22.43    88.17   300    6.2  267  74.06  0.99
WV     GOES12  20080827  2255   22.76    87.88   237    4.4  233  81.26  0.99
WV     GOES12  20080827  2255   22.71    78.76   325    7.9   18  57.15  0.77
WV     GOES12  20080827  2255   22.33    76.90   225   11.3   41  73.74  0.81
WV     GOES12  20080827  2255   22.37    76.76   212    8.8   26  63.32  0.85
WV     GOES12  20080827  2255   22.70    76.29   187   11.3   54  54.29  0.85
WV     GOES12  20080827  2255   22.33    75.52   187   14.3   38  57.37  1.00
WV     GOES12  20080827  2255   22.49    75.23   225   12.7   37  79.48  0.95
WV     GOES12  20080827  2255   22.45    75.16   225   12.3   32  69.48  0.98
WV     GOES12  20080827  2255   22.33    74.82   225    9.8   27  57.96  0.89
WV     GOES12  20080827  2255   22.64    69.05   337   13.2   54  65.11  0.83
WV     GOES12  20080827  2255   22.56    68.85   362   12.3   54  66.86  0.95
WV     GOES12  20080827  2255   22.56    68.39   362    6.5   31  54.51  0.60
WV     GOES12  20080827  2255   22.29    63.44   287   12.7  175  55.45  0.87
WV     GOES12  20080827  2255   22.54    62.62   250   13.9  181  59.42  0.82
WV     GOES12  20080827  2255   22.60    61.53   275    6.1  194  62.22  0.89
WV     GOES12  20080827  2255   22.36    61.37   275    6.2  192  65.72  0.86
WV     GOES12  20080827  2255   22.10    88.08   287    6.4  268  76.44  1.00
WV     GOES12  20080827  2255   22.06    88.01   287    6.7  269  73.10  0.99
WV     GOES12  20080827  2255   21.95    82.16   137    4.0   43  63.44  0.82
WV     GOES12  20080827  2255   21.79    81.81   137    6.3   44  68.74  0.90
WV     GOES12  20080827  2255   21.78    81.77   137    6.3   54  77.29  0.95
WV     GOES12  20080827  2255   21.74    81.11   137    6.4   57  71.34  1.00
WV     GOES12  20080827  2255   21.98    80.37   137    5.7   71  58.15  0.91
WV     GOES12  20080827  2255   22.09    78.07   237    8.5   53  65.40  0.99
WV     GOES12  20080827  2255   22.09    78.04   237    8.6   53  65.41  1.00
WV     GOES12  20080827  2255   21.64    76.98   237   12.4   38  75.83  0.98
WV     GOES12  20080827  2255   21.88    76.42   250   14.9   40  71.61  0.99
WV     GOES12  20080827  2255   21.96    76.17   250   14.9   40  73.16  0.91
WV     GOES12  20080827  2255   22.00    75.54   187   14.4   36  57.47  1.00
WV     GOES12  20080827  2255   22.12    75.16   237   12.3   30  63.59  1.00
WV     GOES12  20080827  2255   22.17    74.82   225    9.8   27  57.35  0.88
WV     GOES12  20080827  2255   21.72    72.66   137    6.8  284  64.04  0.61
WV     GOES12  20080827  2255   21.88    72.25   137    9.4  263  67.28  0.64
WV     GOES12  20080827  2255   21.76    71.90   137   10.7  261  64.50  0.77
WV     GOES12  20080827  2255   22.05    71.62   137   11.8  256  56.12  0.86
WV     GOES12  20080827  2255   21.98    65.32   325    7.0  296  55.41  0.75
WV     GOES12  20080827  2255   21.98    65.11   337    5.6  292  55.25  0.69
WV     GOES12  20080827  2255   22.04    63.72   287   12.0  181  56.31  0.79
WV     GOES12  20080827  2255   22.04    63.39   300   12.7  179  52.37  0.85
WV     GOES12  20080827  2255   21.92    62.87   275   12.4  195  68.83  0.99
WV     GOES12  20080827  2255   22.27    61.42   275    6.5  192  66.19  0.74
WV     GOES12  20080827  2255   22.07    59.22   225    7.8  196  76.03  0.87
WV     GOES12  20080827  2255   22.11    59.12   212    8.3  201  74.44  0.82
WV     GOES12  20080827  2255   21.16    87.98   225    5.7  289  62.99  0.74
WV     GOES12  20080827  2255   21.58    82.07   137    8.4   66  61.25  0.54
WV     GOES12  20080827  2255   21.53    80.69   287    4.6   46  75.34  0.97
WV     GOES12  20080827  2255   21.21    80.34   137    9.4   60  59.77  0.91
WV     GOES12  20080827  2255   21.49    80.21   137    8.8   61  59.71  0.85
WV     GOES12  20080827  2255   21.16    79.68   150    5.3   20  61.26  0.83
WV     GOES12  20080827  2255   21.40    79.40   212    4.8   17  61.67  0.69
WV     GOES12  20080827  2255   21.04    79.05   137    7.4   47  74.78  0.95
WV     GOES12  20080827  2255   21.19    77.75   312   11.6   42  70.52  0.83
WV     GOES12  20080827  2255   21.23    77.37   137   13.0   50  48.82  0.96
WV     GOES12  20080827  2255   21.56    76.46   250   15.1   38  69.83  0.95
WV     GOES12  20080827  2255   21.19    75.18   250   14.0   47  73.51  0.91
WV     GOES12  20080827  2255   21.23    75.16   250   14.0   47  73.28  0.96
WV     GOES12  20080827  2255   21.07    73.64   150    6.1  270  72.97  0.97
WV     GOES12  20080827  2255   21.15    73.46   150    6.6  276  71.58  0.98
WV     GOES12  20080827  2255   21.11    72.20   150    8.9  268  77.48  0.95
WV     GOES12  20080827  2255   21.40    72.06   137   11.3  267  63.35  0.99
WV     GOES12  20080827  2255   21.28    71.50   137   12.2  266  62.62  0.99
WV     GOES12  20080827  2255   21.44    70.94   137   11.6  284  56.82  0.98
WV     GOES12  20080827  2255   21.39    66.32   300   10.6  322  55.03  0.82
WV     GOES12  20080827  2255   21.24    66.04   312   11.3  315  55.01  0.70
WV     GOES12  20080827  2255   21.25    64.96   300   11.8  267  55.33  0.79
WV     GOES12  20080827  2255   21.37    64.54   262   12.4  247  46.30  0.92
WV     GOES12  20080827  2255   21.06    63.83   287   14.5  225  53.83  0.96
WV     GOES12  20080827  2255   21.55    63.42   312   11.7  190  51.78  0.75
WV     GOES12  20080827  2255   21.64    63.11   262   13.2  197  63.57  0.67
WV     GOES12  20080827  2255   20.59    87.76   150    8.0  301  69.86  0.92
WV     GOES12  20080827  2255   20.55    87.39   137    5.3  315  67.43  0.91
WV     GOES12  20080827  2255   20.87    87.19   137    5.9  321  68.58  0.97
WV     GOES12  20080827  2255   20.96    84.33   150    7.1   55  63.04  0.72
WV     GOES12  20080827  2255   20.75    84.08   150    5.4   49  69.38  0.62
WV     GOES12  20080827  2255   20.95    83.74   250    3.4   96  75.80  0.67
WV     GOES12  20080827  2255   20.90    82.80   312    5.2  124  71.16  0.80
WV     GOES12  20080827  2255   20.77    81.71   312    3.3  112  68.78  0.75
WV     GOES12  20080827  2255   20.89    81.18   312    8.2  125  50.72  0.74
WV     GOES12  20080827  2255   20.48    80.60   225    5.1   49  78.46  0.82
WV     GOES12  20080827  2255   20.48    80.39   225    6.2   45  75.91  0.92
WV     GOES12  20080827  2255   20.88    80.03   137    8.6   28  60.05  0.93
WV     GOES12  20080827  2255   20.88    79.85   137    7.5   23  58.13  0.96
WV     GOES12  20080827  2255   20.76    79.29   137    7.7   51  74.49  0.99
WV     GOES12  20080827  2255   20.88    79.02   137    7.5   48  75.31  0.96
WV     GOES12  20080827  2255   20.79    78.84   137    6.8   49  69.87  0.95
WV     GOES12  20080827  2255   20.83    78.46   337    9.5   40  71.42  0.92
WV     GOES12  20080827  2255   20.51    77.85   137    6.0   71  61.97  0.97
WV     GOES12  20080827  2255   20.51    77.76   137    6.8   70  64.32  0.87
WV     GOES12  20080827  2255   20.87    77.32   237   11.5   25  59.51  1.00
WV     GOES12  20080827  2255   20.67    73.69   137    3.5  269  61.23  0.90
WV     GOES12  20080827  2255   20.79    73.48   162    4.5  259  70.79  0.67
WV     GOES12  20080827  2255   20.51    73.09   162    5.2  250  75.35  0.80
WV     GOES12  20080827  2255   20.47    72.77   137    5.1  267  56.65  0.97
WV     GOES12  20080827  2255   20.75    72.48   150    8.5  251  69.63  0.82
WV     GOES12  20080827  2255   20.67    71.83   150   11.2  259  68.83  1.00
WV     GOES12  20080827  2255   20.67    71.81   150   11.3  259  68.28  1.00
WV     GOES12  20080827  2255   20.71    71.45   162   11.5  264  58.68  0.87
WV     GOES12  20080827  2255   20.88    71.02   137   12.2  272  63.82  0.98
WV     GOES12  20080827  2255   20.76    70.76   175   14.2  270  46.83  0.99
WV     GOES12  20080827  2255   20.52    70.19   237   13.3  279  53.45  0.96
WV     GOES12  20080827  2255   20.79    65.89   300    9.0  276  70.30  0.77
WV     GOES12  20080827  2255   20.89    64.37   300   13.1  246  56.40  0.96
WV     GOES12  20080827  2255   21.02    63.84   275   14.5  225  53.70  0.97
WV     GOES12  20080827  2255   20.58    63.23   275   15.0  217  53.20  0.74
WV     GOES12  20080827  2255   20.90    60.76   287    9.8  184  53.13  0.76
WV     GOES12  20080827  2255   21.07    60.23   312    4.2  248  73.05  0.65
WV     GOES12  20080827  2255   20.15    87.76   150    7.6  314  74.84  0.83
WV     GOES12  20080827  2255   20.43    87.38   137    5.5  318  67.80  0.89
WV     GOES12  20080827  2255   20.02    87.24   137    5.7  327  65.45  0.88
WV     GOES12  20080827  2255   20.01    86.33   325    4.1   55  70.46  0.85
WV     GOES12  20080827  2255   19.89    85.79   312    3.5   37  57.56  0.76
WV     GOES12  20080827  2255   20.24    85.48   325    6.4   69  63.05  0.58
WV     GOES12  20080827  2255   20.04    85.14   325    6.8  103  70.04  0.78
WV     GOES12  20080827  2255   20.40    84.72   312    5.5  118  74.11  0.92
WV     GOES12  20080827  2255   20.23    84.30   250    8.7  108  61.00  0.82
WV     GOES12  20080827  2255   19.95    83.89   300    4.5  125  66.26  0.99
WV     GOES12  20080827  2255   19.91    83.80   275    4.6  125  66.87  0.95
WV     GOES12  20080827  2255   20.08    80.60   200    4.7   56  72.51  0.76
WV     GOES12  20080827  2255   19.88    80.32   200    6.3   55  78.23  0.96
WV     GOES12  20080827  2255   20.28    79.87   137    8.9   40  65.75  0.93
WV     GOES12  20080827  2255   19.84    79.54   137    8.7   41  64.06  0.96
WV     GOES12  20080827  2255   20.11    79.40   137    7.2   46  68.67  0.95
WV     GOES12  20080827  2255   20.03    78.88   137    8.9   45  65.28  0.99
WV     GOES12  20080827  2255   20.03    78.79   187    9.3   44  73.87  0.99
WV     GOES12  20080827  2255   20.19    78.20   137    6.2   64  65.28  0.98
WV     GOES12  20080827  2255   20.15    77.93   137    6.6   64  68.82  0.93
WV     GOES12  20080827  2255   20.27    77.51   137    8.2   65  66.22  0.78
WV     GOES12  20080827  2255   20.27    77.47   137    8.7   63  64.14  0.70
WV     GOES12  20080827  2255   20.27    77.13   175    9.9   26  62.93  0.85
WV     GOES12  20080827  2255   20.15    73.82   150    5.2  245  76.87  0.89
WV     GOES12  20080827  2255   20.07    72.40   150    7.5  247  67.63  0.64
WV     GOES12  20080827  2255   20.03    71.52   150    6.8  248  58.47  0.68
WV     GOES12  20080827  2255   20.27    70.84   262    9.6  271  63.62  1.00
WV     GOES12  20080827  2255   20.31    70.80   250    9.8  271  70.99  1.00
WV     GOES12  20080827  2255   20.16    70.31   250    9.8  277  74.94  0.64
WV     GOES12  20080827  2255   20.24    69.86   250   16.5  271  48.67  0.92
WV     GOES12  20080827  2255   20.04    68.95   250   16.1  281  49.42  0.98
WV     GOES12  20080827  2255   20.00    68.82   250   16.8  281  47.58  0.96
WV     GOES12  20080827  2255   19.93    68.49   250   17.3  282  46.03  1.00
WV     GOES12  20080827  2255   20.16    64.37   337    6.7  268  79.08  0.98
WV     GOES12  20080827  2255   20.02    63.26   187   12.6  224  69.38  0.81
WV     GOES12  20080827  2255   20.35    62.72   312   12.5  217  54.77  0.98
WV     GOES12  20080827  2255   20.19    62.65   300   12.2  218  58.72  0.98
WV     GOES12  20080827  2255   20.27    59.66   200    9.0  190  71.56  0.75
WV     GOES12  20080827  2255   19.71    87.47   137    8.8  346  61.58  0.99
WV     GOES12  20080827  2255   19.71    87.38   150    8.2  343  65.53  0.97
WV     GOES12  20080827  2255   19.65    86.25   312    4.4   27  56.54  0.77
WV     GOES12  20080827  2255   19.39    84.55   250    7.3  105  74.36  0.77
WV     GOES12  20080827  2255   19.78    83.45   250    6.7  114  69.71  0.99
WV     GOES12  20080827  2255   19.74    83.29   312    6.1  118  74.18  0.99
WV     GOES12  20080827  2255   19.34    82.96   250    5.7   94  80.12  1.00
WV     GOES12  20080827  2255   19.38    82.53   187    6.9   93  77.80  0.96
WV     GOES12  20080827  2255   19.21    81.83   187    6.4   92  76.27  0.62
WV     GOES12  20080827  2255   19.60    79.96   137    9.7   44  62.78  0.88
WV     GOES12  20080827  2255   19.68    79.36   137    8.2   48  69.52  1.00
WV     GOES12  20080827  2255   19.68    79.32   137    8.1   50  71.56  1.00
WV     GOES12  20080827  2255   19.67    78.67   187    9.5   46  73.33  0.68
WV     GOES12  20080827  2255   19.35    78.42   200    8.5   56  72.33  0.78
WV     GOES12  20080827  2255   19.67    78.14   137    7.9   59  74.83  0.87
WV     GOES12  20080827  2255   19.35    77.98   137    7.7   73  67.80  0.93
WV     GOES12  20080827  2255   19.31    74.43   175    6.7  237  50.23  0.74
WV     GOES12  20080827  2255   19.31    73.68   162    4.3  195  61.02  0.79
WV     GOES12  20080827  2255   19.33    67.98   187   16.3  289  45.29  0.99
WV     GOES12  20080827  2255   19.55    66.16   237    4.9  283  73.08  0.59
WV     GOES12  20080827  2255   19.77    64.06   287    6.2  246  63.03  0.50
WV     GOES12  20080827  2255   19.50    63.21   187   11.4  231  72.87  0.90
WV     GOES12  20080827  2255   19.82    62.77   187   11.9  229  74.57  0.97
WV     GOES12  20080827  2255   19.79    62.50   187   12.5  221  70.29  0.97
WV     GOES12  20080827  2255   19.51    62.23   187   11.4  230  71.85  0.92
WV     GOES12  20080827  2255   19.80    61.26   337    4.9  228  69.14  0.75
WV     GOES12  20080827  2255   18.96    87.81   137   13.1  347  56.08  0.97
WV     GOES12  20080827  2255   19.11    87.53   137   11.1  351  59.38  0.85
WV     GOES12  20080827  2255   19.08    85.14   300    7.4  122  66.32  0.75
WV     GOES12  20080827  2255   19.11    84.00   250    6.6  110  79.25  0.98
WV     GOES12  20080827  2255   18.83    83.71   187    5.5  123  60.44  0.96
WV     GOES12  20080827  2255   19.07    83.43   187    7.3  114  72.23  0.99
WV     GOES12  20080827  2255   19.14    82.92   250    5.5   95  78.92  1.00
WV     GOES12  20080827  2255   19.10    82.79   250    5.4   95  78.24  1.00
WV     GOES12  20080827  2255   19.05    81.85   187    6.3   92  77.39  0.63
WV     GOES12  20080827  2255   19.09    81.74   187    7.2   93  71.90  0.82
WV     GOES12  20080827  2255   19.12    80.32   137    7.9   50  69.57  0.94
WV     GOES12  20080827  2255   18.84    79.80   337   11.8   68  62.14  0.62
WV     GOES12  20080827  2255   18.84    79.78   325   12.0   68  61.28  0.62
WV     GOES12  20080827  2255   19.04    79.23   200   11.2   50  61.26  0.94
WV     GOES12  20080827  2255   19.08    78.81   187    9.6   49  70.77  0.93
WV     GOES12  20080827  2255   19.12    78.68   187    9.0   52  78.02  0.91
WV     GOES12  20080827  2255   18.92    78.15   200    8.9   52  79.60  0.87
WV     GOES12  20080827  2255   18.96    78.12   200    9.1   51  80.83  0.89
WV     GOES12  20080827  2255   19.07    76.98   162    6.8   44  74.88  0.89
WV     GOES12  20080827  2255   18.67    75.57   187    4.1  123  55.65  0.67
WV     GOES12  20080827  2255   18.99    75.44   162    3.2  140  60.20  0.75
WV     GOES12  20080827  2255   18.95    74.54   162    3.1  234  71.08  0.89
WV     GOES12  20080827  2255   18.87    74.10   150    6.4  251  68.21  0.94
WV     GOES12  20080827  2255   19.11    73.74   162    3.9  204  64.88  0.88
WV     GOES12  20080827  2255   19.09    68.86   175    9.1  277  69.80  0.61
WV     GOES12  20080827  2255   19.10    67.88   162   15.9  288  52.00  0.95
WV     GOES12  20080827  2255   19.10    67.84   162   15.7  287  52.73  0.93
WV     GOES12  20080827  2255   19.18    63.01   187   11.8  235  70.37  0.86
WV     GOES12  20080827  2255   19.23    62.53   187   11.0  230  73.02  0.85
WV     GOES12  20080827  2255   19.11    62.36   187   10.9  229  70.23  0.85
WV     GOES12  20080827  2255   19.09    60.91   300    6.5  217  54.78  0.84
WV     GOES12  20080827  2255   19.15    59.80   175    9.5  170  57.20  0.81
WV     GOES12  20080827  2255   19.23    59.46   187    5.6  161  81.28  0.90
WV     GOES12  20080827  2255   18.52    87.93   137   13.1  342  61.38  0.98
WV     GOES12  20080827  2255   18.56    87.80   137   12.4  348  61.83  0.99
WV     GOES12  20080827  2255   18.45    84.96   187   11.2  105  72.11  0.99
WV     GOES12  20080827  2255   18.16    83.76   200    7.9  111  74.63  1.00
WV     GOES12  20080827  2255   18.24    83.29   212    5.1  109  63.74  0.83
WV     GOES12  20080827  2255   18.43    83.04   200    5.9  130  60.52  0.63
WV     GOES12  20080827  2255   18.59    82.58   175    3.5   74  58.11  0.52
WV     GOES12  20080827  2255   18.50    82.11   187    7.1   89  81.79  1.00
WV     GOES12  20080827  2255   18.46    82.02   187    7.5   88  78.18  0.97
WV     GOES12  20080827  2255   18.42    81.75   187    7.4   80  75.61  0.69
WV     GOES12  20080827  2255   18.41    79.37   150   10.1   63  68.11  0.98
WV     GOES12  20080827  2255   18.25    79.05   150    7.7   83  64.28  0.98
WV     GOES12  20080827  2255   18.44    78.44   150    8.5   63  78.11  0.61
WV     GOES12  20080827  2255   18.13    78.02   137    7.4   99  55.90  0.71
WV     GOES12  20080827  2255   18.09    77.43   200    6.0   27  61.56  0.51
WV     GOES12  20080827  2255   18.48    77.08   137    4.7   40  61.76  0.70
WV     GOES12  20080827  2255   18.41    69.84   187    7.5  271  69.25  0.83
WV     GOES12  20080827  2255   18.34    69.27   175    6.0  269  76.09  0.71
WV     GOES12  20080827  2255   18.38    68.41   175    8.6  276  69.02  0.76
WV     GOES12  20080827  2255   18.55    66.38   162   12.5  294  66.88  0.99
WV     GOES12  20080827  2255   18.36    65.90   212    4.7  257  60.82  0.60
WV     GOES12  20080827  2255   18.55    62.71   312    5.3  249  74.61  0.81
WV     GOES12  20080827  2255   18.44    61.83   200    3.9  220  60.78  0.52
WV     GOES12  20080827  2255   18.46    61.00   175    5.2  272  62.75  0.96
WV     GOES12  20080827  2255   18.40    59.13   162    6.0  114  74.27  0.96
WV     GOES12  20080827  2255   18.29    59.08   162    6.1  110  74.65  0.98
WV     GOES12  20080827  2255   17.81    87.66   137   13.6  353  59.57  0.99
WV     GOES12  20080827  2255   17.61    87.39   137   11.7  349  66.07  0.95
WV     GOES12  20080827  2255   17.94    85.13   187   11.6  105  69.97  1.00
WV     GOES12  20080827  2255   17.82    85.01   187   11.6  105  70.15  0.99
WV     GOES12  20080827  2255   17.74    84.69   187   11.7  109  66.10  1.00
WV     GOES12  20080827  2255   17.93    83.76   200    7.6  112  71.00  0.98
WV     GOES12  20080827  2255   17.92    82.68   275    4.5   68  56.93  0.79
WV     GOES12  20080827  2255   17.60    82.06   237    7.8   76  72.75  0.99
WV     GOES12  20080827  2255   17.87    81.37   187    6.2   77  71.77  0.85
WV     GOES12  20080827  2255   17.67    80.42   262    6.9   65  77.40  0.92
WV     GOES12  20080827  2255   17.78    80.25   275    8.6   56  71.36  0.98
WV     GOES12  20080827  2255   17.67    80.04   137    9.0   60  65.46  0.98
WV     GOES12  20080827  2255   17.59    79.56   137   11.2   65  58.41  0.92
WV     GOES12  20080827  2255   17.58    79.17   137    9.2   56  60.20  0.81
WV     GOES12  20080827  2255   17.54    77.79   137   12.4   66  51.34  1.00
WV     GOES12  20080827  2255   17.66    77.42   137    3.8   56  58.93  0.60
WV     GOES12  20080827  2255   17.62    77.11   137    4.8   52  65.69  0.96
WV     GOES12  20080827  2255   17.97    70.95   250    4.8  270  70.34  0.75
WV     GOES12  20080827  2255   17.94    70.60   212    7.6  262  66.82  0.81
WV     GOES12  20080827  2255   17.78    70.56   212    7.1  262  68.77  0.94
WV     GOES12  20080827  2255   17.59    70.24   212    7.8  267  63.24  0.98
WV     GOES12  20080827  2255   17.91    68.96   212    3.1  284  66.20  0.70
WV     GOES12  20080827  2255   17.87    68.74   187    5.4  283  80.83  0.91
WV     GOES12  20080827  2255   17.87    68.30   162    7.4  290  81.14  0.88
WV     GOES12  20080827  2255   17.87    68.25   162    8.6  289  76.03  0.63
WV     GOES12  20080827  2255   17.66    64.96   200    6.5  297  77.34  0.93
WV     GOES12  20080827  2255   17.66    64.94   200    6.5  297  77.27  0.94
WV     GOES12  20080827  2255   17.63    64.60   200   11.5  303  54.69  0.79
WV     GOES12  20080827  2255   17.48    63.43   287    5.5  285  64.17  0.65
WV     GOES12  20080827  2255   17.94    61.23   175    6.0  290  62.55  0.93
WV     GOES12  20080827  2255   17.75    61.07   200    4.0  224  65.81  0.91
WV     GOES12  20080827  2255   17.63    60.81   237    4.5  221  70.72  0.67
WV     GOES12  20080827  2255   17.91    60.37   237    4.8  207  70.65  0.87
WV     GOES12  20080827  2255   17.97    59.32   162    6.4  116  64.60  0.98
WV     GOES12  20080827  2255   17.58    59.09   175    5.8   84  78.62  0.97
WV     GOES12  20080827  2255   17.46    87.81   137   13.1  354  60.87  0.97
WV     GOES12  20080827  2255   17.38    87.56   137   12.9  352  60.03  0.98
WV     GOES12  20080827  2255   16.90    87.25   137   11.6  357  60.84  0.99
WV     GOES12  20080827  2255   17.43    84.80   187   11.4  108  66.60  1.00
WV     GOES12  20080827  2255   17.35    84.69   187   11.9  108  63.08  1.00
WV     GOES12  20080827  2255   17.15    84.12   200    5.3  115  57.83  0.91
WV     GOES12  20080827  2255   17.11    83.96   237    5.6  104  66.69  0.93
WV     GOES12  20080827  2255   16.87    83.62   287    7.7   90  75.21  0.62
WV     GOES12  20080827  2255   17.41    83.14   312    9.6   98  77.53  0.85
WV     GOES12  20080827  2255   17.18    82.95   275   11.3   98  59.77  0.80
WV     GOES12  20080827  2255   17.13    82.55   237    8.4   73  66.94  0.70
WV     GOES12  20080827  2255   17.21    82.29   237    6.8   75  71.53  0.96
WV     GOES12  20080827  2255   16.97    81.73   237    8.5   83  73.56  0.74
WV     GOES12  20080827  2255   17.13    81.65   237    8.2   82  74.99  0.76
WV     GOES12  20080827  2255   16.93    80.92   325   10.5   74  68.53  0.96
WV     GOES12  20080827  2255   17.28    80.62   137    7.7   78  72.35  0.83
WV     GOES12  20080827  2255   17.24    79.79   137    9.7   72  68.84  0.98
WV     GOES12  20080827  2255   17.31    78.92   162   11.1   83  61.88  0.92
WV     GOES12  20080827  2255   17.38    77.94   137   12.5   67  52.24  1.00
WV     GOES12  20080827  2255   17.31    77.76   137    9.2   68  65.05  0.66
WV     GOES12  20080827  2255   16.91    75.80   162    3.3   23  72.45  0.76
WV     GOES12  20080827  2255   17.22    75.28   175    4.3   12  69.23  0.59
WV     GOES12  20080827  2255   17.30    75.06   162    3.9    8  71.38  0.72
WV     GOES12  20080827  2255   16.99    74.83   162    3.8  316  65.95  0.65
WV     GOES12  20080827  2255   17.43    64.89   187    7.5  303  80.81  0.81
WV     GOES12  20080827  2255   17.05    63.57   237    4.3  232  64.57  0.65
WV     GOES12  20080827  2255   17.37    63.28   275    4.1  267  72.95  0.82
WV     GOES12  20080827  2255   17.02    62.68   175   13.2  330  47.37  0.64
WV     GOES12  20080827  2255   17.31    61.61   175    5.9  312  67.42  0.77
WV     GOES12  20080827  2255   17.31    61.59   175    5.9  311  67.25  0.78
WV     GOES12  20080827  2255   17.47    61.14   175    6.6  289  57.87  0.98
WV     GOES12  20080827  2255   17.33    60.01   162    3.1  127  59.78  0.84
WV     GOES12  20080827  2255   17.30    59.49   162    6.0   67  69.12  0.73
WV     GOES12  20080827  2255   17.50    59.10   175    5.6   89  77.03  0.95
WV     GOES12  20080827  2255   16.71    87.75   137   12.2  355  60.18  0.96
WV     GOES12  20080827  2255   16.82    87.15   137   12.8  357  54.33  0.96
WV     GOES12  20080827  2255   16.50    86.19   337    6.5    4  57.73  0.69
WV     GOES12  20080827  2255   16.39    86.09   337    7.2    9  57.24  0.70
WV     GOES12  20080827  2255   16.72    83.96   162    5.6  110  59.99  0.86
WV     GOES12  20080827  2255   16.82    82.36   237    9.6   86  66.75  0.96
WV     GOES12  20080827  2255   16.82    82.12   200   11.7   84  59.11  0.83
WV     GOES12  20080827  2255   16.31    81.79   200    9.4   78  70.82  0.97
WV     GOES12  20080827  2255   16.82    81.48   200   10.0   78  66.16  0.65
WV     GOES12  20080827  2255   16.66    80.99   362   10.5   77  64.59  0.72
WV     GOES12  20080827  2255   16.73    80.60   250    8.9   83  64.46  0.88
WV     GOES12  20080827  2255   16.50    80.20   225    5.8   40  57.50  0.66
WV     GOES12  20080827  2255   16.77    79.60   137    8.7   73  73.02  0.97
WV     GOES12  20080827  2255   16.61    78.51   162    6.8   80  63.18  0.85
WV     GOES12  20080827  2255   16.37    77.83   162   13.3   49  54.24  0.62
WV     GOES12  20080827  2255   16.49    77.55   137    9.1   83  61.23  0.85
WV     GOES12  20080827  2255   16.68    75.43   175   10.9   35  49.91  0.79
WV     GOES12  20080827  2255   16.37    73.40   212    5.0  317  65.84  0.75
WV     GOES12  20080827  2255   16.41    73.33   212    5.5  316  63.03  0.78
WV     GOES12  20080827  2255   16.49    71.40   212    4.2  283  76.69  0.74
WV     GOES12  20080827  2255   16.78    63.52   250    4.2  218  62.76  0.79
WV     GOES12  20080827  2255   16.39    63.24   162    5.6  355  68.02  0.76
WV     GOES12  20080827  2255   16.59    63.02   150    4.6  342  72.53  0.89
WV     GOES12  20080827  2255   16.55    62.85   175    6.8  334  74.50  0.75
WV     GOES12  20080827  2255   16.71    62.18   162    9.3  322  56.81  0.98
WV     GOES12  20080827  2255   16.71    62.16   162    9.3  321  56.55  0.98
WV     GOES12  20080827  2255   16.88    61.54   175    4.6  309  67.17  0.92
WV     GOES12  20080827  2255   16.84    61.20   150    4.7  349  74.49  0.94
WV     GOES12  20080827  2255   16.71    59.13   187    7.8   69  71.66  0.99
WV     GOES12  20080827  2255   16.68    59.09   200    7.5   68  73.32  1.00
WV     GOES12  20080827  2255   16.05    82.85   287    9.0   81  77.01  0.98
WV     GOES12  20080827  2255   16.01    82.63   275    7.5   79  78.04  0.85
WV     GOES12  20080827  2255   16.24    82.18   275    7.1   78  73.63  0.75
WV     GOES12  20080827  2255   16.24    81.79   200    9.4   78  71.12  0.94
WV     GOES12  20080827  2255   16.16    81.63   225    9.4   81  69.42  0.96
WV     GOES12  20080827  2255   16.23    80.13   225    8.1   70  74.24  0.60
WV     GOES12  20080827  2255   16.18    79.11   300    8.3   81  73.69  0.92
WV     GOES12  20080827  2255   15.99    78.87   137    9.3   86  69.27  0.90
WV     GOES12  20080827  2255   15.76    78.62   162    9.0   92  60.33  1.00
WV     GOES12  20080827  2255   16.14    76.45   137   12.3    9  43.72  0.65
WV     GOES12  20080827  2255   15.91    73.92   237    4.7  322  82.00  0.62
WV     GOES12  20080827  2255   15.91    73.86   237    5.1  317  76.66  0.64
WV     GOES12  20080827  2255   16.10    73.51   225    4.0  305  74.62  0.98
WV     GOES12  20080827  2255   15.72    70.38   175   12.2   18  45.81  0.81
WV     GOES12  20080827  2255   15.87    64.90   150    8.3  338  74.86  0.60
WV     GOES12  20080827  2255   16.15    64.19   150    8.9  339  64.61  0.80
WV     GOES12  20080827  2255   15.92    63.78   175    6.7  322  59.83  0.60
WV     GOES12  20080827  2255   16.24    63.16   150    5.6  356  72.62  0.93
WV     GOES12  20080827  2255   15.93    63.00   150    6.0    1  80.39  0.61
WV     GOES12  20080827  2255   15.78    62.50   137    5.3    5  70.27  0.64
WV     GOES12  20080827  2255   15.86    62.07   175    6.0  354  70.43  0.79
WV     GOES12  20080827  2255   15.82    62.03   162    6.0  350  65.88  0.81
WV     GOES12  20080827  2255   16.02    61.68   175    6.9    3  74.45  0.86
WV     GOES12  20080827  2255   16.26    61.16   175    5.0   20  76.56  0.98
WV     GOES12  20080827  2255   15.81    60.09   162    7.5   50  69.59  0.99
WV     GOES12  20080827  2255   16.00    59.84   175    8.5   67  61.17  0.86
WV     GOES12  20080827  2255   16.32    59.24   200    8.5   50  68.08  0.99
WV     GOES12  20080827  2255   15.17    83.88   162    8.7   73  73.09  0.95
WV     GOES12  20080827  2255   15.59    83.35   237    7.3   74  79.98  0.95
WV     GOES12  20080827  2255   15.55    83.09   287    8.2   77  79.96  0.99
WV     GOES12  20080827  2255   15.35    82.27   275    6.4   82  68.79  0.75
WV     GOES12  20080827  2255   15.66    81.50   225   10.5   78  62.84  0.87
WV     GOES12  20080827  2255   15.57    79.87   300    8.4   81  83.08  0.98
WV     GOES12  20080827  2255   15.34    78.85   200   13.8   91  51.11  0.88
WV     GOES12  20080827  2255   15.57    78.51   137    9.2   91  62.66  1.00
WV     GOES12  20080827  2255   15.48    73.77   187    5.9  347  62.27  0.83
WV     GOES12  20080827  2255   15.26    71.84   187    4.1  339  66.97  0.53
WV     GOES12  20080827  2255   15.38    70.72   162    6.3   54  60.15  0.98
WV     GOES12  20080827  2255   15.53    70.60   162    6.1   47  60.61  0.95
WV     GOES12  20080827  2255   15.53    70.11   150    4.7  347  63.80  0.67
WV     GOES12  20080827  2255   15.16    68.13   162    3.4    6  62.07  0.89
WV     GOES12  20080827  2255   15.33    65.94   187   11.2  340  63.94  0.92
WV     GOES12  20080827  2255   15.61    64.07   187   15.2  355  48.97  0.74
WV     GOES12  20080827  2255   15.51    62.97   175   11.1    8  60.47  0.74
WV     GOES12  20080827  2255   15.55    62.07   187    5.4   26  70.57  0.64
WV     GOES12  20080827  2255   15.44    61.54   187    6.1   38  69.56  0.69
WV     GOES12  20080827  2255   15.56    61.15   175   11.1   19  60.19  0.98
WV     GOES12  20080827  2255   15.61    60.81   150    7.8   41  68.48  0.96
WV     GOES12  20080827  2255   15.61    60.67   150    8.1   39  71.39  0.99
WV     GOES12  20080827  2255   15.69    60.12   162    8.0   45  73.90  1.00
WV     GOES12  20080827  2255   15.42    60.01   225    7.7   49  70.00  0.98
WV     GOES12  20080827  2255   15.66    59.30   200    7.6   62  69.82  0.82
WV     GOES12  20080827  2255   15.02    83.56   250    7.1   49  65.01  0.95
WV     GOES12  20080827  2255   14.63    82.87   162    8.3   75  78.28  0.85
WV     GOES12  20080827  2255   14.70    82.29   187    7.9   81  77.26  0.99
WV     GOES12  20080827  2255   14.97    82.10   250    8.4   72  75.03  0.99
WV     GOES12  20080827  2255   14.78    81.90   275   11.3   78  59.73  0.73
WV     GOES12  20080827  2255   14.70    81.53   337   10.5   92  64.63  0.58
WV     GOES12  20080827  2255   14.58    80.04   162   12.6   79  61.10  0.93
WV     GOES12  20080827  2255   14.73    79.40   300    9.9   84  70.99  0.98
WV     GOES12  20080827  2255   14.69    79.33   300    9.4   84  74.70  0.96
WV     GOES12  20080827  2255   14.99    78.95   187   12.4   89  58.35  0.98
WV     GOES12  20080827  2255   14.72    78.45   187   11.1   81  62.88  0.99
WV     GOES12  20080827  2255   14.72    78.19   212   12.5   63  56.87  0.83
WV     GOES12  20080827  2255   14.60    76.22   200   12.5   41  54.76  0.77
WV     GOES12  20080827  2255   14.79    74.27   162   11.0   75  49.13  0.87
WV     GOES12  20080827  2255   14.79    74.14   162   13.5   77  44.61  0.95
WV     GOES12  20080827  2255   14.53    72.69   162    7.0   46  76.22  0.61
WV     GOES12  20080827  2255   14.68    71.53   150    7.3   42  70.17  0.79
WV     GOES12  20080827  2255   14.72    71.25   137    3.7   27  61.52  0.73
WV     GOES12  20080827  2255   14.70    68.43   162    8.6   31  64.17  0.99
WV     GOES12  20080827  2255   14.97    68.20   137    4.4   14  73.40  0.96
WV     GOES12  20080827  2255   15.04    68.02   162    4.4   14  64.37  0.98
WV     GOES12  20080827  2255   15.06    65.89   175   11.5  336  58.06  0.92
WV     GOES12  20080827  2255   15.06    65.60   137    9.2  349  62.50  0.93
WV     GOES12  20080827  2255   15.06    65.34   187    6.1  357  60.60  0.52
WV     GOES12  20080827  2255   15.10    64.70   225    8.7  339  60.67  0.88
WV     GOES12  20080827  2255   14.88    64.18   175   11.1   21  72.27  0.69
WV     GOES12  20080827  2255   15.11    63.86   175   12.7    2  57.90  0.77
WV     GOES12  20080827  2255   14.96    63.40   175    7.4    6  62.83  0.94
WV     GOES12  20080827  2255   14.97    63.07   175    8.9    6  63.59  0.90
WV     GOES12  20080827  2255   15.09    62.60   175    7.9   30  73.32  0.92
WV     GOES12  20080827  2255   14.63    62.45   187    9.0   38  76.04  0.94
WV     GOES12  20080827  2255   14.67    61.58   175   11.6   28  67.70  0.95
WV     GOES12  20080827  2255   15.06    61.15   162    9.7   33  81.74  0.89
WV     GOES12  20080827  2255   15.06    61.03   162   11.0   30  73.25  0.96
WV     GOES12  20080827  2255   14.95    60.68   175    9.8   25  66.61  0.80
WV     GOES12  20080827  2255   14.84    60.40   200   10.0   63  62.41  0.55
WV     GOES12  20080827  2255   14.13    82.87   187    9.6   75  80.78  0.98
WV     GOES12  20080827  2255   14.51    82.37   187    7.9   83  74.71  0.99
WV     GOES12  20080827  2255   14.09    81.70   200    7.4   73  71.15  0.66
WV     GOES12  20080827  2255   14.47    81.52   162    8.2   88  80.90  0.97
WV     GOES12  20080827  2255   14.20    80.65   175    8.4   96  70.77  0.80
WV     GOES12  20080827  2255   14.16    80.33   162    9.4   88  79.54  0.99
WV     GOES12  20080827  2255   14.31    80.05   162   11.0   83  70.09  0.88
WV     GOES12  20080827  2255   14.42    79.84   300    9.4   84  75.96  0.87
WV     GOES12  20080827  2255   14.12    79.34   237    8.1  107  60.18  0.66
WV     GOES12  20080827  2255   14.12    79.32   250    8.4  101  65.37  0.86
WV     GOES12  20080827  2255   14.38    78.77   200    9.7   77  70.72  0.98
WV     GOES12  20080827  2255   14.11    78.46   250    8.8   93  64.18  0.83
WV     GOES12  20080827  2255   14.46    78.32   200   12.3   70  61.58  0.97
WV     GOES12  20080827  2255   14.22    76.45   187   15.4   43  49.96  0.96
WV     GOES12  20080827  2255   14.30    76.37   187   16.3   45  47.77  0.91
WV     GOES12  20080827  2255   14.07    75.77   225   15.4   37  48.62  0.79
WV     GOES12  20080827  2255   14.07    75.47   237   13.3   36  53.49  0.98
WV     GOES12  20080827  2255   14.26    74.70   187    9.9   24  58.66  0.55
WV     GOES12  20080827  2255   14.18    74.04   175   13.8   73  47.10  0.61
WV     GOES12  20080827  2255   14.41    72.69   162    7.1   44  78.99  0.62
WV     GOES12  20080827  2255   14.42    71.85   150    8.5   55  65.96  0.68
WV     GOES12  20080827  2255   14.46    71.58   137    4.2   34  60.82  0.65
WV     GOES12  20080827  2255   14.23    69.48   200   15.3   21  45.24  0.86
WV     GOES12  20080827  2255   14.16    69.11   200   13.8   20  49.17  0.60
WV     GOES12  20080827  2255   14.51    68.48   162    8.7   35  64.79  0.99
WV     GOES12  20080827  2255   14.43    68.35   162    9.4   35  62.89  0.99
WV     GOES12  20080827  2255   14.48    66.37   175    8.2  348  58.61  0.74
WV     GOES12  20080827  2255   14.53    64.86   187   15.5  352  47.35  0.86
WV     GOES12  20080827  2255   14.38    63.91   187   13.1   24  64.59  0.95
WV     GOES12  20080827  2255   14.27    63.82   187   12.3   27  70.03  0.89
WV     GOES12  20080827  2255   14.46    63.46   175    7.8   18  59.56  0.72
WV     GOES12  20080827  2255   14.47    62.44   137    9.2   39  74.31  0.66
WV     GOES12  20080827  2255   14.06    61.94   187   14.4   41  62.35  0.99
WV     GOES12  20080827  2255   14.37    61.60   137   12.6   27  55.63  0.92
WV     GOES12  20080827  2255   14.56    61.32   175   12.0   26  63.96  0.99
WV     GOES12  20080827  2255   14.22    61.17   200    6.4   64  54.48  0.81
WV     GOES12  20080827  2255   14.36    59.17   262    7.1  357  55.93  0.52
WV     GOES12  20080827  2255   14.28    59.13   237   11.6    8  48.73  0.75
WV     GOES12  20080827  2255   13.87    82.84   187   11.1   67  66.48  1.00
WV     GOES12  20080827  2255   13.52    82.24   200    7.9   61  63.29  0.88
WV     GOES12  20080827  2255   13.52    82.07   225    8.4   68  75.43  0.81
WV     GOES12  20080827  2255   13.78    81.67   200    6.6   88  64.80  0.95
WV     GOES12  20080827  2255   13.63    81.36   162    8.2  102  68.75  0.88
WV     GOES12  20080827  2255   13.63    81.11   162    7.4   98  71.78  0.81
WV     GOES12  20080827  2255   13.89    80.73   162    9.8  105  63.65  0.98
WV     GOES12  20080827  2255   13.47    80.46   162    9.9  101  65.08  0.99
WV     GOES12  20080827  2255   13.70    80.04   162   11.7  104  57.83  0.99
WV     GOES12  20080827  2255   13.85    79.83   162   10.9  104  58.76  1.00
WV     GOES12  20080827  2255   13.93    79.57   175   10.9   96  60.52  0.99
WV     GOES12  20080827  2255   13.84    76.77   200    6.2   47  62.05  0.61
WV     GOES12  20080827  2255   13.43    76.36   212    9.1   53  73.10  0.95
WV     GOES12  20080827  2255   13.69    75.83   212   11.2   48  64.14  0.62
WV     GOES12  20080827  2255   13.46    75.26   212   13.8   51  52.81  0.78
WV     GOES12  20080827  2255   13.88    74.74   175   11.9   40  58.72  0.97
WV     GOES12  20080827  2255   13.46    73.36   187    3.8   51  60.64  0.96
WV     GOES12  20080827  2255   13.54    73.21   187    4.4   57  64.75  0.91
WV     GOES12  20080827  2255   13.84    72.74   187    6.0   66  69.46  0.83
WV     GOES12  20080827  2255   13.89    70.64   175   12.0   16  48.59  0.73
WV     GOES12  20080827  2255   13.89    69.98   187    7.3   43  82.48  0.73
WV     GOES12  20080827  2255   13.60    67.34   150   13.3    4  56.48  0.65
WV     GOES12  20080827  2255   13.45    66.68   200   12.8   25  66.74  0.68
WV     GOES12  20080827  2255   13.76    65.30   237   14.3   17  47.54  0.88
WV     GOES12  20080827  2255   13.65    65.13   200   14.9   19  55.39  0.62
WV     GOES12  20080827  2255   13.54    64.35   187   15.1   42  67.66  0.88
WV     GOES12  20080827  2255   13.70    63.92   187   13.1   43  76.96  0.97
WV     GOES12  20080827  2255   13.70    63.86   187   14.2   42  72.18  0.91
WV     GOES12  20080827  2255   13.47    63.30   162   13.5   48  71.43  0.99
WV     GOES12  20080827  2255   13.51    63.19   175   12.9   50  70.49  0.98
WV     GOES12  20080827  2255   13.75    62.62   175    9.5   52  59.50  0.91
WV     GOES12  20080827  2255   13.94    62.23   137    9.4   50  61.97  0.97
WV     GOES12  20080827  2255   13.83    61.97   137   13.9   44  63.13  1.00
WV     GOES12  20080827  2255   13.75    61.82   137   13.9   45  64.47  1.00
WV     GOES12  20080827  2255   13.76    61.51   137   12.2   50  71.84  0.82
WV     GOES12  20080827  2255   13.48    59.04   200   14.5   40  64.63  0.95
WV     GOES12  20080827  2255   13.26    82.69   187   11.4   68  67.14  0.99
WV     GOES12  20080827  2255   13.22    82.51   187    9.7   70  72.86  0.98
WV     GOES12  20080827  2255   13.37    82.13   225    7.6   66  69.74  0.95
WV     GOES12  20080827  2255   13.33    81.61   162    7.6   82  74.32  0.85
WV     GOES12  20080827  2255   13.33    81.48   162    8.3   94  76.10  0.99
WV     GOES12  20080827  2255   13.29    81.01   212    7.8   95  63.13  0.80
WV     GOES12  20080827  2255   13.36    80.86   162    9.8  103  65.15  0.99
WV     GOES12  20080827  2255   13.36    80.39   175    9.3  101  62.25  0.85
WV     GOES12  20080827  2255   13.09    80.21   150    6.3   78  60.81  0.65
WV     GOES12  20080827  2255   13.21    79.70   175    8.6   67  65.20  0.93
WV     GOES12  20080827  2255   13.17    79.62   175    8.6   71  66.34  0.84
WV     GOES12  20080827  2255   13.28    79.30   250    6.2   82  69.64  0.65
WV     GOES12  20080827  2255   12.82    78.50   175   12.4   57  68.65  1.00
WV     GOES12  20080827  2255   13.12    77.15   200    7.7   50  61.54  0.94
WV     GOES12  20080827  2255   13.16    76.91   200    8.9   62  66.33  0.89
WV     GOES12  20080827  2255   13.31    76.70   200    8.5   66  63.29  0.91
WV     GOES12  20080827  2255   13.31    76.23   212    9.5   48  79.64  0.96
WV     GOES12  20080827  2255   13.27    75.81   212   12.9   42  59.43  0.99
WV     GOES12  20080827  2255   13.05    75.72   212   13.5   42  58.19  1.00
WV     GOES12  20080827  2255   13.08    75.38   225    8.3   46  70.59  0.91
WV     GOES12  20080827  2255   13.16    74.79   137    8.9   41  58.45  0.71
WV     GOES12  20080827  2255   13.27    73.66   162    6.5   60  64.56  0.64
WV     GOES12  20080827  2255   13.24    70.64   212   11.5   33  50.23  0.58
WV     GOES12  20080827  2255   13.09    69.81   175   14.8   26  47.51  0.61
WV     GOES12  20080827  2255   13.26    67.51   137   12.0   25  64.78  0.91
WV     GOES12  20080827  2255   12.95    67.28   137   12.6   22  69.20  0.79
WV     GOES12  20080827  2255   13.15    66.93   200   12.8   16  58.55  0.89
WV     GOES12  20080827  2255   12.92    66.42   175   14.5   30  75.21  1.00
WV     GOES12  20080827  2255   13.08    65.57   175   11.4   43  60.58  1.00
WV     GOES12  20080827  2255   13.15    65.50   175   11.6   43  61.49  0.96
WV     GOES12  20080827  2255   13.35    65.01   187   11.6   39  68.55  0.91
WV     GOES12  20080827  2255   13.28    64.45   187   13.2   32  66.61  0.58
WV     GOES12  20080827  2255   12.98    64.03   187   16.6   53  63.83  0.99
WV     GOES12  20080827  2255   13.32    63.77   187   13.4   43  78.29  1.00
WV     GOES12  20080827  2255   13.40    63.30   162   14.2   47  74.15  1.00
WV     GOES12  20080827  2255   13.13    63.19   162   14.0   47  75.70  1.00
WV     GOES12  20080827  2255   13.25    62.90   162   11.9   43  65.29  0.90
WV     GOES12  20080827  2255   12.91    62.32   162   12.2   59  59.20  0.81
WV     GOES12  20080827  2255   13.18    61.97   200   13.8   45  70.65  1.00
WV     GOES12  20080827  2255   13.15    61.62   225   14.3   39  60.19  1.00
WV     GOES12  20080827  2255   13.15    61.55   237   14.2   39  58.86  1.00
WV     GOES12  20080827  2255   13.13    59.45   212   14.6   39  59.28  0.96
WV     GOES12  20080827  2255   13.44    59.05   200   14.5   40  64.81  0.96
WV     GOES12  20080827  2255   12.43    88.86   187   13.6   83  59.79  1.00
WV     GOES12  20080827  2255   12.65    87.18   225   19.4   73  52.37  0.86
WV     GOES12  20080827  2255   12.76    87.05   200   17.5   70  71.78  0.80
WV     GOES12  20080827  2255   12.50    82.83   187   11.5   77  77.10  0.88
WV     GOES12  20080827  2255   12.50    82.77   187   11.5   77  76.48  0.86
WV     GOES12  20080827  2255   12.54    82.40   175   12.0   81  66.96  0.99
WV     GOES12  20080827  2255   12.69    82.06   175    9.1   82  81.62  0.73
WV     GOES12  20080827  2255   12.46    81.18   187    7.3   89  62.13  0.74
WV     GOES12  20080827  2255   12.30    80.09   137   12.0   73  58.58  0.83
WV     GOES12  20080827  2255   12.53    79.73   175   13.2   68  68.75  0.90
WV     GOES12  20080827  2255   12.60    79.09   137    9.6   59  55.03  0.92
WV     GOES12  20080827  2255   12.49    78.67   175   13.6   58  67.00  0.98
WV     GOES12  20080827  2255   12.79    78.50   175   12.5   57  68.47  1.00
WV     GOES12  20080827  2255   12.30    78.18   175   14.5   60  71.85  1.00
WV     GOES12  20080827  2255   12.41    77.73   225   13.3   62  70.84  0.95
WV     GOES12  20080827  2255   12.52    77.61   200   11.1   61  69.32  0.97
WV     GOES12  20080827  2255   12.71    77.37   200   11.7   50  69.91  0.96
WV     GOES12  20080827  2255   12.37    76.23   175   12.0   58  75.21  0.89
WV     GOES12  20080827  2255   12.37    76.10   175   11.4   55  70.65  0.95
WV     GOES12  20080827  2255   12.41    75.63   162   16.5   80  51.37  0.98
WV     GOES12  20080827  2255   12.41    75.21   162    6.4   91  51.96  0.85
WV     GOES12  20080827  2255   12.33    74.09   150   15.7   69  55.14  0.90
WV     GOES12  20080827  2255   12.67    73.69   162   15.4   60  54.22  0.65
WV     GOES12  20080827  2255   12.71    73.54   162   12.9   63  63.62  0.89
WV     GOES12  20080827  2255   12.45    70.93   175    7.3  102  53.40  0.81
WV     GOES12  20080827  2255   12.38    69.85   162   11.3   68  66.63  0.90
WV     GOES12  20080827  2255   12.54    67.23   162   13.0   20  67.03  0.99
WV     GOES12  20080827  2255   12.62    66.93   162   15.3   20  64.27  0.94
WV     GOES12  20080827  2255   12.39    66.72   175   14.1   20  61.54  0.99
WV     GOES12  20080827  2255   12.77    66.38   175   14.8   28  72.69  0.98
WV     GOES12  20080827  2255   12.58    66.05   137   14.4   18  62.38  1.00
WV     GOES12  20080827  2255   12.62    65.85   187   15.6   22  56.98  0.97
WV     GOES12  20080827  2255   12.78    65.45   337    8.2   49  79.77  0.93
WV     GOES12  20080827  2255   12.70    64.94   337   10.3   41  64.23  0.89
WV     GOES12  20080827  2255   12.78    64.37   200   12.2   52  65.31  0.64
WV     GOES12  20080827  2255   12.68    63.65   187   16.7   49  69.15  0.99
WV     GOES12  20080827  2255   12.75    63.58   187   16.6   49  69.19  1.00
WV     GOES12  20080827  2255   12.34    63.23   162   17.0   47  74.31  0.97
WV     GOES12  20080827  2255   12.53    62.74   162   14.6   54  68.68  0.86
WV     GOES12  20080827  2255   12.46    62.52   162   15.2   55  68.56  0.98
WV     GOES12  20080827  2255   12.65    62.20   162   14.8   54  70.81  1.00
WV     GOES12  20080827  2255   12.65    61.72   187   14.2   46  74.57  0.97
WV     GOES12  20080827  2255   12.62    61.57   187   13.9   50  80.85  0.97
WV     GOES12  20080827  2255   12.55    60.73   212   15.2   59  58.53  0.62
WV     GOES12  20080827  2255   12.67    60.07   212   13.3   48  69.69  0.74
WV     GOES12  20080827  2255   12.83    59.05   225   17.3   41  48.26  0.94
WV     GOES12  20080827  2255   12.28    88.94   187   13.5   83  59.62  0.89
WV     GOES12  20080827  2255   12.08    87.85   212   18.0   77  64.89  0.96
WV     GOES12  20080827  2255   12.08    87.67   212   17.1   77  69.17  0.98
WV     GOES12  20080827  2255   12.00    87.23   162   14.6   76  76.75  0.63
WV     GOES12  20080827  2255   12.16    82.97   187    9.3   82  66.98  0.66
WV     GOES12  20080827  2255   12.13    82.77   187   11.1   80  78.63  0.99
WV     GOES12  20080827  2255   12.20    82.41   175    9.8   81  80.12  0.93
WV     GOES12  20080827  2255   12.05    81.94   175    8.7   68  64.52  0.86
WV     GOES12  20080827  2255   12.16    81.66   150    7.1   69  60.62  0.90
WV     GOES12  20080827  2255   12.16    81.49   162    6.8   74  61.45  0.94
WV     GOES12  20080827  2255   12.15    80.38   137   11.9   70  55.91  1.00
WV     GOES12  20080827  2255   12.19    80.06   137   13.0   71  55.28  0.98
WV     GOES12  20080827  2255   12.15    79.83   175   14.6   71  67.32  0.98
WV     GOES12  20080827  2255   12.15    79.45   212   13.5   68  76.21  1.00
WV     GOES12  20080827  2255   11.85    78.74   187   16.2   70  72.19  1.00
WV     GOES12  20080827  2255   12.15    78.45   175   15.3   61  69.64  1.00
WV     GOES12  20080827  2255   12.18    78.28   175   14.5   59  69.15  1.00
WV     GOES12  20080827  2255   12.22    77.62   225   12.8   59  81.44  0.82
WV     GOES12  20080827  2255   11.81    77.07   225   15.3   52  64.66  0.96
WV     GOES12  20080827  2255   12.14    76.92   225   16.3   53  59.53  0.99
WV     GOES12  20080827  2255   11.96    76.52   175   13.9   61  73.25  0.99
WV     GOES12  20080827  2255   12.11    76.42   175   14.4   60  68.41  0.99
WV     GOES12  20080827  2255   11.99    75.87   162   16.2   74  58.37  0.92
WV     GOES12  20080827  2255   12.14    75.27   162    8.4   84  56.94  0.66
WV     GOES12  20080827  2255   11.96    75.08   162    9.9   77  64.70  0.76
WV     GOES12  20080827  2255   12.11    74.83   162   14.8   67  61.41  0.75
WV     GOES12  20080827  2255   11.88    74.16   162   11.8   81  65.69  0.68
WV     GOES12  20080827  2255   12.11    69.92   150   11.5   64  71.94  0.94
WV     GOES12  20080827  2255   12.23    69.38   175   11.6   80  54.51  0.83
WV     GOES12  20080827  2255   11.78    69.07   162   16.2   27  48.94  0.99
WV     GOES12  20080827  2255   11.97    68.24   137   11.1   44  62.66  0.97
WV     GOES12  20080827  2255   11.90    67.55   137   15.4   16  54.62  0.99
WV     GOES12  20080827  2255   12.16    67.27   162   13.3   20  63.01  0.94
WV     GOES12  20080827  2255   12.16    66.90   175   13.9   20  59.93  0.98
WV     GOES12  20080827  2255   12.20    66.84   175   14.0   20  60.05  0.97
WV     GOES12  20080827  2255   11.98    66.52   150   13.6   32  72.57  0.99
WV     GOES12  20080827  2255   12.02    66.07   150   14.2   25  69.36  0.99
WV     GOES12  20080827  2255   12.25    65.33   200    9.8   60  54.35  0.88
WV     GOES12  20080827  2255   11.84    65.06   162   13.8   39  65.92  0.96
WV     GOES12  20080827  2255   11.92    64.08   200   18.9   39  54.69  0.88
WV     GOES12  20080827  2255   11.92    63.74   162   19.9   42  60.96  1.00
WV     GOES12  20080827  2255   12.07    63.62   162   20.2   42  59.14  1.00
WV     GOES12  20080827  2255   12.26    63.24   162   17.4   46  72.44  0.97
WV     GOES12  20080827  2255   12.08    62.88   162   16.1   48  83.44  0.94
WV     GOES12  20080827  2255   12.20    62.36   162   17.6   49  68.10  0.99
WV     GOES12  20080827  2255   12.05    62.22   162   17.4   45  67.83  0.99
WV     GOES12  20080827  2255   12.20    61.97   162   15.3   50  80.58  0.98
WV     GOES12  20080827  2255   12.17    61.46   187   14.4   55  71.74  0.99
WV     GOES12  20080827  2255   12.20    61.30   187   14.2   50  81.52  0.98
WV     GOES12  20080827  2255   11.79    60.73   187   13.1   40  67.51  0.97
WV     GOES12  20080827  2255   11.80    60.51   187   14.0   48  81.53  1.00
WV     GOES12  20080827  2255   12.06    60.14   162   14.3   41  76.29  0.64
WV     GOES12  20080827  2255   11.99    59.85   175   10.6   58  55.62  0.67
WV     GOES12  20080827  2255   12.00    59.09   162   14.1   31  66.13  0.72
WV     GOES12  20080827  2255   11.45    88.74   300    9.2   91  72.13  0.67
WV     GOES12  20080827  2255   11.30    88.49   212   14.0   80  69.20  0.98
WV     GOES12  20080827  2255   11.67    88.16   212   20.0   74  56.10  0.83
WV     GOES12  20080827  2255   11.48    87.84   187   19.5   72  63.18  0.78
WV     GOES12  20080827  2255   11.63    87.23   162   13.2   80  63.82  0.97
WV     GOES12  20080827  2255   11.21    86.77   162   15.7   82  74.27  0.96
WV     GOES12  20080827  2255   11.67    81.95   187    6.9   96  56.26  0.83
WV     GOES12  20080827  2255   11.36    78.92   200   18.1   67  64.91  0.83
WV     GOES12  20080827  2255   11.58    78.59   187   21.4   65  52.50  0.79
WV     GOES12  20080827  2255   11.58    78.12   187   17.7   67  68.02  0.98
WV     GOES12  20080827  2255   11.32    77.11   162   21.3   66  52.63  0.77
WV     GOES12  20080827  2255   11.28    76.24   175   12.3   87  56.29  0.91
WV     GOES12  20080827  2255   11.39    75.19   137   11.6   72  69.25  0.81
WV     GOES12  20080827  2255   11.66    75.11   137   12.2   70  76.96  0.75
WV     GOES12  20080827  2255   11.24    73.80   200   17.1   55  49.10  0.73
WV     GOES12  20080827  2255   11.36    73.55   200   16.8   54  48.39  0.72
WV     GOES12  20080827  2255   11.39    73.04   150   16.1   64  59.68  0.72
WV     GOES12  20080827  2255   11.28    72.51   212    6.5   55  62.13  0.80
WV     GOES12  20080827  2255   11.40    70.44   162   14.1   95  48.19  0.53
WV     GOES12  20080827  2255   11.48    69.34   150   15.1   33  53.59  0.85
WV     GOES12  20080827  2255   11.63    69.03   162   15.4   30  51.29  0.99
WV     GOES12  20080827  2255   11.63    68.55   162   13.3   29  57.87  0.98
WV     GOES12  20080827  2255   11.48    68.27   137   14.6   29  61.23  0.98
WV     GOES12  20080827  2255   11.56    67.59   137   15.4   18  57.25  0.99
WV     GOES12  20080827  2255   11.64    66.73   150   14.5   35  76.89  1.00
WV     GOES12  20080827  2255   11.60    66.54   150   14.3   32  78.42  1.00
WV     GOES12  20080827  2255   11.50    65.23   200   15.3   43  67.48  0.98
WV     GOES12  20080827  2255   11.62    64.47   150   18.0   35  64.42  0.98
WV     GOES12  20080827  2255   11.62    64.03   137   19.5   39  54.15  1.00
WV     GOES12  20080827  2255   11.66    63.75   137   19.5   48  54.05  0.96
WV     GOES12  20080827  2255   11.62    63.45   162   16.5   44  78.31  0.96
WV     GOES12  20080827  2255   11.70    63.27   162   17.4   43  70.21  0.99
WV     GOES12  20080827  2255   11.22    62.00   337    7.6    4  70.56  0.80
WV     GOES12  20080827  2255   11.57    60.75   137   13.1   42  71.65  0.97
WV     GOES12  20080827  2255   11.72    60.49   187   14.3   48  77.96  1.00
WV     GOES12  20080827  2255   11.27    60.34   137   15.7   45  56.95  0.96
WV     GOES12  20080827  2255   11.66    59.49   175   10.7   58  56.05  0.61
WV     GOES12  20080827  2255   11.66    59.32   312    9.9   22  61.59  0.72
WV     GOES12  20080827  2255   10.85    88.44   300   13.0   94  68.29  0.96
WV     GOES12  20080827  2255   10.73    88.06   350   11.9   86  61.74  0.96
WV     GOES12  20080827  2255   10.77    87.93   300   12.5   88  75.06  0.95
WV     GOES12  20080827  2255   11.07    87.31   275   10.6   90  69.82  0.74
WV     GOES12  20080827  2255   11.06    87.29   162   11.3   89  52.36  0.87
WV     GOES12  20080827  2255   11.14    86.79   162   15.7   83  72.00  0.92
WV     GOES12  20080827  2255   10.94    85.35   312   12.3   87  76.21  0.96
WV     GOES12  20080827  2255   11.03    81.78   300    4.4  101  72.93  0.83
WV     GOES12  20080827  2255   11.03    80.57   225   20.8   71  48.25  0.99
WV     GOES12  20080827  2255   11.02    77.74   187   20.1   63  58.27  0.89
WV     GOES12  20080827  2255   11.02    77.44   187   17.0   69  78.08  0.97
WV     GOES12  20080827  2255   10.76    76.89   162   14.3   93  53.19  0.90
WV     GOES12  20080827  2255   10.98    76.62   187   16.6   92  51.31  0.98
WV     GOES12  20080827  2255   11.06    76.39   175   15.1   91  54.70  0.99
WV     GOES12  20080827  2255   10.68    75.17   162   22.0   67  49.03  0.87
WV     GOES12  20080827  2255   10.82    66.14   150   13.6   50  62.88  0.95
WV     GOES12  20080827  2255   10.89    65.90   287   12.9   43  53.75  0.68
WV     GOES12  20080827  2255   11.01    65.61   300    8.7   60  73.89  0.93
WV     GOES12  20080827  2255   10.71    65.09   200   12.6   48  76.24  0.52
WV     GOES12  20080827  2255   11.09    64.71   200   16.0   42  63.74  0.97
WV     GOES12  20080827  2255   10.75    64.46   200   13.2   48  81.93  0.99
WV     GOES12  20080827  2255   11.02    64.23   362    6.4   74  71.42  0.88
WV     GOES12  20080827  2255   10.79    63.98   325    8.7   80  64.77  0.73
WV     GOES12  20080827  2255   10.72    63.38   312    5.8   81  59.97  0.85
WV     GOES12  20080827  2255   11.10    62.66   162   14.7   57  63.24  0.82
WV     GOES12  20080827  2255   11.11    61.96   350    8.1  358  72.80  0.68
WV     GOES12  20080827  2255   10.75    60.42   250    5.4   53  81.47  0.85
WV     GOES12  20080827  2255   10.75    60.40   262    5.4   53  81.89  0.86
WV     GOES12  20080827  2255   10.25    88.06   312   11.9   78  65.22  0.94
WV     GOES12  20080827  2255   10.54    87.50   275    9.0   97  58.02  0.88
WV     GOES12  20080827  2255   10.47    87.37   337    9.2   93  76.14  0.94
WV     GOES12  20080827  2255   10.42    85.50   162   20.5   81  59.56  0.92
WV     GOES12  20080827  2255   10.42    85.42   150   21.5   80  58.82  0.83
WV     GOES12  20080827  2255   10.32    80.00   137   20.4   70  49.10  0.98
WV     GOES12  20080827  2255   10.36    79.62   137   20.2   74  52.22  0.98
WV     GOES12  20080827  2255   10.35    78.00   212   16.2   75  71.52  0.99
WV     GOES12  20080827  2255   10.46    77.69   212   16.9   74  67.37  0.96
WV     GOES12  20080827  2255   10.39    77.46   200   19.0   81  57.62  0.83
WV     GOES12  20080827  2255   10.46    75.40   175   21.5   67  51.01  0.86
WV     GOES12  20080827  2255   10.50    75.29   162   21.6   67  51.06  0.88
WV     GOES12  20080827  2255   10.13    75.00   137   18.8   68  58.81  0.77
WV     GOES12  20080827  2255   10.52    66.94   200   11.0   98  51.85  0.66
WV     GOES12  20080827  2255   10.04    65.65   200   16.4   50  54.14  0.74
WV     GOES12  20080827  2255   10.30    65.00   300   11.4   72  68.62  0.68
WV     GOES12  20080827  2255   10.53    64.60   200   12.3   54  70.94  0.95
WV     GOES12  20080827  2255   10.49    64.32   200   13.9   47  72.58  0.90
WV     GOES12  20080827  2255   10.16    64.10   187    8.7   49  57.44  0.82
WV     GOES12  20080827  2255   10.57    63.34   325    7.0   54  81.77  0.77
WV     GOES12  20080827  2255   10.28    62.92   237    8.2    1  54.17  0.98
WV     GOES12  20080827  2255   10.13    62.30   325    8.8    7  58.11  0.93
WV     GOES12  20080827  2255   10.17    62.25   325    8.5    6  58.71  0.94
WV     GOES12  20080827  2255    9.76    87.60   250   13.2   69  72.20  0.82
WV     GOES12  20080827  2255    9.94    86.91   162   15.6   78  66.43  0.87
WV     GOES12  20080827  2255    9.64    86.36   162   16.4   71  63.19  0.92
WV     GOES12  20080827  2255    9.82    85.65   150   20.7   82  71.50  0.93
WV     GOES12  20080827  2255    9.93    85.42   150   20.4   84  69.07  0.96
WV     GOES12  20080827  2255    9.93    85.29   150   20.3   84  69.27  1.00
WV     GOES12  20080827  2255    9.88    82.41   137   14.8   91  59.76  0.63
WV     GOES12  20080827  2255    9.58    81.61   137   15.0   91  56.81  0.98
WV     GOES12  20080827  2255    9.58    81.17   200   15.9   91  61.34  0.98
WV     GOES12  20080827  2255    9.73    81.05   200   13.9   99  59.18  0.93
WV     GOES12  20080827  2255    9.50    80.62   187   18.3   84  60.35  0.87
WV     GOES12  20080827  2255    9.61    80.20   175   12.4   56  49.12  0.90
WV     GOES12  20080827  2255    9.61    80.16   187   12.7   54  49.01  0.88
WV     GOES12  20080827  2255    9.91    78.10   212   15.0   84  63.20  0.63
WV     GOES12  20080827  2255    9.79    77.74   162   21.4   77  65.60  1.00
WV     GOES12  20080827  2255    9.91    77.66   150   20.8   76  67.96  1.00
WV     GOES12  20080827  2255    9.98    77.26   150   18.9   74  69.44  0.97
WV     GOES12  20080827  2255    9.85    60.41   300   13.9   60  50.25  0.68
WV     GOES12  20080827  2255    9.74    59.84   337   10.2   47  57.67  0.62
WV     GOES12  20080827  2255    9.12    86.68   137   24.6   74  56.89  0.96
WV     GOES12  20080827  2255    9.38    86.47   162   18.9   77  79.65  0.94
WV     GOES12  20080827  2255    9.31    86.23   150   23.1   77  65.61  0.99
WV     GOES12  20080827  2255    9.08    85.32   137   16.9   71  52.24  0.77
WV     GOES12  20080827  2255    9.11    85.22   137   13.0   72  44.47  0.56
WV     GOES12  20080827  2255    9.36    82.39   137   11.3  109  43.94  0.71
WV     GOES12  20080827  2255    9.06    82.02   162   11.8   94  54.44  0.64
WV     GOES12  20080827  2255    9.28    81.50   150   14.5   90  58.40  0.97
WV     GOES12  20080827  2255    9.02    81.14   162   20.1   72  57.62  0.76
WV     GOES12  20080827  2255    9.28    80.49   187   16.2   77  69.27  0.82
WV     GOES12  20080827  2255    9.35    79.27   137   21.4   77  59.10  0.83
WV     GOES12  20080827  2255    9.31    78.96   212    9.2   81  54.95  0.64
WV     GOES12  20080827  2255    9.24    77.30   212   12.6   70  68.52  0.52
WV     GOES12  20080827  2255    9.05    76.73   150   22.0   81  67.74  0.97
WV     GOES12  20080827  2255    9.02    76.42   137   25.2   81  51.34  0.88
WV     GOES12  20080827  2255    9.09    75.98   137   26.1   76  48.29  0.91
WV     GOES12  20080827  2255    9.27    64.26   150   17.3   26  50.27  0.67
WV     GOES12  20080827  2255    9.17    61.06   150    9.0   14  77.16  0.94
WV     GOES12  20080827  2255    9.06    60.82   150    7.2    8  70.33  0.81
WV     GOES12  20080827  2255    9.22    59.18   337    6.2   38  82.45  0.98
WV     GOES12  20080827  2255    9.15    59.12   337    5.9   27  73.44  0.83
WV     GOES12  20080827  2255    8.65    88.88   237   17.6   48  51.30  0.93
WV     GOES12  20080827  2255    8.69    88.81   237   18.4   47  48.94  0.91
WV     GOES12  20080827  2255    8.69    88.48   237   14.6   61  68.18  0.83
WV     GOES12  20080827  2255    8.87    88.14   212   14.6   70  65.62  0.69
WV     GOES12  20080827  2255    8.71    86.21   150   25.0   79  63.13  0.77
WV     GOES12  20080827  2255    8.71    85.87   150   21.8   80  72.54  0.74
WV     GOES12  20080827  2255    8.52    84.71   150   24.7   72  60.61  0.97
WV     GOES12  20080827  2255    8.52    84.60   150   25.1   73  59.66  0.93
WV     GOES12  20080827  2255    8.73    83.03   137   21.0   72  59.58  0.76
WV     GOES12  20080827  2255    8.44    82.69   137   11.9   60  46.46  0.84
WV     GOES12  20080827  2255    8.66    82.21   150   19.6   75  66.47  0.75
WV     GOES12  20080827  2255    8.69    80.84   187   17.9   74  58.67  0.96
WV     GOES12  20080827  2255    8.69    80.79   187   17.8   73  58.47  0.98
WV     GOES12  20080827  2255    8.68    77.88   175   21.0   83  59.44  0.65
WV     GOES12  20080827  2255    8.43    77.06   150   27.5   80  49.39  0.82
WV     GOES12  20080827  2255    8.65    76.75   150   20.0   85  64.22  0.60
WV     GOES12  20080827  2255    8.69    60.62   150    8.8   16  73.51  0.86
WV     GOES12  20080827  2255    8.77    60.37   150    8.3    9  79.40  0.80
WV     GOES12  20080827  2255    8.81    60.17   137    7.4  356  70.29  0.83
WV     GOES12  20080827  2255    8.81    59.24   337    6.6   37  77.98  0.97
WV     GOES12  20080827  2255    8.20    87.08   187   13.7   80  67.91  0.89
WV     GOES12  20080827  2255    8.27    86.39   212    8.7   39  51.59  0.52
WV     GOES12  20080827  2255    8.23    86.07   175   22.8   79  51.13  0.88
WV     GOES12  20080827  2255    8.27    86.00   150   22.8   79  72.75  0.81
WV     GOES12  20080827  2255    8.26    85.57   162   15.2   75  55.04  0.87
WV     GOES12  20080827  2255    8.26    84.72   150   26.3   72  57.78  0.97
WV     GOES12  20080827  2255    8.15    84.40   175   18.1   63  56.18  0.61
WV     GOES12  20080827  2255    8.07    82.26   137   14.8   60  52.37  0.60
WV     GOES12  20080827  2255    7.95    81.35   162   18.1   69  74.15  0.80
WV     GOES12  20080827  2255    7.99    81.20   175   13.9   67  59.72  0.79
WV     GOES12  20080827  2255    8.32    80.41   137   19.2   56  53.16  0.64
WV     GOES12  20080827  2255    8.28    80.09   162   25.4   65  47.99  0.99
WV     GOES12  20080827  2255    8.24    77.19   150   26.1   81  52.38  0.72
WV     GOES12  20080827  2255    8.09    76.62   150   19.0   69  62.37  0.99
WV     GOES12  20080827  2255    8.37    59.62   400    5.6   77  78.79  0.65
WV     GOES12  20080827  2255    7.72    88.03   312   11.8   86  73.44  0.90
WV     GOES12  20080827  2255    7.72    87.02   187   15.2   64  65.52  0.83
WV     GOES12  20080827  2255    7.75    86.57   275   12.4   78  75.56  0.93
WV     GOES12  20080827  2255    7.68    85.94   250   12.3   80  75.62  0.94
WV     GOES12  20080827  2255    7.48    82.98   162   15.8   80  56.50  0.79
WV     GOES12  20080827  2255    7.37    81.74   137   16.9   60  53.05  0.66
WV     GOES12  20080827  2255    7.37    81.65   137   23.8   62  60.62  0.82
WV     GOES12  20080827  2255    6.77    88.82   262   14.2   69  78.40  0.97
WV     GOES12  20080827  2255    6.91    88.57   237   15.5   72  67.79  0.84
WV     GOES12  20080827  2255    7.24    86.76   187   13.1   68  65.80  0.70
WV     GOES12  20080827  2255    7.24    86.44   175   17.4   73  72.88  0.54
WV     GOES12  20080827  2255    6.94    85.62   175   22.7   76  59.36  0.61
WV     GOES12  20080827  2255    6.94    85.32   162   26.5   82  57.13  0.89
WV     GOES12  20080827  2255    6.79    85.04   162   28.0   77  55.07  0.55
WV     GOES12  20080827  2255    7.19    84.39   175   21.2   83  59.92  0.66
WV     GOES12  20080827  2255    6.82    83.52   150   31.9   67  47.26  0.64
WV     GOES12  20080827  2255    7.15    82.05   137   18.7   56  54.23  0.81
WV     GOES12  20080827  2255    7.15    81.96   137   18.8   58  56.23  1.00
WV     GOES12  20080827  2255    7.10    78.60   150   19.0   76  63.59  0.99
WV     GOES12  20080827  2255    7.18    78.24   175   15.6   76  67.78  0.62
WV     GOES12  20080827  2255    6.62    88.93   250   14.1   70  78.52  0.99
WV     GOES12  20080827  2255    6.69    88.60   300   13.9   67  66.91  0.94
WV     GOES12  20080827  2255    6.62    87.58   350    8.3  173  58.31  0.61
WV     GOES12  20080827  2255    6.61    87.43   350    7.9  171  60.59  0.98
WV     GOES12  20080827  2255    6.24    85.32   200   12.6   82  76.94  0.85
WV     GOES12  20080827  2255    6.42    85.07   175   18.8   83  67.07  0.74
WV     GOES12  20080827  2255    6.57    84.23   175   21.3   80  66.16  0.60
WV     GOES12  20080827  2255    6.30    82.66   237   13.6   91  65.72  0.98
WV     GOES12  20080827  2255    6.60    82.33   212   13.8   86  72.48  0.91
WV     GOES12  20080827  2255    6.63    81.98   212   12.0   86  74.65  0.95
WV     GOES12  20080827  2255    6.56    81.45   250    8.2   73  59.94  0.66
WV     GOES12  20080827  2255    6.67    80.97   150   26.4   64  62.62  0.82
WV     GOES12  20080827  2255    6.52    80.49   150   29.8   67  51.85  1.00
WV     GOES12  20080827  2255    6.52    80.17   150   29.2   65  52.49  0.99
WV     GOES12  20080827  2255    6.59    80.09   150   28.9   65  52.93  0.99
WV     GOES12  20080827  2255    6.26    79.67   137   22.6   82  52.53  0.93
WV     GOES12  20080827  2255    6.59    79.38   150   26.3   73  60.72  0.87
WV     GOES12  20080827  2255    6.55    79.07   150   23.0   74  79.21  0.70
WV     GOES12  20080827  2255    6.37    78.65   175   18.6   83  71.42  0.83
WV     GOES12  20080827  2255    6.59    78.30   162   12.8   74  48.64  0.61
WV     GOES12  20080827  2255    6.63    78.24   175   12.0   79  51.89  0.64
WV     GOES12  20080827  2255    5.88    88.21   287   14.8   72  79.07  0.96
WV     GOES12  20080827  2255    5.77    87.97   262   14.1   71  82.51  0.98
WV     GOES12  20080827  2255    6.06    87.57   287   13.8   79  69.24  0.85
WV     GOES12  20080827  2255    5.98    86.17   287    9.2   71  69.69  0.87
WV     GOES12  20080827  2255    6.02    86.04   312   10.1   72  64.38  0.90
WV     GOES12  20080827  2255    6.06    85.34   200   15.7   85  63.54  0.74
WV     GOES12  20080827  2255    6.01    82.97   250   12.4   86  78.25  0.77
WV     GOES12  20080827  2255    6.01    82.95   250   12.5   87  77.30  0.81
WV     GOES12  20080827  2255    5.75    82.55   275   11.3  104  67.73  0.92
WV     GOES12  20080827  2255    6.08    82.07   237   12.6   76  64.70  0.93
WV     GOES12  20080827  2255    5.71    80.48   175   15.8   78  51.17  0.73
WV     GOES12  20080827  2255    5.79    79.85   200   20.1   83  68.61  0.99
WV     GOES12  20080827  2255    5.71    79.79   200   21.6   83  61.52  0.81
WV     GOES12  20080827  2255    6.04    79.44   200   20.7   84  60.70  0.98
WV     GOES12  20080827  2255    5.75    78.61   225   20.6   83  55.75  0.97
WV     GOES12  20080827  2255    6.04    78.50   175   21.0   82  68.59  0.97
WV     GOES12  20080827  2255    5.64    77.17   150   21.7   79  70.87  0.97
WV     GOES12  20080827  2255    5.59    88.57   225   15.6   72  79.12  0.97
WV     GOES12  20080827  2255    5.52    88.05   275   14.9   73  80.12  0.99
WV     GOES12  20080827  2255    5.29    85.81   187   13.8   68  54.41  0.84
WV     GOES12  20080827  2255    5.39    83.05   237   13.6   80  68.99  0.60
WV     GOES12  20080827  2255    5.50    82.94   250   12.4   85  77.45  0.91
WV     GOES12  20080827  2255    5.53    82.48   275   11.0  103  70.03  0.89
WV     GOES12  20080827  2255    5.49    79.95   162   20.5   79  58.59  0.90
WV     GOES12  20080827  2255    5.27    79.35   200   19.4   83  78.92  0.99
WV     GOES12  20080827  2255    5.49    78.96   225   19.3   87  64.60  0.99
WV     GOES12  20080827  2255    5.20    78.77   200   15.6   78  57.68  0.93
WV     GOES12  20080827  2255    5.20    78.27   150   22.9   80  71.60  0.90
WV     GOES12  20080827  2255    5.42    77.96   150   21.8   78  76.51  0.97
WV     GOES12  20080827  2255    5.31    77.65   162   16.9   78  60.60  0.93
WV     GOES12  20080827  2255    5.38    77.46   162   18.2   78  68.78  0.97
WV     GOES12  20080827  2255    5.04    88.81   225   17.3   68  72.60  0.93
WV     GOES12  20080827  2255    4.82    86.98   300   15.6   67  59.22  0.66
WV     GOES12  20080827  2255    4.63    85.82   162   29.6   78  62.73  0.90
WV     GOES12  20080827  2255    4.52    85.40   175   27.0   75  58.07  1.00
WV     GOES12  20080827  2255    4.74    85.06   187   16.6   79  66.99  0.75
WV     GOES12  20080827  2255    4.77    84.13   175   18.9   68  59.83  0.51
WV     GOES12  20080827  2255    4.66    82.24   337    9.0   74  74.05  1.00
WV     GOES12  20080827  2255    4.58    82.11   337    9.1   75  75.92  1.00
WV     GOES12  20080827  2255    4.80    81.01   212   14.1   78  55.49  0.84
WV     GOES12  20080827  2255    4.87    79.74   212   18.4   88  67.89  0.99
WV     GOES12  20080827  2255    4.95    79.39   162   17.9   87  49.67  0.98
WV     GOES12  20080827  2255    4.94    79.14   225   18.2   82  76.62  0.97
WV     GOES12  20080827  2255    4.73    78.74   212   22.9   81  61.27  0.99
WV     GOES12  20080827  2255    4.73    78.72   212   22.9   81  61.14  0.99
WV     GOES12  20080827  2255    4.69    78.12   162   20.0   80  70.64  0.97
WV     GOES12  20080827  2255    4.83    77.73   187   13.9  106  44.24  0.70
WV     GOES12  20080827  2255    4.45    86.63   175   24.2   79  75.03  0.94
WV     GOES12  20080827  2255    4.45    85.50   175   27.6   75  57.08  0.98
WV     GOES12  20080827  2255    4.45    85.44   175   27.3   75  57.59  1.00
WV     GOES12  20080827  2255    4.48    85.10   175   20.3   75  65.00  0.86
WV     GOES12  20080827  2255    4.41    84.82   187   14.9   66  54.64  0.50
WV     GOES12  20080827  2255    4.41    84.36   175   20.9   71  68.34  0.99
WV     GOES12  20080827  2255    4.37    82.28   287    8.9   76  55.97  0.84
WV     GOES12  20080827  2255    4.36    79.72   200   24.6   83  65.61  0.68
WV     GOES12  20080827  2255    4.29    79.40   200   25.3   84  62.15  1.00
WV     GOES12  20080827  2255    4.47    78.97   212   22.4   83  69.77  1.00
WV     GOES12  20080827  2255    4.11    78.57   200   25.2   81  61.23  0.99
WV     GOES12  20080827  2255    4.14    78.51   200   24.3   80  64.53  0.98
WV     GOES12  20080827  2255    4.03    78.24   187   19.1   79  62.22  0.92
WV     GOES12  20080827  2255    4.40    77.35   137   14.6   83  52.53  0.72
WV     GOES12  20080827  2255    4.25    77.13   175   12.6   84  49.21  0.63
VIS    GOES12  20080827  2255   11.85    86.68   687    5.4  320  50.80  0.65
VIS    GOES12  20080827  2255   11.58    88.39   812    4.2  254  85.29  1.00
VIS    GOES12  20080827  2255   11.65    88.28   812    3.8  249  83.37  0.91
VIS    GOES12  20080827  2255   11.64    86.99   700    4.6  240  82.12  0.60
VIS    GOES12  20080827  2255   11.24    87.82   793    4.1  254  84.15  1.00
VIS    GOES12  20080827  2255   11.22    87.72   812    4.1  256  83.43  0.96
VIS    GOES12  20080827  2255   11.27    87.45   850    4.2  236  79.17  1.00
VIS    GOES12  20080827  2255   11.29    87.40   850    4.2  237  79.33  1.00
VIS    GOES12  20080827  2255   11.07    87.74   793    4.0  253  82.44  0.95
VIS    GOES12  20080827  2255   11.10    87.32   850    3.8  249  82.26  1.00
VIS    GOES12  20080827  2255   11.10    87.27   831    3.6  251  83.81  1.00
VIS    GOES12  20080827  2255   10.91    86.86   868    4.2  244  86.37  0.98
VIS    GOES12  20080827  2255   10.77    87.29   850    3.5  259  72.65  0.92
VIS    GOES12  20080827  2255   10.69    87.12   850    3.8  229  76.05  0.85
VIS    GOES12  20080827  2255   10.76    86.93   868    3.9  254  76.77  0.99
VIS    GOES12  20080827  2255   10.67    86.42   831    4.4  237  78.82  1.00
VIS    GOES12  20080827  2255   10.61    85.90   775    3.3  242  75.62  0.90
VIS    GOES12  20080827  2255   10.38    87.61   831    4.8  245  81.61  0.97
VIS    GOES12  20080827  2255   10.55    86.46   700    4.4  236  70.54  0.90
VIS    GOES12  20080827  2255    8.28    88.08   850    7.3  214  82.83  0.92
VIS    GOES12  20080827  2255    7.89    88.20   850    7.4  209  85.96  0.99
VIS    GOES12  20080827  2255    7.93    88.13   850    6.7  209  80.46  1.00
VIS    GOES12  20080827  2255    7.87    87.97   868    6.7  210  72.75  0.98
VIS    GOES12  20080827  2255    7.98    87.80   868    8.2  212  78.13  0.96
VIS    GOES12  20080827  2255    7.72    88.17   850    7.3  210  83.57  0.91
VIS    GOES12  20080827  2255    7.76    87.76   850    7.5  208  80.46  0.78
VIS    GOES12  20080827  2255    7.03    86.30   756    9.4   47  54.38  0.66
VIS    GOES12  20080827  2255    6.87    86.21   793    7.6   61  58.88  0.75
VIS    GOES12  20080827  2255    4.05    87.39   793    8.8   68  67.54  0.75
VIS    GOES12  20080827  2255   33.09    77.66   775    6.9  190  84.68  0.76
VIS    GOES12  20080827  2255   32.76    78.45   812   11.3  195  53.90  0.62
VIS    GOES12  20080827  2255   33.02    78.18   793    7.2  192  75.97  0.67
VIS    GOES12  20080827  2255   32.97    78.01   756    8.4  188  71.01  0.78
VIS    GOES12  20080827  2255   32.85    77.95   718    8.3  192  67.39  0.79
VIS    GOES12  20080827  2255   32.90    77.66   775    6.0  197  77.70  0.79
VIS    GOES12  20080827  2255   31.73    78.30   812    6.9  226  76.21  0.98
VIS    GOES12  20080827  2255   31.33    78.41   850    7.3  226  77.81  0.96
VIS    GOES12  20080827  2255   31.30    77.13   737    6.5  216  71.60  0.92
VIS    GOES12  20080827  2255   31.26    77.18   775    6.1  226  75.09  0.81
VIS    GOES12  20080827  2255   30.72    80.04   737   11.0  266  58.82  0.94
VIS    GOES12  20080827  2255   30.70    79.88   793   12.4  248  52.75  0.67
VIS    GOES12  20080827  2255   30.90    79.77   812   10.8  267  54.88  0.74
VIS    GOES12  20080827  2255   30.69    78.47   831    5.4  213  71.25  0.89
VIS    GOES12  20080827  2255   30.76    78.40   850    5.6  215  72.82  0.96
VIS    GOES12  20080827  2255   30.69    78.17   756    5.6  220  79.36  0.95
VIS    GOES12  20080827  2255   30.29    80.57   687   11.0  257  71.49  0.78
VIS    GOES12  20080827  2255   30.29    80.37   675   10.5  259  72.62  0.75
VIS    GOES12  20080827  2255   30.20    80.55   700   11.0  257  70.81  0.79
VIS    GOES12  20080827  2255   30.20    80.51   687   10.8  257  72.03  0.77
VIS    GOES12  20080827  2255   30.11    77.71   756    4.8  221  81.41  0.76
VIS    GOES12  20080827  2255   29.93    88.25   700   13.6  250  82.17  0.98
VIS    GOES12  20080827  2255   29.79    84.34   625   14.8  254  56.34  0.64
VIS    GOES12  20080827  2255   29.41    88.17   625    3.9  245  73.73  0.77
VIS    GOES12  20080827  2255   29.45    86.84   700   19.7  243  52.00  0.94
VIS    GOES12  20080827  2255   29.33    88.65   718   12.4  250  72.09  0.92
VIS    GOES12  20080827  2255   29.25    88.22   650    4.1  247  54.95  0.75
VIS    GOES12  20080827  2255   29.32    88.14   650    4.0  241  54.10  0.75
VIS    GOES12  20080827  2255   29.18    79.67   850    5.1  268  85.98  0.61
VIS    GOES12  20080827  2255   28.79    87.74   700   14.4  240  77.16  0.70
VIS    GOES12  20080827  2255   28.72    85.83   812    4.1  286  81.73  0.97
VIS    GOES12  20080827  2255   28.71    85.64   850    3.9  277  78.69  0.88
VIS    GOES12  20080827  2255   28.80    85.48   812    5.9  280  76.12  0.66
VIS    GOES12  20080827  2255   28.71    85.36   850    4.4  300  73.78  0.81
VIS    GOES12  20080827  2255   28.74    84.77   868    4.0  288  82.81  0.87
VIS    GOES12  20080827  2255   28.64    84.09   906    3.2  273  84.67  0.91
VIS    GOES12  20080827  2255   28.66    83.88   887    3.3  288  80.75  1.00
VIS    GOES12  20080827  2255   28.82    83.79   887    3.2  264  80.04  0.88
VIS    GOES12  20080827  2255   28.66    83.65   887    3.1  258  75.49  0.87
VIS    GOES12  20080827  2255   28.60    85.69   831    4.0  282  82.45  0.97
VIS    GOES12  20080827  2255   28.55    85.23   868    3.7  288  86.86  0.78
VIS    GOES12  20080827  2255   28.32    84.74   887    3.2  287  80.81  0.94
VIS    GOES12  20080827  2255   28.39    84.66   887    3.4  290  81.34  0.90
VIS    GOES12  20080827  2255   28.43    84.52   887    3.4  274  75.05  0.98
VIS    GOES12  20080827  2255   28.58    83.92   887    3.2  286  82.61  0.95
VIS    GOES12  20080827  2255   28.03    85.72   850    3.5  292  83.31  0.61
VIS    GOES12  20080827  2255   28.02    85.33   906    3.1  292  80.57  0.88
VIS    GOES12  20080827  2255   28.02    88.84   700   11.4  238  80.75  0.71
VIS    GOES12  20080827  2255   27.72    84.59   793   10.0  260  55.33  0.79
VIS    GOES12  20080827  2255   27.63    84.45   775   11.7  247  51.53  0.84
VIS    GOES12  20080827  2255   27.42    88.80   675    8.9  234  74.32  0.99
VIS    GOES12  20080827  2255   27.53    88.63   775    9.0  241  65.61  0.97
VIS    GOES12  20080827  2255   27.35    85.92   887    4.1  347  75.55  0.95
VIS    GOES12  20080827  2255   27.53    77.09   775    5.9   89  83.03  0.95
VIS    GOES12  20080827  2255   27.53    77.02   756    6.1   89  79.48  0.97
VIS    GOES12  20080827  2255   27.42    74.37   887    6.1   61  69.59  0.63
VIS    GOES12  20080827  2255   27.23    88.97   700    8.6  246  66.31  0.89
VIS    GOES12  20080827  2255   27.29    88.83   662    9.5  238  78.64  0.97
VIS    GOES12  20080827  2255   27.22    88.65   737    9.6  240  85.60  0.97
VIS    GOES12  20080827  2255   27.31    88.48   662   10.6  243  70.96  0.97
VIS    GOES12  20080827  2255   26.79    87.32   718   11.4  229  64.33  0.97
VIS    GOES12  20080827  2255   26.78    86.95   868    3.2  357  82.42  0.98
VIS    GOES12  20080827  2255   26.77    86.44   868    3.4   11  84.16  0.76
VIS    GOES12  20080827  2255   26.71    83.35   887    5.7   38  63.04  0.99
VIS    GOES12  20080827  2255   26.70    74.59   887    5.9   83  78.15  0.97
VIS    GOES12  20080827  2255   26.79    74.54   887    6.2   77  86.38  0.97
VIS    GOES12  20080827  2255   26.64    89.00   775    9.1  257  57.33  0.62
VIS    GOES12  20080827  2255   26.61    87.33   700   11.2  231  73.71  0.99
VIS    GOES12  20080827  2255   26.55    86.11   887    4.4  354  68.69  0.75
VIS    GOES12  20080827  2255   26.39    83.86   850    5.7   32  65.65  0.97
VIS    GOES12  20080827  2255   26.38    76.35   868    6.7   85  76.20  0.77
VIS    GOES12  20080827  2255   26.20    87.15   700    7.8  229  80.90  0.70
VIS    GOES12  20080827  2255   26.20    87.04   700    8.0  233  80.93  0.94
VIS    GOES12  20080827  2255   26.07    85.73   887    5.3   42  74.94  0.78
VIS    GOES12  20080827  2255   26.05    85.67   887    5.3   41  76.29  0.75
VIS    GOES12  20080827  2255   26.19    85.48   906    5.7   35  73.26  0.82
VIS    GOES12  20080827  2255   26.05    84.42   850    3.2   21  73.94  0.65
VIS    GOES12  20080827  2255   26.05    84.08   850    5.3   28  73.94  0.72
VIS    GOES12  20080827  2255   25.84    86.18   906    5.5   40  76.47  0.85
VIS    GOES12  20080827  2255   25.96    85.73   887    5.4   42  76.16  0.77
VIS    GOES12  20080827  2255   25.86    84.79   906    5.6   35  75.82  0.88
VIS    GOES12  20080827  2255   25.82    84.45   831    3.7   35  84.43  0.67
VIS    GOES12  20080827  2255   25.92    84.17   850    4.3   39  84.41  0.68
VIS    GOES12  20080827  2255   25.79    82.38   850    4.4   31  66.86  0.69
VIS    GOES12  20080827  2255   25.81    81.82   737    4.1   71  76.14  0.65
VIS    GOES12  20080827  2255   25.46    87.93   887    4.4   59  72.99  0.61
VIS    GOES12  20080827  2255   25.50    87.43   756    6.3   47  52.42  0.65
VIS    GOES12  20080827  2255   25.62    84.29   831    4.3   43  79.15  0.68
VIS    GOES12  20080827  2255   25.64    84.07   812    4.1   45  74.30  0.76
VIS    GOES12  20080827  2255   25.24    88.47   868    3.6   89  79.77  0.77
VIS    GOES12  20080827  2255   25.35    87.45   775    3.6   65  81.21  0.89
VIS    GOES12  20080827  2255   25.32    87.01   906    7.3   56  59.37  0.90
VIS    GOES12  20080827  2255   25.10    84.97   887    5.1   48  81.01  0.70
VIS    GOES12  20080827  2255   25.07    84.69   887    3.6   52  75.74  0.60
VIS    GOES12  20080827  2255   25.21    83.27   850    3.1   57  77.78  0.65
VIS    GOES12  20080827  2255   25.27    83.11   887    5.1   41  69.52  0.67
VIS    GOES12  20080827  2255   25.07    82.64   887    3.3   74  78.54  0.66
VIS    GOES12  20080827  2255   25.21    81.54   868    4.0   95  74.19  0.73
VIS    GOES12  20080827  2255   25.29    81.07   737    3.6   83  74.38  0.71
VIS    GOES12  20080827  2255   25.10    77.12   850    8.8   67  77.77  0.93
VIS    GOES12  20080827  2255   25.23    77.02   887    8.3   64  86.53  0.79
VIS    GOES12  20080827  2255   25.03    84.79   868    3.4   74  68.86  0.66
VIS    GOES12  20080827  2255   25.01    82.60   887    3.4   77  78.01  0.76
VIS    GOES12  20080827  2255   24.77    81.63   850    4.4   94  70.66  0.75
VIS    GOES12  20080827  2255   24.93    81.55   868    4.5   89  77.37  0.64
VIS    GOES12  20080827  2255   24.83    77.81   887    8.1   55  74.71  0.81
VIS    GOES12  20080827  2255   24.80    75.20   887   10.6   65  66.04  0.89
VIS    GOES12  20080827  2255   24.84    75.15   887   10.8   65  64.65  0.88
VIS    GOES12  20080827  2255   24.47    88.33   831    4.1   85  75.47  0.69
VIS    GOES12  20080827  2255   24.58    85.88   831    7.3   53  63.59  0.85
VIS    GOES12  20080827  2255   24.73    85.53   756    6.5   53  61.36  0.95
VIS    GOES12  20080827  2255   24.58    85.38   887    3.1   83  64.27  0.74
VIS    GOES12  20080827  2255   24.67    84.78   812    3.3   77  73.09  0.71
VIS    GOES12  20080827  2255   24.58    84.20   687    3.5   56  85.72  0.61
VIS    GOES12  20080827  2255   24.58    84.19   687    3.6   57  86.02  0.61
VIS    GOES12  20080827  2255   24.49    83.27   887    3.9   89  64.83  0.68
VIS    GOES12  20080827  2255   24.44    83.08   887    3.8   72  71.28  0.94
VIS    GOES12  20080827  2255   24.44    82.68   887    5.5   63  83.09  0.64
VIS    GOES12  20080827  2255   24.57    78.02   906    8.6   64  81.66  0.88
VIS    GOES12  20080827  2255   24.55    77.96   906    8.4   63  85.12  0.84
VIS    GOES12  20080827  2255   24.44    88.87   868    5.5   79  80.50  0.86
VIS    GOES12  20080827  2255   24.31    88.60   850    5.2   87  77.31  0.89
VIS    GOES12  20080827  2255   24.22    88.30   831    4.6   81  78.36  0.97
VIS    GOES12  20080827  2255   24.26    85.23   906    5.2   59  86.86  0.61
VIS    GOES12  20080827  2255   24.15    85.07   887    7.1   50  67.10  0.89
VIS    GOES12  20080827  2255   24.20    83.88   850    5.1   70  79.35  0.69
VIS    GOES12  20080827  2255   24.22    83.74   850    4.1   79  69.25  0.66
VIS    GOES12  20080827  2255   24.25    82.75   887    5.5   65  86.00  0.60
VIS    GOES12  20080827  2255   24.38    82.69   887    5.5   60  81.92  0.63
VIS    GOES12  20080827  2255   24.12    82.09   906    7.2   56  71.72  0.90
VIS    GOES12  20080827  2255   24.14    81.80   906    6.3   65  87.17  0.88
VIS    GOES12  20080827  2255   24.24    81.74   906    6.3   65  83.72  0.86
VIS    GOES12  20080827  2255   24.11    74.98   906   11.3   67  67.27  0.99
VIS    GOES12  20080827  2255   23.93    88.68   887    6.7   88  69.53  0.85
VIS    GOES12  20080827  2255   24.14    88.47   868    4.7   79  80.65  0.65
VIS    GOES12  20080827  2255   23.95    88.05   831    4.3   80  73.01  0.68
VIS    GOES12  20080827  2255   24.03    87.91   737    6.2   72  72.81  0.89
VIS    GOES12  20080827  2255   23.95    87.02   675    5.2   85  75.85  0.60
VIS    GOES12  20080827  2255   24.02    86.41   775    6.6   60  69.99  0.94
VIS    GOES12  20080827  2255   24.00    86.40   793    6.6   60  70.72  0.94
VIS    GOES12  20080827  2255   23.89    85.82   887    4.5   82  69.12  0.95
VIS    GOES12  20080827  2255   23.85    85.68   793    3.8   89  67.64  0.67
VIS    GOES12  20080827  2255   23.95    85.33   887    4.5   64  76.94  0.68
VIS    GOES12  20080827  2255   24.01    85.23   887    5.7   56  80.46  0.79
VIS    GOES12  20080827  2255   23.86    84.88   887    9.1   56  58.73  0.87
VIS    GOES12  20080827  2255   23.80    83.35   887    6.4   52  75.79  0.88
VIS    GOES12  20080827  2255   23.94    82.80   887    6.6   61  82.04  0.99
VIS    GOES12  20080827  2255   24.00    82.25   887    8.4   59  66.42  0.79
VIS    GOES12  20080827  2255   23.97    82.16   887    8.2   57  67.29  0.80
VIS    GOES12  20080827  2255   23.78    81.85   887    6.6   70  78.47  0.83
VIS    GOES12  20080827  2255   23.90    76.51   906   10.4   64  83.82  0.96
VIS    GOES12  20080827  2255   23.98    76.45   906   10.7   66  79.17  0.97
VIS    GOES12  20080827  2255   23.92    76.17   906   11.0   65  76.88  0.90
VIS    GOES12  20080827  2255   23.81    88.92   887    5.8   67  78.18  0.74
VIS    GOES12  20080827  2255   23.61    86.88   887    4.9   76  75.86  0.67
VIS    GOES12  20080827  2255   23.80    86.74   868    4.3   64  79.65  0.70
VIS    GOES12  20080827  2255   23.72    86.69   887    4.3   62  79.66  0.69
VIS    GOES12  20080827  2255   23.50    86.02   887    5.6   62  83.68  0.69
VIS    GOES12  20080827  2255   23.70    85.75   868    4.9   70  76.68  0.71
VIS    GOES12  20080827  2255   23.68    85.67   850    6.6   51  69.99  0.69
VIS    GOES12  20080827  2255   23.59    85.05   887    5.9   59  86.30  0.72
VIS    GOES12  20080827  2255   23.55    83.30   887    6.6   64  81.16  0.81
VIS    GOES12  20080827  2255   23.59    83.16   868    7.5   54  73.67  0.91
VIS    GOES12  20080827  2255   23.46    83.05   868    7.4   55  77.64  0.88
VIS    GOES12  20080827  2255   23.48    82.72   756    7.8   55  72.43  0.83
VIS    GOES12  20080827  2255   23.72    81.92   887    6.5   69  77.89  0.78
VIS    GOES12  20080827  2255   23.57    80.75   887    7.9   62  84.68  0.83
VIS    GOES12  20080827  2255   23.50    79.74   887    7.9   66  79.92  0.93
VIS    GOES12  20080827  2255   23.23    86.33   887    3.4   77  64.92  0.62
VIS    GOES12  20080827  2255   23.25    86.14   850    7.0   58  71.99  0.97
VIS    GOES12  20080827  2255   23.39    86.03   887    5.5   60  84.88  0.69
VIS    GOES12  20080827  2255   23.20    85.83   775    4.6   59  74.93  0.73
VIS    GOES12  20080827  2255   23.37    85.52   756    5.0   77  81.93  0.97
VIS    GOES12  20080827  2255   23.32    85.33   756    4.3  100  66.30  0.62
VIS    GOES12  20080827  2255   23.36    85.22   775    4.9   87  72.98  0.73
VIS    GOES12  20080827  2255   23.40    83.28   887    7.0   60  84.17  0.98
VIS    GOES12  20080827  2255   23.40    83.08   850    7.3   57  81.03  0.83
VIS    GOES12  20080827  2255   23.44    82.77   718    8.1   50  70.15  0.85
VIS    GOES12  20080827  2255   23.22    81.06   868    9.5   64  75.64  1.00
VIS    GOES12  20080827  2255   23.30    80.98   831    9.2   62  76.40  1.00
VIS    GOES12  20080827  2255   23.40    80.79   868    8.2   60  81.52  0.86
VIS    GOES12  20080827  2255   23.41    79.82   868    7.8   65  78.16  0.97
VIS    GOES12  20080827  2255   22.96    88.92   868    8.1   64  83.79  0.85
VIS    GOES12  20080827  2255   22.94    87.77   887    7.2   50  70.56  0.99
VIS    GOES12  20080827  2255   22.93    86.99   850    7.3   49  68.12  0.95
VIS    GOES12  20080827  2255   23.11    86.82   868    4.4   60  72.13  0.80
VIS    GOES12  20080827  2255   23.13    86.77   868    4.3   60  71.51  0.83
VIS    GOES12  20080827  2255   23.07    86.57   850    5.1   50  73.41  0.65
VIS    GOES12  20080827  2255   23.03    86.39   868    5.1   64  77.46  0.62
VIS    GOES12  20080827  2255   23.13    86.13   812    6.9   65  70.82  0.85
VIS    GOES12  20080827  2255   23.06    85.87   756    4.9   56  71.15  0.75
VIS    GOES12  20080827  2255   23.10    85.45   831    5.4   73  75.87  0.62
VIS    GOES12  20080827  2255   23.01    85.36   850    6.7   59  78.89  0.75
VIS    GOES12  20080827  2255   22.85    78.81   850    9.6   60  80.11  0.98
VIS    GOES12  20080827  2255   22.93    78.57   887    9.8   60  80.17  0.98
VIS    GOES12  20080827  2255   22.83    78.42   831    9.5   64  85.88  0.98
VIS    GOES12  20080827  2255   23.01    78.30   887    9.5   62  85.70  0.96
VIS    GOES12  20080827  2255   22.85    78.02   868    9.4   61  79.44  0.98
VIS    GOES12  20080827  2255   22.87    77.85   850   10.2   66  82.12  0.94
VIS    GOES12  20080827  2255   22.85    77.77   756   10.5   62  73.86  0.90
VIS    GOES12  20080827  2255   22.86    88.95   868    7.9   60  82.80  0.84
VIS    GOES12  20080827  2255   22.86    88.83   850    8.7   58  72.36  0.93
VIS    GOES12  20080827  2255   22.83    88.70   868    7.7   59  81.60  0.84
VIS    GOES12  20080827  2255   22.62    88.39   868    9.2   58  68.43  0.87
VIS    GOES12  20080827  2255   22.64    88.05   850    8.7   58  68.70  0.98
VIS    GOES12  20080827  2255   22.74    87.98   850    7.9   61  75.84  0.98
VIS    GOES12  20080827  2255   22.72    86.73   850    5.4   62  80.58  0.82
VIS    GOES12  20080827  2255   22.57    86.59   850    7.0   52  70.89  0.85
VIS    GOES12  20080827  2255   22.84    86.44   868    5.3   68  76.40  0.62
VIS    GOES12  20080827  2255   22.61    86.30   831    6.7   63  75.53  0.94
VIS    GOES12  20080827  2255   22.81    85.72   812    5.9   72  77.31  0.88
VIS    GOES12  20080827  2255   22.70    85.55   850    6.4   83  64.60  0.71
VIS    GOES12  20080827  2255   22.67    78.93   906    9.1   64  80.01  1.00
VIS    GOES12  20080827  2255   22.54    78.86   887    9.6   64  80.65  0.98
VIS    GOES12  20080827  2255   22.77    78.67   906    9.7   63  80.98  0.98
VIS    GOES12  20080827  2255   22.69    78.46   831    9.5   65  85.25  0.96
VIS    GOES12  20080827  2255   22.77    78.38   850    9.6   64  86.51  0.96
VIS    GOES12  20080827  2255   22.62    78.09   831    9.6   67  82.72  0.96
VIS    GOES12  20080827  2255   22.77    77.96   868    9.8   61  79.21  0.93
VIS    GOES12  20080827  2255   22.74    77.88   850    9.9   63  80.22  0.92
VIS    GOES12  20080827  2255   22.74    77.65   756   10.8   66  78.04  0.81
VIS    GOES12  20080827  2255   22.36    87.26   868    8.5   87  58.10  0.92
VIS    GOES12  20080827  2255   22.34    87.20   868    8.9   91  55.12  0.82
VIS    GOES12  20080827  2255   22.50    86.93   868    6.8   61  78.07  0.87
VIS    GOES12  20080827  2255   22.41    86.82   868    6.0   69  79.80  0.83
VIS    GOES12  20080827  2255   22.43    86.51   868    6.0   50  72.80  0.69
VIS    GOES12  20080827  2255   22.46    78.89   887    9.5   65  78.85  0.96
VIS    GOES12  20080827  2255   22.48    78.78   887    9.9   63  79.68  0.99
VIS    GOES12  20080827  2255   22.42    78.35   887    9.9   65  79.76  0.96
VIS    GOES12  20080827  2255   22.44    78.19   831    9.6   63  82.99  0.97
VIS    GOES12  20080827  2255   22.33    77.99   850   10.1   63  82.64  0.98
VIS    GOES12  20080827  2255   22.43    76.93   718   10.8   67  81.60  0.85
VIS    GOES12  20080827  2255   22.02    86.78   868    6.7   69  78.75  0.76
VIS    GOES12  20080827  2255   22.24    86.31   793    4.7   76  77.85  0.77
VIS    GOES12  20080827  2255   21.96    82.76   718    7.2   42  73.01  0.85
VIS    GOES12  20080827  2255   22.15    78.66   887    9.3   60  85.64  0.99
VIS    GOES12  20080827  2255   22.15    77.32   793   11.2   68  83.10  0.95
VIS    GOES12  20080827  2255   22.15    77.16   756   11.0   72  72.18  0.92
VIS    GOES12  20080827  2255   21.71    86.02   812    5.5   50  71.78  0.67
VIS    GOES12  20080827  2255   21.71    85.97   831    6.0   52  73.95  0.77
VIS    GOES12  20080827  2255   21.86    83.82   718    4.5  107  58.82  0.64
VIS    GOES12  20080827  2255   21.86    83.74   718    6.1   92  63.37  0.66
VIS    GOES12  20080827  2255   21.85    82.69   756    7.7   41  73.87  0.81
VIS    GOES12  20080827  2255   21.76    77.84   812   10.3   65  76.36  0.95
VIS    GOES12  20080827  2255   21.80    77.70   831   10.5   64  84.12  0.99
VIS    GOES12  20080827  2255   21.66    77.50   868    9.3   62  72.12  0.99
VIS    GOES12  20080827  2255   21.47    86.66   868    5.9   67  84.63  0.66
VIS    GOES12  20080827  2255   21.49    86.33   868    5.1   67  77.88  0.88
VIS    GOES12  20080827  2255   21.50    86.16   831    5.2   58  77.23  0.99
VIS    GOES12  20080827  2255   21.52    86.12   831    5.4   66  83.72  0.96
VIS    GOES12  20080827  2255   21.40    85.82   775    5.3   51  70.39  0.82
VIS    GOES12  20080827  2255   21.36    85.76   756    6.1   74  76.15  0.92
VIS    GOES12  20080827  2255   21.52    85.60   812    6.4   48  69.97  0.90
VIS    GOES12  20080827  2255   21.39    85.13   812    6.5   55  77.85  1.00
VIS    GOES12  20080827  2255   21.36    84.59   812    6.6   46  75.78  0.98
VIS    GOES12  20080827  2255   21.39    80.53   718   12.2   41  54.05  0.60
VIS    GOES12  20080827  2255   21.36    77.86   850    9.6   60  78.31  1.00
VIS    GOES12  20080827  2255   21.29    77.36   831   11.4   62  83.58  0.97
VIS    GOES12  20080827  2255   21.31    77.30   850   12.1   63  76.49  0.89
VIS    GOES12  20080827  2255   21.31    77.04   637   12.9   60  84.63  0.98
VIS    GOES12  20080827  2255   21.37    76.97   812   12.2   66  76.56  0.98
VIS    GOES12  20080827  2255   21.31    75.76   812   13.8   85  64.72  0.87
VIS    GOES12  20080827  2255   21.31    75.63   831   14.3   84  69.74  0.62
VIS    GOES12  20080827  2255   21.12    86.44   793    4.5   91  68.69  0.82
VIS    GOES12  20080827  2255   21.20    86.39   737    4.7   94  74.54  0.74
VIS    GOES12  20080827  2255   21.22    86.09   793    5.5   65  82.71  0.81
VIS    GOES12  20080827  2255   21.28    86.07   793    5.8   65  80.09  0.79
VIS    GOES12  20080827  2255   21.30    85.88   850    6.4   60  78.68  0.84
VIS    GOES12  20080827  2255   21.32    85.67   831    5.9   71  75.99  0.94
VIS    GOES12  20080827  2255   21.25    85.44   831    6.9   53  72.89  0.90
VIS    GOES12  20080827  2255   21.27    85.27   868    6.0   68  74.42  0.84
VIS    GOES12  20080827  2255   21.29    85.18   831    6.2   63  78.68  1.00
VIS    GOES12  20080827  2255   21.12    84.69   887    5.2   44  73.28  0.61
VIS    GOES12  20080827  2255   21.10    84.57   887    6.5   47  81.66  0.95
VIS    GOES12  20080827  2255   21.09    77.22   775   13.0   51  79.09  0.92
VIS    GOES12  20080827  2255   21.21    77.14   637   12.8   57  79.76  0.99
VIS    GOES12  20080827  2255   21.17    77.01   700   12.5   60  78.21  0.92
VIS    GOES12  20080827  2255   21.03    76.57   737   13.4   59  83.52  0.94
VIS    GOES12  20080827  2255   20.98    86.45   868    4.0   79  67.91  0.86
VIS    GOES12  20080827  2255   20.86    86.31   793    4.9   85  72.21  0.95
VIS    GOES12  20080827  2255   20.94    86.21   756    5.3   80  81.78  0.98
VIS    GOES12  20080827  2255   20.91    86.01   793    4.6   79  72.75  0.96
VIS    GOES12  20080827  2255   20.77    85.77   775    4.6   75  74.97  0.70
VIS    GOES12  20080827  2255   20.75    85.54   831    5.3   71  74.97  0.70
VIS    GOES12  20080827  2255   20.73    85.46   850    4.4   83  64.60  0.86
VIS    GOES12  20080827  2255   20.78    84.80   906    6.2   52  85.97  0.87
VIS    GOES12  20080827  2255   20.77    84.12   812    6.2   43  77.53  0.74
VIS    GOES12  20080827  2255   20.73    84.06   850    6.4   44  79.95  0.72
VIS    GOES12  20080827  2255   20.75    83.80   887    7.7   47  79.19  0.97
VIS    GOES12  20080827  2255   20.47    86.25   831    6.2   68  81.48  0.90
VIS    GOES12  20080827  2255   20.51    86.16   793    5.9   61  76.26  0.77
VIS    GOES12  20080827  2255   20.61    85.75   850    5.8   60  80.39  0.70
VIS    GOES12  20080827  2255   20.71    85.52   831    5.3   71  74.72  0.66
VIS    GOES12  20080827  2255   20.62    85.32   887    6.3   67  76.79  0.92
VIS    GOES12  20080827  2255   20.50    85.26   887    6.0   70  74.39  0.94
VIS    GOES12  20080827  2255   20.62    84.64   906    6.2   45  78.79  0.99
VIS    GOES12  20080827  2255   20.43    84.01   887    7.1   50  82.76  0.98
VIS    GOES12  20080827  2255   20.57    83.91   887    7.4   50  80.53  1.00
VIS    GOES12  20080827  2255   20.54    80.60   737    6.0   49  68.84  0.92
VIS    GOES12  20080827  2255   20.54    80.48   675    7.4   38  68.14  0.82
VIS    GOES12  20080827  2255   20.22    86.68   850    6.7   77  80.57  0.85
VIS    GOES12  20080827  2255   20.32    86.62   850    6.4   77  84.09  0.90
VIS    GOES12  20080827  2255   20.41    86.28   831    6.4   67  78.60  0.84
VIS    GOES12  20080827  2255   20.23    86.19   775    5.6   69  84.54  0.86
VIS    GOES12  20080827  2255   20.35    85.96   775    6.5   66  75.89  0.87
VIS    GOES12  20080827  2255   20.27    85.70   868    6.2   65  84.57  0.75
VIS    GOES12  20080827  2255   20.40    84.71   906    5.9   45  77.30  0.93
VIS    GOES12  20080827  2255   20.19    84.52   887    6.1   41  73.42  0.96
VIS    GOES12  20080827  2255   20.25    84.43   868    6.4   47  81.41  0.91
VIS    GOES12  20080827  2255   20.21    84.23   906    6.9   52  82.40  0.95
VIS    GOES12  20080827  2255   20.39    84.03   906    7.1   50  82.27  0.97
VIS    GOES12  20080827  2255   20.21    83.92   868    7.0   51  82.01  0.94
VIS    GOES12  20080827  2255   20.15    83.76   906    7.1   53  79.94  0.95
VIS    GOES12  20080827  2255   20.18    83.01   906    7.3   51  81.99  0.92
VIS    GOES12  20080827  2255   20.15    82.16   887    8.5   40  80.91  0.85
VIS    GOES12  20080827  2255   20.32    80.49   718    5.4   54  66.32  0.85
VIS    GOES12  20080827  2255   20.18    80.40   831    7.5   51  68.41  0.88
VIS    GOES12  20080827  2255   20.32    79.49   637   11.4   59  62.99  0.69
VIS    GOES12  20080827  2255   19.99    85.98   775    6.1   64  79.29  0.70
VIS    GOES12  20080827  2255   19.87    85.72   850    6.5   73  80.46  0.72
VIS    GOES12  20080827  2255   19.93    85.69   868    6.5   73  80.48  0.72
VIS    GOES12  20080827  2255   20.03    84.67   887    6.0   40  71.17  0.94
VIS    GOES12  20080827  2255   20.07    84.52   887    6.3   42  74.35  0.97
VIS    GOES12  20080827  2255   20.05    84.34   887    7.0   47  80.34  0.93
VIS    GOES12  20080827  2255   19.91    84.23   868    7.0   47  82.01  0.98
VIS    GOES12  20080827  2255   19.95    83.99   812    6.7   50  83.18  0.98
VIS    GOES12  20080827  2255   19.95    83.90   812    6.6   55  75.77  0.92
VIS    GOES12  20080827  2255   19.92    83.67   887    7.2   49  85.67  0.98
VIS    GOES12  20080827  2255   20.00    83.11   906    7.5   52  80.87  0.98
VIS    GOES12  20080827  2255   19.84    82.99   906    7.8   51  79.64  0.96
VIS    GOES12  20080827  2255   19.82    82.74   887    7.8   50  79.26  0.97
VIS    GOES12  20080827  2255   19.85    82.30   887    7.8   48  77.74  0.97
VIS    GOES12  20080827  2255   19.81    82.15   887    8.3   44  82.52  0.93
VIS    GOES12  20080827  2255   19.91    81.95   868    8.5   36  77.89  0.77
VIS    GOES12  20080827  2255   19.89    81.78   793    8.4   35  76.05  0.90
VIS    GOES12  20080827  2255   20.03    81.48   887    9.3   20  60.19  0.84
VIS    GOES12  20080827  2255   20.02    80.49   718    6.9   52  80.21  0.98
VIS    GOES12  20080827  2255   19.82    80.45   718    6.0   55  71.13  0.94
VIS    GOES12  20080827  2255   19.82    87.12   850    6.5   91  80.99  0.91
VIS    GOES12  20080827  2255   19.82    86.78   868    6.6   87  83.29  0.90
VIS    GOES12  20080827  2255   19.64    86.65   850    6.3   89  78.33  0.95
VIS    GOES12  20080827  2255   19.55    86.40   850    6.8   81  82.68  0.89
VIS    GOES12  20080827  2255   19.57    86.24   812    6.1   84  73.76  0.95
VIS    GOES12  20080827  2255   19.57    85.97   831    7.9   61  66.27  0.74
VIS    GOES12  20080827  2255   19.57    85.91   831    7.3   67  73.18  0.71
VIS    GOES12  20080827  2255   19.81    85.67   868    6.5   72  82.11  0.92
VIS    GOES12  20080827  2255   19.69    84.20   831    6.2   51  81.35  0.89
VIS    GOES12  20080827  2255   19.65    84.06   831    6.8   46  85.15  0.86
VIS    GOES12  20080827  2255   19.69    83.94   793    5.9   58  73.03  0.76
VIS    GOES12  20080827  2255   19.77    83.80   793    6.8   54  77.69  0.91
VIS    GOES12  20080827  2255   19.68    82.79   887    8.1   49  78.42  0.96
VIS    GOES12  20080827  2255   19.74    82.71   887    7.7   50  78.49  0.96
VIS    GOES12  20080827  2255   19.52    82.44   868    8.3   45  78.91  0.96
VIS    GOES12  20080827  2255   19.67    82.39   868    8.0   46  80.19  0.96
VIS    GOES12  20080827  2255   19.77    82.12   887    8.4   43  82.59  0.95
VIS    GOES12  20080827  2255   19.71    81.86   850    8.1   33  75.87  0.91
VIS    GOES12  20080827  2255   19.69    81.68   850    8.3   35  79.89  0.79
VIS    GOES12  20080827  2255   19.51    81.12   887    7.9   26  74.53  0.85
VIS    GOES12  20080827  2255   19.53    81.05   887    7.7   26  74.63  0.79
VIS    GOES12  20080827  2255   19.56    80.78   831    7.6   43  73.50  0.78
VIS    GOES12  20080827  2255   19.72    80.41   718    6.3   55  72.91  0.89
VIS    GOES12  20080827  2255   19.60    80.26   793    8.3   58  60.89  0.70
VIS    GOES12  20080827  2255   19.72    80.02   675    8.5   53  76.54  0.98
VIS    GOES12  20080827  2255   19.72    80.00   662    8.3   50  81.02  0.99
VIS    GOES12  20080827  2255   19.76    79.56   700    8.4   60  69.26  0.90
VIS    GOES12  20080827  2255   19.32    86.77   887    6.2   89  78.18  0.88
VIS    GOES12  20080827  2255   19.42    86.70   868    6.1   89  77.76  0.85
VIS    GOES12  20080827  2255   19.27    86.13   850    5.7   84  75.76  0.81
VIS    GOES12  20080827  2255   19.41    85.98   850    7.4   63  69.27  0.86
VIS    GOES12  20080827  2255   19.46    85.30   887    7.6   53  66.82  0.88
VIS    GOES12  20080827  2255   19.30    84.56   868    6.0   52  82.60  0.77
VIS    GOES12  20080827  2255   19.35    84.52   887    6.1   52  83.41  0.79
VIS    GOES12  20080827  2255   19.33    83.67   812    6.9   37  78.44  0.88
VIS    GOES12  20080827  2255   19.33    83.60   756    6.5   43  72.07  0.85
VIS    GOES12  20080827  2255   19.36    82.93   850    5.7   53  66.62  0.72
VIS    GOES12  20080827  2255   19.32    82.57   831    7.5   41  81.69  0.82
VIS    GOES12  20080827  2255   19.40    82.30   868   10.5   30  60.99  0.70
VIS    GOES12  20080827  2255   19.33    81.97   812    6.6   52  64.60  0.65
VIS    GOES12  20080827  2255   19.27    81.78   831    8.8   27  72.01  0.75
VIS    GOES12  20080827  2255   19.23    81.56   850    9.3   29  70.76  0.80
VIS    GOES12  20080827  2255   19.25    81.47   850    9.0   33  75.60  0.75
VIS    GOES12  20080827  2255   19.33    80.83   868    9.0   48  64.58  0.77
VIS    GOES12  20080827  2255   19.30    80.72   850    8.0   33  83.60  0.64
VIS    GOES12  20080827  2255   19.40    80.47   718    9.7   61  59.97  0.88
VIS    GOES12  20080827  2255   19.24    80.37   850    6.6   30  67.63  0.88
VIS    GOES12  20080827  2255   19.01    87.37   850    7.0   96  80.83  0.78
VIS    GOES12  20080827  2255   19.11    86.18   850    5.8   83  77.56  0.72
VIS    GOES12  20080827  2255   19.15    85.68   793    5.5   65  82.74  0.68
VIS    GOES12  20080827  2255   19.13    85.55   850    6.0   50  67.06  0.75
VIS    GOES12  20080827  2255   19.13    85.38   700    6.8   79  71.79  0.83
VIS    GOES12  20080827  2255   19.06    85.26   662    7.0   67  66.54  0.81
VIS    GOES12  20080827  2255   19.02    84.65   718    9.9   88  63.98  0.85
VIS    GOES12  20080827  2255   19.13    84.05   687    8.9  107  57.46  0.87
VIS    GOES12  20080827  2255   18.94    82.72   662    7.0   44  72.22  0.81
VIS    GOES12  20080827  2255   18.98    82.66   737    7.7   40  68.30  0.77
VIS    GOES12  20080827  2255   19.14    82.46   831    7.3   47  71.36  0.80
VIS    GOES12  20080827  2255   19.00    82.10   850    8.2   37  80.46  0.76
VIS    GOES12  20080827  2255   19.01    81.89   793    5.5   47  64.33  0.88
VIS    GOES12  20080827  2255   18.97    81.80   793    6.7   36  76.96  0.96
VIS    GOES12  20080827  2255   19.15    81.57   793    9.2   28  68.33  0.83
VIS    GOES12  20080827  2255   18.93    81.50   775    8.3   31  73.23  0.87
VIS    GOES12  20080827  2255   18.97    81.22   868    7.6   28  82.31  0.86
VIS    GOES12  20080827  2255   18.91    81.11   850    7.7   28  84.11  0.91
VIS    GOES12  20080827  2255   19.15    80.73   850    7.3   40  71.64  0.61
VIS    GOES12  20080827  2255   18.89    80.28   850    8.3   28  85.36  0.66
VIS    GOES12  20080827  2255   18.92    79.29   868    9.9   21  80.91  0.90
VIS    GOES12  20080827  2255   19.04    78.68   793   10.1   23  80.37  0.96
VIS    GOES12  20080827  2255   18.74    84.82   718    7.4   54  56.29  0.94
VIS    GOES12  20080827  2255   18.71    83.71   700    8.6  113  54.96  0.69
VIS    GOES12  20080827  2255   18.79    83.33   831    8.4   26  64.25  0.75
VIS    GOES12  20080827  2255   18.86    82.72   662    7.2   41  68.29  0.75
VIS    GOES12  20080827  2255   18.82    82.66   737    7.2   40  69.34  0.82
VIS    GOES12  20080827  2255   18.82    82.47   868    8.4   20  63.19  0.98
VIS    GOES12  20080827  2255   18.66    82.35   850    7.9   25  71.62  0.69
VIS    GOES12  20080827  2255   18.70    82.15   831    7.4   32  81.54  0.87
VIS    GOES12  20080827  2255   18.66    81.87   868    6.7   34  79.88  0.83
VIS    GOES12  20080827  2255   18.74    81.84   868    6.7   35  78.22  0.84
VIS    GOES12  20080827  2255   18.82    81.68   887    6.7   33  79.34  1.00
VIS    GOES12  20080827  2255   18.85    81.48   793    8.4   31  72.93  0.81
VIS    GOES12  20080827  2255   18.64    81.24   868    7.7   39  70.70  0.70
VIS    GOES12  20080827  2255   18.83    81.08   868    8.0   26  80.37  0.92
VIS    GOES12  20080827  2255   18.61    80.74   868    8.6   20  73.07  0.88
VIS    GOES12  20080827  2255   18.73    80.60   868    7.0   24  77.00  0.91
VIS    GOES12  20080827  2255   18.77    80.50   850   11.1   26  61.39  0.78
VIS    GOES12  20080827  2255   18.77    80.33   850    8.2   29  81.93  0.70
VIS    GOES12  20080827  2255   18.71    80.19   868    8.9   26  78.33  0.74
VIS    GOES12  20080827  2255   18.70    79.41   868   10.0   21  77.09  0.87
VIS    GOES12  20080827  2255   18.82    79.26   868    9.9   21  81.70  0.93
VIS    GOES12  20080827  2255   18.70    79.20   868    9.7   21  83.65  0.91
VIS    GOES12  20080827  2255   18.39    87.09   887    8.0   86  77.03  0.73
VIS    GOES12  20080827  2255   18.41    86.82   887    7.9   86  79.39  0.77
VIS    GOES12  20080827  2255   18.37    86.72   887    8.6   91  78.43  0.96
VIS    GOES12  20080827  2255   18.39    86.52   887    7.2   89  81.51  0.97
VIS    GOES12  20080827  2255   18.49    85.03   700   10.5  108  61.96  0.74
VIS    GOES12  20080827  2255   18.53    83.36   793    6.5   32  77.42  0.88
VIS    GOES12  20080827  2255   18.33    83.27   675    6.7   43  56.85  0.69
VIS    GOES12  20080827  2255   18.45    83.03   850    5.9   33  78.61  0.85
VIS    GOES12  20080827  2255   18.39    82.54   637    7.2   37  74.23  0.74
VIS    GOES12  20080827  2255   18.47    82.42   775    6.2   29  84.50  0.97
VIS    GOES12  20080827  2255   18.48    82.23   718    5.4   33  61.53  0.70
VIS    GOES12  20080827  2255   18.44    81.86   737    6.1   40  80.19  0.65
VIS    GOES12  20080827  2255   18.40    81.36   812    7.3   28  74.28  0.90
VIS    GOES12  20080827  2255   18.40    81.12   868    7.4   23  81.66  0.89
VIS    GOES12  20080827  2255   18.54    81.06   850    7.6   25  82.44  0.96
VIS    GOES12  20080827  2255   18.48    80.91   868    7.0   24  85.25  0.96
VIS    GOES12  20080827  2255   18.49    80.65   868    8.8   21  72.34  0.98
VIS    GOES12  20080827  2255   18.35    80.51   850    7.2   21  83.12  0.77
VIS    GOES12  20080827  2255   18.31    80.33   868    7.6   14  78.00  0.67
VIS    GOES12  20080827  2255   18.41    80.16   868    9.2   20  72.89  0.86
VIS    GOES12  20080827  2255   18.37    80.07   868    8.7   21  78.18  0.91
VIS    GOES12  20080827  2255   18.47    79.27   812    9.7   16  83.87  0.89
VIS    GOES12  20080827  2255   18.10    87.44   868    8.8   90  77.82  0.89
VIS    GOES12  20080827  2255   18.33    87.04   887    8.0   88  80.01  0.67
VIS    GOES12  20080827  2255   18.29    86.80   887    8.4   92  82.41  0.89
VIS    GOES12  20080827  2255   18.27    86.50   887    7.4   91  81.95  1.00
VIS    GOES12  20080827  2255   18.25    86.43   887    7.6   90  85.29  1.00
VIS    GOES12  20080827  2255   18.15    86.28   887    8.7   91  75.55  0.92
VIS    GOES12  20080827  2255   18.10    85.98   887    8.0   88  81.32  0.77
VIS    GOES12  20080827  2255   18.09    84.08   675    6.9   51  53.73  0.87
VIS    GOES12  20080827  2255   18.29    83.12   756    5.9   36  72.25  0.79
VIS    GOES12  20080827  2255   18.23    82.27   700    7.7   89  64.44  0.89
VIS    GOES12  20080827  2255   18.21    82.14   737    7.2   93  53.11  0.90
VIS    GOES12  20080827  2255   18.08    81.36   868    5.8    4  66.73  0.79
VIS    GOES12  20080827  2255   18.24    80.67   868    5.9   21  73.05  0.87
VIS    GOES12  20080827  2255   18.28    80.53   850    7.2   20  84.56  0.79
VIS    GOES12  20080827  2255   18.08    80.38   831    7.6   17  81.65  0.78
VIS    GOES12  20080827  2255   18.06    80.27   868    7.8   15  82.60  0.73
VIS    GOES12  20080827  2255   18.25    79.97   831    8.4   17  84.50  0.98
VIS    GOES12  20080827  2255   18.15    79.84   793    8.9   15  77.71  0.99
VIS    GOES12  20080827  2255   18.19    79.61   812    8.7   17  78.77  0.92
VIS    GOES12  20080827  2255   18.23    79.58   831    8.4   16  82.07  0.91
VIS    GOES12  20080827  2255   17.93    86.62   906    8.8   87  76.96  0.90
VIS    GOES12  20080827  2255   17.93    86.53   906    7.8   91  84.88  0.73
VIS    GOES12  20080827  2255   17.97    86.28   906    8.3   91  80.16  1.00
VIS    GOES12  20080827  2255   17.95    84.67   700    9.2  116  60.59  0.77
VIS    GOES12  20080827  2255   17.93    84.30   737   10.1   91  59.04  0.87
VIS    GOES12  20080827  2255   17.99    84.11   718    7.0   51  54.55  0.84
VIS    GOES12  20080827  2255   17.98    82.78   775    6.0   28  78.00  0.72
VIS    GOES12  20080827  2255   17.88    82.62   775    4.9   32  79.68  0.66
VIS    GOES12  20080827  2255   17.99    82.37   793    5.6   28  75.21  0.66
VIS    GOES12  20080827  2255   17.78    82.25   775    5.1  350  64.33  0.69
VIS    GOES12  20080827  2255   17.79    81.40   775    5.6  351  68.36  0.67
VIS    GOES12  20080827  2255   17.77    81.33   756    5.2  347  61.63  0.66
VIS    GOES12  20080827  2255   17.79    80.82   850    5.5   13  76.62  0.80
VIS    GOES12  20080827  2255   17.96    80.48   887    6.9   14  86.10  0.81
VIS    GOES12  20080827  2255   17.84    80.04   775    7.6    8  84.49  0.69
VIS    GOES12  20080827  2255   17.90    79.77   775    9.1    5  75.33  0.86
VIS    GOES12  20080827  2255   17.80    79.68   793    8.6    6  82.06  0.90
VIS    GOES12  20080827  2255   17.82    79.45   737    8.3    8  80.76  0.93
VIS    GOES12  20080827  2255   17.65    87.21   887    8.0   95  82.25  0.82
VIS    GOES12  20080827  2255   17.68    87.06   887    8.9   91  80.03  0.95
VIS    GOES12  20080827  2255   17.63    85.59   906    5.7   86  74.26  0.70
VIS    GOES12  20080827  2255   17.53    85.37   887    7.1   90  80.69  0.69
VIS    GOES12  20080827  2255   17.48    84.57   625   11.1   92  55.21  0.68
VIS    GOES12  20080827  2255   17.54    84.26   756   10.2   92  53.11  0.88
VIS    GOES12  20080827  2255   17.50    84.23   700   10.2   90  74.28  0.85
VIS    GOES12  20080827  2255   17.50    82.47   812    4.2   18  77.85  0.75
VIS    GOES12  20080827  2255   17.50    82.39   831    4.1   18  77.77  0.69
VIS    GOES12  20080827  2255   17.68    82.18   775    5.1  345  63.22  0.74
VIS    GOES12  20080827  2255   17.62    82.05   793    5.2   12  81.91  0.80
VIS    GOES12  20080827  2255   17.46    80.98   850    5.4    5  80.63  0.76
VIS    GOES12  20080827  2255   17.46    80.88   850    5.0    8  77.74  0.71
VIS    GOES12  20080827  2255   17.49    80.69   775    5.5    6  77.12  0.77
VIS    GOES12  20080827  2255   17.67    80.08   600    7.4   11  82.38  0.69
VIS    GOES12  20080827  2255   17.47    79.90   675    8.0  359  62.68  0.75
VIS    GOES12  20080827  2255   17.62    79.53   737    8.7    5  73.40  0.95
VIS    GOES12  20080827  2255   17.39    85.07   887    6.9   89  79.01  0.74
VIS    GOES12  20080827  2255   17.41    84.81   700   11.1  110  65.55  0.82
VIS    GOES12  20080827  2255   17.33    84.73   662   11.2  105  64.46  0.81
VIS    GOES12  20080827  2255   17.34    84.45   737   12.3   89  52.22  0.81
VIS    GOES12  20080827  2255   17.17    84.29   850    6.9   99  62.59  0.95
VIS    GOES12  20080827  2255   17.36    84.19   700    9.4   92  79.89  0.80
VIS    GOES12  20080827  2255   17.22    83.04   700   10.8   95  69.29  0.89
VIS    GOES12  20080827  2255   17.19    82.85   700   10.0   94  72.42  0.83
VIS    GOES12  20080827  2255   17.37    82.54   793    3.8   19  76.61  0.66
VIS    GOES12  20080827  2255   17.27    82.24   775    4.7    8  81.86  0.66
VIS    GOES12  20080827  2255   17.23    81.86   756    5.0  352  63.35  0.94
VIS    GOES12  20080827  2255   17.32    81.15   831    5.1  357  79.87  0.96
VIS    GOES12  20080827  2255   17.18    80.98   812    5.7    0  79.01  0.83
VIS    GOES12  20080827  2255   17.36    80.77   793    4.9    2  72.58  0.80
VIS    GOES12  20080827  2255   17.40    80.64   650    5.7    2  64.19  0.76
VIS    GOES12  20080827  2255   17.37    79.82   775    8.6  356  73.99  0.81
VIS    GOES12  20080827  2255   17.05    84.28   831    8.8  105  51.50  0.81
VIS    GOES12  20080827  2255   16.95    83.74   700    6.9   90  62.20  0.84
VIS    GOES12  20080827  2255   17.12    83.01   700   10.1   95  74.82  0.87
VIS    GOES12  20080827  2255   17.10    82.89   718   10.0   96  61.25  0.85
VIS    GOES12  20080827  2255   17.04    82.62   718   11.7   91  54.02  0.89
VIS    GOES12  20080827  2255   16.84    82.45   700   11.5   92  61.58  0.97
VIS    GOES12  20080827  2255   16.98    82.39   687   11.2   93  62.15  0.96
VIS    GOES12  20080827  2255   17.07    81.10   793    4.8  345  77.80  0.86
VIS    GOES12  20080827  2255   17.02    80.63   793    5.7  339  74.65  0.77
VIS    GOES12  20080827  2255   16.97    80.59   793    5.6  340  76.05  0.79
VIS    GOES12  20080827  2255   16.93    80.39   756    6.5  344  72.18  0.73
VIS    GOES12  20080827  2255   16.87    80.25   737    6.1  347  70.83  0.98
VIS    GOES12  20080827  2255   16.83    84.13   718    7.5   97  75.80  0.94
VIS    GOES12  20080827  2255   16.06    86.71   737    3.7   85  83.51  0.60
VIS    GOES12  20080827  2255   16.11    83.41   700    8.7   91  79.63  0.69
VIS    GOES12  20080827  2255   15.94    83.50   718    8.3   89  77.07  0.74
VIS    GOES12  20080827  2255   15.80    83.31   700    8.3   85  74.94  0.71
VIS    GOES12  20080827  2255   15.72    83.22   700    8.4   81  71.86  0.67
WV10   GOES12  20080827  2255   37.70    71.85   250   24.4  312  60.72  0.59
WV10   GOES12  20080827  2255   36.42    71.34   275   22.1  314  51.37  0.92
WV10   GOES12  20080827  2255   35.67    71.15   262   24.3  319  49.21  0.81
IR     GOES12  20080827  2255   52.68    55.70   793   11.3  358  60.80  0.69
IR     GOES12  20080827  2255   52.63    55.17   850   13.4  358  63.46  0.77
IR     GOES12  20080827  2255   53.17    51.21   831   15.7  337  50.72  0.99
IR     GOES12  20080827  2255   53.36    42.19   300   67.5  234  50.00  0.97
IR     GOES12  20080827  2255   53.46    42.01   300   63.8  235  50.20  0.98
IR     GOES12  20080827  2255   51.48    55.45   637   14.4  316  57.88  0.61
IR     GOES12  20080827  2255   52.93    42.70   275   64.7  233  50.00  0.99
IR     GOES12  20080827  2255   52.84    39.22   275   50.3  237  72.31  0.77
IR     GOES12  20080827  2255   51.07    44.48   262   38.8  240  50.72  0.80
IR     GOES12  20080827  2255   51.32    41.27   237   46.3  245  75.48  1.00
IR     GOES12  20080827  2255   51.58    40.80   237   46.0  243  66.00  0.99
IR     GOES12  20080827  2255   51.64    40.09   262   46.8  241  63.47  0.97
IR     GOES12  20080827  2255   51.83    37.09   375   28.0  236  67.47  0.99
IR     GOES12  20080827  2255   51.68    37.12   362   28.2  236  70.39  0.98
IR     GOES12  20080827  2255   49.77    53.40   200   27.1  252  46.50  0.91
IR     GOES12  20080827  2255   49.85    52.00   175   27.5  254  52.64  0.72
IR     GOES12  20080827  2255   49.95    51.52   225   32.1  257  56.11  0.71
IR     GOES12  20080827  2255   49.97    51.24   225   34.9  257  57.14  0.89
IR     GOES12  20080827  2255   50.03    50.16   262   31.8  258  50.48  0.71
IR     GOES12  20080827  2255   50.28    42.57   225   37.6  253  59.67  0.98
IR     GOES12  20080827  2255   50.07    42.44   225   37.8  253  67.56  0.97
IR     GOES12  20080827  2255   50.28    39.88   275   32.4  253  70.12  0.80
IR     GOES12  20080827  2255   50.22    38.94   300   25.1  244  56.10  0.99
IR     GOES12  20080827  2255   50.56    38.27   300   28.1  241  56.22  0.79
IR     GOES12  20080827  2255   50.51    36.34   462   18.7  239  65.23  0.99
IR     GOES12  20080827  2255   50.41    35.87   412   17.4  237  75.95  0.98
IR     GOES12  20080827  2255   50.87    34.80   450   19.2  240  65.29  0.60
IR     GOES12  20080827  2255   48.64    50.12   212   33.5  243  63.58  0.93
IR     GOES12  20080827  2255   48.66    48.81   200   39.4  244  52.65  0.85
IR     GOES12  20080827  2255   48.48    48.39   225   35.2  252  65.77  0.98
IR     GOES12  20080827  2255   48.85    48.00   212   37.2  250  72.52  0.97
IR     GOES12  20080827  2255   49.40    46.95   237   34.9  252  57.11  0.83
IR     GOES12  20080827  2255   49.13    43.95   237   28.3  266  46.04  0.59
IR     GOES12  20080827  2255   48.95    43.51   262   29.1  258  67.25  0.86
IR     GOES12  20080827  2255   49.00    42.80   287   23.4  246  55.12  0.72
IR     GOES12  20080827  2255   48.97    42.41   300   23.3  250  63.37  0.98
IR     GOES12  20080827  2255   48.99    42.09   287   20.8  250  51.68  0.98
IR     GOES12  20080827  2255   49.82    39.47   337   23.2  248  60.21  0.95
IR     GOES12  20080827  2255   49.99    39.12   300   24.8  244  56.16  0.98
IR     GOES12  20080827  2255   50.17    36.24   412   17.2  238  77.08  0.99
IR     GOES12  20080827  2255   47.03    60.18   275   26.7   58  48.25  0.91
IR     GOES12  20080827  2255   47.65    59.36   300   18.2   57  69.10  0.96
IR     GOES12  20080827  2255   47.27    51.88   225   29.4  223  54.15  0.80
IR     GOES12  20080827  2255   48.23    50.25   212   33.0  238  58.34  0.96
IR     GOES12  20080827  2255   47.83    49.14   212   36.0  240  55.79  0.96
IR     GOES12  20080827  2255   48.42    45.21   287   27.2  266  51.00  0.62
IR     GOES12  20080827  2255   48.43    45.09   275   28.6  268  48.66  0.92
IR     GOES12  20080827  2255   48.14    43.58   287   21.2  257  63.52  0.57
IR     GOES12  20080827  2255   48.08    43.46   275   25.1  264  65.07  0.80
IR     GOES12  20080827  2255   48.62    42.49   337   20.1  251  53.37  0.98
IR     GOES12  20080827  2255   48.38    41.27   275   23.5  269  67.12  0.67
IR     GOES12  20080827  2255   47.99    41.00   250   28.2  282  50.49  0.77
IR     GOES12  20080827  2255   46.86    51.20   225   29.8  226  62.68  0.92
IR     GOES12  20080827  2255   46.79    51.16   237   30.6  230  59.31  0.70
IR     GOES12  20080827  2255   47.07    49.73   250   29.4  239  66.70  0.64
IR     GOES12  20080827  2255   46.63    48.52   275   29.3  251  52.73  0.67
IR     GOES12  20080827  2255   47.43    44.15   287   16.4  254  50.70  0.85
IR     GOES12  20080827  2255   47.38    43.95   262   20.2  264  66.25  0.89
IR     GOES12  20080827  2255   46.89    43.61   275   16.8  264  61.92  0.96
IR     GOES12  20080827  2255   47.40    41.92   275   20.3  276  65.48  0.64
IR     GOES12  20080827  2255   47.62    40.69   550   19.5  230  58.81  0.76
IR     GOES12  20080827  2255   46.02    54.97   250   32.2  192  53.16  0.69
IR     GOES12  20080827  2255   45.26    55.12   225   34.8  188  51.83  0.79
IR     GOES12  20080827  2255   45.94    51.54   237   29.6  218  62.85  0.79
IR     GOES12  20080827  2255   45.90    49.96   250   25.0  225  66.09  0.54
IR     GOES12  20080827  2255   46.16    48.87   262   23.1  244  65.28  0.75
IR     GOES12  20080827  2255   46.15    47.88   462   18.5  240  60.76  0.91
IR     GOES12  20080827  2255   45.97    46.73   262   20.9  256  73.63  0.89
IR     GOES12  20080827  2255   46.60    44.91   325   17.5  254  65.70  0.96
IR     GOES12  20080827  2255   46.68    43.76   262   17.1  272  70.58  0.87
IR     GOES12  20080827  2255   46.24    43.69   225   16.7  271  56.67  0.79
IR     GOES12  20080827  2255   46.68    42.85   300   16.0  287  55.18  0.62
IR     GOES12  20080827  2255   46.72    40.54   512   18.1  232  55.25  0.81
IR     GOES12  20080827  2255   46.20    40.68   437   14.6  241  57.63  0.79
IR     GOES12  20080827  2255   46.28    39.71   487   13.9  234  58.90  0.95
IR     GOES12  20080827  2255   46.85    35.76   737   10.4  241  72.76  0.79
IR     GOES12  20080827  2255   47.41    32.34   312    3.2  339  77.16  0.74
IR     GOES12  20080827  2255   44.45    55.48   250   41.9  185  50.12  0.98
IR     GOES12  20080827  2255   45.02    55.02   237   36.5  188  58.26  0.94
IR     GOES12  20080827  2255   44.44    54.39   237   31.8  192  61.77  0.83
IR     GOES12  20080827  2255   44.90    52.40   337   11.1  213  58.74  0.70
IR     GOES12  20080827  2255   45.15    51.17   312   21.6  217  59.62  0.68
IR     GOES12  20080827  2255   45.16    48.83   350   17.9  225  66.40  1.00
IR     GOES12  20080827  2255   45.16    48.79   350   17.8  226  68.11  1.00
IR     GOES12  20080827  2255   45.00    48.35   275   17.8  231  63.18  1.00
IR     GOES12  20080827  2255   45.11    47.56   275   19.2  246  69.07  0.86
IR     GOES12  20080827  2255   45.30    45.48   337   15.9  248  71.71  0.98
IR     GOES12  20080827  2255   45.31    45.41   350   15.6  245  78.94  0.95
IR     GOES12  20080827  2255   45.01    43.33   262   11.8  299  75.95  0.50
IR     GOES12  20080827  2255   45.82    40.79   462   12.3  244  69.54  0.87
IR     GOES12  20080827  2255   45.37    40.99   437    9.4  250  70.57  0.65
IR     GOES12  20080827  2255   45.56    36.88   475    8.5  261  62.90  0.81
IR     GOES12  20080827  2255   46.36    34.77   718    8.0  265  64.81  0.67
IR     GOES12  20080827  2255   46.55    32.61   375    5.8  342  61.35  0.67
IR     GOES12  20080827  2255   46.49    32.53   375    5.9  340  60.47  0.68
IR     GOES12  20080827  2255   43.52    61.08   312   22.6   82  63.42  0.53
IR     GOES12  20080827  2255   43.33    56.46   275   41.0  179  55.02  0.99
IR     GOES12  20080827  2255   43.52    56.20   275   39.5  179  59.75  1.00
IR     GOES12  20080827  2255   43.98    55.14   250   40.6  185  61.42  1.00
IR     GOES12  20080827  2255   43.98    55.11   250   38.6  187  68.49  0.98
IR     GOES12  20080827  2255   43.47    54.60   262   32.8  188  59.83  0.84
IR     GOES12  20080827  2255   44.11    46.93   275    7.7  242  55.25  0.83
IR     GOES12  20080827  2255   43.99    45.04   500   11.8  248  71.46  0.99
IR     GOES12  20080827  2255   45.09    37.31   500    8.5  260  63.28  0.90
IR     GOES12  20080827  2255   42.99    57.47   362   27.6  173  63.89  0.75
IR     GOES12  20080827  2255   43.10    56.35   262   42.7  178  61.02  0.99
IR     GOES12  20080827  2255   43.18    55.68   250   41.6  180  71.52  0.99
IR     GOES12  20080827  2255   43.25    55.43   250   40.5  182  73.83  0.99
IR     GOES12  20080827  2255   42.53    54.58   262   32.6  192  50.64  0.78
IR     GOES12  20080827  2255   43.26    52.74   250   32.1  199  66.81  0.96
IR     GOES12  20080827  2255   43.03    52.61   262   27.9  195  70.71  0.97
IR     GOES12  20080827  2255   43.08    51.52   262   22.7  202  65.50  0.84
IR     GOES12  20080827  2255   42.82    50.87   275   19.6  205  71.24  0.97
IR     GOES12  20080827  2255   42.83    50.84   287   19.9  205  78.40  0.97
IR     GOES12  20080827  2255   43.25    47.43   237   11.9  223  57.62  0.76
IR     GOES12  20080827  2255   43.66    46.51   237    9.3  260  69.91  0.76
IR     GOES12  20080827  2255   43.37    46.33   312   11.2  243  54.15  0.78
IR     GOES12  20080827  2255   43.68    45.16   500   11.4  247  70.09  0.93
IR     GOES12  20080827  2255   44.02    41.08   312    9.0  321  77.55  0.76
IR     GOES12  20080827  2255   43.29    41.23   312    9.2  327  71.91  0.54
IR     GOES12  20080827  2255   42.07    60.76   475    4.6  125  60.33  0.66
IR     GOES12  20080827  2255   42.22    55.02   250   37.0  183  63.03  0.93
IR     GOES12  20080827  2255   41.66    54.78   287   30.8  192  55.32  0.77
IR     GOES12  20080827  2255   42.08    49.62   337   15.6  201  66.38  0.86
IR     GOES12  20080827  2255   42.09    48.44   225   11.5  223  66.62  0.68
IR     GOES12  20080827  2255   41.94    48.00   212    8.3  248  72.52  0.92
IR     GOES12  20080827  2255   42.24    47.67   262    8.1  239  66.01  0.93
IR     GOES12  20080827  2255   42.06    46.87   337    3.3  213  63.34  0.91
IR     GOES12  20080827  2255   42.19    46.70   362    3.5  211  56.28  0.94
IR     GOES12  20080827  2255   42.34    45.16   275    8.6  336  63.20  0.82
IR     GOES12  20080827  2255   42.29    44.94   300    7.6  333  78.79  0.81
IR     GOES12  20080827  2255   42.57    41.52   325   14.9  346  48.96  0.82
IR     GOES12  20080827  2255   41.22    60.73   400    9.1  207  59.30  0.75
IR     GOES12  20080827  2255   41.49    53.48   175   24.7  192  51.95  0.79
IR     GOES12  20080827  2255   41.66    50.06   237   18.8  209  60.56  0.81
IR     GOES12  20080827  2255   41.16    49.77   287   15.3  208  61.47  0.75
IR     GOES12  20080827  2255   41.25    49.23   237   13.3  208  58.39  0.98
IR     GOES12  20080827  2255   41.25    49.20   237   13.2  208  58.10  0.97
IR     GOES12  20080827  2255   41.22    48.68   200    8.4  252  65.70  0.83
IR     GOES12  20080827  2255   41.56    47.59   300    3.4  229  69.06  0.61
IR     GOES12  20080827  2255   42.04    45.31   275    7.6  338  68.11  0.86
IR     GOES12  20080827  2255   41.93    45.19   287    7.4  340  75.64  0.82
IR     GOES12  20080827  2255   41.43    44.96   300    8.9  354  65.35  0.68
IR     GOES12  20080827  2255   42.05    42.48   350    6.9  339  79.44  0.84
IR     GOES12  20080827  2255   41.82    42.41   337    8.9  345  67.36  0.84
IR     GOES12  20080827  2255   42.50    30.36   350    4.1  208  63.33  0.77
IR     GOES12  20080827  2255   43.38    26.23   793    3.2  349  77.47  0.61
IR     GOES12  20080827  2255   40.43    61.08   387    6.8  209  56.33  0.72
IR     GOES12  20080827  2255   39.98    59.45   718   11.0  235  56.14  0.60
IR     GOES12  20080827  2255   40.11    58.73   812    7.2  208  79.61  0.69
IR     GOES12  20080827  2255   40.42    56.40   262   37.1  187  67.15  0.82
IR     GOES12  20080827  2255   40.63    55.19   300   26.5  188  51.53  0.66
IR     GOES12  20080827  2255   40.32    52.18   212   20.2  211  56.20  0.95
IR     GOES12  20080827  2255   40.35    51.66   175   21.8  215  71.30  0.81
IR     GOES12  20080827  2255   40.64    51.31   237   22.1  211  55.94  0.97
IR     GOES12  20080827  2255   40.54    49.96   287   12.6  206  70.98  0.95
IR     GOES12  20080827  2255   40.62    49.43   212    9.4  208  57.79  0.76
IR     GOES12  20080827  2255   40.46    49.41   225    8.8  212  64.18  0.98
IR     GOES12  20080827  2255   40.94    48.62   225    7.5  250  64.62  0.85
IR     GOES12  20080827  2255   40.51    48.43   225    5.3  267  65.87  0.71
IR     GOES12  20080827  2255   41.12    45.53   262    8.3  350  59.06  0.86
IR     GOES12  20080827  2255   40.68    45.33   287   10.0    9  55.45  0.79
IR     GOES12  20080827  2255   42.44    26.28   793    3.9    9  74.97  0.62
IR     GOES12  20080827  2255   42.44    24.95   775    4.0   19  80.72  0.83
IR     GOES12  20080827  2255   42.17    24.84   775    3.6   23  78.09  0.74
IR     GOES12  20080827  2255   39.16    61.58   400   17.8  266  69.60  0.68
IR     GOES12  20080827  2255   39.43    61.43   400   18.7  257  56.00  0.74
IR     GOES12  20080827  2255   39.57    60.58   412   17.5  242  66.58  0.76
IR     GOES12  20080827  2255   39.29    60.62   412   18.1  241  73.55  0.69
IR     GOES12  20080827  2255   39.61    59.01   812    9.5  228  60.03  0.77
IR     GOES12  20080827  2255   39.15    56.81   337   29.8  197  56.18  0.96
IR     GOES12  20080827  2255   39.65    56.44   337   32.4  195  69.09  1.00
IR     GOES12  20080827  2255   39.77    54.82   200   37.3  200  65.77  0.88
IR     GOES12  20080827  2255   39.54    53.73   212   31.2  204  66.35  0.98
IR     GOES12  20080827  2255   39.61    53.46   212   29.3  206  65.71  0.95
IR     GOES12  20080827  2255   39.31    52.93   212   25.8  212  62.16  0.98
IR     GOES12  20080827  2255   39.83    52.19   162   22.8  216  69.48  0.80
IR     GOES12  20080827  2255   39.78    52.12   150   21.6  223  60.65  0.62
IR     GOES12  20080827  2255   39.48    51.48   200   19.1  224  60.98  0.95
IR     GOES12  20080827  2255   39.77    51.14   212   17.9  227  56.24  0.98
IR     GOES12  20080827  2255   39.74    50.55   262   10.9  210  74.85  0.77
IR     GOES12  20080827  2255   40.00    49.79   287    9.0  215  73.51  0.97
IR     GOES12  20080827  2255   39.90    49.61   262    7.6  224  70.91  0.98
IR     GOES12  20080827  2255   39.70    49.15   212    5.5  259  74.71  0.95
IR     GOES12  20080827  2255   39.39    48.87   212    4.7  295  67.35  0.76
IR     GOES12  20080827  2255   41.59    26.15   793    4.5   33  67.31  0.96
IR     GOES12  20080827  2255   41.74    25.19   793    4.2   30  71.74  0.86
IR     GOES12  20080827  2255   38.60    60.73   337   18.5  238  53.54  0.50
IR     GOES12  20080827  2255   38.88    56.83   325   31.3  197  54.54  0.73
IR     GOES12  20080827  2255   38.44    54.40   225   29.5  205  72.25  0.99
IR     GOES12  20080827  2255   38.99    54.00   212   30.4  207  66.60  1.00
IR     GOES12  20080827  2255   38.86    53.31   150   22.0  219  69.88  0.77
IR     GOES12  20080827  2255   39.03    53.19   175   23.7  211  71.14  0.94
IR     GOES12  20080827  2255   39.10    52.67   187   21.8  210  66.89  0.64
IR     GOES12  20080827  2255   38.53    52.24   162   17.0  213  56.81  0.98
IR     GOES12  20080827  2255   39.11    51.42   212   15.7  239  53.24  0.98
IR     GOES12  20080827  2255   38.90    50.02   237    7.2  222  58.87  0.81
IR     GOES12  20080827  2255   39.20    49.48   225    5.1  265  73.24  0.91
IR     GOES12  20080827  2255   38.78    49.38   225    4.8  289  73.22  0.77
IR     GOES12  20080827  2255   39.01    48.98   225    5.1  302  68.47  0.92
IR     GOES12  20080827  2255   39.46    44.71   850    7.2  146  73.16  0.60
IR     GOES12  20080827  2255   39.44    43.16   225    8.9   40  58.31  0.79
IR     GOES12  20080827  2255   40.08    31.59   350   14.5  252  61.15  1.00
IR     GOES12  20080827  2255   40.15    31.44   362   12.1  253  67.96  0.66
IR     GOES12  20080827  2255   40.02    30.94   337   14.1  251  66.43  0.96
IR     GOES12  20080827  2255   40.07    29.67   225   13.6  258  58.62  0.90
IR     GOES12  20080827  2255   40.03    29.43   225   13.8  263  63.20  0.63
IR     GOES12  20080827  2255   37.81    60.65   793    8.3  263  76.23  0.76
IR     GOES12  20080827  2255   37.69    59.46   887    4.6  271  76.24  0.92
IR     GOES12  20080827  2255   37.99    56.54   275   32.1  210  70.55  0.95
IR     GOES12  20080827  2255   38.14    54.12   212   26.4  206  67.72  0.95
IR     GOES12  20080827  2255   38.15    53.90   200   25.7  202  55.60  0.98
IR     GOES12  20080827  2255   37.95    53.49   175   21.7  212  59.97  0.98
IR     GOES12  20080827  2255   37.98    52.91   162   18.7  226  78.14  0.70
IR     GOES12  20080827  2255   38.27    52.22   162   16.4  210  52.05  0.93
IR     GOES12  20080827  2255   38.26    51.30   287   11.6  250  57.79  0.95
IR     GOES12  20080827  2255   38.26    51.26   287   11.5  250  58.08  0.94
IR     GOES12  20080827  2255   37.82    50.58   225    4.6  267  65.08  0.78
IR     GOES12  20080827  2255   38.25    50.30   225    4.8  262  70.23  0.98
IR     GOES12  20080827  2255   38.06    49.91   250    3.8  288  74.91  0.72
IR     GOES12  20080827  2255   38.19    49.35   225    6.0  316  69.06  0.64
IR     GOES12  20080827  2255   38.00    48.96   262    8.5  336  53.86  0.77
IR     GOES12  20080827  2255   38.33    44.75   212    9.7   60  58.82  0.82
IR     GOES12  20080827  2255   38.36    44.26   225   12.0   61  51.31  0.94
IR     GOES12  20080827  2255   38.31    44.15   225   13.3   65  47.85  0.96
IR     GOES12  20080827  2255   39.12    37.21   575    8.3  208  61.14  0.60
IR     GOES12  20080827  2255   38.85    34.21   475    7.9  261  66.64  0.65
IR     GOES12  20080827  2255   38.86    34.17   475    7.8  262  66.77  0.71
IR     GOES12  20080827  2255   38.82    33.16   362   11.7  261  74.53  1.00
IR     GOES12  20080827  2255   38.93    31.75   337   18.3  259  58.32  0.97
IR     GOES12  20080827  2255   39.52    30.40   337   17.1  255  57.29  0.97
IR     GOES12  20080827  2255   39.41    30.37   312   18.5  257  59.41  0.98
IR     GOES12  20080827  2255   39.83    23.30   775    6.5  350  79.03  0.86
IR     GOES12  20080827  2255   37.18    60.91   868    6.9  291  76.54  0.90
IR     GOES12  20080827  2255   36.79    59.96   868    5.2  268  76.55  0.64
IR     GOES12  20080827  2255   36.63    58.53   212   33.7  207  46.20  0.99
IR     GOES12  20080827  2255   36.85    58.05   200   33.2  208  54.83  0.85
IR     GOES12  20080827  2255   37.04    56.93   212   28.4  208  57.35  0.94
IR     GOES12  20080827  2255   36.93    54.49   200   23.4  214  66.16  0.93
IR     GOES12  20080827  2255   37.47    53.78   212   20.7  230  53.94  0.76
IR     GOES12  20080827  2255   37.42    53.67   150   20.4  233  65.34  0.85
IR     GOES12  20080827  2255   36.93    53.04   175   14.9  240  68.33  0.99
IR     GOES12  20080827  2255   37.47    52.55   162   15.5  241  69.48  0.96
IR     GOES12  20080827  2255   36.96    52.46   237   15.4  261  51.56  0.92
IR     GOES12  20080827  2255   37.51    51.74   262   12.7  261  54.75  0.78
IR     GOES12  20080827  2255   37.47    51.36   212   11.7  269  59.80  0.89
IR     GOES12  20080827  2255   37.61    50.54   225    5.3  279  69.26  0.69
IR     GOES12  20080827  2255   37.10    50.40   237    7.1  310  77.36  0.85
IR     GOES12  20080827  2255   37.16    50.16   262    6.5  314  73.79  0.69
IR     GOES12  20080827  2255   37.51    49.46   275    8.6  331  52.94  0.85
IR     GOES12  20080827  2255   37.90    38.75   237    9.3  287  52.83  0.80
IR     GOES12  20080827  2255   37.91    35.56   300   20.0  261  60.82  0.63
IR     GOES12  20080827  2255   38.57    34.44   462    7.4  264  64.30  0.80
IR     GOES12  20080827  2255   38.41    32.89   350   11.1  262  65.44  0.74
IR     GOES12  20080827  2255   38.74    32.05   337   16.6  261  66.00  0.74
IR     GOES12  20080827  2255   38.24    31.60   362   11.7  257  69.08  0.81
IR     GOES12  20080827  2255   38.26    31.42   350   11.6  257  64.72  0.84
IR     GOES12  20080827  2255   39.20    25.55   831    4.0  351  81.86  0.61
IR     GOES12  20080827  2255   39.31    24.35   812    6.9  337  66.02  0.94
IR     GOES12  20080827  2255   39.01    23.97   775    6.4  332  71.92  1.00
IR     GOES12  20080827  2255   39.16    23.52   793    6.5  332  68.91  1.00
IR     GOES12  20080827  2255   36.39    61.71   906    6.1  305  82.44  0.94
IR     GOES12  20080827  2255   36.45    61.34   906    6.1  305  78.59  1.00
IR     GOES12  20080827  2255   36.41    60.91   906    5.4  300  80.22  0.98
IR     GOES12  20080827  2255   36.52    60.52   887    5.5  299  67.98  1.00
IR     GOES12  20080827  2255   36.58    58.57   212   33.7  207  45.42  0.99
IR     GOES12  20080827  2255   36.40    57.80   200   25.0  220  54.56  0.98
IR     GOES12  20080827  2255   36.42    55.64   212   24.0  211  70.66  0.90
IR     GOES12  20080827  2255   36.18    55.31   187   20.0  212  59.15  1.00
IR     GOES12  20080827  2255   36.60    54.95   187   20.1  212  59.38  0.99
IR     GOES12  20080827  2255   36.32    54.43   150   22.7  250  50.49  0.86
IR     GOES12  20080827  2255   36.49    53.81   150   21.4  247  53.64  0.97
IR     GOES12  20080827  2255   36.57    53.23   200   14.5  248  65.89  0.84
IR     GOES12  20080827  2255   36.63    52.97   212   14.6  252  63.41  0.99
IR     GOES12  20080827  2255   36.52    51.99   225   14.2  281  53.12  0.98
IR     GOES12  20080827  2255   36.57    51.85   225   13.7  279  54.27  0.99
IR     GOES12  20080827  2255   36.65    51.16   275   11.1  293  55.50  0.70
IR     GOES12  20080827  2255   36.32    50.74   237    7.7  319  69.98  0.99
IR     GOES12  20080827  2255   36.43    50.52   237    7.3  315  65.57  0.99
IR     GOES12  20080827  2255   36.99    37.56   287   11.1  266  66.73  0.66
IR     GOES12  20080827  2255   37.17    37.22   312   10.2  266  61.83  0.66
IR     GOES12  20080827  2255   37.54    36.26   300   18.1  265  59.13  0.99
IR     GOES12  20080827  2255   37.27    34.16   412    8.9  268  71.43  0.83
IR     GOES12  20080827  2255   37.88    32.93   350   11.5  260  69.07  0.70
IR     GOES12  20080827  2255   37.86    31.77   350   12.0  256  67.74  0.75
IR     GOES12  20080827  2255   38.25    28.01   812    3.2  348  79.22  0.99
IR     GOES12  20080827  2255   38.27    27.81   793    3.1  348  77.16  0.80
IR     GOES12  20080827  2255   38.03    26.14   756    4.3  303  59.47  0.76
IR     GOES12  20080827  2255   38.04    22.78   793    8.3  345  72.43  0.62
IR     GOES12  20080827  2255   35.50    59.11   212   27.2  226  59.16  0.70
IR     GOES12  20080827  2255   35.71    58.78   200   22.6  221  63.83  0.98
IR     GOES12  20080827  2255   35.72    58.62   200   22.7  222  65.27  0.99
IR     GOES12  20080827  2255   35.51    55.97   212   18.8  217  66.28  0.98
IR     GOES12  20080827  2255   35.42    55.65   200   18.3  227  69.06  0.95
IR     GOES12  20080827  2255   35.78    55.14   187   16.3  227  62.76  0.97
IR     GOES12  20080827  2255   35.40    54.69   175   15.6  249  65.12  0.84
IR     GOES12  20080827  2255   35.33    53.84   225    8.5  238  56.13  0.64
IR     GOES12  20080827  2255   36.00    53.39   237   11.7  257  69.07  0.62
IR     GOES12  20080827  2255   35.76    51.85   200   14.5  302  59.73  0.95
IR     GOES12  20080827  2255   35.82    51.62   200   13.8  306  62.50  0.91
IR     GOES12  20080827  2255   35.80    50.94   250    7.5  323  65.73  0.95
IR     GOES12  20080827  2255   35.61    50.68   275   10.7  330  61.40  0.95
IR     GOES12  20080827  2255   35.58    50.18   262   12.8  345  57.56  0.83
IR     GOES12  20080827  2255   36.06    42.69   300    4.4   69  72.62  0.57
IR     GOES12  20080827  2255   36.29    42.19   262    5.2   53  68.18  0.69
IR     GOES12  20080827  2255   36.13    41.56   212    8.8   82  56.71  0.61
IR     GOES12  20080827  2255   36.13    41.53   212    8.8   82  56.47  0.62
IR     GOES12  20080827  2255   36.61    36.21   400    6.6  255  60.82  0.51
IR     GOES12  20080827  2255   36.92    34.67   400    9.6  269  69.02  0.91
IR     GOES12  20080827  2255   36.69    34.25   425    9.1  275  69.34  0.78
IR     GOES12  20080827  2255   37.04    31.56   300   17.5  255  71.33  0.97
IR     GOES12  20080827  2255   36.69    31.40   312   15.6  255  72.83  0.89
IR     GOES12  20080827  2255   37.67    24.75   793    7.0   13  65.70  0.79
IR     GOES12  20080827  2255   37.59    23.76   756    6.2   14  61.11  0.88
IR     GOES12  20080827  2255   37.73    22.68   775    9.6  341  63.36  0.94
IR     GOES12  20080827  2255   34.68    57.01   275   16.9  219  49.64  0.81
IR     GOES12  20080827  2255   34.55    56.38   200   17.0  218  57.65  0.96
IR     GOES12  20080827  2255   34.56    56.21   187   16.8  224  59.88  0.90
IR     GOES12  20080827  2255   34.78    55.53   175   16.3  238  70.08  0.79
IR     GOES12  20080827  2255   34.89    55.13   162   14.8  254  65.58  0.93
IR     GOES12  20080827  2255   34.70    53.50   275    6.6  285  74.54  0.62
IR     GOES12  20080827  2255   34.69    52.52   200   14.0  306  66.78  0.98
IR     GOES12  20080827  2255   34.80    52.36   200   13.9  308  68.83  0.97
IR     GOES12  20080827  2255   34.62    51.81   225   14.0  341  59.78  0.92
IR     GOES12  20080827  2255   35.00    51.00   237   15.3  332  58.81  0.98
IR     GOES12  20080827  2255   35.00    50.97   237   15.4  332  58.30  0.99
IR     GOES12  20080827  2255   35.65    41.01   275    4.0   93  62.04  0.86
IR     GOES12  20080827  2255   35.36    39.93   225    4.2  105  61.39  0.60
IR     GOES12  20080827  2255   35.64    37.11   512   13.0  220  56.19  0.70
IR     GOES12  20080827  2255   35.51    36.79   475    9.2  227  79.29  0.99
IR     GOES12  20080827  2255   35.91    35.99   475    9.8  243  71.00  0.68
IR     GOES12  20080827  2255   36.22    35.19   425    9.9  246  66.58  0.90
IR     GOES12  20080827  2255   36.16    34.58   425    8.5  265  73.47  0.86
IR     GOES12  20080827  2255   36.23    34.29   425    7.3  275  67.05  0.66
IR     GOES12  20080827  2255   36.95    24.50   793    8.1   17  66.76  0.73
IR     GOES12  20080827  2255   34.32    55.99   175   15.3  247  73.62  0.86
IR     GOES12  20080827  2255   34.09    55.44   175   12.6  250  68.16  0.95
IR     GOES12  20080827  2255   34.39    53.82   237    6.7  291  66.74  0.83
IR     GOES12  20080827  2255   34.31    53.53   300    7.2  293  74.47  0.95
IR     GOES12  20080827  2255   34.08    53.06   200   12.6  319  68.11  0.96
IR     GOES12  20080827  2255   34.34    52.72   200   13.7  311  71.12  0.99
IR     GOES12  20080827  2255   34.36    52.19   200   14.3  318  69.56  0.93
IR     GOES12  20080827  2255   34.38    51.60   300   11.8  345  53.70  0.95
IR     GOES12  20080827  2255   34.56    50.98   237   17.5  338  53.88  0.98
IR     GOES12  20080827  2255   34.46    50.93   237   17.6  341  54.51  0.97
IR     GOES12  20080827  2255   34.60    45.79   868    5.5  153  77.56  0.93
IR     GOES12  20080827  2255   34.55    45.72   831    5.5  155  76.58  0.93
IR     GOES12  20080827  2255   34.44    43.17   337    4.8   94  65.98  0.67
IR     GOES12  20080827  2255   34.54    43.02   325    6.0   79  56.73  0.69
IR     GOES12  20080827  2255   34.75    40.12   262    5.9  148  58.20  0.57
IR     GOES12  20080827  2255   35.30    36.82   500    8.8  230  79.40  0.88
IR     GOES12  20080827  2255   35.04    36.21   512    9.1  235  68.26  0.77
IR     GOES12  20080827  2255   34.81    36.00   487    6.6  248  68.47  0.91
IR     GOES12  20080827  2255   35.01    35.10   525    5.9  234  70.09  0.70
IR     GOES12  20080827  2255   34.82    35.01   487    6.7  236  68.02  0.78
IR     GOES12  20080827  2255   35.17    32.76   675    7.3  327  50.99  0.92
IR     GOES12  20080827  2255   36.08    25.12   812    6.8   31  75.88  0.81
IR     GOES12  20080827  2255   34.07    45.53   812    6.5  168  78.76  0.95
IR     GOES12  20080827  2255   34.23    43.38   250    3.2  121  64.67  0.53
IR     GOES12  20080827  2255   34.50    36.17   500    6.3  247  69.06  0.73
IR     GOES12  20080827  2255   34.13    35.71   500    6.5  256  66.94  0.78
IR     GOES12  20080827  2255   34.19    34.77   525    5.5  263  63.54  0.87
IR     GOES12  20080827  2255   35.24    26.14   831    7.3   57  70.51  0.64
IR     GOES12  20080827  2255   34.31    28.52   812    6.8   65  82.58  0.98
IR     GOES12  20080827  2255   34.12    28.38   831    7.7   65  78.14  0.98
IR     GOES12  20080827  2255   34.47    27.08   831    8.2   70  68.82  0.72
IR     GOES12  20080827  2255   34.48    26.13   831    9.5   62  65.95  0.90
IR     GOES12  20080827  2255   52.67    79.35   362   19.4  215  73.33  0.89
IR     GOES12  20080827  2255   52.61    55.62   850   11.1  359  77.04  0.75
IR     GOES12  20080827  2255   52.63    55.17   850   12.6  357  69.09  0.66
IR     GOES12  20080827  2255   52.82    54.47   887    9.7  356  73.35  0.65
IR     GOES12  20080827  2255   51.41    55.29   600   17.7  310  65.72  0.70
IR     GOES12  20080827  2255   46.07    62.05   300   23.4   46  49.72  0.62
IR     GOES12  20080827  2255   46.34    61.49   300   25.7   51  66.51  0.78
IR     GOES12  20080827  2255   44.71    63.82   300   40.3   37  55.35  0.74
IR     GOES12  20080827  2255   44.52    63.71   312   36.7   39  69.92  0.72
IR     GOES12  20080827  2255   44.11    61.14   300   28.2   69  60.32  0.76
IR     GOES12  20080827  2255   44.12    60.98   300   27.5   69  56.70  0.78
IR     GOES12  20080827  2255   44.32    58.66   325   19.3  148  55.35  0.83
IR     GOES12  20080827  2255   43.58    65.54   687   15.4   34  76.96  0.66
IR     GOES12  20080827  2255   43.36    64.75   687   16.1   39  75.38  0.77
IR     GOES12  20080827  2255   43.93    61.35   300   29.3   68  58.30  0.67
IR     GOES12  20080827  2255   43.52    60.95   300   26.0   78  54.02  0.68
IR     GOES12  20080827  2255   43.41    60.77   325   22.0   81  58.84  0.74
IR     GOES12  20080827  2255   43.55    59.94   400   17.5  108  72.12  0.68
IR     GOES12  20080827  2255   43.45    59.44   425   15.8  115  73.55  0.72
IR     GOES12  20080827  2255   43.54    58.56   387   20.3  139  65.44  0.69
IR     GOES12  20080827  2255   43.54    58.53   375   20.2  141  65.79  0.72
IR     GOES12  20080827  2255   43.86    57.94   375   19.7  152  76.00  0.69
IR     GOES12  20080827  2255   42.39    66.19   687   12.6   26  60.42  0.75
IR     GOES12  20080827  2255   42.40    65.95   687   12.8   27  62.37  0.63
IR     GOES12  20080827  2255   42.23    65.50   612   19.4   27  70.90  0.66
IR     GOES12  20080827  2255   41.37    66.06   637   17.1   13  72.29  0.65
IR     GOES12  20080827  2255   41.37    65.79   625   17.5   14  69.57  0.72
IR     GOES12  20080827  2255   41.93    63.71   831   12.5   23  72.60  0.66
IR     GOES12  20080827  2255   41.88    63.48   793   12.1   32  67.83  0.75
IR     GOES12  20080827  2255   40.50    73.84   225   20.7  305  55.07  0.88
IR     GOES12  20080827  2255   40.78    73.29   187   25.4  300  60.87  0.86
IR     GOES12  20080827  2255   40.56    72.81   200   29.5  300  73.81  0.86
IR     GOES12  20080827  2255   40.39    72.51   175   25.4  308  56.83  0.82
IR     GOES12  20080827  2255   40.56    72.07   200   36.6  307  53.47  0.87
IR     GOES12  20080827  2255   40.97    66.44   775   19.6    8  56.51  0.62
IR     GOES12  20080827  2255   40.86    66.11   756   17.3    7  66.33  0.69
IR     GOES12  20080827  2255   40.64    65.74   793   13.4   24  53.11  0.65
IR     GOES12  20080827  2255   41.22    60.73   412    8.4  208  61.81  0.63
IR     GOES12  20080827  2255   39.84    73.79   225   22.9  305  56.58  0.83
IR     GOES12  20080827  2255   39.84    73.71   225   22.8  306  56.43  0.83
IR     GOES12  20080827  2255   39.95    73.06   175   25.7  305  63.44  0.89
IR     GOES12  20080827  2255   39.90    72.81   212   25.4  306  56.77  0.86
IR     GOES12  20080827  2255   39.85    72.33   175   30.5  308  74.42  0.76
IR     GOES12  20080827  2255   39.69    72.03   200   32.2  310  66.06  0.76
IR     GOES12  20080827  2255   39.69    71.45   200   38.8  311  55.84  0.96
IR     GOES12  20080827  2255   39.86    70.99   200   37.5  315  68.32  0.76
IR     GOES12  20080827  2255   39.93    65.91   737   13.2    6  62.76  0.64
IR     GOES12  20080827  2255   39.83    65.29   687   15.0   12  52.59  0.60
IR     GOES12  20080827  2255   38.87    73.65   225   22.0  298  75.51  0.76
IR     GOES12  20080827  2255   39.25    73.28   175   21.7  308  51.65  0.90
IR     GOES12  20080827  2255   39.25    73.19   175   22.2  308  52.58  0.93
IR     GOES12  20080827  2255   39.20    72.78   162   23.9  308  68.31  0.86
IR     GOES12  20080827  2255   39.09    71.73   200   38.4  309  54.77  0.95
IR     GOES12  20080827  2255   39.04    71.51   200   37.5  311  61.60  0.96
IR     GOES12  20080827  2255   38.83    71.11   200   36.2  314  72.65  0.93
IR     GOES12  20080827  2255   39.19    62.58   500   10.4  279  56.46  0.76
IR     GOES12  20080827  2255   39.09    62.28   525   12.0  277  69.09  0.67
IR     GOES12  20080827  2255   39.61    60.95   425   15.2  250  69.76  0.57
IR     GOES12  20080827  2255   39.35    60.55   412   19.6  235  70.60  0.74
IR     GOES12  20080827  2255   39.48    59.84   250   27.1  240  45.10  0.84
IR     GOES12  20080827  2255   39.01    59.47   262   26.7  229  62.63  0.79
IR     GOES12  20080827  2255   38.03    73.42   250   17.3  307  69.70  0.82
IR     GOES12  20080827  2255   38.50    73.19   237   21.3  305  73.44  0.81
IR     GOES12  20080827  2255   38.03    72.47   237   20.1  310  59.27  0.80
IR     GOES12  20080827  2255   38.14    71.20   200   35.2  312  79.75  0.94
IR     GOES12  20080827  2255   38.09    70.99   200   35.3  314  71.88  0.95
IR     GOES12  20080827  2255   38.10    70.39   212   34.7  320  59.28  0.88
IR     GOES12  20080827  2255   38.10    70.30   200   41.1  316  62.79  0.77
IR     GOES12  20080827  2255   38.31    69.77   200   41.6  319  72.25  0.85
IR     GOES12  20080827  2255   38.11    69.01   200   48.7  322  50.52  0.87
IR     GOES12  20080827  2255   38.41    66.44   850   10.4  353  78.22  0.66
IR     GOES12  20080827  2255   38.53    65.86   887   12.2  354  68.19  0.63
IR     GOES12  20080827  2255   38.56    64.51   600   13.3  325  62.96  0.60
IR     GOES12  20080827  2255   38.46    64.19   600   12.0  321  62.56  0.68
IR     GOES12  20080827  2255   38.47    63.60   600   11.7  324  64.85  0.64
IR     GOES12  20080827  2255   38.17    62.67   850    9.0  315  68.66  0.62
IR     GOES12  20080827  2255   38.84    59.57   275   28.0  228  70.41  0.85
IR     GOES12  20080827  2255   37.50    73.43   237   21.5  302  57.17  0.79
IR     GOES12  20080827  2255   37.35    73.25   237   18.6  304  74.69  0.95
IR     GOES12  20080827  2255   37.61    72.51   250   19.4  313  75.57  0.83
IR     GOES12  20080827  2255   37.67    72.10   250   18.3  318  59.61  0.89
IR     GOES12  20080827  2255   37.26    71.18   200   33.5  314  73.67  0.90
IR     GOES12  20080827  2255   37.26    70.50   225   33.1  319  74.38  0.88
IR     GOES12  20080827  2255   37.37    70.33   212   33.2  318  59.53  0.86
IR     GOES12  20080827  2255   37.39    68.62   200   48.3  320  52.95  0.78
IR     GOES12  20080827  2255   37.33    65.76   868   11.4  334  64.05  0.75
IR     GOES12  20080827  2255   37.81    65.00   906   11.7  338  72.93  0.69
IR     GOES12  20080827  2255   37.71    64.63   906   10.6  333  78.14  0.67
IR     GOES12  20080827  2255   37.77    64.48   906   10.2  335  80.69  0.67
IR     GOES12  20080827  2255   37.40    62.46   831    9.3  287  65.57  0.68
IR     GOES12  20080827  2255   37.62    61.99   812    7.6  273  69.00  0.75
IR     GOES12  20080827  2255   37.91    60.80   850    6.9  273  74.18  0.72
IR     GOES12  20080827  2255   37.74    59.36   887    4.6  274  71.88  0.64
IR     GOES12  20080827  2255   36.88    75.83   250    6.9  266  67.10  0.70
IR     GOES12  20080827  2255   36.78    75.67   250    6.9  259  64.89  0.66
IR     GOES12  20080827  2255   36.99    72.61   250   17.8  315  66.70  0.83
IR     GOES12  20080827  2255   36.94    72.56   250   17.7  315  67.13  0.85
IR     GOES12  20080827  2255   36.74    71.85   262   17.7  317  74.41  0.83
IR     GOES12  20080827  2255   36.59    71.59   262   17.9  314  70.42  0.71
IR     GOES12  20080827  2255   37.05    71.13   212   33.3  315  66.73  0.89
IR     GOES12  20080827  2255   36.90    70.90   212   33.5  316  69.91  0.86
IR     GOES12  20080827  2255   36.39    70.43   225   31.0  320  70.72  0.93
IR     GOES12  20080827  2255   36.91    70.12   225   33.3  317  68.51  0.89
IR     GOES12  20080827  2255   36.86    69.72   187   34.0  320  55.78  0.90
IR     GOES12  20080827  2255   36.56    69.13   200   39.4  320  71.95  0.73
IR     GOES12  20080827  2255   36.51    68.95   200   39.6  322  66.78  0.73
IR     GOES12  20080827  2255   37.08    68.24   200   40.0  320  54.23  0.82
IR     GOES12  20080827  2255   36.73    68.04   200   50.2  322  49.84  0.94
IR     GOES12  20080827  2255   36.58    67.73   200   47.7  322  58.26  0.77
IR     GOES12  20080827  2255   36.85    66.51   906    9.1  342  74.60  0.68
IR     GOES12  20080827  2255   36.62    64.93   887    8.8  329  75.96  0.66
IR     GOES12  20080827  2255   36.99    64.33   868    9.8  321  72.40  0.80
IR     GOES12  20080827  2255   37.13    62.73   793    9.1  284  72.96  0.90
IR     GOES12  20080827  2255   37.18    60.77   868    7.3  290  71.42  0.67
IR     GOES12  20080827  2255   36.84    60.17   887    5.6  282  80.88  0.88
IR     GOES12  20080827  2255   35.87    74.23   300    3.9  269  64.51  0.64
IR     GOES12  20080827  2255   35.93    71.59   237   19.7  311  62.45  0.89
IR     GOES12  20080827  2255   35.88    71.41   212   29.1  319  56.41  0.89
IR     GOES12  20080827  2255   35.64    70.79   237   23.8  317  74.60  0.71
IR     GOES12  20080827  2255   35.79    70.68   250   24.0  316  68.04  0.70
IR     GOES12  20080827  2255   35.94    70.01   200   37.5  321  58.53  0.85
IR     GOES12  20080827  2255   36.25    69.69   187   33.4  321  60.52  0.88
IR     GOES12  20080827  2255   36.25    69.26   200   38.3  320  75.17  0.75
IR     GOES12  20080827  2255   35.95    69.08   200   38.6  322  70.30  0.85
IR     GOES12  20080827  2255   36.11    68.55   187   37.8  324  60.78  0.89
IR     GOES12  20080827  2255   35.87    67.73   200   50.0  321  46.59  0.97
IR     GOES12  20080827  2255   36.28    67.09   887    8.9  353  67.09  0.61
IR     GOES12  20080827  2255   36.28    67.04   906    8.5  352  74.02  0.60
IR     GOES12  20080827  2255   36.07    64.67   887    8.2  335  77.22  0.81
IR     GOES12  20080827  2255   36.07    64.64   906    8.2  338  78.66  0.85
IR     GOES12  20080827  2255   36.40    61.30   887    6.8  295  76.31  0.62
IR     GOES12  20080827  2255   36.47    60.50   887    7.4  281  67.14  0.69
IR     GOES12  20080827  2255   36.18    60.12   700   16.7  241  66.07  0.81
IR     GOES12  20080827  2255   34.97    74.92   237    5.6  256  65.50  0.72
IR     GOES12  20080827  2255   35.08    73.51   275    8.6  292  75.50  0.61
IR     GOES12  20080827  2255   35.13    73.25   275    9.8  299  69.48  0.67
IR     GOES12  20080827  2255   35.38    72.38   287   12.2  319  56.40  0.67
IR     GOES12  20080827  2255   35.48    71.75   250   17.4  315  75.31  0.83
IR     GOES12  20080827  2255   35.43    71.72   250   17.6  316  73.47  0.87
IR     GOES12  20080827  2255   35.04    71.19   250   18.6  327  56.84  0.78
IR     GOES12  20080827  2255   35.34    70.57   237   24.3  318  78.77  0.65
IR     GOES12  20080827  2255   35.39    70.26   250   24.0  322  67.13  0.63
IR     GOES12  20080827  2255   35.29    70.16   250   22.4  317  71.22  0.63
IR     GOES12  20080827  2255   35.50    69.38   187   31.1  313  52.25  0.93
IR     GOES12  20080827  2255   35.40    69.20   187   32.3  312  51.81  0.91
IR     GOES12  20080827  2255   35.06    68.60   200   35.0  312  51.84  0.93
IR     GOES12  20080827  2255   35.52    67.95   200   45.1  319  53.96  0.98
IR     GOES12  20080827  2255   35.13    67.17   200   45.1  322  52.88  0.98
IR     GOES12  20080827  2255   35.12    62.42   812   11.4  274  56.02  0.79
IR     GOES12  20080827  2255   35.28    62.15   850    7.2  276  79.86  0.83
IR     GOES12  20080827  2255   34.29    76.85   225    6.8  196  66.80  0.93
IR     GOES12  20080827  2255   34.58    75.46   187    4.1  272  63.68  0.67
IR     GOES12  20080827  2255   34.39    73.61   287    4.4  283  68.63  0.66
IR     GOES12  20080827  2255   34.29    73.35   287    6.6  299  68.76  0.88
IR     GOES12  20080827  2255   34.54    72.18   212   16.6  315  71.60  0.89
IR     GOES12  20080827  2255   34.69    71.81   250   15.9  315  69.29  0.88
IR     GOES12  20080827  2255   34.69    71.68   250   16.5  316  68.44  0.80
IR     GOES12  20080827  2255   34.74    71.18   262   14.1  319  66.22  0.82
IR     GOES12  20080827  2255   34.45    70.60   250   17.1  311  64.56  0.66
IR     GOES12  20080827  2255   34.75    70.06   200   29.6  322  64.83  0.78
IR     GOES12  20080827  2255   34.51    69.74   200   33.3  329  46.85  0.83
IR     GOES12  20080827  2255   34.66    69.16   175   31.0  317  64.02  0.73
IR     GOES12  20080827  2255   34.72    68.29   250   33.3  312  50.18  0.99
IR     GOES12  20080827  2255   34.58    68.04   225   34.6  312  55.83  0.89
IR     GOES12  20080827  2255   34.34    67.65   212   35.2  311  53.43  0.86
IR     GOES12  20080827  2255   34.34    67.20   225   35.2  311  56.73  0.92
IR     GOES12  20080827  2255   34.82    64.75   906    7.0  347  70.57  0.71
IR     GOES12  20080827  2255   34.83    64.26   887    6.3  313  73.04  0.71
IR     GOES12  20080827  2255   34.87    62.63   812   11.4  275  55.11  0.92
IR     GOES12  20080827  2255   34.10    71.96   250   13.7  311  68.40  0.81
IR     GOES12  20080827  2255   34.10    67.36   237   34.2  312  54.34  0.90
IR     GOES12  20080827  2255   34.10    60.11   200   15.1  257  52.29  0.75
WV     GOES12  20080827  2255   54.44    45.72   300   49.4  234  51.03  0.60
WV     GOES12  20080827  2255   53.95    44.78   337   46.3  232  57.58  0.60
WV     GOES12  20080827  2255   53.46    42.01   300   65.5  233  46.38  1.00
WV     GOES12  20080827  2255   53.49    41.60   312   52.8  233  58.55  0.74
WV     GOES12  20080827  2255   53.82    40.60   287   66.4  233  47.09  0.60
WV     GOES12  20080827  2255   53.87    39.95   262   62.1  230  53.12  0.60
WV     GOES12  20080827  2255   53.03    42.52   275   63.9  233  48.02  0.99
WV     GOES12  20080827  2255   52.30    41.97   237   54.9  242  64.38  1.00
WV     GOES12  20080827  2255   52.51    41.36   250   54.9  240  62.05  1.00
WV     GOES12  20080827  2255   53.00    39.14   275   52.1  238  67.14  0.99
WV     GOES12  20080827  2255   52.84    39.22   275   51.2  238  70.63  0.98
WV     GOES12  20080827  2255   51.71    44.81   312   40.4  234  50.32  0.74
WV     GOES12  20080827  2255   51.06    44.52   262   37.1  243  46.39  0.66
WV     GOES12  20080827  2255   51.61    43.14   250   51.3  239  61.83  0.93
WV     GOES12  20080827  2255   51.23    42.43   250   46.0  240  70.35  1.00
WV     GOES12  20080827  2255   51.38    41.39   212   47.6  249  70.42  0.98
WV     GOES12  20080827  2255   51.32    41.27   212   46.5  249  68.99  0.98
WV     GOES12  20080827  2255   51.29    40.76   237   42.5  246  63.25  0.95
WV     GOES12  20080827  2255   49.96    51.28   250   31.3  258  49.94  0.98
WV     GOES12  20080827  2255   50.40    46.76   337   37.6  250  60.58  0.95
WV     GOES12  20080827  2255   50.52    45.00   237   47.2  242  50.56  0.88
WV     GOES12  20080827  2255   50.07    43.43   212   34.6  252  49.36  0.95
WV     GOES12  20080827  2255   50.27    42.62   212   39.6  255  68.17  0.99
WV     GOES12  20080827  2255   50.28    42.52   212   39.5  255  67.87  1.00
WV     GOES12  20080827  2255   50.54    41.06   237   34.8  249  52.30  1.00
WV     GOES12  20080827  2255   50.50    40.70   250   34.4  251  59.65  0.92
WV     GOES12  20080827  2255   50.30    40.49   225   35.4  262  57.00  0.99
WV     GOES12  20080827  2255   50.20    39.09   275   27.5  260  57.43  0.94
WV     GOES12  20080827  2255   51.20    37.50   275   28.0  253  52.53  0.66
WV     GOES12  20080827  2255   48.98    52.67   200   25.9  255  71.81  0.60
WV     GOES12  20080827  2255   48.98    52.63   187   24.0  255  67.79  0.61
WV     GOES12  20080827  2255   49.01    52.05   200   31.7  253  58.93  0.97
WV     GOES12  20080827  2255   48.64    50.12   212   32.8  243  62.83  0.95
WV     GOES12  20080827  2255   48.59    49.85   225   32.7  244  65.99  0.97
WV     GOES12  20080827  2255   48.88    48.52   212   38.8  250  67.79  0.94
WV     GOES12  20080827  2255   49.30    47.42   225   39.2  252  79.23  0.97
WV     GOES12  20080827  2255   49.32    47.00   212   39.3  255  65.69  0.79
WV     GOES12  20080827  2255   48.81    45.49   225   37.0  265  49.11  0.99
WV     GOES12  20080827  2255   49.59    44.15   212   33.1  256  50.68  0.96
WV     GOES12  20080827  2255   49.12    43.99   237   32.3  262  56.85  0.95
WV     GOES12  20080827  2255   49.03    43.40   262   29.0  259  62.45  0.94
WV     GOES12  20080827  2255   49.09    42.60   275   26.5  255  67.08  0.98
WV     GOES12  20080827  2255   49.03    42.48   275   25.5  254  65.43  0.99
WV     GOES12  20080827  2255   49.74    41.31   237   33.7  259  72.34  0.95
WV     GOES12  20080827  2255   49.65    40.69   262   31.4  258  68.51  0.94
WV     GOES12  20080827  2255   49.90    39.35   312   25.0  261  51.63  0.98
WV     GOES12  20080827  2255   47.03    60.25   275   26.5   57  49.34  1.00
WV     GOES12  20080827  2255   47.65    59.40   300   18.6   58  66.52  0.84
WV     GOES12  20080827  2255   48.02    52.76   200   31.5  239  45.84  0.78
WV     GOES12  20080827  2255   47.79    52.12   212   30.8  237  54.55  0.62
WV     GOES12  20080827  2255   48.23    50.25   212   31.7  240  63.94  0.98
WV     GOES12  20080827  2255   47.44    50.11   225   29.9  237  72.68  0.92
WV     GOES12  20080827  2255   47.38    49.96   225   30.1  237  72.01  0.88
WV     GOES12  20080827  2255   47.83    49.18   212   35.9  243  60.03  0.96
WV     GOES12  20080827  2255   48.01    48.38   200   34.9  254  59.18  0.94
WV     GOES12  20080827  2255   48.19    47.65   212   32.4  257  53.70  0.97
WV     GOES12  20080827  2255   48.02    47.15   275   34.5  258  53.16  1.00
WV     GOES12  20080827  2255   47.97    46.87   262   34.9  259  51.52  1.00
WV     GOES12  20080827  2255   48.43    45.13   275   29.6  266  50.90  0.89
WV     GOES12  20080827  2255   48.18    43.87   262   29.1  264  56.29  0.98
WV     GOES12  20080827  2255   48.13    43.62   262   26.4  265  64.73  0.97
WV     GOES12  20080827  2255   48.62    42.49   325   21.6  253  60.40  0.96
WV     GOES12  20080827  2255   48.51    42.12   312   24.0  257  64.11  0.88
WV     GOES12  20080827  2255   48.30    41.37   262   23.7  269  78.18  0.64
WV     GOES12  20080827  2255   46.30    54.51   187   16.9  196  60.75  0.64
WV     GOES12  20080827  2255   47.20    49.81   225   30.4  237  74.63  0.90
WV     GOES12  20080827  2255   46.95    49.66   250   30.1  239  61.60  0.72
WV     GOES12  20080827  2255   47.07    48.62   275   28.8  252  59.56  0.90
WV     GOES12  20080827  2255   47.02    48.43   275   28.9  252  59.78  0.95
WV     GOES12  20080827  2255   47.10    45.14   300   27.5  268  49.14  0.73
WV     GOES12  20080827  2255   46.71    45.26   300   23.2  269  56.80  0.92
WV     GOES12  20080827  2255   47.52    43.85   262   20.5  266  65.65  0.95
WV     GOES12  20080827  2255   46.96    43.51   262   19.3  276  69.33  1.00
WV     GOES12  20080827  2255   47.57    42.31   262   26.6  277  49.16  0.84
WV     GOES12  20080827  2255   47.50    42.28   250   25.6  278  55.34  0.86
WV     GOES12  20080827  2255   47.41    41.70   250   17.0  280  56.65  0.80
WV     GOES12  20080827  2255   47.55    36.72   312    9.6  312  63.34  0.97
WV     GOES12  20080827  2255   46.02    55.01   250   30.8  192  58.36  0.92
WV     GOES12  20080827  2255   45.35    54.51   225   27.7  190  62.66  0.70
WV     GOES12  20080827  2255   45.94    51.57   237   27.6  216  67.82  0.94
WV     GOES12  20080827  2255   45.53    51.04   287   26.6  213  50.10  0.91
WV     GOES12  20080827  2255   46.00    50.44   237   25.5  233  59.03  0.92
WV     GOES12  20080827  2255   46.09    49.96   262   23.5  233  70.28  0.87
WV     GOES12  20080827  2255   46.14    49.25   250   27.0  242  58.43  0.87
WV     GOES12  20080827  2255   46.22    48.83   262   23.9  243  71.18  0.73
WV     GOES12  20080827  2255   45.85    47.62   275   24.1  250  61.31  0.88
WV     GOES12  20080827  2255   45.80    47.47   287   23.5  252  60.80  0.85
WV     GOES12  20080827  2255   46.04    46.73   262   21.9  255  73.76  0.97
WV     GOES12  20080827  2255   46.59    45.11   300   20.4  264  74.35  0.97
WV     GOES12  20080827  2255   46.55    44.75   262   20.2  266  75.23  0.85
WV     GOES12  20080827  2255   46.35    43.88   225   17.8  276  61.22  0.83
WV     GOES12  20080827  2255   46.57    43.57   237   18.8  278  69.87  1.00
WV     GOES12  20080827  2255   46.56    42.74   237   18.0  288  65.29  0.88
WV     GOES12  20080827  2255   46.69    41.88   162   14.6  259  62.91  0.82
WV     GOES12  20080827  2255   46.50    41.78   275   13.6  265  51.13  0.91
WV     GOES12  20080827  2255   47.19    37.07   325    8.6  307  63.15  0.83
WV     GOES12  20080827  2255   47.08    36.87   325    8.6  307  61.23  0.85
WV     GOES12  20080827  2255   47.48    32.25   312    3.9  352  65.53  0.98
WV     GOES12  20080827  2255   46.91    32.14   300    3.8  350  68.45  0.89
WV     GOES12  20080827  2255   47.12    30.50   350    6.0  170  73.33  0.63
WV     GOES12  20080827  2255   44.32    58.53   325   19.4  146  62.07  0.92
WV     GOES12  20080827  2255   44.33    58.43   337   19.5  147  63.30  0.93
WV     GOES12  20080827  2255   44.51    55.49   250   40.8  185  52.34  0.91
WV     GOES12  20080827  2255   45.08    55.03   250   34.8  188  67.84  0.85
WV     GOES12  20080827  2255   44.30    54.72   250   35.7  188  75.86  1.00
WV     GOES12  20080827  2255   44.38    54.35   237   29.1  190  51.28  0.99
WV     GOES12  20080827  2255   44.78    52.38   300   19.5  200  73.88  0.97
WV     GOES12  20080827  2255   44.60    52.30   300   20.2  199  72.20  0.78
WV     GOES12  20080827  2255   45.15    51.20   287   24.8  215  60.20  1.00
WV     GOES12  20080827  2255   45.03    51.12   287   24.8  215  61.03  0.99
WV     GOES12  20080827  2255   44.64    50.42   312   22.5  219  58.22  0.82
WV     GOES12  20080827  2255   45.05    49.67   337   21.1  232  55.96  1.00
WV     GOES12  20080827  2255   45.25    49.42   262   20.7  232  67.69  1.00
WV     GOES12  20080827  2255   45.14    48.01   262   22.0  251  53.17  0.89
WV     GOES12  20080827  2255   44.74    47.64   275   19.1  248  58.65  0.95
WV     GOES12  20080827  2255   44.93    47.41   287   19.4  248  61.50  0.96
WV     GOES12  20080827  2255   45.50    46.25   275   13.6  263  55.99  0.82
WV     GOES12  20080827  2255   45.13    46.23   275   15.4  264  69.15  0.71
WV     GOES12  20080827  2255   45.60    44.72   275   16.8  267  61.33  0.88
WV     GOES12  20080827  2255   44.96    44.17   262   11.0  285  72.67  0.99
WV     GOES12  20080827  2255   45.09    43.96   262   10.9  286  69.38  1.00
WV     GOES12  20080827  2255   45.07    43.37   312   12.8  309  51.30  0.97
WV     GOES12  20080827  2255   45.31    42.70   287   10.2  308  61.81  0.90
WV     GOES12  20080827  2255   46.47    32.68   362    6.0  347  62.61  0.57
WV     GOES12  20080827  2255   46.49    32.47   362    7.7  343  53.75  0.90
WV     GOES12  20080827  2255   45.93    32.39   300    4.9  332  77.09  0.99
WV     GOES12  20080827  2255   46.71    30.10   362    6.3  174  74.81  0.60
WV     GOES12  20080827  2255   43.46    60.97   312   21.9   87  60.77  0.56
WV     GOES12  20080827  2255   43.70    56.20   262   41.6  179  58.06  0.99
WV     GOES12  20080827  2255   43.88    56.06   275   41.8  179  48.59  0.99
WV     GOES12  20080827  2255   43.98    55.14   250   39.6  187  64.17  0.99
WV     GOES12  20080827  2255   43.76    54.81   250   36.6  187  71.04  1.00
WV     GOES12  20080827  2255   43.72    54.36   262   34.8  187  73.95  0.89
WV     GOES12  20080827  2255   43.71    53.21   250   33.5  197  69.63  1.00
WV     GOES12  20080827  2255   43.71    53.17   250   33.6  197  68.55  1.00
WV     GOES12  20080827  2255   44.24    48.92   275   17.4  223  70.95  1.00
WV     GOES12  20080827  2255   44.12    48.88   275   17.1  223  72.16  1.00
WV     GOES12  20080827  2255   43.93    46.89   225   11.3  252  66.44  0.99
WV     GOES12  20080827  2255   43.95    46.59   225   12.2  257  75.95  0.96
WV     GOES12  20080827  2255   44.75    43.63   300   12.2  307  59.81  0.99
WV     GOES12  20080827  2255   44.32    43.66   275   13.1  311  58.36  0.87
WV     GOES12  20080827  2255   44.16    43.40   275   11.8  324  59.40  0.75
WV     GOES12  20080827  2255   44.45    40.16   350   14.6  325  51.62  0.74
WV     GOES12  20080827  2255   45.51    32.89   437    4.9  328  66.26  0.99
WV     GOES12  20080827  2255   45.52    32.84   437    4.8  328  66.47  0.99
WV     GOES12  20080827  2255   45.66    31.93   325    4.3  318  65.44  0.66
WV     GOES12  20080827  2255   45.84    29.26   350    7.4  176  71.37  0.96
WV     GOES12  20080827  2255   45.60    29.09   350    8.4  188  73.13  0.85
WV     GOES12  20080827  2255   43.12    57.21   325   31.0  181  50.41  0.99
WV     GOES12  20080827  2255   43.10    56.39   275   42.6  178  54.36  1.00
WV     GOES12  20080827  2255   43.18    55.71   250   41.7  180  71.20  1.00
WV     GOES12  20080827  2255   43.25    55.43   250   40.8  181  72.02  0.99
WV     GOES12  20080827  2255   43.29    53.22   250   33.7  196  68.69  1.00
WV     GOES12  20080827  2255   43.26    52.78   237   31.4  202  61.54  1.00
WV     GOES12  20080827  2255   43.20    52.67   237   30.8  201  65.72  1.00
WV     GOES12  20080827  2255   43.08    51.52   262   24.2  202  77.04  0.93
WV     GOES12  20080827  2255   43.35    50.92   250   24.5  194  51.46  0.94
WV     GOES12  20080827  2255   43.13    50.69   287   19.2  204  69.93  0.72
WV     GOES12  20080827  2255   43.17    48.72   275   14.9  230  61.18  0.91
WV     GOES12  20080827  2255   43.50    48.20   262   11.1  229  66.86  0.74
WV     GOES12  20080827  2255   43.36    47.58   237    9.5  240  65.49  0.72
WV     GOES12  20080827  2255   43.39    47.03   225   12.2  244  66.38  0.78
WV     GOES12  20080827  2255   43.72    46.51   225   12.0  255  72.74  0.95
WV     GOES12  20080827  2255   43.81    44.04   262   12.9  315  55.39  0.85
WV     GOES12  20080827  2255   43.76    43.93   262   12.5  319  56.74  0.79
WV     GOES12  20080827  2255   43.96    41.05   337   10.1  323  71.95  0.79
WV     GOES12  20080827  2255   43.35    41.19   287   11.1  337  70.90  0.62
WV     GOES12  20080827  2255   44.06    39.71   300   11.0  336  77.77  0.61
WV     GOES12  20080827  2255   42.37    55.73   250   41.4  179  66.59  0.98
WV     GOES12  20080827  2255   42.22    55.02   250   36.8  184  61.87  0.98
WV     GOES12  20080827  2255   42.42    54.53   250   37.5  182  63.12  0.94
WV     GOES12  20080827  2255   42.21    53.96   262   30.4  182  54.63  0.99
WV     GOES12  20080827  2255   41.82    53.83   237   35.0  184  58.30  0.97
WV     GOES12  20080827  2255   42.49    51.83   262   28.4  203  56.40  0.96
WV     GOES12  20080827  2255   42.08    49.66   337   15.8  203  68.48  0.80
WV     GOES12  20080827  2255   42.20    48.52   262    9.4  240  55.85  0.93
WV     GOES12  20080827  2255   41.91    48.49   212    9.6  236  72.11  0.82
WV     GOES12  20080827  2255   41.94    48.04   212    8.2  243  71.96  0.97
WV     GOES12  20080827  2255   41.97    47.51   300    5.2  229  75.12  0.85
WV     GOES12  20080827  2255   42.35    44.94   300    8.2  337  71.38  0.93
WV     GOES12  20080827  2255   42.60    44.57   312    8.2  339  62.56  0.91
WV     GOES12  20080827  2255   42.89    43.77   300   12.8  341  54.20  0.82
WV     GOES12  20080827  2255   42.72    41.87   325   14.0  341  51.10  0.92
WV     GOES12  20080827  2255   42.85    41.63   337   14.1  341  50.79  0.95
WV     GOES12  20080827  2255   43.04    40.69   312    7.6  341  65.12  0.74
WV     GOES12  20080827  2255   43.72    31.84   350    5.7  267  65.50  0.70
WV     GOES12  20080827  2255   40.83    73.49   187   24.4  295  59.95  0.68
WV     GOES12  20080827  2255   40.50    72.99   200   28.8  298  71.26  0.93
WV     GOES12  20080827  2255   40.63    71.10   212   28.5  314  54.47  0.50
WV     GOES12  20080827  2255   41.28    60.48   275    6.4  168  63.48  0.74
WV     GOES12  20080827  2255   40.90    60.07   400   13.7  206  67.55  0.89
WV     GOES12  20080827  2255   40.91    56.64   250   43.9  179  51.70  0.65
WV     GOES12  20080827  2255   41.50    52.00   262   28.4  200  53.03  1.00
WV     GOES12  20080827  2255   41.36    51.41   300   19.6  225  46.65  0.89
WV     GOES12  20080827  2255   41.36    50.27   225   17.4  210  70.18  0.98
WV     GOES12  20080827  2255   41.25    50.19   225   16.1  218  65.80  0.94
WV     GOES12  20080827  2255   41.25    49.23   237   12.8  206  59.34  0.99
WV     GOES12  20080827  2255   41.28    48.72   200   11.3  255  58.54  0.86
WV     GOES12  20080827  2255   41.28    48.68   200   11.1  255  59.33  0.85
WV     GOES12  20080827  2255   42.04    45.31   275    8.2  340  64.07  0.89
WV     GOES12  20080827  2255   41.29    45.54   275    7.0  346  67.72  0.91
WV     GOES12  20080827  2255   41.43    44.96   300    8.7  354  66.55  0.71
WV     GOES12  20080827  2255   42.16    42.48   337   10.6  342  59.15  0.92
WV     GOES12  20080827  2255   42.05    42.44   337    8.7  340  70.20  0.63
WV     GOES12  20080827  2255   42.61    35.44   362    5.9  323  63.29  0.65
WV     GOES12  20080827  2255   42.58    30.03   362    4.3  208  65.96  1.00
WV     GOES12  20080827  2255   42.95    29.09   325    3.9  207  74.77  0.85
WV     GOES12  20080827  2255   39.90    73.90   225   20.4  297  64.76  0.76
WV     GOES12  20080827  2255   39.73    73.63   225   17.9  302  51.18  0.87
WV     GOES12  20080827  2255   39.95    73.00   225   24.1  304  66.87  0.94
WV     GOES12  20080827  2255   39.63    72.48   212   29.9  305  78.77  0.94
WV     GOES12  20080827  2255   39.79    72.25   200   33.1  305  71.04  0.98
WV     GOES12  20080827  2255   39.80    71.69   200   37.3  308  58.02  0.96
WV     GOES12  20080827  2255   39.80    71.52   200   36.8  309  62.30  0.98
WV     GOES12  20080827  2255   39.58    70.98   200   38.5  313  64.01  0.99
WV     GOES12  20080827  2255   39.92    70.39   250   34.1  325  47.15  0.84
WV     GOES12  20080827  2255   39.81    70.23   262   30.7  325  47.42  0.82
WV     GOES12  20080827  2255   40.39    60.59   425   10.4  222  64.88  0.67
WV     GOES12  20080827  2255   40.46    60.06   450   13.2  219  67.67  0.89
WV     GOES12  20080827  2255   40.41    59.75   400   18.4  216  61.70  0.78
WV     GOES12  20080827  2255   40.52    56.61   250   37.8  183  61.32  0.92
WV     GOES12  20080827  2255   40.42    56.46   250   37.8  184  62.06  0.97
WV     GOES12  20080827  2255   40.21    56.23   262   39.1  188  65.63  0.92
WV     GOES12  20080827  2255   40.31    55.09   175   28.6  190  52.32  0.78
WV     GOES12  20080827  2255   40.04    54.91   200   36.8  195  70.74  0.84
WV     GOES12  20080827  2255   40.16    52.18   175   23.5  213  74.27  0.97
WV     GOES12  20080827  2255   40.33    51.92   162   23.9  216  61.75  0.97
WV     GOES12  20080827  2255   40.64    51.38   237   22.5  218  50.10  0.87
WV     GOES12  20080827  2255   40.68    50.58   225   15.7  209  73.23  0.94
WV     GOES12  20080827  2255   40.52    50.36   250   14.5  207  68.29  0.96
WV     GOES12  20080827  2255   40.73    49.48   212   12.4  202  51.46  0.99
WV     GOES12  20080827  2255   40.62    49.43   212    9.6  206  56.38  0.69
WV     GOES12  20080827  2255   40.88    48.68   225    7.9  253  61.57  0.65
WV     GOES12  20080827  2255   40.51    48.50   212    5.5  264  68.81  0.74
WV     GOES12  20080827  2255   41.16    45.71   250    6.7  345  62.08  0.93
WV     GOES12  20080827  2255   41.67    36.46   337    8.8  345  74.94  0.70
WV     GOES12  20080827  2255   41.27    36.55   337    7.8  342  72.39  0.96
WV     GOES12  20080827  2255   38.87    73.79   237   20.1  295  67.94  0.77
WV     GOES12  20080827  2255   39.35    73.39   175   20.7  304  51.71  0.94
WV     GOES12  20080827  2255   39.14    73.09   175   23.4  303  59.11  0.88
WV     GOES12  20080827  2255   39.09    72.73   212   24.4  305  54.82  0.75
WV     GOES12  20080827  2255   39.36    72.02   200   33.4  307  76.71  0.97
WV     GOES12  20080827  2255   39.15    71.78   200   36.9  307  59.15  0.98
WV     GOES12  20080827  2255   38.88    71.46   200   36.0  310  70.66  0.98
WV     GOES12  20080827  2255   38.89    71.02   200   38.5  313  66.41  0.99
WV     GOES12  20080827  2255   39.21    70.25   212   36.8  321  67.07  0.95
WV     GOES12  20080827  2255   39.50    61.04   400   18.5  250  62.12  0.69
WV     GOES12  20080827  2255   39.62    60.69   412   15.9  243  67.10  0.79
WV     GOES12  20080827  2255   39.40    57.48   375   35.5  197  51.95  0.60
WV     GOES12  20080827  2255   39.15    56.84   300   37.0  195  54.18  0.98
WV     GOES12  20080827  2255   39.16    56.50   262   34.7  201  66.58  0.87
WV     GOES12  20080827  2255   39.73    55.90   287   30.4  194  55.72  0.82
WV     GOES12  20080827  2255   39.59    55.16   200   36.2  200  70.26  0.97
WV     GOES12  20080827  2255   39.55    54.96   200   37.3  200  67.05  0.97
WV     GOES12  20080827  2255   39.65    53.76   212   31.6  202  70.01  0.98
WV     GOES12  20080827  2255   39.66    53.50   200   29.8  208  62.73  1.00
WV     GOES12  20080827  2255   39.36    52.94   212   25.3  209  70.61  0.98
WV     GOES12  20080827  2255   39.83    52.22   162   22.6  217  70.29  0.87
WV     GOES12  20080827  2255   39.77    52.18   150   22.1  222  60.20  0.71
WV     GOES12  20080827  2255   39.91    51.56   162   21.0  219  64.86  0.99
WV     GOES12  20080827  2255   39.74    50.58   250    8.6  229  57.85  0.55
WV     GOES12  20080827  2255   40.05    49.80   287    9.1  217  70.75  0.88
WV     GOES12  20080827  2255   39.69    49.48   225    5.6  237  74.67  0.75
WV     GOES12  20080827  2255   39.76    49.16   200    5.6  257  71.83  0.89
WV     GOES12  20080827  2255   39.61    48.83   212    3.9  279  70.52  0.86
WV     GOES12  20080827  2255   40.74    34.54   337    7.1  280  65.30  0.60
WV     GOES12  20080827  2255   40.86    29.54   225   12.6  262  74.47  0.61
WV     GOES12  20080827  2255   41.09    28.77   325    6.2  228  58.24  0.70
WV     GOES12  20080827  2255   38.55    73.24   212   22.2  299  60.10  0.98
WV     GOES12  20080827  2255   38.50    73.16   225   23.4  299  71.95  0.98
WV     GOES12  20080827  2255   38.03    72.49   225   26.5  306  72.27  0.97
WV     GOES12  20080827  2255   38.24    72.21   225   27.6  306  68.91  0.96
WV     GOES12  20080827  2255   38.30    71.61   200   32.1  310  68.43  0.97
WV     GOES12  20080827  2255   38.25    71.39   200   34.7  310  73.70  0.99
WV     GOES12  20080827  2255   38.14    71.01   212   33.3  313  67.19  0.97
WV     GOES12  20080827  2255   38.20    70.54   200   36.3  317  65.86  0.96
WV     GOES12  20080827  2255   38.26    69.83   200   44.6  317  54.92  0.98
WV     GOES12  20080827  2255   38.27    69.28   200   45.9  320  56.68  1.00
WV     GOES12  20080827  2255   38.94    56.84   287   38.1  195  50.12  0.97
WV     GOES12  20080827  2255   38.59    56.06   250   38.4  197  52.79  0.84
WV     GOES12  20080827  2255   38.54    54.61   225   29.3  204  71.15  0.98
WV     GOES12  20080827  2255   38.99    54.03   212   30.7  207  65.74  1.00
WV     GOES12  20080827  2255   38.36    53.73   187   25.2  204  57.34  0.96
WV     GOES12  20080827  2255   39.03    53.09   175   23.7  211  71.14  0.97
WV     GOES12  20080827  2255   38.61    52.94   175   22.5  215  69.51  1.00
WV     GOES12  20080827  2255   38.53    52.24   162   17.0  228  69.72  0.96
WV     GOES12  20080827  2255   39.08    51.93   162   18.2  225  71.57  0.91
WV     GOES12  20080827  2255   39.23    51.08   212   13.5  235  62.03  0.93
WV     GOES12  20080827  2255   38.96    50.06   275    7.2  221  70.47  0.77
WV     GOES12  20080827  2255   38.78    49.38   225    4.8  289  73.22  0.79
WV     GOES12  20080827  2255   39.17    48.97   225    4.7  291  71.52  1.00
WV     GOES12  20080827  2255   39.56    43.02   187    8.9   36  55.78  0.75
WV     GOES12  20080827  2255   40.15    31.48   375    9.3  261  69.82  0.67
WV     GOES12  20080827  2255   39.94    31.28   300   21.4  256  50.50  0.76
WV     GOES12  20080827  2255   40.57    28.96   212    9.9  243  53.95  0.58
WV     GOES12  20080827  2255   40.42    28.07   200   12.7  264  68.04  0.75
WV     GOES12  20080827  2255   37.71    76.00   237   14.1  258  55.94  0.96
WV     GOES12  20080827  2255   37.81    75.27   262    7.4  270  63.60  0.84
WV     GOES12  20080827  2255   37.30    74.70   250   12.6  283  69.10  0.75
WV     GOES12  20080827  2255   37.82    72.80   250   21.0  305  60.55  0.82
WV     GOES12  20080827  2255   37.82    72.42   225   25.9  307  75.94  0.95
WV     GOES12  20080827  2255   37.51    72.00   237   24.4  311  74.69  0.94
WV     GOES12  20080827  2255   37.77    71.74   225   30.5  309  62.41  0.97
WV     GOES12  20080827  2255   37.36    71.28   212   29.3  314  61.68  0.96
WV     GOES12  20080827  2255   37.78    71.12   200   33.2  312  66.86  0.99
WV     GOES12  20080827  2255   37.52    70.51   200   35.6  316  69.41  0.93
WV     GOES12  20080827  2255   37.52    70.32   200   36.5  315  67.30  0.95
WV     GOES12  20080827  2255   37.43    69.59   200   39.6  318  70.90  0.99
WV     GOES12  20080827  2255   37.38    69.52   200   39.5  319  70.49  0.99
WV     GOES12  20080827  2255   37.54    68.88   200   46.7  320  56.89  1.00
WV     GOES12  20080827  2255   37.54    68.69   200   46.0  321  62.10  0.99
WV     GOES12  20080827  2255   37.36    61.85   325   26.6  272  73.95  0.79
WV     GOES12  20080827  2255   37.89    61.43   450   19.3  271  61.07  0.83
WV     GOES12  20080827  2255   37.81    60.42   375   21.8  244  59.78  0.82
WV     GOES12  20080827  2255   38.07    57.19   362   26.1  207  56.60  0.89
WV     GOES12  20080827  2255   37.63    56.50   225   36.0  206  63.00  1.00
WV     GOES12  20080827  2255   37.63    56.47   225   36.0  206  62.73  1.00
WV     GOES12  20080827  2255   37.69    54.83   200   29.3  212  63.59  0.94
WV     GOES12  20080827  2255   38.13    54.21   225   26.6  206  68.40  0.91
WV     GOES12  20080827  2255   37.62    53.90   225   21.7  219  68.37  0.95
WV     GOES12  20080827  2255   37.95    53.55   175   22.4  213  62.18  1.00
WV     GOES12  20080827  2255   38.08    53.05   162   19.3  222  72.37  0.92
WV     GOES12  20080827  2255   38.14    52.72   150   19.0  239  55.38  0.92
WV     GOES12  20080827  2255   38.22    52.24   162   15.7  227  69.82  0.98
WV     GOES12  20080827  2255   37.77    51.77   287   13.0  252  57.14  0.98
WV     GOES12  20080827  2255   38.26    51.30   275   11.5  253  56.50  0.94
WV     GOES12  20080827  2255   37.87    50.62   237    5.3  264  71.58  0.89
WV     GOES12  20080827  2255   38.20    50.32   225    4.8  261  69.41  0.97
WV     GOES12  20080827  2255   38.06    49.91   250    3.7  291  74.82  0.67
WV     GOES12  20080827  2255   38.19    49.35   237    5.9  319  67.88  0.68
WV     GOES12  20080827  2255   38.00    48.99   262    7.1  350  57.56  0.85
WV     GOES12  20080827  2255   38.44    47.64   350    7.4  182  51.95  0.80
WV     GOES12  20080827  2255   38.36    44.30   212   11.5   64  52.49  0.94
WV     GOES12  20080827  2255   38.54    43.79   225   12.9   57  48.84  0.93
WV     GOES12  20080827  2255   39.22    33.65   337    9.8  264  58.19  0.70
WV     GOES12  20080827  2255   39.13    32.59   300   19.4  248  53.15  0.84
WV     GOES12  20080827  2255   39.67    31.28   300   21.4  255  51.97  0.78
WV     GOES12  20080827  2255   39.51    30.50   337   18.7  256  52.48  1.00
WV     GOES12  20080827  2255   39.52    30.35   325   18.5  255  55.00  0.99
WV     GOES12  20080827  2255   39.89    27.16   325    8.7  261  65.09  0.97
WV     GOES12  20080827  2255   36.88    75.88   237    8.9  270  66.71  0.69
WV     GOES12  20080827  2255   36.83    75.77   237    8.5  266  73.06  0.80
WV     GOES12  20080827  2255   36.83    74.14   287    8.7  293  65.35  0.88
WV     GOES12  20080827  2255   36.99    72.53   250   18.3  311  78.30  0.77
WV     GOES12  20080827  2255   36.84    72.00   262   19.5  312  64.61  0.99
WV     GOES12  20080827  2255   36.69    71.74   250   21.9  313  69.14  0.80
WV     GOES12  20080827  2255   37.05    71.13   225   30.7  315  71.75  0.97
WV     GOES12  20080827  2255   37.01    70.28   225   33.9  316  67.50  1.00
WV     GOES12  20080827  2255   36.70    69.98   225   34.3  318  72.20  0.96
WV     GOES12  20080827  2255   36.55    69.61   200   36.2  317  62.29  0.98
WV     GOES12  20080827  2255   36.61    69.12   200   40.1  320  76.94  1.00
WV     GOES12  20080827  2255   36.56    68.94   200   38.5  320  61.86  0.99
WV     GOES12  20080827  2255   36.98    68.25   200   47.2  323  58.76  1.00
WV     GOES12  20080827  2255   36.57    68.19   200   46.5  323  58.23  1.00
WV     GOES12  20080827  2255   37.06    66.13   350   28.5  321  60.69  0.76
WV     GOES12  20080827  2255   37.06    66.10   362   25.4  320  53.58  0.94
WV     GOES12  20080827  2255   36.61    65.53   362   24.2  314  59.41  0.87
WV     GOES12  20080827  2255   36.67    65.17   350   25.8  308  57.20  0.88
WV     GOES12  20080827  2255   36.89    64.51   362   23.7  300  50.24  0.91
WV     GOES12  20080827  2255   36.95    64.17   362   23.6  297  50.74  0.95
WV     GOES12  20080827  2255   37.13    62.93   350   26.0  282  56.24  0.94
WV     GOES12  20080827  2255   37.24    60.61   375   22.7  254  60.74  0.72
WV     GOES12  20080827  2255   36.84    60.11   387   23.9  244  67.50  0.65
WV     GOES12  20080827  2255   37.21    59.80   387   22.9  245  57.17  0.64
WV     GOES12  20080827  2255   36.74    58.42   212   33.2  206  48.04  0.97
WV     GOES12  20080827  2255   36.74    58.24   200   31.0  206  53.26  0.97
WV     GOES12  20080827  2255   36.66    57.70   187   23.7  225  50.82  0.95
WV     GOES12  20080827  2255   36.98    57.27   175   19.2  218  48.37  0.53
WV     GOES12  20080827  2255   37.31    56.74   212   33.6  205  67.81  0.98
WV     GOES12  20080827  2255   36.86    56.41   212   31.0  207  66.60  0.98
WV     GOES12  20080827  2255   36.97    54.80   200   24.5  208  61.79  0.94
WV     GOES12  20080827  2255   36.93    54.52   187   23.5  215  63.65  0.96
WV     GOES12  20080827  2255   37.47    53.72   212   21.0  231  53.40  0.88
WV     GOES12  20080827  2255   37.42    53.67   150   20.5  233  64.77  0.95
WV     GOES12  20080827  2255   37.09    52.99   150   16.6  246  65.05  0.83
WV     GOES12  20080827  2255   37.47    52.55   175   16.1  246  60.90  0.93
WV     GOES12  20080827  2255   37.07    52.21   237   14.0  254  56.48  0.94
WV     GOES12  20080827  2255   37.50    51.78   275   12.9  260  55.02  0.84
WV     GOES12  20080827  2255   37.07    51.15   262    8.5  275  66.22  0.84
WV     GOES12  20080827  2255   37.61    50.54   225    4.7  267  62.27  0.97
WV     GOES12  20080827  2255   37.32    50.19   262    6.5  311  70.27  0.62
WV     GOES12  20080827  2255   37.34    49.78   275    7.3  326  59.43  0.96
WV     GOES12  20080827  2255   37.51    49.46   287    7.2  335  52.79  0.96
WV     GOES12  20080827  2255   37.30    46.34   312   11.2   54  50.86  1.00
WV     GOES12  20080827  2255   38.00    44.12   212   10.8   61  57.74  0.83
WV     GOES12  20080827  2255   37.78    38.21   262   11.6  299  51.30  0.53
WV     GOES12  20080827  2255   37.98    35.23   300   21.7  257  56.19  0.98
WV     GOES12  20080827  2255   37.99    35.19   300   21.0  257  59.33  0.98
WV     GOES12  20080827  2255   38.97    28.44   312   14.6  266  64.97  0.82
WV     GOES12  20080827  2255   39.15    27.54   325   11.4  266  63.00  0.94
WV     GOES12  20080827  2255   38.64    27.18   325   12.0  268  58.21  0.62
WV     GOES12  20080827  2255   36.12    75.66   225    4.5  239  55.36  0.94
WV     GOES12  20080827  2255   36.03    71.59   225   24.0  315  73.08  0.99
WV     GOES12  20080827  2255   36.19    71.13   275   21.9  316  53.44  0.87
WV     GOES12  20080827  2255   36.19    70.79   212   30.9  318  71.40  0.83
WV     GOES12  20080827  2255   35.89    70.62   237   25.1  318  71.46  0.97
WV     GOES12  20080827  2255   36.30    70.17   200   37.0  320  62.89  0.98
WV     GOES12  20080827  2255   36.20    69.59   200   37.0  320  75.59  1.00
WV     GOES12  20080827  2255   36.20    69.24   200   39.6  319  70.95  0.96
WV     GOES12  20080827  2255   36.31    68.80   200   41.0  321  76.78  0.99
WV     GOES12  20080827  2255   35.86    68.47   187   38.2  323  66.92  0.99
WV     GOES12  20080827  2255   36.07    67.94   200   48.3  322  51.65  0.99
WV     GOES12  20080827  2255   35.77    67.84   200   46.3  322  54.44  1.00
WV     GOES12  20080827  2255   35.95    65.57   375   23.2  307  56.25  0.85
WV     GOES12  20080827  2255   36.16    65.11   387   21.3  307  56.71  1.00
WV     GOES12  20080827  2255   36.22    65.00   412   21.0  308  53.89  1.00
WV     GOES12  20080827  2255   36.23    64.53   387   20.6  304  59.23  1.00
WV     GOES12  20080827  2255   36.35    61.17   375   22.3  259  62.21  0.75
WV     GOES12  20080827  2255   35.97    58.61   200   23.0  220  62.06  1.00
WV     GOES12  20080827  2255   36.09    58.13   187   21.3  218  56.26  0.74
WV     GOES12  20080827  2255   36.45    57.75   200   26.0  221  54.19  0.94
WV     GOES12  20080827  2255   36.50    56.48   200   26.1  204  59.66  0.97
WV     GOES12  20080827  2255   36.52    55.90   200   29.1  205  54.52  0.90
WV     GOES12  20080827  2255   36.42    55.64   212   24.5  211  71.37  0.99
WV     GOES12  20080827  2255   36.60    54.92   187   20.4  212  60.15  0.97
WV     GOES12  20080827  2255   36.41    54.60   162   17.7  224  58.39  0.97
WV     GOES12  20080827  2255   36.37    54.38   137   22.9  248  47.58  0.90
WV     GOES12  20080827  2255   36.49    53.81   150   21.4  248  53.19  0.96
WV     GOES12  20080827  2255   36.47    53.17   200   15.3  249  66.86  0.80
WV     GOES12  20080827  2255   36.68    52.98   162   15.8  252  65.96  0.99
WV     GOES12  20080827  2255   36.70    52.50   275   14.5  261  52.35  0.86
WV     GOES12  20080827  2255   36.57    52.01   225   14.1  279  53.55  0.79
WV     GOES12  20080827  2255   36.28    51.51   275   11.1  297  56.87  0.63
WV     GOES12  20080827  2255   36.77    50.87   212    8.7  304  77.11  0.78
WV     GOES12  20080827  2255   36.26    50.76   237    8.3  324  73.41  0.99
WV     GOES12  20080827  2255   36.24    50.23   250    9.9  338  69.30  0.95
WV     GOES12  20080827  2255   36.83    49.65   250    8.5  339  71.51  0.84
WV     GOES12  20080827  2255   37.04    46.37   312   11.6   54  50.50  1.00
WV     GOES12  20080827  2255   36.87    41.96   187    6.4   60  71.15  0.95
WV     GOES12  20080827  2255   37.05    37.49   287   11.2  262  73.12  0.58
WV     GOES12  20080827  2255   37.58    36.46   300   21.6  266  46.73  0.80
WV     GOES12  20080827  2255   37.57    35.94   275   22.5  264  48.07  0.96
WV     GOES12  20080827  2255   37.65    35.40   300   22.3  258  53.38  1.00
WV     GOES12  20080827  2255   37.44    34.78   387   11.4  250  63.35  0.66
WV     GOES12  20080827  2255   37.93    33.06   387   12.4  262  68.51  0.79
WV     GOES12  20080827  2255   38.05    31.34   350   12.4  246  58.14  0.64
WV     GOES12  20080827  2255   37.92    30.34   312   14.9  266  64.38  0.61
WV     GOES12  20080827  2255   38.04    30.04   312   15.8  264  69.47  0.77
WV     GOES12  20080827  2255   34.93    76.92   225    4.0  222  60.79  0.78
WV     GOES12  20080827  2255   35.07    75.34   175    8.6  270  75.61  0.70
WV     GOES12  20080827  2255   35.17    74.87   250    6.3  272  71.93  0.94
WV     GOES12  20080827  2255   35.27    74.53   250    7.8  267  64.27  0.90
WV     GOES12  20080827  2255   35.17    74.19   225    7.5  276  62.10  0.96
WV     GOES12  20080827  2255   35.22    73.46   275   11.2  289  60.54  0.90
WV     GOES12  20080827  2255   35.22    73.43   275   11.2  289  60.72  0.90
WV     GOES12  20080827  2255   35.48    71.51   237   23.7  318  58.46  0.95
WV     GOES12  20080827  2255   35.38    71.44   225   23.7  320  62.16  0.94
WV     GOES12  20080827  2255   35.39    70.70   237   24.1  318  76.93  0.87
WV     GOES12  20080827  2255   35.49    70.38   225   27.5  320  71.17  0.89
WV     GOES12  20080827  2255   35.39    70.28   225   27.6  321  68.80  0.91
WV     GOES12  20080827  2255   35.45    69.28   200   34.6  316  62.04  0.66
WV     GOES12  20080827  2255   34.91    68.61   225   33.7  313  57.31  0.99
WV     GOES12  20080827  2255   35.57    68.00   200   45.1  321  54.91  0.99
WV     GOES12  20080827  2255   35.52    67.79   200   44.2  321  59.26  0.98
WV     GOES12  20080827  2255   35.33    67.36   200   45.9  323  51.39  1.00
WV     GOES12  20080827  2255   35.09    66.54   425   14.9  324  60.70  0.79
WV     GOES12  20080827  2255   35.15    65.98   375   21.6  303  51.81  0.96
WV     GOES12  20080827  2255   35.27    60.49   375   23.8  252  64.85  0.89
WV     GOES12  20080827  2255   35.66    58.99   212   28.0  223  58.90  0.82
WV     GOES12  20080827  2255   35.61    58.84   200   23.3  219  62.08  1.00
WV     GOES12  20080827  2255   35.85    57.74   262   29.1  216  47.82  0.74
WV     GOES12  20080827  2255   35.77    56.89   212   26.7  202  48.80  0.77
WV     GOES12  20080827  2255   35.75    56.07   200   24.4  211  58.69  0.99
WV     GOES12  20080827  2255   35.51    55.97   200   20.0  217  73.57  0.92
WV     GOES12  20080827  2255   35.79    55.11   187   16.4  228  63.57  1.00
WV     GOES12  20080827  2255   35.79    55.09   187   16.5  228  64.69  1.00
WV     GOES12  20080827  2255   35.86    54.37   175   20.1  246  56.44  0.96
WV     GOES12  20080827  2255   35.93    54.03   187   17.8  242  64.65  0.70
WV     GOES12  20080827  2255   35.54    53.60   250    8.5  244  62.78  0.50
WV     GOES12  20080827  2255   35.66    53.21   287    9.0  277  63.84  0.60
WV     GOES12  20080827  2255   35.78    51.49   200   12.6  311  69.37  0.77
WV     GOES12  20080827  2255   36.11    50.76   225    8.4  326  65.76  0.99
WV     GOES12  20080827  2255   35.61    50.71   275   11.3  328  58.58  0.89
WV     GOES12  20080827  2255   35.58    50.18   212   13.3  345  66.68  0.82
WV     GOES12  20080827  2255   36.46    41.96   237    7.1   64  68.89  0.85
WV     GOES12  20080827  2255   36.13    41.56   212    5.3   83  67.77  0.65
WV     GOES12  20080827  2255   36.81    37.17   362    9.5  255  61.75  0.54
WV     GOES12  20080827  2255   36.94    35.12   412    9.0  256  77.74  0.76
WV     GOES12  20080827  2255   36.51    34.67   325   11.8  245  60.17  0.80
WV     GOES12  20080827  2255   36.90    31.29   325   16.4  254  63.65  1.00
WV     GOES12  20080827  2255   36.64    31.40   300   16.0  254  68.93  1.00
WV     GOES12  20080827  2255   37.86    23.00   337    8.4  313  77.66  0.80
WV     GOES12  20080827  2255   34.73    76.89   212    3.9  218  59.27  0.72
WV     GOES12  20080827  2255   34.34    76.47   225    6.1  217  72.96  0.61
WV     GOES12  20080827  2255   34.68    76.35   225    6.4  249  59.93  0.68
WV     GOES12  20080827  2255   34.63    75.44   175    5.9  274  67.48  0.58
WV     GOES12  20080827  2255   34.63    74.84   237    3.2  270  61.15  0.74
WV     GOES12  20080827  2255   34.48    74.40   200    7.7  299  64.96  0.71
WV     GOES12  20080827  2255   34.83    73.39   250   11.6  292  63.85  0.69
WV     GOES12  20080827  2255   34.69    72.10   237   14.5  315  70.12  0.98
WV     GOES12  20080827  2255   34.74    71.89   250   14.8  314  75.67  0.99
WV     GOES12  20080827  2255   34.64    71.68   250   14.6  313  76.03  1.00
WV     GOES12  20080827  2255   34.84    71.02   250   17.6  323  63.14  0.50
WV     GOES12  20080827  2255   34.80    70.16   200   30.8  321  59.88  0.97
WV     GOES12  20080827  2255   34.75    70.06   187   29.6  326  56.30  0.96
WV     GOES12  20080827  2255   34.76    68.97   162   24.2  313  55.72  0.90
WV     GOES12  20080827  2255   34.76    68.68   237   29.2  312  59.69  0.98
WV     GOES12  20080827  2255   34.77    68.39   275   28.2  313  53.85  0.91
WV     GOES12  20080827  2255   34.43    67.69   250   26.7  311  62.00  0.90
WV     GOES12  20080827  2255   34.44    67.04   187   30.2  317  50.44  0.82
WV     GOES12  20080827  2255   34.44    67.01   175   30.2  317  58.58  0.82
WV     GOES12  20080827  2255   34.40    66.62   287   31.0  318  51.27  0.86
WV     GOES12  20080827  2255   34.36    66.23   350   21.7  307  60.93  0.92
WV     GOES12  20080827  2255   34.66    65.80   375   19.9  304  59.70  0.95
WV     GOES12  20080827  2255   34.66    65.40   412   14.3  312  71.35  0.80
WV     GOES12  20080827  2255   34.63    64.64   412   15.4  300  76.62  0.74
WV     GOES12  20080827  2255   34.85    63.65   400   20.4  283  60.57  0.72
WV     GOES12  20080827  2255   34.80    63.34   400   17.1  288  66.97  0.75
WV     GOES12  20080827  2255   34.92    62.54   400   16.7  280  59.54  0.66
WV     GOES12  20080827  2255   34.85    61.50   387   19.4  269  67.16  0.66
WV     GOES12  20080827  2255   34.79    59.74   225   20.7  240  63.06  0.99
WV     GOES12  20080827  2255   34.93    56.83   262   14.9  216  46.15  0.66
WV     GOES12  20080827  2255   34.59    56.59   200   17.6  221  63.61  0.93
WV     GOES12  20080827  2255   34.55    56.38   200   16.6  221  61.99  0.97
WV     GOES12  20080827  2255   34.51    55.97   175   15.6  247  67.59  0.87
WV     GOES12  20080827  2255   34.78    55.53   175   16.5  236  66.08  0.89
WV     GOES12  20080827  2255   34.58    54.05   212    8.1  274  63.61  0.63
WV     GOES12  20080827  2255   35.11    53.22   300    8.0  283  70.76  0.65
WV     GOES12  20080827  2255   35.19    52.46   200   15.5  300  57.52  0.88
WV     GOES12  20080827  2255   34.69    52.52   200   13.7  306  68.54  0.97
WV     GOES12  20080827  2255   35.02    51.76   225   11.1  334  64.05  0.62
WV     GOES12  20080827  2255   34.92    51.65   212   12.8  339  58.98  0.75
WV     GOES12  20080827  2255   35.00    51.00   237   16.4  329  53.81  0.94
WV     GOES12  20080827  2255   34.91    50.70   200   16.3  335  64.73  0.98
WV     GOES12  20080827  2255   34.85    49.89   212   16.8  350  62.80  0.51
WV     GOES12  20080827  2255   35.34    45.93   325    5.2   85  70.84  0.98
WV     GOES12  20080827  2255   35.43    44.14   312    5.2   51  63.69  0.80
WV     GOES12  20080827  2255   35.30    42.79   375    6.3   90  55.21  0.73
WV     GOES12  20080827  2255   35.77    41.56   250    6.2   79  65.04  0.92
WV     GOES12  20080827  2255   35.65    41.05   262    3.7  107  71.97  0.75
WV     GOES12  20080827  2255   35.21    39.99   225    5.3  136  61.26  0.96
WV     GOES12  20080827  2255   35.96    35.27   337    9.4  248  66.61  0.63
WV     GOES12  20080827  2255   36.16    34.62   337    9.8  250  65.91  0.86
WV     GOES12  20080827  2255   36.03    32.73   300   16.6  239  58.24  0.82
WV     GOES12  20080827  2255   34.00    72.35   262   12.3  294  56.40  0.70
WV     GOES12  20080827  2255   34.00    71.97   262   10.9  313  73.36  0.72
WV     GOES12  20080827  2255   34.06    71.12   250   14.9  320  68.91  0.62
WV     GOES12  20080827  2255   34.14    67.49   275   26.7  312  65.27  0.99
WV     GOES12  20080827  2255   34.00    67.19   237   27.1  315  60.07  0.99
WV     GOES12  20080827  2255   34.03    65.70   400   13.7  327  56.00  0.90
WV     GOES12  20080827  2255   34.27    57.62   287   15.6  245  64.19  0.76
WV     GOES12  20080827  2255   34.27    56.01   175   15.1  247  75.28  0.88
WV     GOES12  20080827  2255   34.32    55.88   175   14.8  248  74.04  0.88
WV     GOES12  20080827  2255   34.04    55.45   175   12.8  254  73.51  0.94
WV     GOES12  20080827  2255   34.06    54.88   187   12.0  260  70.09  0.83
WV     GOES12  20080827  2255   34.39    53.82   237    7.3  291  70.13  0.77
WV     GOES12  20080827  2255   34.40    53.79   237    7.3  290  71.30  0.79
WV     GOES12  20080827  2255   34.13    53.05   200   12.8  319  66.81  0.97
WV     GOES12  20080827  2255   34.44    52.72   200   13.7  307  68.37  0.96
WV     GOES12  20080827  2255   34.30    52.50   200   13.6  313  69.37  0.94
WV     GOES12  20080827  2255   34.43    51.67   300   10.3  345  58.26  0.91
WV     GOES12  20080827  2255   34.34    51.56   300   11.6  344  54.96  0.98
WV     GOES12  20080827  2255   34.55    51.01   225   17.7  336  56.75  0.98
WV     GOES12  20080827  2255   34.57    50.62   200   17.1  346  61.67  0.82
WV     GOES12  20080827  2255   34.66    46.61   350    3.9   81  78.82  0.99
WV     GOES12  20080827  2255   34.72    46.30   337    3.7   77  74.90  0.88
WV     GOES12  20080827  2255   34.50    44.76   312    4.2   79  79.88  0.73
WV     GOES12  20080827  2255   34.49    43.11   250    4.0  121  66.50  0.59
WV     GOES12  20080827  2255   34.42    42.49   262    6.4  179  51.15  0.91
WV     GOES12  20080827  2255   35.06    40.01   225    5.9  134  60.19  0.97
WV     GOES12  20080827  2255   35.02    35.70   337    9.2  248  70.17  0.99
WV     GOES12  20080827  2255   34.98    35.62   337    8.5  246  71.49  0.97
WV     GOES12  20080827  2255   35.24    34.67   350    7.0  249  71.53  0.60
WV     GOES12  20080827  2255   35.60    33.03   300   15.5  242  66.57  0.83
WV     GOES12  20080827  2255   35.19    32.47   287   15.9  244  63.68  0.91
WV     GOES12  20080827  2255   34.03    45.29   337    5.3   91  69.63  0.91
WV     GOES12  20080827  2255   34.12    44.49   212    5.3   58  73.81  0.61
WV     GOES12  20080827  2255   34.10    43.05   337    7.4   95  55.14  0.73
WV     GOES12  20080827  2255   34.10    42.98   350    5.9  102  62.19  0.87
WV     GOES12  20080827  2255   34.41    39.24   337    7.2  231  55.79  0.63
WV     GOES12  20080827  2255   34.62    36.57   337    8.0  228  72.01  0.76
WV     GOES12  20080827  2255   34.58    36.45   325    8.6  229  67.91  0.90
WV     GOES12  20080827  2255   34.68    35.56   350    7.9  227  69.96  0.94
WV     GOES12  20080827  2255   34.60    35.32   337    7.2  229  65.92  0.88
WV     GOES12  20080827  2255   34.76    32.92   300   15.6  244  60.73  0.96
IR     GOES12  20080827  2255    3.60   110.00   225   14.9   72  55.07  0.52
IR     GOES12  20080827  2255    3.60   109.92   250   11.5   87  47.78  0.74
IR     GOES12  20080827  2255    3.71    81.75   375    4.8   96  63.28  0.61
IR     GOES12  20080827  2255    3.56    81.52   350    7.4  108  69.36  0.81
IR     GOES12  20080827  2255    3.60    81.06   337    5.2  127  50.77  0.91
IR     GOES12  20080827  2255    3.89    79.96   175   24.8   81  67.05  0.96
IR     GOES12  20080827  2255    3.49    78.84   200   17.8   82  61.43  0.78
IR     GOES12  20080827  2255    3.52    78.70   200   17.8   90  58.22  0.66
IR     GOES12  20080827  2255    3.56    78.20   187   24.8   83  55.75  0.66
IR     GOES12  20080827  2255    3.92    77.66   150   24.1   79  65.85  1.00
IR     GOES12  20080827  2255    3.74    77.15   200   18.7   80  77.44  0.89
IR     GOES12  20080827  2255    3.92    42.62   868    7.0  129  79.21  0.66
IR     GOES12  20080827  2255    3.96    42.46   850    6.7  132  80.59  0.91
IR     GOES12  20080827  2255    3.89    41.84   850    6.2  134  83.65  0.69
IR     GOES12  20080827  2255    3.78    40.85   868    5.9  143  78.72  0.99
IR     GOES12  20080827  2255    3.86    39.98   175   12.6   64  72.14  0.79
IR     GOES12  20080827  2255    3.98    39.78   187   13.7   67  60.92  0.95
IR     GOES12  20080827  2255    3.68    34.20   212   17.1   51  56.42  0.99
IR     GOES12  20080827  2255    3.71    34.03   212   17.7   51  57.56  0.99
IR     GOES12  20080827  2255    3.84    32.99   200   24.5   49  62.07  0.94
IR     GOES12  20080827  2255    3.37   108.49   312    9.5   57  76.77  0.92
IR     GOES12  20080827  2255    3.25   107.80   337    7.9   40  51.47  0.63
IR     GOES12  20080827  2255    3.43   106.02   262   13.6   71  58.92  0.82
IR     GOES12  20080827  2255    3.04   102.23   162   22.0   71  63.21  0.82
IR     GOES12  20080827  2255    3.33   101.97   162   20.3   69  62.86  0.85
IR     GOES12  20080827  2255    3.31    82.46   337    9.5  108  67.62  0.82
IR     GOES12  20080827  2255    3.09    79.38   187   22.0   82  78.25  1.00
IR     GOES12  20080827  2255    2.94    79.33   187   22.0   82  77.13  1.00
IR     GOES12  20080827  2255    3.27    78.16   225   19.1   81  73.07  0.81
IR     GOES12  20080827  2255    3.26    40.41   850    6.8  138  76.33  0.95
IR     GOES12  20080827  2255    3.38    38.81   275    6.1   43  68.15  0.60
IR     GOES12  20080827  2255    3.06    35.49   262   12.0   49  67.39  0.85
IR     GOES12  20080827  2255    3.49    34.14   225   17.7   51  59.36  0.92
IR     GOES12  20080827  2255    3.41    33.73   200   22.1   49  76.65  0.99
IR     GOES12  20080827  2255    3.34    33.15   212   22.8   50  78.51  0.92
IR     GOES12  20080827  2255    2.70   110.13   312   12.2   45  66.00  0.80
IR     GOES12  20080827  2255    2.52   103.19   225   19.3   64  61.19  0.99
IR     GOES12  20080827  2255    2.41   102.21   162   24.6   62  68.46  0.97
IR     GOES12  20080827  2255    2.59   101.80   300   23.0   66  53.65  0.99
IR     GOES12  20080827  2255    2.36    99.51   262   21.8   80  61.33  1.00
IR     GOES12  20080827  2255    2.69    82.85   287   13.0   99  58.55  1.00
IR     GOES12  20080827  2255    2.66    82.80   275   13.3   97  57.00  1.00
IR     GOES12  20080827  2255    2.73    82.47   325   13.0   90  65.65  0.99
IR     GOES12  20080827  2255    2.80    79.54   187   20.1   83  64.03  0.97
IR     GOES12  20080827  2255    2.80    35.66   262   11.5   49  68.33  0.85
IR     GOES12  20080827  2255    2.76    34.66   212   16.8   57  52.21  0.78
IR     GOES12  20080827  2255    2.77    33.42   187   23.2   60  57.44  0.56
IR     GOES12  20080827  2255    2.28   107.82   300   12.4   65  63.99  0.83
IR     GOES12  20080827  2255    2.31   106.93   300   19.1   69  59.61  0.94
IR     GOES12  20080827  2255    2.31   106.86   300   19.5   69  58.45  0.92
IR     GOES12  20080827  2255    2.00   103.91   225   20.5   63  67.43  0.92
IR     GOES12  20080827  2255    2.23   103.61   225   19.6   66  61.31  0.98
IR     GOES12  20080827  2255    2.23   103.41   225   20.3   66  62.50  0.83
IR     GOES12  20080827  2255    2.04   102.48   262   26.0   61  63.62  1.00
IR     GOES12  20080827  2255    2.04   102.23   262   26.0   62  64.89  0.99
IR     GOES12  20080827  2255    1.92   101.66   212   27.6   64  62.46  1.00
IR     GOES12  20080827  2255    2.00   101.59   212   27.7   65  61.47  1.00
IR     GOES12  20080827  2255    2.18    99.65   262   21.3   82  56.56  0.95
IR     GOES12  20080827  2255    2.32    99.51   262   21.8   81  59.52  1.00
IR     GOES12  20080827  2255    1.82    87.19   262   16.1  106  67.84  0.69
IR     GOES12  20080827  2255    1.93    84.98   756    7.6   45  63.87  0.69
IR     GOES12  20080827  2255    2.00    83.62   262   14.6   93  55.96  1.00
IR     GOES12  20080827  2255    1.96    83.13   287   15.2   83  74.22  0.99
IR     GOES12  20080827  2255    2.29    82.97   287   13.9   92  65.16  1.00
IR     GOES12  20080827  2255    2.07    82.59   287   15.0   79  68.61  0.98
IR     GOES12  20080827  2255    2.07    78.73   200   16.8   87  58.16  0.98
IR     GOES12  20080827  2255    2.21    39.97   868    8.2  124  78.75  0.69
IR     GOES12  20080827  2255    2.05    33.68   187   24.4   51  68.28  0.64
IR     GOES12  20080827  2255    1.69   110.09   312   16.7   44  54.02  0.83
IR     GOES12  20080827  2255    1.35   109.41   212   19.4   59  72.33  1.00
IR     GOES12  20080827  2255    1.61   108.87   212   19.5   49  62.68  0.92
IR     GOES12  20080827  2255    1.45   106.22   275   21.8   55  68.09  0.99
IR     GOES12  20080827  2255    1.41   104.48   237   23.0   65  67.34  0.99
IR     GOES12  20080827  2255    1.49   104.41   250   23.1   65  66.99  0.99
IR     GOES12  20080827  2255    1.63   103.95   275   20.3   65  57.60  0.92
IR     GOES12  20080827  2255    1.41   102.27   262   28.1   60  59.67  1.00
IR     GOES12  20080827  2255    1.41   102.24   262   28.2   60  59.22  1.00
IR     GOES12  20080827  2255    1.67   101.70   212   27.7   64  63.13  1.00
IR     GOES12  20080827  2255    1.55   101.02   212   25.3   67  74.29  0.98
IR     GOES12  20080827  2255    1.48   100.89   225   25.8   67  75.83  0.83
IR     GOES12  20080827  2255    1.26   100.33   225   22.9   75  58.53  1.00
IR     GOES12  20080827  2255    1.70    99.28   287   21.9   77  69.06  0.98
IR     GOES12  20080827  2255    1.69    96.17   262   23.2   77  75.06  1.00
IR     GOES12  20080827  2255    1.51    95.62   237   24.0   77  77.98  1.00
IR     GOES12  20080827  2255    1.39    88.47   275   15.6  109  71.71  0.97
IR     GOES12  20080827  2255    1.39    88.45   275   15.6  110  69.74  0.96
IR     GOES12  20080827  2255    1.42    84.41   262   15.5   88  55.67  0.98
IR     GOES12  20080827  2255    1.46    84.33   262   16.6   86  60.49  0.73
IR     GOES12  20080827  2255    1.57    83.72   275   18.0   84  74.63  0.99
IR     GOES12  20080827  2255    1.38    83.40   262   20.4   81  66.50  0.84
IR     GOES12  20080827  2255    1.56    78.61   512    6.3  111  75.76  0.87
IR     GOES12  20080827  2255    0.90   110.05   325   18.2   58  60.80  1.00
IR     GOES12  20080827  2255    1.24   109.80   212   19.7   61  68.51  1.00
IR     GOES12  20080827  2255    1.20   109.36   212   19.6   59  72.32  1.00
IR     GOES12  20080827  2255    1.16   106.56   275   21.6   53  64.99  0.90
IR     GOES12  20080827  2255    1.16   106.46   275   22.0   54  66.70  0.95
IR     GOES12  20080827  2255    0.78   105.43   275   25.0   57  70.55  0.99
IR     GOES12  20080827  2255    0.82   105.22   275   25.1   59  75.68  0.99
IR     GOES12  20080827  2255    1.15   104.84   237   23.3   64  68.43  1.00
IR     GOES12  20080827  2255    1.19   104.23   275   22.0   72  51.23  1.00
IR     GOES12  20080827  2255    0.86   103.74   250   26.0   58  66.45  1.00
IR     GOES12  20080827  2255    1.08   102.36   225   28.4   59  58.19  1.00
IR     GOES12  20080827  2255    1.00   100.62   212   25.2   70  70.58  0.98
IR     GOES12  20080827  2255    1.15   100.36   225   23.3   74  61.06  1.00
IR     GOES12  20080827  2255    1.07   100.23   225   23.5   72  66.03  1.00
IR     GOES12  20080827  2255    1.11    98.19   262   22.7   62  51.37  0.59
IR     GOES12  20080827  2255    1.14    97.81   212   25.3   76  77.36  0.98
IR     GOES12  20080827  2255    0.74    97.60   300   26.4   78  71.35  0.98
IR     GOES12  20080827  2255    1.10    96.37   237   25.6   78  69.18  1.00
IR     GOES12  20080827  2255    1.10    96.30   237   25.5   78  70.06  1.00
IR     GOES12  20080827  2255    1.02    89.40   250   16.5   98  69.78  0.99
IR     GOES12  20080827  2255    1.06    89.05   262   13.5  109  61.06  0.88
IR     GOES12  20080827  2255    1.10    88.90   250   16.4  103  80.06  0.69
IR     GOES12  20080827  2255    0.80    84.89   225   27.1   85  63.47  1.00
IR     GOES12  20080827  2255    0.73    84.66   237   27.6   84  55.83  1.00
IR     GOES12  20080827  2255    0.77    84.14   237   23.3   87  73.36  0.94
IR     GOES12  20080827  2255    0.80    83.93   225   24.0   85  73.27  1.00
IR     GOES12  20080827  2255    0.84    83.15   275   20.1   76  61.27  0.67
IR     GOES12  20080827  2255    0.73    82.57   237   20.8   79  65.47  0.99
IR     GOES12  20080827  2255    0.91    82.38   275   20.0   79  67.17  1.00
IR     GOES12  20080827  2255    0.80    82.19   287   18.5   80  71.66  1.00
IR     GOES12  20080827  2255    1.02    79.85   225   19.6   90  73.38  1.00
IR     GOES12  20080827  2255    1.06    79.68   225   19.5   91  71.66  0.99
IR     GOES12  20080827  2255    1.05    79.47   225   18.9   93  68.82  0.67
IR     GOES12  20080827  2255    1.09    79.06   387    6.0  100  66.45  0.62
IR     GOES12  20080827  2255    1.13    78.65   537    3.3  135  61.69  0.60
IR     GOES12  20080827  2255    1.16    78.56   525    5.1  111  78.51  0.93
IR     GOES12  20080827  2255    0.23   109.96   212   21.3   57  77.21  1.00
IR     GOES12  20080827  2255    0.68   109.71   212   20.7   58  77.42  1.00
IR     GOES12  20080827  2255    0.63   105.72   275   23.7   60  73.71  0.93
IR     GOES12  20080827  2255    0.56   105.25   237   25.2   58  70.83  1.00
IR     GOES12  20080827  2255    0.67   105.14   275   25.5   59  75.08  0.99
IR     GOES12  20080827  2255    0.63   104.71   225   21.3   71  51.85  0.87
IR     GOES12  20080827  2255    0.56   104.17   237   25.5   60  75.38  1.00
IR     GOES12  20080827  2255    0.67   103.99   262   25.8   61  78.47  0.99
IR     GOES12  20080827  2255    0.67   100.33   225   23.4   74  61.66  1.00
IR     GOES12  20080827  2255    0.26    98.70   250   25.9   73  69.13  1.00
IR     GOES12  20080827  2255    0.30    98.54   275   26.4   72  70.61  1.00
IR     GOES12  20080827  2255    0.63    97.79   300   25.4   79  78.94  1.00
IR     GOES12  20080827  2255    0.58    85.48   225   25.6   86  72.04  0.95
IR     GOES12  20080827  2255    0.58    84.89   225   27.0   84  66.78  0.99
IR     GOES12  20080827  2255    0.62    84.64   250   27.5   83  51.82  1.00
IR     GOES12  20080827  2255    0.58    84.30   237   23.9   87  73.99  0.93
IR     GOES12  20080827  2255    0.58    83.82   237   22.8   85  74.48  0.99
IR     GOES12  20080827  2255    0.37    80.20   225   17.6   90  67.75  0.98
IR     GOES12  20080827  2255    0.26    79.91   225   14.5   94  54.57  0.83
IR     GOES12  20080827  2255    0.44    79.55   225   17.9   98  60.50  0.91
IR     GOES12  20080827  2255    0.30    37.77   850   10.6  119  76.21  0.60
IR     GOES12  20080827  2255    0.27    36.64   737   10.1  122  60.93  0.61
IR     GOES12  20080827  2255    0.00   105.97   237   26.5   58  65.91  1.00
IR     GOES12  20080827  2255    0.04   105.63   212   26.8   58  63.41  1.00
IR     GOES12  20080827  2255    0.04    98.96   275   26.6   72  72.48  1.00
IR     GOES12  20080827  2255    0.11    98.42   275   26.8   72  69.27  1.00
IR     GOES12  20080827  2255    0.04    35.39   737   10.6  121  61.30  0.82
WV     GOES12  20080827  2255    3.97   109.91   225   15.5   60  64.65  0.94
WV     GOES12  20080827  2255    3.92   107.40   225   17.9   51  48.93  0.70
WV     GOES12  20080827  2255    3.73   106.51   275   18.4   63  50.78  0.75
WV     GOES12  20080827  2255    3.95   106.18   250   19.1   67  48.70  0.99
WV     GOES12  20080827  2255    3.98   105.01   250   16.6   70  62.44  0.69
WV     GOES12  20080827  2255    3.55   102.15   175   16.1   66  50.18  0.78
WV     GOES12  20080827  2255    3.81   101.45   162   17.2   71  50.28  0.88
WV     GOES12  20080827  2255    4.00   101.28   162   19.4   65  60.00  0.89
WV     GOES12  20080827  2255    3.95    90.40   287   13.7   85  62.32  0.73
WV     GOES12  20080827  2255    3.95    90.22   287   16.1   81  71.39  0.97
WV     GOES12  20080827  2255    3.60    81.50   350    7.7  111  68.07  0.69
WV     GOES12  20080827  2255    3.85    80.17   175   23.0   81  66.29  0.99
WV     GOES12  20080827  2255    3.85    80.02   175   25.0   81  65.63  0.99
WV     GOES12  20080827  2255    3.63    79.54   187   21.5   83  73.08  1.00
WV     GOES12  20080827  2255    3.78    79.30   212   21.1   81  65.12  0.99
WV     GOES12  20080827  2255    3.52    78.67   200   16.3   91  53.42  0.69
WV     GOES12  20080827  2255    3.52    78.38   175   25.4   88  54.73  0.93
WV     GOES12  20080827  2255    3.56    78.18   200   20.1   85  71.18  0.99
WV     GOES12  20080827  2255    3.89    77.70   162   22.2   78  71.00  0.97
WV     GOES12  20080827  2255    3.85    77.41   162   21.0   71  56.46  0.81
WV     GOES12  20080827  2255    3.81    77.17   187   19.9   81  74.45  0.98
WV     GOES12  20080827  2255    3.95    43.58   337    8.4  106  52.13  0.91
WV     GOES12  20080827  2255    3.88    43.24   337    5.8   69  80.16  0.88
WV     GOES12  20080827  2255    3.73    42.36   325    9.5   59  59.35  0.60
WV     GOES12  20080827  2255    3.86    40.07   175   12.3   63  72.28  0.80
WV     GOES12  20080827  2255    3.98    39.81   187   13.5   65  62.68  0.89
WV     GOES12  20080827  2255    3.68    39.37   200   11.7   48  70.84  0.84
WV     GOES12  20080827  2255    3.98    38.66   250   13.6   45  54.95  0.98
WV     GOES12  20080827  2255    3.82    34.79   200   25.6   61  46.75  0.90
WV     GOES12  20080827  2255    3.94    34.62   212   23.2   58  53.05  0.81
WV     GOES12  20080827  2255    3.71    34.07   212   19.1   51  64.51  0.97
WV     GOES12  20080827  2255    3.68    33.00   200   23.3   51  70.37  0.97
WV     GOES12  20080827  2255    3.80    32.23   287   23.3   58  61.35  0.99
WV     GOES12  20080827  2255    3.09   106.27   262   13.9   58  66.36  0.91
WV     GOES12  20080827  2255    3.39   105.94   262   13.3   71  57.91  0.83
WV     GOES12  20080827  2255    3.39   105.40   262   16.9   61  74.35  0.61
WV     GOES12  20080827  2255    3.26   102.07   162   20.4   68  64.48  0.99
WV     GOES12  20080827  2255    3.33   101.97   162   20.3   69  62.67  0.99
WV     GOES12  20080827  2255    3.06    99.13   262   20.0   75  65.36  0.95
WV     GOES12  20080827  2255    3.33    91.00   287   17.8   86  75.39  0.66
WV     GOES12  20080827  2255    3.38    82.39   300   12.2   86  74.36  0.67
WV     GOES12  20080827  2255    3.38    82.25   262   11.3   89  53.77  0.71
WV     GOES12  20080827  2255    3.34    80.37   187   22.1   94  52.62  0.66
WV     GOES12  20080827  2255    3.02    79.81   200   19.9   84  69.19  0.97
WV     GOES12  20080827  2255    3.09    79.50   187   20.7   81  67.36  0.94
WV     GOES12  20080827  2255    3.09    79.36   187   22.9   81  71.44  0.99
WV     GOES12  20080827  2255    2.94    78.90   187   20.0   84  66.03  1.00
WV     GOES12  20080827  2255    3.09    78.76   200   19.1   90  62.22  0.95
WV     GOES12  20080827  2255    3.27    78.26   212   19.7   82  74.94  1.00
WV     GOES12  20080827  2255    3.05    78.11   225   20.3   82  69.34  0.98
WV     GOES12  20080827  2255    3.34    77.08   200   18.7   81  77.68  1.00
WV     GOES12  20080827  2255    3.05    45.47   350    5.1   84  71.90  0.62
WV     GOES12  20080827  2255    3.39    43.98   350    5.6   69  78.69  0.92
WV     GOES12  20080827  2255    3.46    43.66   337    7.1  103  55.87  0.85
WV     GOES12  20080827  2255    3.28    42.92   337    5.7   55  69.57  0.81
WV     GOES12  20080827  2255    3.48    40.40   187   10.4   49  71.14  0.80
WV     GOES12  20080827  2255    3.49    39.49   187   11.7   49  66.17  0.84
WV     GOES12  20080827  2255    3.42    39.18   200   11.7   51  75.45  0.90
WV     GOES12  20080827  2255    3.17    35.67   250   12.6   43  63.05  0.93
WV     GOES12  20080827  2255    3.10    35.49   275   12.9   51  75.33  0.95
WV     GOES12  20080827  2255    3.37    34.60   250   16.4   39  57.47  0.65
WV     GOES12  20080827  2255    3.37    33.80   200   22.2   49  76.04  0.98
WV     GOES12  20080827  2255    3.45    33.73   200   22.2   48  73.02  0.99
WV     GOES12  20080827  2255    3.53    33.01   200   22.7   52  73.21  0.95
WV     GOES12  20080827  2255    3.31    32.70   275   22.6   55  61.73  0.75
WV     GOES12  20080827  2255    3.46    32.09   275   24.3   45  51.96  0.93
WV     GOES12  20080827  2255    2.58   107.64   325    7.4   65  53.16  0.70
WV     GOES12  20080827  2255    2.56   103.19   225   19.2   61  61.03  0.99
WV     GOES12  20080827  2255    2.71   103.00   275   19.7   60  74.01  0.98
WV     GOES12  20080827  2255    2.63   102.77   275   19.5   53  59.33  0.77
WV     GOES12  20080827  2255    2.41   102.21   162   24.7   63  69.78  0.97
WV     GOES12  20080827  2255    2.55    99.88   262   21.2   72  69.80  0.99
WV     GOES12  20080827  2255    2.77    99.62   262   21.7   72  74.37  0.95
WV     GOES12  20080827  2255    2.62    99.40   250   23.9   76  70.03  0.98
WV     GOES12  20080827  2255    2.80    97.16   300   21.8   75  68.86  0.83
WV     GOES12  20080827  2255    2.82    91.96   300   18.0   80  64.11  0.97
WV     GOES12  20080827  2255    2.78    91.91   237   19.7   81  68.06  0.65
WV     GOES12  20080827  2255    2.84    83.35   350    7.5  134  52.87  0.60
WV     GOES12  20080827  2255    2.66    82.99   275   13.0   92  59.97  0.98
WV     GOES12  20080827  2255    2.69    82.78   262   14.0   94  57.34  1.00
WV     GOES12  20080827  2255    2.69    82.53   287   14.6   86  79.85  0.90
WV     GOES12  20080827  2255    2.58    81.62   250   21.4   84  59.54  0.51
WV     GOES12  20080827  2255    2.83    79.64   200   19.2   83  65.00  0.99
WV     GOES12  20080827  2255    2.80    79.40   187   22.0   85  73.85  0.98
WV     GOES12  20080827  2255    2.69    79.04   187   19.8   82  63.97  0.99
WV     GOES12  20080827  2255    2.72    78.61   187   19.6   79  62.33  0.99
WV     GOES12  20080827  2255    2.65    78.36   212   20.4   84  71.34  1.00
WV     GOES12  20080827  2255    2.65    78.24   212   20.9   85  67.08  0.98
WV     GOES12  20080827  2255    2.55    49.79   362    6.7  216  57.64  0.75
WV     GOES12  20080827  2255    2.90    45.55   362    4.9   81  74.07  0.62
WV     GOES12  20080827  2255    2.55    39.22   350    7.9   61  69.14  0.61
WV     GOES12  20080827  2255    2.87    35.56   275   12.4   52  73.69  0.97
WV     GOES12  20080827  2255    2.88    34.25   237   18.8   59  60.08  0.94
WV     GOES12  20080827  2255    2.96    33.70   225   23.0   50  70.46  0.96
WV     GOES12  20080827  2255    2.96    33.21   250   26.1   57  49.64  0.97
WV     GOES12  20080827  2255    2.24   107.90   287   12.0   63  60.66  1.00
WV     GOES12  20080827  2255    2.28   107.82   300   11.9   63  62.13  1.00
WV     GOES12  20080827  2255    2.31   107.07   300   17.7   68  65.37  0.91
WV     GOES12  20080827  2255    2.16   106.90   300   19.5   69  59.82  0.92
WV     GOES12  20080827  2255    2.27   106.59   300   21.4   75  50.60  0.65
WV     GOES12  20080827  2255    2.00   103.94   225   21.5   62  75.78  0.99
WV     GOES12  20080827  2255    2.26   103.61   225   20.4   65  66.61  0.94
WV     GOES12  20080827  2255    2.23   103.41   225   18.7   66  56.33  0.83
WV     GOES12  20080827  2255    2.26   103.01   275   20.5   60  67.93  0.97
WV     GOES12  20080827  2255    2.07   102.53   262   26.0   61  63.02  0.99
WV     GOES12  20080827  2255    2.15   102.18   262   24.8   64  71.97  0.98
WV     GOES12  20080827  2255    1.96   101.66   212   27.5   64  62.95  1.00
WV     GOES12  20080827  2255    2.00   101.59   212   27.5   65  62.66  1.00
WV     GOES12  20080827  2255    2.22    99.99   212   23.3   60  58.23  1.00
WV     GOES12  20080827  2255    2.32    99.54   262   21.7   80  60.99  0.99
WV     GOES12  20080827  2255    1.88    99.24   287   22.1   77  71.79  1.00
WV     GOES12  20080827  2255    2.10    99.08   287   22.9   78  67.75  0.96
WV     GOES12  20080827  2255    1.98    94.99   312   20.1   80  61.92  1.00
WV     GOES12  20080827  2255    2.24    94.92   237   21.7   73  64.63  0.84
WV     GOES12  20080827  2255    2.27    94.36   325   18.8   89  73.62  1.00
WV     GOES12  20080827  2255    2.27    94.22   325   19.7   89  76.90  1.00
WV     GOES12  20080827  2255    2.20    92.54   250   18.5   97  53.74  0.72
WV     GOES12  20080827  2255    2.12    88.28   275   16.8  118  53.53  0.83
WV     GOES12  20080827  2255    1.97    87.23   262   13.6  110  58.84  0.94
WV     GOES12  20080827  2255    2.22    86.19   350    9.6  109  63.85  0.81
WV     GOES12  20080827  2255    2.26    85.87   337   10.8   97  64.92  0.78
WV     GOES12  20080827  2255    2.22    83.72   275   13.4   90  59.44  0.98
WV     GOES12  20080827  2255    1.93    83.53   275   16.9   90  70.24  0.92
WV     GOES12  20080827  2255    2.26    82.99   287   13.9   92  64.90  1.00
WV     GOES12  20080827  2255    1.93    82.67   287   14.3   78  64.66  0.96
WV     GOES12  20080827  2255    2.11    78.69   200   18.3   89  64.64  0.83
WV     GOES12  20080827  2255    2.25    49.77   325    6.7  223  59.49  0.98
WV     GOES12  20080827  2255    2.30    47.89   375    3.2   98  64.96  0.64
WV     GOES12  20080827  2255    2.16    43.97   350    5.8   56  75.84  0.75
WV     GOES12  20080827  2255    2.02    42.32   337   11.8   40  52.10  0.87
WV     GOES12  20080827  2255    2.36    39.57   362   10.3   28  50.22  0.94
WV     GOES12  20080827  2255    2.34    37.01   287   13.2   39  53.73  0.66
WV     GOES12  20080827  2255    2.38    35.15   237   16.8   54  69.91  0.91
WV     GOES12  20080827  2255    2.33    30.76   337   11.8   89  66.32  0.72
WV     GOES12  20080827  2255    1.73   110.04   312   16.9   45  54.06  0.87
WV     GOES12  20080827  2255    1.39   109.42   212   19.4   59  72.52  1.00
WV     GOES12  20080827  2255    1.54   109.25   212   19.5   57  77.14  1.00
WV     GOES12  20080827  2255    1.38   108.70   225   19.5   49  64.42  0.95
WV     GOES12  20080827  2255    1.76   108.29   225   17.0   67  55.31  0.79
WV     GOES12  20080827  2255    1.42   106.46   275   21.4   55  68.82  1.00
WV     GOES12  20080827  2255    1.57   106.31   275   21.7   56  68.98  1.00
WV     GOES12  20080827  2255    1.60   105.99   275   25.1   59  56.97  0.78
WV     GOES12  20080827  2255    1.34   104.97   250   25.2   64  64.14  0.99
WV     GOES12  20080827  2255    1.41   104.56   237   23.5   65  67.21  1.00
WV     GOES12  20080827  2255    1.49   104.41   250   23.5   65  67.82  0.99
WV     GOES12  20080827  2255    1.63   103.98   275   21.3   63  63.35  0.99
WV     GOES12  20080827  2255    1.60   103.65   262   27.7   63  57.39  0.95
WV     GOES12  20080827  2255    1.78   102.67   275   23.7   62  78.14  0.83
WV     GOES12  20080827  2255    1.41   102.27   262   28.2   60  59.24  1.00
WV     GOES12  20080827  2255    1.74   101.88   212   27.8   63  62.12  1.00
WV     GOES12  20080827  2255    1.67   101.73   212   27.8   63  62.44  1.00
WV     GOES12  20080827  2255    1.44   101.14   212   25.9   67  73.81  0.99
WV     GOES12  20080827  2255    1.59   100.92   225   25.9   68  74.04  0.99
WV     GOES12  20080827  2255    1.26   100.45   225   23.2   74  60.15  0.99
WV     GOES12  20080827  2255    1.55   100.24   225   23.1   78  55.40  1.00
WV     GOES12  20080827  2255    1.77    99.38   262   21.9   77  63.86  1.00
WV     GOES12  20080827  2255    1.70    99.26   287   22.0   77  69.58  1.00
WV     GOES12  20080827  2255    1.70    98.88   275   26.5   73  59.44  0.89
WV     GOES12  20080827  2255    1.36    98.24   275   24.3   72  69.96  0.98
WV     GOES12  20080827  2255    1.44    97.89   212   25.2   77  69.34  0.99
WV     GOES12  20080827  2255    1.36    97.86   212   25.3   77  70.37  0.99
WV     GOES12  20080827  2255    1.69    96.24   262   23.3   77  76.01  1.00
WV     GOES12  20080827  2255    1.36    96.03   250   23.8   79  74.02  1.00
WV     GOES12  20080827  2255    1.43    95.66   237   23.9   77  77.40  1.00
WV     GOES12  20080827  2255    1.32    95.41   262   24.6   79  72.16  0.96
WV     GOES12  20080827  2255    1.76    94.94   325   20.1   81  60.18  0.98
WV     GOES12  20080827  2255    1.35    88.84   262   17.1  102  67.54  0.64
WV     GOES12  20080827  2255    1.68    87.34   275   13.3  112  57.41  0.98
WV     GOES12  20080827  2255    1.71    86.83   275   12.1  113  51.62  0.99
WV     GOES12  20080827  2255    1.46    86.53   275   15.4  119  49.58  0.60
WV     GOES12  20080827  2255    1.46    84.35   262   15.8   87  57.30  0.96
WV     GOES12  20080827  2255    1.46    84.33   262   16.7   87  61.16  0.84
WV     GOES12  20080827  2255    1.64    83.68   275   17.9   83  72.07  0.82
WV     GOES12  20080827  2255    1.38    81.78   275   14.8   82  59.88  0.99
WV     GOES12  20080827  2255    1.40    49.35   375    4.2  192  65.74  0.70
WV     GOES12  20080827  2255    1.41    49.28   375    4.1  188  65.93  0.73
WV     GOES12  20080827  2255    1.56    46.12   362    6.8   52  64.23  0.87
WV     GOES12  20080827  2255    1.41    45.92   362    6.3   53  71.12  0.63
WV     GOES12  20080827  2255    1.64    44.74   362    7.3   54  69.79  0.85
WV     GOES12  20080827  2255    1.75    43.93   362    6.1   77  63.50  0.67
WV     GOES12  20080827  2255    1.79    41.92   337    6.7   53  72.29  0.90
WV     GOES12  20080827  2255    1.51    35.49   287   14.4   34  53.95  0.66
WV     GOES12  20080827  2255    1.74    34.55   325    9.5   54  76.05  0.65
WV     GOES12  20080827  2255    1.82    33.52   175   21.2   57  65.68  0.78
WV     GOES12  20080827  2255    0.94   110.05   325   18.3   60  61.91  1.00
WV     GOES12  20080827  2255    0.75   109.74   212   20.9   59  73.10  1.00
WV     GOES12  20080827  2255    1.20   109.41   212   19.5   59  72.33  1.00
WV     GOES12  20080827  2255    0.86   109.02   212   21.3   57  74.01  0.83
WV     GOES12  20080827  2255    1.05   107.04   287   18.5   51  57.56  1.00
WV     GOES12  20080827  2255    1.05   106.99   275   18.5   52  59.69  1.00
WV     GOES12  20080827  2255    1.16   106.46   275   22.2   56  71.09  1.00
WV     GOES12  20080827  2255    0.82   105.51   275   25.1   60  72.28  1.00
WV     GOES12  20080827  2255    0.89   105.07   275   25.8   60  70.18  1.00
WV     GOES12  20080827  2255    1.01   104.94   237   25.2   61  69.44  0.99
WV     GOES12  20080827  2255    0.93   104.58   237   22.7   65  62.53  1.00
WV     GOES12  20080827  2255    1.19   104.23   275   21.7   71  51.88  0.97
WV     GOES12  20080827  2255    1.08   103.79   262   25.3   60  75.91  1.00
WV     GOES12  20080827  2255    1.00   102.86   300   24.8   50  53.92  0.63
WV     GOES12  20080827  2255    1.08   102.41   225   28.5   59  58.05  1.00
WV     GOES12  20080827  2255    1.15   102.29   250   28.3   59  59.50  1.00
WV     GOES12  20080827  2255    0.93   101.99   212   24.9   61  66.03  1.00
WV     GOES12  20080827  2255    0.78   101.45   212   26.0   63  70.74  1.00
WV     GOES12  20080827  2255    0.89   101.23   212   24.0   65  64.74  1.00
WV     GOES12  20080827  2255    1.07   100.55   225   23.7   71  65.44  1.00
WV     GOES12  20080827  2255    1.18   100.36   225   23.3   75  59.82  1.00
WV     GOES12  20080827  2255    0.85   100.06   225   22.8   70  64.03  0.99
WV     GOES12  20080827  2255    0.81    98.26   275   25.6   73  73.00  0.99
WV     GOES12  20080827  2255    1.14    97.81   212   25.6   77  73.15  1.00
WV     GOES12  20080827  2255    1.00    97.65   212   26.1   76  73.25  1.00
WV     GOES12  20080827  2255    0.92    97.00   212   25.4   78  77.42  1.00
WV     GOES12  20080827  2255    0.92    96.95   212   25.4   78  77.35  1.00
WV     GOES12  20080827  2255    0.96    96.42   212   25.5   78  77.02  1.00
WV     GOES12  20080827  2255    1.07    96.28   250   25.4   78  68.88  1.00
WV     GOES12  20080827  2255    1.21    95.89   175   24.4   79  56.86  0.99
WV     GOES12  20080827  2255    1.18    95.55   262   23.9   77  70.24  0.99
WV     GOES12  20080827  2255    1.02    89.42   250   16.3   99  71.29  0.99
WV     GOES12  20080827  2255    1.17    89.14   262   15.2  105  72.77  0.91
WV     GOES12  20080827  2255    1.10    88.92   250   16.4  103  79.99  0.66
WV     GOES12  20080827  2255    1.13    88.56   250   15.1  110  62.67  0.99
WV     GOES12  20080827  2255    1.13    88.30   250   16.3  109  65.71  0.99
WV     GOES12  20080827  2255    1.10    87.93   250   13.7  106  58.99  0.97
WV     GOES12  20080827  2255    1.13    87.27   275   14.1  116  54.00  0.79
WV     GOES12  20080827  2255    0.95    86.95   375   13.4  133  51.98  0.75
WV     GOES12  20080827  2255    0.84    84.89   225   26.4   86  66.66  1.00
WV     GOES12  20080827  2255    0.84    84.70   237   28.0   87  54.09  1.00
WV     GOES12  20080827  2255    0.77    84.41   225   24.4   85  74.42  0.99
WV     GOES12  20080827  2255    0.77    83.95   225   24.8   85  72.88  1.00
WV     GOES12  20080827  2255    0.87    83.51   225   24.1   79  65.85  0.99
WV     GOES12  20080827  2255    0.84    83.17   237   20.5   77  59.20  0.97
WV     GOES12  20080827  2255    0.80    82.34   287   20.6   78  58.78  1.00
WV     GOES12  20080827  2255    0.80    82.21   300   18.7   79  62.81  1.00
WV     GOES12  20080827  2255    1.13    81.92   312   15.4   80  70.53  0.96
WV     GOES12  20080827  2255    1.16    81.63   300   17.4   76  64.94  0.98
WV     GOES12  20080827  2255    0.80    80.76   312   16.0   85  69.11  0.88
WV     GOES12  20080827  2255    0.84    80.49   312   15.2   84  74.49  0.61
WV     GOES12  20080827  2255    0.76    80.13   212   22.7   85  59.20  0.93
WV     GOES12  20080827  2255    0.98    79.82   225   18.7   92  70.80  0.85
WV     GOES12  20080827  2255    1.02    79.78   225   19.5   91  72.08  1.00
WV     GOES12  20080827  2255    1.09    79.43   225   20.2   93  64.71  0.65
WV     GOES12  20080827  2255    1.18    49.18   162    6.4  231  75.88  0.70
WV     GOES12  20080827  2255    1.15    45.77   375    7.7   73  59.59  0.68
WV     GOES12  20080827  2255    1.12    45.19   362    6.2   41  71.49  1.00
WV     GOES12  20080827  2255    1.15    44.95   362    5.9   41  71.13  0.95
WV     GOES12  20080827  2255    1.04    44.31   375    5.5   35  64.87  0.62
WV     GOES12  20080827  2255    1.23    44.07   362    6.4   46  74.97  0.99
WV     GOES12  20080827  2255    0.83    37.08   350    8.1   95  57.29  0.90
WV     GOES12  20080827  2255    0.49   110.05   287   19.4   59  64.74  1.00
WV     GOES12  20080827  2255    0.68   109.71   212   20.7   57  78.61  1.00
WV     GOES12  20080827  2255    0.67   105.61   275   25.3   61  70.02  1.00
WV     GOES12  20080827  2255    0.56   105.27   250   25.6   58  70.82  1.00
WV     GOES12  20080827  2255    0.45   104.86   225   27.5   63  58.73  0.98
WV     GOES12  20080827  2255    0.67   103.99   250   26.0   59  70.66  0.99
WV     GOES12  20080827  2255    0.67   103.76   250   26.9   57  63.38  0.99
WV     GOES12  20080827  2255    0.56   102.63   300   26.2   58  64.30  1.00
WV     GOES12  20080827  2255    0.56   102.09   300   24.5   62  77.94  1.00
WV     GOES12  20080827  2255    0.52   101.86   300   25.0   62  75.43  1.00
WV     GOES12  20080827  2255    0.67   101.35   212   26.0   63  69.60  1.00
WV     GOES12  20080827  2255    0.63   101.23   212   25.9   63  68.35  1.00
WV     GOES12  20080827  2255    0.63   100.71   212   26.8   70  68.17  0.96
WV     GOES12  20080827  2255    0.59   100.30   225   23.3   74  61.67  1.00
WV     GOES12  20080827  2255    0.48   100.13   225   23.7   74  64.39  0.99
WV     GOES12  20080827  2255    0.52    99.15   337   18.2   83  68.54  0.69
WV     GOES12  20080827  2255    0.30    98.75   250   25.0   68  64.61  0.98
WV     GOES12  20080827  2255    0.30    98.54   275   26.3   72  71.16  1.00
WV     GOES12  20080827  2255    0.30    98.35   300   25.0   74  67.56  1.00
WV     GOES12  20080827  2255    0.59    97.79   300   25.1   81  70.55  0.99
WV     GOES12  20080827  2255    0.55    97.41   300   27.3   80  67.36  0.99
WV     GOES12  20080827  2255    0.41    97.25   300   28.3   84  59.86  0.92
WV     GOES12  20080827  2255    0.30    94.88   362   16.9  110  68.58  0.68
WV     GOES12  20080827  2255    0.59    93.96   312   23.8   94  63.72  0.84
WV     GOES12  20080827  2255    0.59    93.89   325   21.7   95  69.89  0.67
WV     GOES12  20080827  2255    0.26    91.91   250   22.9  102  69.65  0.89
WV     GOES12  20080827  2255    0.26    91.89   250   22.7  102  70.46  0.89
WV     GOES12  20080827  2255    0.48    87.50   375    9.4  120  54.67  0.93
WV     GOES12  20080827  2255    0.59    85.91   275   23.3   89  55.67  0.81
WV     GOES12  20080827  2255    0.58    84.91   225   25.6   87  68.97  1.00
WV     GOES12  20080827  2255    0.58    84.68   237   28.0   88  55.29  0.99
WV     GOES12  20080827  2255    0.55    84.41   225   25.4   83  76.15  1.00
WV     GOES12  20080827  2255    0.51    84.16   237   23.3   90  64.50  0.73
WV     GOES12  20080827  2255    0.55    83.72   225   24.6   82  74.76  1.00
WV     GOES12  20080827  2255    0.37    83.36   225   25.6   79  63.23  0.83
WV     GOES12  20080827  2255    0.44    82.98   225   22.8   77  62.53  1.00
WV     GOES12  20080827  2255    0.51    82.88   225   22.8   78  64.72  1.00
WV     GOES12  20080827  2255    0.62    82.46   250   21.2   78  66.14  1.00
WV     GOES12  20080827  2255    0.33    80.51   287   18.5   90  58.20  0.92
WV     GOES12  20080827  2255    0.26    80.11   237   16.4   81  61.69  0.97
WV     GOES12  20080827  2255    0.29    79.80   225   19.1   91  72.06  0.71
WV     GOES12  20080827  2255    0.33    79.78   225   19.2   91  71.50  0.70
WV     GOES12  20080827  2255    0.33    79.47   237   16.9   93  67.01  0.91
WV     GOES12  20080827  2255    0.44    79.16   225   19.7   86  63.71  0.65
WV     GOES12  20080827  2255    0.37    45.22   387    6.4   64  71.20  0.64
WV     GOES12  20080827  2255    0.67    44.34   375    6.0   43  72.28  0.81
WV     GOES12  20080827  2255    0.41    40.60   325    9.6   52  70.46  0.74
WV     GOES12  20080827  2255    0.64    40.51   325    9.9   53  67.43  0.86
WV     GOES12  20080827  2255    0.31    31.95   287   20.7   62  50.47  0.64
WV     GOES12  20080827  2255    0.12   110.02   212   21.4   58  78.69  1.00
WV     GOES12  20080827  2255    0.04   109.76   212   21.6   56  74.41  1.00
WV     GOES12  20080827  2255    0.04   105.61   200   27.3   59  62.37  0.99
WV     GOES12  20080827  2255    0.04   102.36   162   28.2   62  70.40  0.60
WV     GOES12  20080827  2255    0.08    98.32   300   25.3   74  67.18  1.00
WV     GOES12  20080827  2255    0.11    94.86   325   21.2   93  75.31  0.91
WV     GOES12  20080827  2255    0.04    91.55   237   24.7   97  61.06  1.00
WV     GOES12  20080827  2255    0.08    84.32   350   14.6  115  67.66  0.78
WV     GOES12  20080827  2255    0.11    83.48   225   26.3   79  62.79  0.99
WV     GOES12  20080827  2255    0.08    45.32   375    9.7   33  55.69  0.67
WV     GOES12  20080827  2255    0.11    43.68   350    7.9   27  64.24  0.99
VIS    GOES12  20080827  2255    3.75    99.89   925   11.0  172  76.95  1.00
VIS    GOES12  20080827  2255    3.91    94.53   868    7.1  216  66.78  0.62
VIS    GOES12  20080827  2255    3.49   100.45   906   10.4  140  51.12  0.74
VIS    GOES12  20080827  2255    3.56    99.80   906   11.0  172  68.59  0.98
VIS    GOES12  20080827  2255    3.38    99.83   906   11.3  171  66.43  1.00
VIS    GOES12  20080827  2255    3.20    85.40   812    7.4   53  53.40  0.62
VIS    GOES12  20080827  2255    3.00    96.19   906    9.6  170  67.50  0.98
VIS    GOES12  20080827  2255    2.97    87.79   831    6.8   79  59.87  0.89
VIS    GOES12  20080827  2255    2.63    98.26   775    8.3  161  69.62  0.79
VIS    GOES12  20080827  2255    2.85    97.60   756    7.1  127  59.73  0.81
VIS    GOES12  20080827  2255    2.70    96.43   887    9.1  170  62.26  1.00
VIS    GOES12  20080827  2255    2.64    93.21   775    5.3  147  62.19  0.68
VIS    GOES12  20080827  2255    2.56    96.61   906    9.3  171  69.38  1.00
VIS    GOES12  20080827  2255    2.41    90.69   850   10.0  138  55.20  0.99
VIS    GOES12  20080827  2255    2.39    90.68   850    9.7  138  56.54  0.96
VIS    GOES12  20080827  2255    2.37    88.53   868    5.5   85  50.69  0.71
VIS    GOES12  20080827  2255    1.90    90.01   850    7.2  136  74.06  0.63
VIS    GOES12  20080827  2255    1.99    88.71   868   10.6  142  58.81  0.68
VIS    GOES12  20080827  2255    1.93    85.65   812    5.0   47  74.11  0.72
VIS    GOES12  20080827  2255    1.68    92.35   831    7.3  140  66.09  0.69
VIS    GOES12  20080827  2255    1.72    91.43   868    7.4  159  72.67  0.95
VIS    GOES12  20080827  2255    1.57    90.83   887    9.9  164  57.43  0.97
VIS    GOES12  20080827  2255    1.63    90.02   831    7.7   99  51.39  0.89
VIS    GOES12  20080827  2255    1.44   107.95   775    5.0   66  70.08  0.69
VIS    GOES12  20080827  2255    1.50   100.63   831   10.1  155  73.00  0.81
VIS    GOES12  20080827  2255    1.25    93.27   887    9.7  163  63.83  1.00
VIS    GOES12  20080827  2255    1.30    91.11   868    6.2  149  70.69  0.96
VIS    GOES12  20080827  2255    1.34    90.99   887    8.9  160  63.56  0.84
VIS    GOES12  20080827  2255    1.45    90.86   887    7.5  142  74.41  0.99
VIS    GOES12  20080827  2255    1.44    90.04   850    9.1  150  66.84  0.64
VIS    GOES12  20080827  2255    0.99   108.09   775    4.7   63  77.85  0.87
VIS    GOES12  20080827  2255    1.13   103.09   868   11.4  150  75.34  0.97
VIS    GOES12  20080827  2255    1.00   102.67   850   11.5  148  74.63  1.00
VIS    GOES12  20080827  2255    1.00   102.44   812   11.6  149  58.63  0.82
VIS    GOES12  20080827  2255    1.10    93.32   887    9.6  163  65.13  1.00
VIS    GOES12  20080827  2255    1.06    93.24   906    9.7  163  64.51  1.00
VIS    GOES12  20080827  2255    0.97    91.68   887    8.0  150  77.14  0.74
VIS    GOES12  20080827  2255    1.03    91.05   887    6.0  138  67.46  0.98
VIS    GOES12  20080827  2255    0.97    90.96   887    6.3  138  69.08  0.89
VIS    GOES12  20080827  2255    0.86   107.94   775    4.2   46  70.44  0.83
VIS    GOES12  20080827  2255    0.91   102.67   850   11.2  146  77.00  1.00
VIS    GOES12  20080827  2255    0.74   101.58   850   12.0  148  69.07  0.88
VIS    GOES12  20080827  2255    0.76   100.90   850   11.4  139  64.57  0.77
VIS    GOES12  20080827  2255    0.74    99.55   775    9.5  147  77.32  1.00
VIS    GOES12  20080827  2255    0.79    99.31   775    9.2  153  75.93  0.94
VIS    GOES12  20080827  2255    0.83    99.19   793    9.7  147  79.15  0.96
VIS    GOES12  20080827  2255    0.90    97.20   756    7.6  151  70.07  0.95
VIS    GOES12  20080827  2255    0.70    91.62   868    8.5  157  67.85  0.88
VIS    GOES12  20080827  2255    0.93    91.01   887    6.9  140  73.89  0.99
VIS    GOES12  20080827  2255    0.81    90.28   906    5.4  136  70.16  0.67
VIS    GOES12  20080827  2255    0.70    89.88   868    8.2  148  81.86  1.00
VIS    GOES12  20080827  2255    0.77    89.73   850    8.7  134  68.87  0.72
VIS    GOES12  20080827  2255    0.45   103.18   850    9.6  145  77.29  0.92
VIS    GOES12  20080827  2255    0.45   103.06   850   10.5  146  83.52  1.00
VIS    GOES12  20080827  2255    0.63   102.86   868   12.6  146  66.74  0.87
VIS    GOES12  20080827  2255    0.48   101.10   868   11.1  145  71.70  0.82
VIS    GOES12  20080827  2255    0.43    96.46   793    6.9  142  74.69  0.92
VIS    GOES12  20080827  2255    0.62    91.70   868    6.6  143  72.36  0.89
VIS    GOES12  20080827  2255    0.60    89.87   850    8.2  148  77.02  1.00
VIS    GOES12  20080827  2255    0.53    89.73   850    8.4  147  76.77  1.00
VIS    GOES12  20080827  2255    0.30   108.15   812    3.6  114  78.29  0.67
VIS    GOES12  20080827  2255    0.17   106.28   868   10.2  145  79.28  0.99
VIS    GOES12  20080827  2255    0.37   103.12   850   10.3  145  82.42  1.00
VIS    GOES12  20080827  2255    0.34   103.07   868   10.3  145  79.70  1.00
VIS    GOES12  20080827  2255    0.22   101.60   887    9.1  144  77.72  0.91
VIS    GOES12  20080827  2255    0.19   101.18   850    9.6  148  76.77  0.99
VIS    GOES12  20080827  2255    0.30   100.99   868    9.6  154  72.20  0.97
VIS    GOES12  20080827  2255    0.26   100.83   850    9.7  149  79.23  0.99
VIS    GOES12  20080827  2255    0.21   100.46   793    9.4  148  79.88  0.99
VIS    GOES12  20080827  2255    0.35    97.21   775   12.8  132  56.07  0.79
VIS    GOES12  20080827  2255    0.35    97.19   775   11.4  133  62.77  0.74
VIS    GOES12  20080827  2255    0.33    91.67   887    4.7  122  56.10  0.71
VIS    GOES12  20080827  2255    0.33    89.98   850    7.9  147  80.19  1.00
VIS    GOES12  20080827  2255    0.35    89.93   850    7.9  146  81.82  0.99
VIS    GOES12  20080827  2255    0.35    89.74   868    8.1  146  83.44  1.00
VIS    GOES12  20080827  2255    0.19    88.78   850    8.1  147  76.35  0.87
VIS    GOES12  20080827  2255    0.06   106.51   850   10.0  145  75.35  1.00
VIS    GOES12  20080827  2255    0.02   106.29   850   10.4  145  72.69  0.98
VIS    GOES12  20080827  2255    0.08   104.55   850    6.7  149  64.96  0.66
VIS    GOES12  20080827  2255    0.08   103.39   850    8.0  155  63.45  0.98
VIS    GOES12  20080827  2255    0.11   101.55   887    8.3  145  71.95  0.99
VIS    GOES12  20080827  2255    0.08   101.38   850    9.2  152  69.54  0.98
VIS    GOES12  20080827  2255    0.06   101.19   831    9.8  147  81.87  1.00
VIS    GOES12  20080827  2255    0.02   101.14   850   11.2  143  72.52  0.94
VIS    GOES12  20080827  2255    0.08   100.82   831    9.7  148  79.95  1.00
VIS    GOES12  20080827  2255    0.11   100.47   793    8.4  135  66.84  0.66
VIS    GOES12  20080827  2255    0.02    97.08   906    8.3  146  63.37  0.62
VIS    GOES12  20080827  2255    0.09    89.99   831    5.3  143  68.94  0.73
VIS    GOES12  20080827  2255    0.00    89.73   850    7.7  139  75.94  0.85
VIS    GOES12  20080827  2255    0.00    89.06   850    7.6  154  71.03  0.98
IR     GOES12  20080827  2255   33.95    56.87   200   14.8  236  76.39  0.83
IR     GOES12  20080827  2255   33.95    55.42   175   12.3  250  64.83  0.99
IR     GOES12  20080827  2255   33.14    58.10   250   13.7  251  64.11  0.96
IR     GOES12  20080827  2255   33.19    58.04   237   15.0  249  68.45  0.98
IR     GOES12  20080827  2255   33.40    57.25   200   13.7  234  60.72  0.81
IR     GOES12  20080827  2255   33.51    57.06   200   14.3  238  64.77  0.89
IR     GOES12  20080827  2255   33.33    56.50   175    9.4  253  56.96  0.91
IR     GOES12  20080827  2255   33.10    56.09   200    8.0  262  66.68  0.90
IR     GOES12  20080827  2255   33.16    56.00   200    7.7  266  65.68  0.88
IR     GOES12  20080827  2255   33.32    55.29   237    7.6  262  66.00  0.71
IR     GOES12  20080827  2255   33.53    54.78   200    8.8  277  67.17  0.63
IR     GOES12  20080827  2255   33.60    54.32   212   12.0  306  59.12  0.77
IR     GOES12  20080827  2255   33.51    54.17   212   11.8  312  61.15  0.81
IR     GOES12  20080827  2255   33.48    53.68   212   13.0  312  63.01  0.98
IR     GOES12  20080827  2255   33.11    53.25   275   13.9  331  49.04  0.99
IR     GOES12  20080827  2255   33.55    52.94   200   11.8  323  65.49  0.98
IR     GOES12  20080827  2255   33.64    51.79   287   11.8  354  59.62  0.94
IR     GOES12  20080827  2255   33.61    51.46   225   14.6  351  69.63  0.92
IR     GOES12  20080827  2255   33.87    51.08   200   15.7  351  63.30  0.92
IR     GOES12  20080827  2255   33.87    47.71   887    3.8  148  81.93  0.88
IR     GOES12  20080827  2255   33.64    45.34   831    7.0  171  73.73  0.97
IR     GOES12  20080827  2255   33.81    44.86   850    5.9  158  72.64  0.97
IR     GOES12  20080827  2255   32.50    58.95   250   12.6  264  66.98  1.00
IR     GOES12  20080827  2255   32.42    58.38   262   14.1  272  67.98  0.79
IR     GOES12  20080827  2255   32.69    57.15   200   11.8  279  57.37  0.91
IR     GOES12  20080827  2255   32.68    56.04   250    9.0  278  75.18  0.78
IR     GOES12  20080827  2255   32.41    55.48   250    5.2  269  59.58  0.81
IR     GOES12  20080827  2255   32.65    55.33   287    5.4  268  61.45  0.56
IR     GOES12  20080827  2255   32.82    54.60   237   12.6  311  51.86  0.92
IR     GOES12  20080827  2255   33.03    54.06   200   13.1  315  68.26  0.96
IR     GOES12  20080827  2255   32.60    53.96   225   13.5  331  57.06  1.00
IR     GOES12  20080827  2255   33.06    53.29   275   13.9  332  49.02  0.99
IR     GOES12  20080827  2255   32.97    51.73   225   16.2  347  68.95  0.99
IR     GOES12  20080827  2255   32.84    51.52   225   15.4  354  76.20  0.99
IR     GOES12  20080827  2255   32.70    49.01   868    4.1  158  76.24  0.88
IR     GOES12  20080827  2255   33.10    48.56   850    3.7  145  80.71  0.76
IR     GOES12  20080827  2255   33.03    48.14   850    4.0  136  74.40  0.88
IR     GOES12  20080827  2255   32.91    47.43   831    4.8  153  73.89  0.90
IR     GOES12  20080827  2255   33.09    44.71   887    6.8  166  77.94  0.93
IR     GOES12  20080827  2255   33.07    43.20   250    4.6  134  74.25  0.60
IR     GOES12  20080827  2255   33.57    40.24   831    8.9  151  76.60  0.80
IR     GOES12  20080827  2255   33.68    36.70   500    7.3  235  68.44  0.98
IR     GOES12  20080827  2255   33.68    36.63   487    7.5  236  65.69  0.99
IR     GOES12  20080827  2255   33.58    35.81   262   12.9  217  74.09  0.62
IR     GOES12  20080827  2255   31.99    58.60   275   11.3  272  74.55  1.00
IR     GOES12  20080827  2255   31.99    58.52   275   11.3  271  73.24  1.00
IR     GOES12  20080827  2255   32.14    58.03   187   11.0  269  75.95  0.67
IR     GOES12  20080827  2255   31.97    57.54   225    7.4  293  62.64  0.94
IR     GOES12  20080827  2255   32.03    57.18   250    9.3  298  61.35  0.92
IR     GOES12  20080827  2255   31.86    56.57   262   11.3  304  55.86  0.81
IR     GOES12  20080827  2255   32.16    55.85   225    5.7  294  65.80  0.88
IR     GOES12  20080827  2255   31.75    55.54   250    4.7  307  65.33  0.82
IR     GOES12  20080827  2255   31.83    53.16   287   15.0  356  48.95  0.90
IR     GOES12  20080827  2255   32.22    51.57   200   18.0    5  57.11  0.82
IR     GOES12  20080827  2255   32.34    50.76   850    6.0  167  71.67  0.95
IR     GOES12  20080827  2255   32.17    50.42   868    5.1  166  76.73  0.92
IR     GOES12  20080827  2255   32.10    49.84   887    5.0  154  75.21  0.88
IR     GOES12  20080827  2255   32.17    48.08   868    3.5  155  81.40  0.96
IR     GOES12  20080827  2255   32.48    47.45   850    4.8  153  74.52  0.82
IR     GOES12  20080827  2255   32.56    45.72   868    6.0  160  76.79  0.99
IR     GOES12  20080827  2255   32.50    44.94   868    6.6  159  76.18  0.99
IR     GOES12  20080827  2255   32.33    44.68   850    6.0  170  75.71  0.94
IR     GOES12  20080827  2255   32.20    44.42   831    6.6  164  81.20  0.78
IR     GOES12  20080827  2255   32.71    40.83   812    6.4  158  72.01  0.98
IR     GOES12  20080827  2255   32.72    40.79   793    6.1  158  72.97  0.97
IR     GOES12  20080827  2255   32.96    37.36   287   14.1  197  58.09  0.50
IR     GOES12  20080827  2255   32.88    37.05   262   14.9  202  73.82  0.73
IR     GOES12  20080827  2255   32.60    36.11   250   15.4  210  72.40  0.92
IR     GOES12  20080827  2255   33.32    29.38   831    8.9   80  74.47  0.84
IR     GOES12  20080827  2255   33.18    28.50   850   11.3   73  72.33  0.89
IR     GOES12  20080827  2255   33.73    25.60   850   10.1   51  76.70  0.89
IR     GOES12  20080827  2255   31.34    58.56   175    7.4  286  60.59  0.95
IR     GOES12  20080827  2255   31.26    58.02   175    8.3  304  64.06  0.99
IR     GOES12  20080827  2255   31.26    57.94   175    7.7  304  62.95  0.99
IR     GOES12  20080827  2255   30.87    57.12   175    9.9  319  66.90  0.97
IR     GOES12  20080827  2255   31.26    56.42   275   11.2  315  55.41  0.98
IR     GOES12  20080827  2255   31.08    56.06   225    7.4  320  74.44  0.97
IR     GOES12  20080827  2255   31.00    55.81   250    5.4  324  68.91  0.88
IR     GOES12  20080827  2255   31.05    55.53   325    4.9  321  72.52  0.81
IR     GOES12  20080827  2255   31.50    53.14   287   15.5  358  48.06  0.98
IR     GOES12  20080827  2255   31.56    52.73   225   17.9    2  53.28  0.93
IR     GOES12  20080827  2255   31.65    50.53   850    4.7  149  77.59  0.84
IR     GOES12  20080827  2255   31.32    49.32   868    3.7  146  79.50  0.89
IR     GOES12  20080827  2255   31.49    46.49   868    4.2  175  68.03  0.76
IR     GOES12  20080827  2255   31.70    45.86   462    5.7  173  61.74  0.71
IR     GOES12  20080827  2255   31.54    45.29   793    5.1  167  75.46  0.76
IR     GOES12  20080827  2255   32.01    44.38   812    6.3  164  82.74  0.93
IR     GOES12  20080827  2255   31.73    44.22   850    5.3  161  73.88  0.84
IR     GOES12  20080827  2255   31.85    43.73   887    6.0  141  75.41  0.99
IR     GOES12  20080827  2255   31.73    38.73   262   17.8  192  68.01  1.00
IR     GOES12  20080827  2255   31.92    38.01   250   19.6  192  68.45  1.00
IR     GOES12  20080827  2255   31.73    38.01   250   19.6  192  69.00  1.00
IR     GOES12  20080827  2255   32.02    37.07   250   16.8  197  78.41  0.93
IR     GOES12  20080827  2255   32.23    36.63   250   15.2  204  70.37  0.89
IR     GOES12  20080827  2255   32.49    32.38   793   10.0   86  74.27  0.99
IR     GOES12  20080827  2255   32.70    30.62   831    9.5   76  75.98  0.89
IR     GOES12  20080827  2255   32.78    28.71   831   11.4   72  72.32  0.99
IR     GOES12  20080827  2255   32.83    25.14   812   10.4   58  83.56  0.95
IR     GOES12  20080827  2255   30.32    58.53   175    7.3  312  70.27  0.99
IR     GOES12  20080827  2255   30.28    58.36   175    7.0  315  68.78  0.91
IR     GOES12  20080827  2255   30.76    56.03   237    7.0  318  69.81  0.99
IR     GOES12  20080827  2255   30.58    55.97   262    6.9  321  72.11  0.91
IR     GOES12  20080827  2255   30.28    53.62   812    8.5  169  61.11  0.96
IR     GOES12  20080827  2255   30.47    52.22   850    7.8  163  72.50  0.93
IR     GOES12  20080827  2255   30.74    51.19   887    6.2  149  82.17  0.99
IR     GOES12  20080827  2255   31.00    50.41   850    5.9  147  76.85  0.99
IR     GOES12  20080827  2255   30.88    46.52   887    4.1  141  84.02  0.84
IR     GOES12  20080827  2255   30.82    45.86   868    5.0  147  80.45  0.84
IR     GOES12  20080827  2255   30.94    45.11   868    4.1  144  72.78  0.95
IR     GOES12  20080827  2255   31.30    44.44   868    5.5  155  76.63  0.79
IR     GOES12  20080827  2255   31.22    44.23   887    5.5  140  80.71  0.82
IR     GOES12  20080827  2255   31.33    42.90   300    9.2  179  66.08  0.71
IR     GOES12  20080827  2255   31.32    41.17   812    6.0  126  71.52  0.64
IR     GOES12  20080827  2255   31.47    40.15   850    8.5  126  78.70  0.97
IR     GOES12  20080827  2255   31.48    39.03   237   16.8  195  64.25  0.99
IR     GOES12  20080827  2255   31.54    38.76   262   17.9  192  67.35  0.99
IR     GOES12  20080827  2255   31.54    37.98   250   19.6  192  69.34  1.00
IR     GOES12  20080827  2255   31.11    38.01   250   19.7  194  69.04  1.00
IR     GOES12  20080827  2255   31.58    37.19   250   16.9  196  77.23  0.93
IR     GOES12  20080827  2255   31.62    35.78   812   10.5  105  79.05  1.00
IR     GOES12  20080827  2255   31.73    35.38   812   10.6  103  77.86  0.99
IR     GOES12  20080827  2255   31.66    34.25   812   10.6  100  75.39  0.98
IR     GOES12  20080827  2255   31.74    33.75   812   10.0   95  80.27  0.89
IR     GOES12  20080827  2255   31.52    33.48   793    9.2   94  70.13  0.97
IR     GOES12  20080827  2255   31.69    32.13   812   10.0   89  75.31  0.93
IR     GOES12  20080827  2255   31.66    31.96   812   10.4   87  79.81  0.97
IR     GOES12  20080827  2255   31.85    30.46   793   10.6   72  75.69  0.99
IR     GOES12  20080827  2255   32.13    29.79   812   10.4   70  76.81  1.00
IR     GOES12  20080827  2255   32.05    28.84   793   11.2   69  72.75  0.99
IR     GOES12  20080827  2255   32.26    27.75   812   10.8   69  81.67  1.00
IR     GOES12  20080827  2255   31.89    27.54   812   10.8   71  77.67  1.00
IR     GOES12  20080827  2255   32.28    24.66   793   10.9   63  74.41  0.89
IR     GOES12  20080827  2255   31.90    23.97   775   11.7   58  77.45  0.96
IR     GOES12  20080827  2255   32.02    22.96   793   12.2   58  77.52  0.99
IR     GOES12  20080827  2255   32.42    21.44   775   11.7   56  68.19  1.00
IR     GOES12  20080827  2255   32.56    20.85   775   11.8   55  65.05  1.00
IR     GOES12  20080827  2255   29.62    55.93   237    8.6  349  71.91  0.97
IR     GOES12  20080827  2255   30.10    53.72   831    8.7  169  62.35  0.98
IR     GOES12  20080827  2255   30.24    53.47   793    7.5  167  64.95  0.97
IR     GOES12  20080827  2255   30.08    52.80   831    7.8  158  73.57  1.00
IR     GOES12  20080827  2255   30.14    52.62   850    8.0  155  73.74  1.00
IR     GOES12  20080827  2255   30.06    52.15   868    6.6  153  78.36  0.99
IR     GOES12  20080827  2255   30.27    51.36   887    7.1  151  75.30  0.98
IR     GOES12  20080827  2255   29.78    50.98   887    6.1  134  75.79  0.69
IR     GOES12  20080827  2255   30.32    50.06   850    5.4  139  82.91  0.82
IR     GOES12  20080827  2255   30.06    49.72   868    5.3  134  84.82  0.99
IR     GOES12  20080827  2255   30.30    49.32   906    4.8  141  75.34  0.98
IR     GOES12  20080827  2255   29.92    48.54   868    5.9  125  72.81  0.86
IR     GOES12  20080827  2255   30.10    46.46   887    6.0  124  74.70  0.93
IR     GOES12  20080827  2255   30.26    44.90   887    6.5  126  76.85  0.84
IR     GOES12  20080827  2255   30.02    44.03   868    8.3  131  73.24  0.99
IR     GOES12  20080827  2255   30.24    43.32   868    7.3  129  81.19  0.66
IR     GOES12  20080827  2255   30.44    40.07   831    8.7  117  81.66  0.99
IR     GOES12  20080827  2255   30.98    36.23   812   11.0  101  82.60  0.98
IR     GOES12  20080827  2255   31.08    32.85   812   12.0   87  78.53  1.00
IR     GOES12  20080827  2255   31.09    32.78   793   11.7   87  80.21  1.00
IR     GOES12  20080827  2255   30.88    32.30   812   11.6   86  81.52  0.98
IR     GOES12  20080827  2255   31.19    30.29   793    9.8   74  72.58  0.99
IR     GOES12  20080827  2255   30.96    29.48   793   11.0   71  80.51  0.93
IR     GOES12  20080827  2255   31.07    29.23   793   10.7   71  79.03  0.98
IR     GOES12  20080827  2255   31.46    28.33   793   11.1   70  80.96  1.00
IR     GOES12  20080827  2255   31.10    27.98   793   11.1   70  82.65  0.99
IR     GOES12  20080827  2255   31.05    27.28   793   11.2   70  79.01  1.00
IR     GOES12  20080827  2255   31.58    25.83   793   11.5   71  69.94  0.92
IR     GOES12  20080827  2255   31.31    25.62   793   12.6   65  74.55  0.96
IR     GOES12  20080827  2255   31.44    24.41   775   12.2   59  75.98  0.95
IR     GOES12  20080827  2255   31.74    22.73   775   11.6   58  79.74  0.94
IR     GOES12  20080827  2255   31.43    22.39   775   11.7   57  82.70  0.99
IR     GOES12  20080827  2255   31.48    21.08   775   11.9   55  80.73  0.91
IR     GOES12  20080827  2255   29.03    56.12   212    9.2  355  72.39  0.86
IR     GOES12  20080827  2255   29.44    55.92   225   11.0  353  61.12  0.97
IR     GOES12  20080827  2255   29.42    53.58   850    6.5  158  85.23  0.99
IR     GOES12  20080827  2255   29.03    53.19   868    6.8  150  79.60  0.96
IR     GOES12  20080827  2255   29.58    52.77   850    7.6  157  78.01  0.99
IR     GOES12  20080827  2255   29.32    52.44   887    6.7  153  81.39  0.99
IR     GOES12  20080827  2255   29.11    50.85   262    6.3   29  66.17  0.95
IR     GOES12  20080827  2255   29.49    47.94   906    5.9  117  75.76  0.97
IR     GOES12  20080827  2255   29.35    46.91   887    6.6  115  74.20  0.95
IR     GOES12  20080827  2255   29.70    44.13   868    8.4  128  73.79  0.95
IR     GOES12  20080827  2255   29.96    42.44   812    6.7  122  77.02  0.76
IR     GOES12  20080827  2255   30.10    40.43   793    8.7  118  79.70  0.94
IR     GOES12  20080827  2255   29.63    38.02   812   11.3  109  73.79  0.85
IR     GOES12  20080827  2255   29.87    36.02   812   12.8   95  75.32  0.91
IR     GOES12  20080827  2255   30.23    35.42   775   11.7   95  83.10  0.94
IR     GOES12  20080827  2255   30.40    33.22   812   13.4   85  69.41  0.99
IR     GOES12  20080827  2255   30.43    32.71   793   12.7   87  77.53  0.95
IR     GOES12  20080827  2255   30.51    32.20   793   12.7   85  76.23  0.98
IR     GOES12  20080827  2255   30.45    30.95   793   11.8   77  78.96  0.97
IR     GOES12  20080827  2255   30.17    30.15   775   11.7   72  77.61  1.00
IR     GOES12  20080827  2255   30.19    29.85   775   11.7   72  79.95  0.99
IR     GOES12  20080827  2255   30.28    29.08   775   12.6   71  71.88  0.97
IR     GOES12  20080827  2255   30.76    27.43   793   11.6   70  81.34  1.00
IR     GOES12  20080827  2255   30.77    26.63   775   12.0   65  76.58  0.99
IR     GOES12  20080827  2255   30.72    25.12   775   12.7   69  69.75  0.87
IR     GOES12  20080827  2255   30.87    24.32   756   11.1   59  82.18  0.91
IR     GOES12  20080827  2255   30.59    24.29   775   11.5   59  73.10  0.89
IR     GOES12  20080827  2255   31.18    22.59   756   11.6   58  78.02  0.95
IR     GOES12  20080827  2255   30.85    21.23   756   10.9   48  67.24  0.88
IR     GOES12  20080827  2255   31.34    20.37   775   11.4   52  76.42  0.85
IR     GOES12  20080827  2255   28.39    55.00   906    5.6  138  76.39  0.88
IR     GOES12  20080827  2255   28.77    54.14   868    6.4  147  75.53  1.00
IR     GOES12  20080827  2255   28.78    53.93   868    6.1  152  83.40  1.00
IR     GOES12  20080827  2255   28.34    53.72   850    5.9  153  80.67  1.00
IR     GOES12  20080827  2255   28.85    53.00   868    6.6  154  81.57  0.99
IR     GOES12  20080827  2255   28.78    51.11   325    5.4   20  70.59  0.93
IR     GOES12  20080827  2255   28.70    50.97   362    5.7   39  56.26  0.87
IR     GOES12  20080827  2255   28.59    50.20   300    3.2   21  68.47  0.84
IR     GOES12  20080827  2255   28.47    49.99   287    3.4   20  65.34  0.70
IR     GOES12  20080827  2255   28.44    49.47   312    4.5  331  73.41  0.87
IR     GOES12  20080827  2255   28.62    49.33   325    4.4  332  75.52  0.90
IR     GOES12  20080827  2255   28.56    48.73   262    6.1  329  67.08  0.83
IR     GOES12  20080827  2255   28.48    48.47   287    7.5  316  64.16  0.98
IR     GOES12  20080827  2255   29.23    44.44   850    8.8  141  61.17  0.74
IR     GOES12  20080827  2255   28.79    44.19   850    9.8  114  66.73  0.90
IR     GOES12  20080827  2255   29.09    43.40   850    8.4  118  80.48  0.73
IR     GOES12  20080827  2255   28.85    42.86   812    6.4  100  66.41  0.85
IR     GOES12  20080827  2255   29.28    42.37   812    8.4  115  76.41  0.79
IR     GOES12  20080827  2255   29.21    40.81   850    9.3  109  81.31  0.92
IR     GOES12  20080827  2255   28.86    40.53   850   10.3  111  71.01  0.85
IR     GOES12  20080827  2255   29.53    38.06   812   11.2  112  68.98  0.87
IR     GOES12  20080827  2255   29.55    31.22   775   13.4   79  71.44  0.85
IR     GOES12  20080827  2255   29.94    29.38   793   13.0   73  75.27  0.98
IR     GOES12  20080827  2255   29.70    28.73   756   10.9   72  80.68  0.93
IR     GOES12  20080827  2255   29.70    27.15   775   13.3   72  71.66  0.83
IR     GOES12  20080827  2255   30.07    26.50   775   12.2   64  76.86  0.79
IR     GOES12  20080827  2255   30.29    24.52   775   11.0   60  67.91  0.85
IR     GOES12  20080827  2255   30.27    24.16   756   11.9   61  83.36  0.92
IR     GOES12  20080827  2255   30.37    22.69   756   13.3   60  70.00  0.90
IR     GOES12  20080827  2255   30.48    22.38   775   13.5   58  73.01  0.96
IR     GOES12  20080827  2255   30.48    21.09   775   12.6   67  69.26  0.79
IR     GOES12  20080827  2255   30.59    20.16   756   10.3   75  60.34  0.74
IR     GOES12  20080827  2255   27.72    55.10   850    6.1  150  71.52  0.90
IR     GOES12  20080827  2255   28.04    54.74   868    6.3  151  73.92  0.98
IR     GOES12  20080827  2255   27.88    54.39   868    6.2  146  80.75  1.00
IR     GOES12  20080827  2255   27.87    51.72   906    6.8  138  71.99  0.60
IR     GOES12  20080827  2255   28.21    49.76   300    3.2  350  71.79  0.67
IR     GOES12  20080827  2255   28.28    49.07   287    4.8  320  76.42  0.78
IR     GOES12  20080827  2255   28.29    48.56   225    7.8  310  67.76  0.87
IR     GOES12  20080827  2255   28.30    48.53   212    7.9  312  65.72  0.87
IR     GOES12  20080827  2255   28.37    44.47   850    8.2  120  76.17  0.78
IR     GOES12  20080827  2255   27.99    43.99   831    6.1   92  61.05  0.82
IR     GOES12  20080827  2255   28.50    43.49   812    8.0  103  70.37  0.87
IR     GOES12  20080827  2255   28.35    40.92   831    8.2   98  72.64  0.77
IR     GOES12  20080827  2255   28.23    40.65   793    9.9  100  77.41  0.86
IR     GOES12  20080827  2255   28.77    39.63   850   11.4  106  72.03  0.94
IR     GOES12  20080827  2255   28.76    38.92   850   11.0   99  82.43  0.94
IR     GOES12  20080827  2255   28.54    38.79   850   11.4   98  81.07  0.94
IR     GOES12  20080827  2255   28.80    37.19   250   14.1  188  69.26  0.55
IR     GOES12  20080827  2255   28.37    35.09   325    9.9  192  73.12  0.87
IR     GOES12  20080827  2255   28.87    31.78   312    8.9  197  64.78  0.76
IR     GOES12  20080827  2255   28.99    31.31   300    9.3  212  70.72  0.61
IR     GOES12  20080827  2255   29.09    28.76   225    5.1  243  55.79  0.60
IR     GOES12  20080827  2255   29.54    24.52   756   13.2   66  75.77  0.88
IR     GOES12  20080827  2255   29.55    24.37   756   13.4   65  75.00  0.89
IR     GOES12  20080827  2255   29.36    23.84   756   14.4   63  68.03  0.96
IR     GOES12  20080827  2255   29.76    20.62   756   11.9   63  69.57  0.70
IR     GOES12  20080827  2255   27.37    55.21   887    5.3  132  80.40  0.83
IR     GOES12  20080827  2255   27.51    54.99   850    5.6  138  83.99  0.96
IR     GOES12  20080827  2255   27.21    54.54   831    5.6  136  82.94  0.93
IR     GOES12  20080827  2255   27.00    54.35   868    5.6  131  74.40  0.92
IR     GOES12  20080827  2255   27.27    53.95   868    7.3  141  74.60  0.92
IR     GOES12  20080827  2255   27.37    52.26   325    3.2   17  70.09  0.74
IR     GOES12  20080827  2255   27.33    52.21   325    3.2   14  71.16  0.77
IR     GOES12  20080827  2255   27.26    50.29   887    6.5  113  82.31  0.99
IR     GOES12  20080827  2255   27.13    50.08   906    5.9  115  79.53  0.99
IR     GOES12  20080827  2255   27.40    48.90   868    6.5  109  80.05  0.75
IR     GOES12  20080827  2255   27.32    47.26   262   11.3  273  64.47  0.80
IR     GOES12  20080827  2255   27.65    44.53   850    8.3  115  74.23  0.93
IR     GOES12  20080827  2255   27.64    39.90   412    6.1  149  57.31  0.95
IR     GOES12  20080827  2255   28.05    38.80   850   12.0   99  74.63  0.97
IR     GOES12  20080827  2255   28.05    37.91   275   11.2  173  58.35  0.62
IR     GOES12  20080827  2255   28.17    35.41   312   10.3  196  68.56  0.86
IR     GOES12  20080827  2255   28.09    35.25   312   10.1  192  72.80  0.92
IR     GOES12  20080827  2255   27.85    34.71   300   12.2  183  67.28  0.95
IR     GOES12  20080827  2255   28.01    33.35   362    6.5  182  72.10  0.59
IR     GOES12  20080827  2255   28.18    32.77   375    6.6  171  62.49  0.73
IR     GOES12  20080827  2255   28.53    30.52   312    6.6  194  60.03  0.61
IR     GOES12  20080827  2255   28.54    29.68   287    8.6  222  64.58  0.51
IR     GOES12  20080827  2255   28.68    28.77   225    3.8  239  54.48  0.79
IR     GOES12  20080827  2255   28.28    27.12   312    8.9  215  48.86  0.84
IR     GOES12  20080827  2255   28.63    26.64   325    7.7  214  50.70  0.70
IR     GOES12  20080827  2255   28.81    25.10   756   14.7   64  68.83  0.89
IR     GOES12  20080827  2255   28.93    22.57   737   12.5   64  71.88  0.94
IR     GOES12  20080827  2255   28.89    22.45   737   11.7   60  73.41  0.80
IR     GOES12  20080827  2255   28.90    21.53   756   11.9   57  65.64  0.97
IR     GOES12  20080827  2255   26.65    57.81   906    7.2  112  72.68  0.60
IR     GOES12  20080827  2255   26.45    55.30   868    6.6  121  77.48  0.94
IR     GOES12  20080827  2255   26.77    54.79   812    5.9  134  80.13  0.97
IR     GOES12  20080827  2255   26.73    54.67   793    5.7  130  83.22  0.96
IR     GOES12  20080827  2255   26.83    54.29   868    6.1  131  77.34  0.91
IR     GOES12  20080827  2255   26.79    53.93   812    5.6  140  76.03  0.92
IR     GOES12  20080827  2255   26.64    53.13   868    7.8  133  76.11  0.93
IR     GOES12  20080827  2255   26.96    51.43   350    3.9  247  61.17  0.67
IR     GOES12  20080827  2255   26.92    51.08   337    3.3  258  66.54  0.73
IR     GOES12  20080827  2255   26.64    50.51   831    7.5  122  72.68  0.98
IR     GOES12  20080827  2255   26.56    50.37   831    6.8  120  79.97  0.93
IR     GOES12  20080827  2255   26.87    48.80   831    6.2  117  79.86  0.94
IR     GOES12  20080827  2255   26.76    47.04   868    5.3  119  69.31  0.91
IR     GOES12  20080827  2255   26.99    46.68   850    6.9  110  79.43  0.90
IR     GOES12  20080827  2255   26.75    46.28   831    6.7  124  70.37  0.73
IR     GOES12  20080827  2255   26.98    44.90   868    8.3  105  77.71  0.80
IR     GOES12  20080827  2255   27.33    40.76   350    6.4  154  52.01  0.88
IR     GOES12  20080827  2255   27.37    39.02   300    6.1  183  59.26  0.67
IR     GOES12  20080827  2255   27.42    38.90   300    6.8  188  62.24  0.70
IR     GOES12  20080827  2255   27.37    38.10   287   14.0  179  56.97  0.75
IR     GOES12  20080827  2255   27.42    37.84   350   12.1  177  56.55  0.84
IR     GOES12  20080827  2255   27.37    37.14   300   11.1  172  66.66  0.93
IR     GOES12  20080827  2255   27.38    36.89   287   13.1  173  61.06  0.97
IR     GOES12  20080827  2255   27.57    34.82   300   12.6  181  65.39  0.82
IR     GOES12  20080827  2255   27.43    33.36   337    7.9  177  72.12  0.96
IR     GOES12  20080827  2255   27.69    32.70   337    5.8  177  70.36  0.68
IR     GOES12  20080827  2255   27.74    32.48   337    5.7  185  76.32  0.68
IR     GOES12  20080827  2255   27.67    31.35   275    8.3  197  56.20  0.91
IR     GOES12  20080827  2255   27.40    30.55   337    3.6  215  76.31  0.61
IR     GOES12  20080827  2255   27.37    30.26   325    3.5  230  75.48  0.61
IR     GOES12  20080827  2255   28.08    26.67   756   15.1   72  65.64  0.99
IR     GOES12  20080827  2255   27.83    26.25   737   14.6   71  66.80  0.93
IR     GOES12  20080827  2255   28.22    25.04   737   13.2   62  72.97  0.99
IR     GOES12  20080827  2255   28.03    24.46   737   13.6   67  73.92  0.81
IR     GOES12  20080827  2255   27.93    23.84   737   13.3   63  70.02  0.87
IR     GOES12  20080827  2255   26.04    56.10   887    8.0  120  77.26  0.87
IR     GOES12  20080827  2255   26.14    55.75   868    7.3  121  82.76  0.87
IR     GOES12  20080827  2255   26.14    55.42   868    6.9  123  78.70  0.98
IR     GOES12  20080827  2255   25.76    55.14   850    8.1  126  81.60  0.98
IR     GOES12  20080827  2255   25.92    54.20   868    8.3  124  77.52  0.77
IR     GOES12  20080827  2255   25.87    52.84   868    7.7  127  84.34  0.96
IR     GOES12  20080827  2255   25.93    52.46   812    7.2  126  80.58  0.93
IR     GOES12  20080827  2255   25.97    51.09   887    7.1  121  79.40  0.99
IR     GOES12  20080827  2255   26.12    50.41   793    7.1  121  73.15  0.89
IR     GOES12  20080827  2255   26.26    50.10   812    7.0  117  76.61  0.91
IR     GOES12  20080827  2255   25.87    49.99   850    7.5  110  75.63  0.97
IR     GOES12  20080827  2255   26.29    49.08   325    7.3  258  64.51  0.61
IR     GOES12  20080827  2255   25.82    48.97   850    7.0  105  74.85  0.93
IR     GOES12  20080827  2255   26.32    47.21   868    6.7  102  77.00  0.88
IR     GOES12  20080827  2255   26.15    47.01   868    6.3  106  85.36  0.97
IR     GOES12  20080827  2255   26.33    39.48   337    9.3  178  65.59  0.88
IR     GOES12  20080827  2255   26.38    39.39   337    8.8  173  68.04  0.88
IR     GOES12  20080827  2255   26.89    36.83   325    9.6  176  78.67  0.77
IR     GOES12  20080827  2255   26.48    34.42   400    7.1  154  71.28  0.78
IR     GOES12  20080827  2255   26.77    33.98   375    6.5  164  75.06  0.65
IR     GOES12  20080827  2255   27.58    23.56   737   13.1   62  64.44  0.94
IR     GOES12  20080827  2255   25.25    58.60   887   10.1  101  80.19  0.86
IR     GOES12  20080827  2255   25.13    58.25   868    9.6  103  73.33  0.92
IR     GOES12  20080827  2255   25.51    55.09   831    8.7  127  77.00  1.00
IR     GOES12  20080827  2255   25.15    54.09   831    8.8  127  83.19  0.90
IR     GOES12  20080827  2255   25.31    53.07   887    8.3  126  83.43  0.96
IR     GOES12  20080827  2255   25.62    52.69   831    8.2  131  74.83  0.91
IR     GOES12  20080827  2255   25.58    52.43   831    6.1  114  66.27  0.64
IR     GOES12  20080827  2255   25.62    51.26   868    7.1  122  79.82  0.99
IR     GOES12  20080827  2255   25.65    50.13   887    6.7  113  81.48  0.94
IR     GOES12  20080827  2255   25.62    49.90   868    6.7  110  84.49  0.92
IR     GOES12  20080827  2255   25.51    49.38   887    6.9  104  78.34  0.86
IR     GOES12  20080827  2255   25.61    48.75   850    5.9  122  70.30  0.95
IR     GOES12  20080827  2255   25.41    48.40   868    5.6  111  76.19  0.92
IR     GOES12  20080827  2255   25.40    47.32   275    7.2  255  65.20  0.84
IR     GOES12  20080827  2255   25.41    47.29   262    7.2  255  67.11  0.85
IR     GOES12  20080827  2255   25.60    46.82   850    5.5  108  76.78  0.87
IR     GOES12  20080827  2255   25.66    46.26   906    6.8  100  79.30  0.99
IR     GOES12  20080827  2255   25.91    41.13   300    9.0  168  52.54  0.80
IR     GOES12  20080827  2255   26.33    34.74   412    6.9  146  72.97  0.73
IR     GOES12  20080827  2255   26.17    34.44   387    8.1  150  69.48  0.68
IR     GOES12  20080827  2255   25.97    33.11   287    8.5  213  64.56  0.70
IR     GOES12  20080827  2255   26.26    32.78   300    7.1  214  63.48  0.78
IR     GOES12  20080827  2255   26.42    31.38   775   14.4   75  67.02  0.76
IR     GOES12  20080827  2255   26.44    31.03   737   14.2   81  72.03  0.80
IR     GOES12  20080827  2255   26.64    28.90   737   14.4   76  68.21  0.94
IR     GOES12  20080827  2255   26.81    22.82   737   12.5   60  54.52  0.94
IR     GOES12  20080827  2255   24.49    58.77   850   12.8   96  69.18  0.66
IR     GOES12  20080827  2255   24.53    58.59   831   10.6  101  76.18  0.98
IR     GOES12  20080827  2255   24.55    58.00   850   11.7  103  81.21  0.97
IR     GOES12  20080827  2255   24.43    57.67   831   12.8  104  68.34  0.98
IR     GOES12  20080827  2255   24.48    57.12   812   11.4  109  75.72  0.98
IR     GOES12  20080827  2255   24.49    56.69   831   11.6  114  75.23  0.99
IR     GOES12  20080827  2255   24.50    56.37   812   10.9  114  77.67  0.95
IR     GOES12  20080827  2255   24.81    53.95   831    9.2  124  77.53  1.00
IR     GOES12  20080827  2255   24.52    52.24   850   11.5  120  58.69  0.64
IR     GOES12  20080827  2255   24.76    48.75   225    9.1  271  63.98  0.62
IR     GOES12  20080827  2255   24.86    48.20   275   11.0  277  54.90  0.79
IR     GOES12  20080827  2255   24.79    47.86   325   12.0  282  51.28  0.83
IR     GOES12  20080827  2255   25.15    35.60   412    7.3  129  72.70  0.66
IR     GOES12  20080827  2255   25.48    33.34   287    9.2  187  63.99  0.65
IR     GOES12  20080827  2255   25.52    30.77   737   14.3   79  74.01  0.96
IR     GOES12  20080827  2255   25.81    30.37   718   14.0   79  73.31  0.96
IR     GOES12  20080827  2255   25.45    29.57   737   14.2   77  72.96  0.92
IR     GOES12  20080827  2255   25.94    28.71   718   12.6   76  73.65  0.99
IR     GOES12  20080827  2255   25.92    28.19   737   14.5   85  65.62  0.98
IR     GOES12  20080827  2255   25.94    27.93   737   13.3   83  73.12  0.98
IR     GOES12  20080827  2255   25.81    27.02   737   12.3   74  75.75  0.83
IR     GOES12  20080827  2255   25.80    26.34   718   13.1   75  71.38  0.75
IR     GOES12  20080827  2255   24.24    56.36   793   10.5  116  78.54  0.99
IR     GOES12  20080827  2255   24.17    55.93   831   11.1  116  76.66  0.87
IR     GOES12  20080827  2255   24.17    55.83   831   11.2  116  74.64  0.89
IR     GOES12  20080827  2255   24.14    55.43   868    9.7  122  72.66  0.92
IR     GOES12  20080827  2255   23.83    54.38   187   16.7  257  73.46  0.99
IR     GOES12  20080827  2255   23.83    54.26   200   18.6  260  65.33  0.95
IR     GOES12  20080827  2255   23.99    53.31   812    9.8  119  64.93  0.97
IR     GOES12  20080827  2255   24.27    52.29   850   11.6  120  58.73  0.70
IR     GOES12  20080827  2255   24.05    46.88   887    7.6   92  71.24  0.92
IR     GOES12  20080827  2255   24.66    35.90   412    6.4  145  69.30  0.82
IR     GOES12  20080827  2255   24.87    32.36   775   13.8   78  72.67  0.97
IR     GOES12  20080827  2255   24.98    31.93   775   13.9   78  76.33  0.89
IR     GOES12  20080827  2255   24.88    31.40   756   15.3   85  65.76  0.87
IR     GOES12  20080827  2255   25.08    30.83   737   13.6   79  78.63  0.93
IR     GOES12  20080827  2255   25.13    29.96   756   13.3   77  77.93  0.98
IR     GOES12  20080827  2255   25.29    29.27   737   13.3   77  76.76  0.94
IR     GOES12  20080827  2255   25.38    27.60   756   13.6   76  71.49  0.75
IR     GOES12  20080827  2255   23.14    55.32   212   11.7  253  74.04  0.99
IR     GOES12  20080827  2255   23.19    54.99   212   12.8  253  77.50  0.91
IR     GOES12  20080827  2255   23.40    54.85   200   17.5  250  61.07  0.93
IR     GOES12  20080827  2255   23.50    54.15   187   17.8  260  71.69  0.98
IR     GOES12  20080827  2255   23.59    53.82   187   20.0  267  60.71  0.98
IR     GOES12  20080827  2255   23.43    53.58   175   17.4  267  70.36  0.98
IR     GOES12  20080827  2255   23.40    53.10   175   20.7  267  65.79  1.00
IR     GOES12  20080827  2255   23.46    52.68   162   19.6  269  65.61  0.99
IR     GOES12  20080827  2255   23.47    52.19   175   21.2  263  62.52  1.00
IR     GOES12  20080827  2255   23.47    52.16   175   21.0  262  60.59  1.00
IR     GOES12  20080827  2255   23.57    51.70   200   24.5  266  61.89  0.93
IR     GOES12  20080827  2255   23.41    51.29   200   22.7  267  74.86  0.97
IR     GOES12  20080827  2255   23.68    50.84   162   24.8  267  48.58  1.00
IR     GOES12  20080827  2255   23.58    49.83   187   23.9  276  70.11  0.74
IR     GOES12  20080827  2255   24.06    42.03   850   11.2   79  78.84  0.98
IR     GOES12  20080827  2255   23.94    41.77   831   11.4   76  76.92  0.96
IR     GOES12  20080827  2255   24.09    40.32   812   13.0   83  72.12  0.94
IR     GOES12  20080827  2255   24.14    39.05   812   12.7   76  67.04  0.79
IR     GOES12  20080827  2255   24.64    27.49   737   12.8   80  73.53  0.74
IR     GOES12  20080827  2255   22.68    55.58   212    7.6  242  58.68  0.61
IR     GOES12  20080827  2255   22.86    55.00   225   11.4  256  72.60  0.98
IR     GOES12  20080827  2255   22.96    54.15   200   16.1  252  70.85  0.92
IR     GOES12  20080827  2255   22.92    54.11   200   16.5  252  71.17  0.95
IR     GOES12  20080827  2255   22.97    53.67   175   15.0  261  64.36  0.96
IR     GOES12  20080827  2255   22.90    53.30   175   18.0  273  57.71  0.92
IR     GOES12  20080827  2255   22.91    52.87   175   15.8  265  58.37  0.96
IR     GOES12  20080827  2255   22.68    49.26   200   25.2  280  58.02  1.00
IR     GOES12  20080827  2255   23.19    46.30   868    7.9   80  70.29  0.71
IR     GOES12  20080827  2255   23.22    44.23   375    6.6  134  56.58  0.76
IR     GOES12  20080827  2255   23.40    42.67   850    9.9   69  77.58  0.98
IR     GOES12  20080827  2255   23.34    41.98   831   10.8   74  84.62  0.98
IR     GOES12  20080827  2255   23.34    41.95   831   10.8   74  84.68  0.98
IR     GOES12  20080827  2255   23.06    41.60   850   11.5   75  81.17  0.97
IR     GOES12  20080827  2255   23.05    40.73   850   12.3   76  83.55  0.99
IR     GOES12  20080827  2255   23.11    40.37   831   12.7   76  80.94  0.99
IR     GOES12  20080827  2255   23.14    39.69   831   13.3   77  77.42  0.99
IR     GOES12  20080827  2255   23.11    39.23   812   14.2   81  72.03  0.88
IR     GOES12  20080827  2255   23.38    38.94   793   13.8   79  69.78  0.97
IR     GOES12  20080827  2255   23.19    37.26   400    8.5  141  63.34  0.76
IR     GOES12  20080827  2255   23.24    37.11   400    6.9  154  63.91  0.63
IR     GOES12  20080827  2255   21.88    58.14   187   15.4  196  50.15  0.87
IR     GOES12  20080827  2255   21.84    57.96   187   13.7  192  55.37  0.78
IR     GOES12  20080827  2255   21.94    57.44   175    9.9  202  70.71  0.85
IR     GOES12  20080827  2255   21.94    57.39   175   11.0  202  66.32  0.73
IR     GOES12  20080827  2255   22.25    51.03   187   21.8  260  52.86  0.93
IR     GOES12  20080827  2255   22.26    50.95   200   21.6  261  55.10  0.94
IR     GOES12  20080827  2255   22.16    49.98   200   26.7  274  52.41  0.96
IR     GOES12  20080827  2255   22.22    49.29   200   24.7  281  58.27  1.00
IR     GOES12  20080827  2255   22.24    44.78   350    7.8  139  53.70  0.78
IR     GOES12  20080827  2255   22.49    42.20   850   10.5   67  79.80  0.98
IR     GOES12  20080827  2255   22.34    41.87   831   11.2   72  77.85  0.98
IR     GOES12  20080827  2255   22.30    41.70   831   11.3   72  79.28  0.99
IR     GOES12  20080827  2255   22.70    41.12   850   12.3   73  82.77  0.99
IR     GOES12  20080827  2255   22.81    40.36   831   12.8   75  80.53  0.99
IR     GOES12  20080827  2255   22.68    39.42   812   14.5   82  67.26  0.92
IR     GOES12  20080827  2255   22.68    39.36   812   14.6   83  66.20  0.93
IR     GOES12  20080827  2255   22.68    33.31   400    8.7   91  67.80  0.95
IR     GOES12  20080827  2255   22.64    33.29   400    9.1   91  68.22  0.94
IR     GOES12  20080827  2255   22.95    30.26   400   10.8  104  71.65  0.77
IR     GOES12  20080827  2255   23.21    29.23   425    8.0  100  68.98  0.70
IR     GOES12  20080827  2255   21.71    53.01   287    5.0  263  72.87  0.78
IR     GOES12  20080827  2255   21.71    52.96   287    4.8  263  73.76  0.85
IR     GOES12  20080827  2255   21.56    50.92   212   16.9  272  67.52  0.54
IR     GOES12  20080827  2255   21.67    49.78   225   14.1  287  75.61  0.88
IR     GOES12  20080827  2255   21.54    47.15   200   20.5  313  52.86  0.82
IR     GOES12  20080827  2255   22.07    44.83   350    9.0  147  49.34  0.69
IR     GOES12  20080827  2255   21.84    42.87   850   11.4   41  55.20  0.74
IR     GOES12  20080827  2255   21.61    42.54   850   10.5   54  70.07  0.96
IR     GOES12  20080827  2255   21.88    41.72   850   11.9   72  72.72  0.98
IR     GOES12  20080827  2255   22.14    41.52   831   11.9   71  77.42  0.99
IR     GOES12  20080827  2255   22.04    40.99   850   12.5   73  79.43  1.00
IR     GOES12  20080827  2255   22.03    39.96   812   14.0   74  68.74  0.99
IR     GOES12  20080827  2255   22.37    33.59   450    8.7   79  55.50  0.68
IR     GOES12  20080827  2255   22.49    30.01   387    6.4   86  56.32  0.83
IR     GOES12  20080827  2255   20.74    54.08   225    5.7  216  54.36  0.52
IR     GOES12  20080827  2255   21.21    49.86   225   11.6  280  61.28  0.80
IR     GOES12  20080827  2255   21.08    47.29   200   20.0  313  56.79  0.80
IR     GOES12  20080827  2255   21.47    42.75   831   10.3   48  63.39  0.89
IR     GOES12  20080827  2255   21.28    42.29   868    8.0   51  60.08  0.61
IR     GOES12  20080827  2255   21.47    41.68   850   11.5   68  77.64  0.97
IR     GOES12  20080827  2255   21.49    41.23   850   11.7   69  81.66  1.00
IR     GOES12  20080827  2255   21.50    40.84   868   11.9   70  83.07  1.00
IR     GOES12  20080827  2255   21.56    40.34   487   12.1   70  57.58  0.60
IR     GOES12  20080827  2255   21.16    36.58   262   15.7  165  53.70  0.85
IR     GOES12  20080827  2255   21.53    34.75   350    9.4  144  67.29  0.99
IR     GOES12  20080827  2255   21.53    34.71   350    9.5  145  65.93  0.99
IR     GOES12  20080827  2255   21.45    32.49   487   15.6  101  67.88  0.80
IR     GOES12  20080827  2255   21.93    31.15   462   16.0  109  62.05  0.86
IR     GOES12  20080827  2255   21.92    30.45   487   17.0  114  56.95  0.98
IR     GOES12  20080827  2255   21.61    29.89   537   13.2  122  57.14  0.88
IR     GOES12  20080827  2255   20.26    58.20   162   11.2  161  56.33  0.95
IR     GOES12  20080827  2255   20.47    55.38   175    6.8  201  70.15  0.65
IR     GOES12  20080827  2255   20.47    55.33   175    7.8  208  74.20  0.80
IR     GOES12  20080827  2255   20.38    54.12   175    5.9  192  49.71  0.61
IR     GOES12  20080827  2255   20.55    53.55   175    8.4  244  65.84  0.62
IR     GOES12  20080827  2255   20.51    53.48   175    8.5  242  63.65  0.72
IR     GOES12  20080827  2255   20.43    48.61   200   15.1  301  64.35  0.76
IR     GOES12  20080827  2255   20.32    48.11   200   16.4  312  69.17  1.00
IR     GOES12  20080827  2255   20.25    47.97   200   16.4  309  78.42  1.00
IR     GOES12  20080827  2255   20.59    47.28   200   20.3  314  55.10  0.91
IR     GOES12  20080827  2255   20.60    47.14   200   22.4  312  49.18  0.98
IR     GOES12  20080827  2255   20.53    46.56   200   22.6  317  44.52  0.96
IR     GOES12  20080827  2255   21.03    36.66   262   15.4  165  55.24  0.82
IR     GOES12  20080827  2255   20.57    35.83   350    9.8  146  61.38  0.83
IR     GOES12  20080827  2255   21.04    33.31   512   15.0   89  61.35  0.83
IR     GOES12  20080827  2255   20.84    33.04   525   11.5   93  66.47  0.79
IR     GOES12  20080827  2255   21.07    29.78   450   14.3  119  56.84  0.67
IR     GOES12  20080827  2255   21.12    29.60   500   11.2  117  67.28  0.62
IR     GOES12  20080827  2255   19.36    58.84   162    6.3  143  70.56  0.97
IR     GOES12  20080827  2255   19.69    58.54   175    9.4  137  57.22  0.55
IR     GOES12  20080827  2255   19.49    58.14   175    6.3  150  80.14  0.59
IR     GOES12  20080827  2255   19.62    55.66   175    5.0  192  77.28  0.64
IR     GOES12  20080827  2255   19.71    55.35   200    4.2  207  77.46  0.64
IR     GOES12  20080827  2255   19.51    54.95   175    4.2  213  73.63  0.98
IR     GOES12  20080827  2255   19.78    53.63   162    4.8  222  57.32  0.55
IR     GOES12  20080827  2255   19.60    52.74   150    8.1  242  56.37  0.60
IR     GOES12  20080827  2255   20.02    48.73   212   13.8  294  58.41  0.85
IR     GOES12  20080827  2255   19.87    48.48   212   11.3  306  62.46  0.96
IR     GOES12  20080827  2255   19.83    48.35   225    9.6  313  70.54  0.96
IR     GOES12  20080827  2255   19.81    47.80   200   14.9  309  67.60  0.96
IR     GOES12  20080827  2255   20.06    47.32   200   16.4  322  62.95  0.83
IR     GOES12  20080827  2255   19.99    44.17   375    7.8   85  64.54  0.64
IR     GOES12  20080827  2255   19.87    41.55   850   11.1   58  78.84  1.00
IR     GOES12  20080827  2255   20.10    40.86   868   11.0   61  82.69  0.97
IR     GOES12  20080827  2255   19.99    40.33   831   12.0   65  76.90  0.97
IR     GOES12  20080827  2255   20.30    39.84   831   11.5   67  83.69  0.98
IR     GOES12  20080827  2255   20.11    39.24   437   10.3   78  64.21  0.61
IR     GOES12  20080827  2255   20.02    37.31   237   13.1  166  73.51  0.92
IR     GOES12  20080827  2255   20.48    35.92   312   10.0  142  61.59  0.95
IR     GOES12  20080827  2255   20.09    35.42   275    8.2  123  66.51  0.97
IR     GOES12  20080827  2255   20.31    35.10   312    9.9  106  59.39  0.78
IR     GOES12  20080827  2255   20.28    33.70   262    7.6  102  55.71  0.51
IR     GOES12  20080827  2255   20.19    32.83   262    9.6  109  55.07  0.97
IR     GOES12  20080827  2255   20.19    32.80   262    9.7  108  54.29  0.93
IR     GOES12  20080827  2255   20.63    27.18   325    8.1  147  55.71  0.68
IR     GOES12  20080827  2255   19.28    58.82   175    6.4  143  74.17  1.00
IR     GOES12  20080827  2255   18.83    57.23   150    5.9  102  56.84  0.60
IR     GOES12  20080827  2255   19.21    56.22   150    6.0  259  48.37  0.72
IR     GOES12  20080827  2255   19.30    55.46   200    4.5  220  65.67  0.63
IR     GOES12  20080827  2255   19.18    55.38   212    3.7  242  61.50  0.72
IR     GOES12  20080827  2255   18.95    53.10   150    5.4  281  76.74  0.66
IR     GOES12  20080827  2255   19.13    52.13   225    7.5  323  64.83  0.67
IR     GOES12  20080827  2255   18.96    51.03   275    3.6  322  75.04  0.60
IR     GOES12  20080827  2255   19.01    50.54   275    3.6  309  63.99  0.86
IR     GOES12  20080827  2255   19.07    49.76   287    6.3    5  65.91  0.60
IR     GOES12  20080827  2255   19.23    49.67   287    6.0    7  65.10  0.60
IR     GOES12  20080827  2255   19.44    47.99   200   13.8  311  65.38  0.81
IR     GOES12  20080827  2255   19.40    47.92   200   13.3  312  64.78  0.91
IR     GOES12  20080827  2255   19.12    47.58   200   12.8  331  64.12  0.81
IR     GOES12  20080827  2255   19.40    42.12   831    9.8   48  74.89  0.84
IR     GOES12  20080827  2255   19.53    40.62   812   11.9   63  71.13  0.95
IR     GOES12  20080827  2255   19.67    40.19   812   11.7   61  74.38  0.96
IR     GOES12  20080827  2255   19.71    38.97   831    8.9   51  58.73  0.73
IR     GOES12  20080827  2255   19.77    38.43   237   15.6  173  67.08  0.84
IR     GOES12  20080827  2255   19.38    38.06   237   12.4  167  75.38  0.90
IR     GOES12  20080827  2255   19.85    37.40   237   11.7  162  71.47  0.81
IR     GOES12  20080827  2255   19.79    34.43   225    7.9  137  70.47  0.69
IR     GOES12  20080827  2255   19.84    34.28   237    7.9  134  79.12  0.95
IR     GOES12  20080827  2255   19.62    33.62   225    8.5  130  76.38  0.80
IR     GOES12  20080827  2255   19.43    33.07   212    9.0  136  67.28  0.87
IR     GOES12  20080827  2255   19.54    32.58   237    6.9  153  63.62  0.86
IR     GOES12  20080827  2255   19.67    32.31   225    7.1  138  79.72  0.83
IR     GOES12  20080827  2255   19.78    29.45   437   11.7  118  65.84  0.80
IR     GOES12  20080827  2255   19.87    28.37   437    9.5  111  71.35  0.70
IR     GOES12  20080827  2255   20.14    27.88   462   10.0  119  80.33  0.86
IR     GOES12  20080827  2255   19.94    26.69   325    4.0  130  68.96  0.80
IR     GOES12  20080827  2255   18.46    58.17   162    5.1  110  68.74  0.69
IR     GOES12  20080827  2255   18.56    54.90   162    4.6  213  57.86  0.91
IR     GOES12  20080827  2255   18.31    53.28   187    8.2  323  61.15  0.87
IR     GOES12  20080827  2255   18.76    52.96   175    7.5  289  70.72  0.70
IR     GOES12  20080827  2255   18.27    51.45   250    4.6  344  72.81  0.87
IR     GOES12  20080827  2255   18.30    50.34   275    4.0  353  73.37  0.69
IR     GOES12  20080827  2255   18.59    46.64   200   19.1  332  48.28  0.87
IR     GOES12  20080827  2255   18.59    46.59   200   19.1  333  48.02  0.84
IR     GOES12  20080827  2255   18.85    42.92   775   10.6   65  63.27  0.73
IR     GOES12  20080827  2255   19.00    42.17   812   10.2   49  72.75  0.94
IR     GOES12  20080827  2255   19.09    40.66   850   11.5   59  73.33  0.99
IR     GOES12  20080827  2255   19.14    40.20   831   10.9   61  81.43  0.98
IR     GOES12  20080827  2255   19.11    39.97   793   10.9   64  78.21  0.98
IR     GOES12  20080827  2255   18.80    39.34   775   10.1   62  76.62  0.98
IR     GOES12  20080827  2255   18.98    38.80   312   13.3  159  51.63  0.97
IR     GOES12  20080827  2255   18.78    36.56   337    8.7   95  56.01  0.71
IR     GOES12  20080827  2255   18.83    36.16   275    5.5   98  55.85  0.95
IR     GOES12  20080827  2255   19.26    34.43   300    8.4  104  71.77  0.90
IR     GOES12  20080827  2255   19.09    33.52   200    8.9  120  78.31  0.94
IR     GOES12  20080827  2255   19.32    32.77   225    8.4  149  61.68  0.92
IR     GOES12  20080827  2255   19.24    32.73   225    8.4  148  62.24  0.91
IR     GOES12  20080827  2255   18.89    32.31   225    4.5  139  59.31  0.66
IR     GOES12  20080827  2255   19.33    26.43   337    5.9   95  52.93  0.76
IR     GOES12  20080827  2255   18.10    58.21   175    4.7   85  71.22  0.89
IR     GOES12  20080827  2255   17.68    57.35   200    5.0  105  66.65  0.68
IR     GOES12  20080827  2255   17.72    57.20   175    5.0   98  64.91  0.62
IR     GOES12  20080827  2255   18.19    53.22   200    6.7  326  69.85  0.71
IR     GOES12  20080827  2255   17.89    52.44   200    9.3  338  62.03  0.79
IR     GOES12  20080827  2255   17.86    52.09   250    4.6  339  79.17  0.97
IR     GOES12  20080827  2255   18.14    51.90   275    4.9  349  62.84  0.99
IR     GOES12  20080827  2255   18.07    51.34   237    4.1  351  63.26  0.91
IR     GOES12  20080827  2255   18.13    50.62   275    3.2  324  65.01  0.96
IR     GOES12  20080827  2255   18.33    47.23   850    7.5   46  74.79  0.86
IR     GOES12  20080827  2255   17.85    47.17   850    8.1   50  78.79  0.96
IR     GOES12  20080827  2255   17.87    43.53   500   11.4   82  75.07  0.82
IR     GOES12  20080827  2255   18.41    40.35   812   10.8   56  69.26  1.00
IR     GOES12  20080827  2255   18.41    40.23   812   10.5   56  71.67  1.00
IR     GOES12  20080827  2255   18.53    39.00   312   10.4  152  63.79  0.92
IR     GOES12  20080827  2255   18.50    38.71   312   11.8  158  55.51  0.97
IR     GOES12  20080827  2255   18.27    38.19   287    8.3  158  75.97  0.63
IR     GOES12  20080827  2255   18.13    37.75   275    6.7  149  66.87  0.89
IR     GOES12  20080827  2255   18.34    37.56   237    7.9  136  60.78  0.87
IR     GOES12  20080827  2255   18.68    35.76   300    6.2   89  60.27  0.72
IR     GOES12  20080827  2255   18.43    34.87   300    7.5  107  77.44  0.92
IR     GOES12  20080827  2255   18.49    34.18   200   11.9  113  65.66  0.73
IR     GOES12  20080827  2255   18.39    33.68   200   12.3  117  62.06  0.98
IR     GOES12  20080827  2255   18.36    33.31   212   11.6  112  61.51  1.00
IR     GOES12  20080827  2255   18.72    32.42   212    4.2  122  56.69  0.74
IR     GOES12  20080827  2255   18.74    31.81   200    3.3  148  55.83  0.88
IR     GOES12  20080827  2255   18.52    31.29   200    4.4  145  61.69  0.84
IR     GOES12  20080827  2255   18.51    29.42   300   11.3  126  55.49  0.84
IR     GOES12  20080827  2255   18.53    27.67   275    9.0  146  63.12  0.82
IR     GOES12  20080827  2255   18.49    27.65   262    9.3  146  61.55  0.78
IR     GOES12  20080827  2255   17.04    58.10   175    7.8   35  59.10  0.92
IR     GOES12  20080827  2255   17.33    57.30   225    4.5  134  52.76  0.89
IR     GOES12  20080827  2255   17.33    57.23   212    5.1  123  55.10  0.82
IR     GOES12  20080827  2255   17.31    55.84   250    4.1   42  67.71  0.69
IR     GOES12  20080827  2255   17.13    55.41   225    6.7   68  58.52  0.79
IR     GOES12  20080827  2255   17.47    53.53   137    3.7  324  68.09  0.61
IR     GOES12  20080827  2255   17.26    52.22   237    7.4  344  64.67  0.98
IR     GOES12  20080827  2255   17.43    51.99   237    6.0  349  75.04  0.76
IR     GOES12  20080827  2255   17.56    51.37   225    6.2  346  73.92  0.96
IR     GOES12  20080827  2255   17.44    51.22   237    5.5  350  73.73  0.98
IR     GOES12  20080827  2255   17.22    50.71   237    6.3  340  69.60  0.96
IR     GOES12  20080827  2255   17.22    50.55   237    6.9  342  70.38  0.97
IR     GOES12  20080827  2255   17.21    49.08   850    6.8   61  79.52  0.98
IR     GOES12  20080827  2255   17.66    48.54   850    8.1   53  72.96  0.96
IR     GOES12  20080827  2255   17.27    48.22   850    8.2   46  73.13  1.00
IR     GOES12  20080827  2255   17.42    43.86   537   10.1   89  68.87  0.93
IR     GOES12  20080827  2255   17.83    43.52   500   11.8   84  71.51  0.80
IR     GOES12  20080827  2255   17.78    41.23   868    5.3   24  57.09  0.65
IR     GOES12  20080827  2255   17.42    41.21   831    8.0   56  72.01  0.95
IR     GOES12  20080827  2255   17.90    37.41   312    7.6  136  68.93  0.89
IR     GOES12  20080827  2255   17.92    35.53   275    6.9  132  64.28  0.76
IR     GOES12  20080827  2255   17.57    34.90   200    7.8   86  58.22  0.95
IR     GOES12  20080827  2255   17.54    34.58   200    9.6   99  71.73  0.87
IR     GOES12  20080827  2255   18.06    33.87   200   11.7  113  67.29  0.94
IR     GOES12  20080827  2255   17.83    33.27   200   13.8  113  56.47  0.96
IR     GOES12  20080827  2255   17.63    33.20   200   13.3  120  56.24  0.87
IR     GOES12  20080827  2255   18.18    31.57   175    4.8  143  60.00  0.84
IR     GOES12  20080827  2255   17.78    31.30   212    6.7  119  62.68  0.84
IR     GOES12  20080827  2255   17.82    29.07   200    7.8  143  74.28  0.62
IR     GOES12  20080827  2255   17.87    27.82   162   14.3  134  49.14  0.71
IR     GOES12  20080827  2255   17.87    27.74   162   12.8  143  54.80  0.67
IR     GOES12  20080827  2255   16.76    58.67   200    8.3   26  51.96  0.98
IR     GOES12  20080827  2255   16.69    58.35   187    8.9   30  54.74  0.81
IR     GOES12  20080827  2255   16.84    56.28   250    5.0   64  74.00  0.66
IR     GOES12  20080827  2255   16.89    55.65   225    6.4   72  61.63  0.89
IR     GOES12  20080827  2255   16.89    55.49   212    8.6   75  51.36  0.95
IR     GOES12  20080827  2255   16.50    53.28   175    9.9  339  65.98  0.85
IR     GOES12  20080827  2255   16.70    53.09   175   11.7  330  55.93  1.00
IR     GOES12  20080827  2255   16.83    52.53   225    7.9  344  64.20  0.99
IR     GOES12  20080827  2255   16.79    52.26   237    8.1  343  60.16  1.00
IR     GOES12  20080827  2255   16.80    51.77   250    8.7  354  57.16  0.83
IR     GOES12  20080827  2255   17.05    51.38   200    8.2  354  73.62  0.92
IR     GOES12  20080827  2255   16.93    51.25   212    7.2  357  72.48  0.99
IR     GOES12  20080827  2255   16.90    50.58   237    6.0  347  69.60  0.86
IR     GOES12  20080827  2255   16.91    50.46   237    5.8  353  70.21  0.66
IR     GOES12  20080827  2255   16.92    49.95   187    9.9  346  70.99  0.86
IR     GOES12  20080827  2255   16.98    48.74   850    7.0   58  79.39  0.91
IR     GOES12  20080827  2255   16.95    48.34   850    7.7   46  75.54  1.00
IR     GOES12  20080827  2255   17.05    47.80   850    8.2   51  79.88  1.00
IR     GOES12  20080827  2255   17.05    47.51   350    8.5   48  74.77  0.99
IR     GOES12  20080827  2255   16.83    46.85   325    8.2   47  63.70  1.00
IR     GOES12  20080827  2255   16.79    42.25   812    9.0   40  64.81  0.95
IR     GOES12  20080827  2255   17.15    42.02   812    6.2   42  72.56  0.90
IR     GOES12  20080827  2255   17.25    41.42   793    7.9   49  79.91  0.88
IR     GOES12  20080827  2255   16.97    40.07   793    5.0   67  63.65  0.87
IR     GOES12  20080827  2255   16.84    37.88   275    6.3   99  51.45  0.68
IR     GOES12  20080827  2255   17.37    36.25   262    6.6  102  64.22  0.82
IR     GOES12  20080827  2255   17.43    35.69   287    8.2  115  65.07  0.96
IR     GOES12  20080827  2255   16.99    35.44   200    8.3   84  62.59  0.96
IR     GOES12  20080827  2255   17.41    34.92   212    7.6   91  62.80  0.98
IR     GOES12  20080827  2255   17.07    34.34   237    6.7  115  66.56  0.74
IR     GOES12  20080827  2255   17.44    33.98   237    9.1  111  70.20  0.82
IR     GOES12  20080827  2255   17.38    33.57   200   12.3  104  65.49  0.95
IR     GOES12  20080827  2255   17.36    32.75   175   14.0  118  53.02  0.82
IR     GOES12  20080827  2255   17.33    32.63   175   13.2  116  55.35  0.95
IR     GOES12  20080827  2255   17.33    31.51   237    8.1  111  57.51  0.85
IR     GOES12  20080827  2255   17.57    30.29   300   13.5  123  52.29  0.93
IR     GOES12  20080827  2255   17.37    29.15   212    8.2  144  70.93  0.98
IR     GOES12  20080827  2255   17.38    28.80   237    9.5  152  77.71  0.98
IR     GOES12  20080827  2255   17.56    28.30   212    7.3  144  70.96  0.75
IR     GOES12  20080827  2255   17.48    27.28   225    4.8  173  57.36  0.66
IR     GOES12  20080827  2255   16.11    58.06   237    4.9   49  71.16  0.97
IR     GOES12  20080827  2255   16.19    57.99   262    4.8   52  77.72  1.00
IR     GOES12  20080827  2255   16.04    57.52   187    8.5   53  68.64  0.83
IR     GOES12  20080827  2255   15.89    57.14   175    6.3  346  50.31  0.82
IR     GOES12  20080827  2255   16.03    55.33   262    3.9   94  70.51  0.64
IR     GOES12  20080827  2255   16.11    55.21   262    3.3   88  72.80  0.96
IR     GOES12  20080827  2255   16.11    53.36   175    9.9  332  57.87  0.90
IR     GOES12  20080827  2255   16.34    53.09   187   11.6  333  54.43  0.94
IR     GOES12  20080827  2255   16.00    52.84   175   11.3    5  62.05  1.00
IR     GOES12  20080827  2255   16.32    52.46   200    9.1  358  71.76  0.99
IR     GOES12  20080827  2255   16.02    51.91   175   12.4    2  61.00  0.98
IR     GOES12  20080827  2255   16.41    51.48   175    8.6    1  68.22  0.99
IR     GOES12  20080827  2255   16.46    51.33   212    7.0  355  71.34  1.00
IR     GOES12  20080827  2255   16.15    51.03   175    7.4    4  62.87  0.98
IR     GOES12  20080827  2255   16.12    50.44   187    9.7  359  77.20  0.96
IR     GOES12  20080827  2255   16.24    50.24   187   10.0    3  75.19  0.99
IR     GOES12  20080827  2255   16.43    48.66   350    7.1   54  75.41  0.82
IR     GOES12  20080827  2255   16.29    48.20   868    7.7   52  83.45  1.00
IR     GOES12  20080827  2255   16.19    47.36   868    7.5   46  80.29  0.99
IR     GOES12  20080827  2255   16.27    47.11   325    7.8   45  66.89  1.00
IR     GOES12  20080827  2255   16.41    42.98   793    9.1   33  60.14  0.75
IR     GOES12  20080827  2255   16.26    41.26   793    6.1   42  72.32  0.98
IR     GOES12  20080827  2255   16.20    39.26   756    6.0   66  70.89  0.72
IR     GOES12  20080827  2255   16.74    37.07   287    5.8  122  79.17  0.80
IR     GOES12  20080827  2255   16.52    36.51   262    3.4  136  60.91  0.72
IR     GOES12  20080827  2255   16.69    36.05   250    6.4  124  65.12  0.80
IR     GOES12  20080827  2255   16.81    34.92   237    7.9  123  59.08  0.95
IR     GOES12  20080827  2255   16.94    33.28   212   12.2   88  54.53  0.93
IR     GOES12  20080827  2255   16.87    32.96   212   12.2   94  55.89  0.94
IR     GOES12  20080827  2255   16.93    32.56   262    9.3  105  61.42  0.97
IR     GOES12  20080827  2255   16.54    30.91   300    5.8   80  53.68  0.89
IR     GOES12  20080827  2255   17.05    30.06   162    8.7  139  77.40  0.99
IR     GOES12  20080827  2255   16.91    29.52   237   10.9  151  75.41  0.99
IR     GOES12  20080827  2255   17.06    28.83   262   11.8  154  67.51  0.98
IR     GOES12  20080827  2255   16.92    28.15   275    8.9  112  51.41  0.55
IR     GOES12  20080827  2255   15.52    58.24   237    5.9   42  70.39  0.87
IR     GOES12  20080827  2255   15.41    57.74   262    8.7   47  56.21  0.70
IR     GOES12  20080827  2255   15.50    57.46   187    8.5   37  72.45  0.92
IR     GOES12  20080827  2255   15.47    54.22   150   14.3  351  53.67  0.89
IR     GOES12  20080827  2255   15.39    54.11   162   12.3    0  66.27  0.82
IR     GOES12  20080827  2255   15.83    53.47   162   11.5  345  63.79  0.71
IR     GOES12  20080827  2255   15.45    53.28   162   12.4  353  64.83  0.88
IR     GOES12  20080827  2255   15.73    52.74   175    9.6    6  66.06  0.99
IR     GOES12  20080827  2255   15.78    51.97   175   11.9    4  63.23  0.99
IR     GOES12  20080827  2255   15.60    49.08   868    7.0   64  73.67  0.97
IR     GOES12  20080827  2255   15.92    48.70   850    6.9   55  84.77  0.99
IR     GOES12  20080827  2255   15.70    48.38   850    7.4   50  79.53  1.00
IR     GOES12  20080827  2255   15.52    47.69   868    7.3   48  82.85  0.99
IR     GOES12  20080827  2255   15.52    47.56   887    7.4   47  82.95  1.00
IR     GOES12  20080827  2255   15.74    46.45   868    7.7   48  79.38  0.96
IR     GOES12  20080827  2255   15.83    42.72   756   10.0   75  54.76  0.62
IR     GOES12  20080827  2255   15.82    41.48   793   10.6   35  54.69  0.73
IR     GOES12  20080827  2255   15.92    39.13   718    8.0   51  67.47  0.94
IR     GOES12  20080827  2255   15.89    38.99   718    6.7   51  77.70  0.64
IR     GOES12  20080827  2255   15.90    35.90   237   11.0   71  53.12  0.91
IR     GOES12  20080827  2255   15.70    35.74   275   11.2   80  50.40  0.75
IR     GOES12  20080827  2255   16.10    33.35   237    8.5   97  67.40  0.82
IR     GOES12  20080827  2255   16.14    33.17   212    8.6   96  65.57  0.91
IR     GOES12  20080827  2255   16.33    32.25   250    8.5  111  64.36  0.95
IR     GOES12  20080827  2255   16.27    31.71   300    3.2   50  52.42  0.80
IR     GOES12  20080827  2255   16.33    31.06   300    5.5   82  56.59  0.74
IR     GOES12  20080827  2255   16.39    30.42   162    9.6  120  58.76  0.83
IR     GOES12  20080827  2255   16.04    29.00   250   13.5  151  62.48  0.91
IR     GOES12  20080827  2255   16.29    28.79   250   12.0  145  65.57  0.96
IR     GOES12  20080827  2255   16.12    27.63   250    8.3  134  69.40  0.83
IR     GOES12  20080827  2255   14.68    57.72   187    3.7   28  49.16  0.62
IR     GOES12  20080827  2255   15.08    56.57   187    4.3   35  55.40  0.68
IR     GOES12  20080827  2255   15.09    53.35   162    9.5  350  63.33  0.90
IR     GOES12  20080827  2255   15.06    53.17   162   12.0  354  66.97  0.96
IR     GOES12  20080827  2255   14.98    48.88   337    6.7   55  73.31  0.85
IR     GOES12  20080827  2255   15.30    48.63   850    6.9   51  80.20  1.00
IR     GOES12  20080827  2255   15.23    48.25   850    7.8   51  75.21  1.00
IR     GOES12  20080827  2255   14.90    47.18   312    7.5   41  74.24  1.00
IR     GOES12  20080827  2255   15.19    44.61   793    8.1   66  64.33  0.78
IR     GOES12  20080827  2255   15.00    44.30   793    7.1   57  77.75  0.66
IR     GOES12  20080827  2255   15.30    41.68   812    7.3   44  75.25  0.90
IR     GOES12  20080827  2255   15.08    41.17   775    8.4   67  61.14  0.72
IR     GOES12  20080827  2255   15.30    37.47   187    4.7   59  60.10  0.92
IR     GOES12  20080827  2255   15.43    36.98   212    8.0   72  74.89  0.98
IR     GOES12  20080827  2255   15.58    35.87   262    9.5   81  56.03  0.75
IR     GOES12  20080827  2255   15.38    34.67   262    7.5  112  60.72  0.63
IR     GOES12  20080827  2255   15.57    33.39   187    9.2   88  61.39  0.99
IR     GOES12  20080827  2255   15.38    33.11   212    9.9   89  56.89  0.99
IR     GOES12  20080827  2255   15.57    32.30   275    9.6   82  51.28  0.70
IR     GOES12  20080827  2255   15.49    32.19   262    9.2   88  51.05  0.95
IR     GOES12  20080827  2255   15.85    29.85   212   11.0  153  73.19  0.73
IR     GOES12  20080827  2255   15.34    29.45   237   12.3  163  63.87  0.99
IR     GOES12  20080827  2255   15.50    29.24   225   12.5  160  62.98  0.99
IR     GOES12  20080827  2255   15.89    28.49   275    9.4  135  66.98  0.98
IR     GOES12  20080827  2255   15.83    27.86   262    9.1  120  57.90  0.66
IR     GOES12  20080827  2255   14.52    57.99   212    7.2   43  67.23  0.92
IR     GOES12  20080827  2255   14.53    57.88   187    6.1   38  55.48  0.97
IR     GOES12  20080827  2255   14.18    57.54   162   13.0   40  64.59  0.60
IR     GOES12  20080827  2255   14.34    54.57   137   12.4   14  64.61  0.69
IR     GOES12  20080827  2255   14.35    54.19   137   11.2   19  74.79  0.95
IR     GOES12  20080827  2255   14.35    54.16   137   11.1   19  75.45  0.95
IR     GOES12  20080827  2255   14.44    53.48   212    5.5   11  64.90  0.93
IR     GOES12  20080827  2255   14.59    53.32   200    5.8  358  59.09  0.77
IR     GOES12  20080827  2255   14.61    52.55   137   13.2   27  52.88  0.65
IR     GOES12  20080827  2255   14.20    49.23   868    6.1   63  75.03  0.90
IR     GOES12  20080827  2255   14.71    47.21   325    7.6   42  75.90  1.00
IR     GOES12  20080827  2255   14.69    44.30   812    6.8   47  76.77  0.95
IR     GOES12  20080827  2255   14.82    42.30   675    7.8   69  63.76  0.59
IR     GOES12  20080827  2255   14.53    41.40   537    7.6   81  60.59  0.85
IR     GOES12  20080827  2255   14.65    41.09   756    7.2   47  73.75  0.88
IR     GOES12  20080827  2255   14.70    40.50   793    6.3   41  77.65  0.95
IR     GOES12  20080827  2255   14.48    40.03   462    6.8   44  59.23  0.62
IR     GOES12  20080827  2255   14.98    37.53   187    6.8   64  70.38  0.76
IR     GOES12  20080827  2255   15.03    37.14   200    7.8   66  75.33  0.89
IR     GOES12  20080827  2255   14.68    36.80   187    9.2   68  67.95  0.95
IR     GOES12  20080827  2255   14.98    33.33   162    9.9   85  55.36  1.00
IR     GOES12  20080827  2255   14.81    29.52   275    7.8  172  60.80  0.73
IR     GOES12  20080827  2255   14.89    28.41   250   14.3  156  51.59  0.95
IR     GOES12  20080827  2255   13.72    57.93   187    8.4   30  57.15  0.63
IR     GOES12  20080827  2255   13.73    57.29   200    8.5   43  69.36  0.97
IR     GOES12  20080827  2255   13.73    57.24   187    8.5   41  62.58  0.93
IR     GOES12  20080827  2255   13.70    56.41   150   11.4   29  67.22  0.88
IR     GOES12  20080827  2255   13.76    55.20   175   12.5   26  72.87  0.98
IR     GOES12  20080827  2255   13.87    55.09   175   13.3   27  65.17  0.99
IR     GOES12  20080827  2255   13.88    54.78   175   14.5   27  58.27  0.99
IR     GOES12  20080827  2255   14.00    54.16   137    9.8   23  66.62  0.97
IR     GOES12  20080827  2255   14.00    54.08   137    9.7   20  66.47  0.92
IR     GOES12  20080827  2255   14.05    53.63   137   15.6   11  50.70  0.77
IR     GOES12  20080827  2255   14.09    49.09   362    5.6   67  60.48  0.87
IR     GOES12  20080827  2255   13.86    48.85   868    4.2   59  69.27  0.85
IR     GOES12  20080827  2255   13.84    47.76   362    6.8   45  68.55  0.96
IR     GOES12  20080827  2255   13.93    47.31   868    6.6   44  84.11  0.96
IR     GOES12  20080827  2255   14.13    46.94   868    7.1   40  79.75  0.99
IR     GOES12  20080827  2255   13.88    45.99   850    5.8   40  79.51  0.97
IR     GOES12  20080827  2255   14.04    45.86   850    6.3   43  82.69  0.96
IR     GOES12  20080827  2255   14.10    41.38   550    6.8   81  60.30  0.96
IR     GOES12  20080827  2255   13.95    40.98   737    5.0   47  80.83  0.79
IR     GOES12  20080827  2255   13.88    40.62   812    6.1   31  69.85  0.80
IR     GOES12  20080827  2255   14.36    37.01   175    8.7   72  67.31  0.99
IR     GOES12  20080827  2255   14.36    36.94   175    8.7   72  67.59  0.99
IR     GOES12  20080827  2255   14.26    36.54   187    9.2   73  68.19  0.85
IR     GOES12  20080827  2255   14.23    34.74   212    6.3  105  62.76  0.99
IR     GOES12  20080827  2255   14.15    34.66   212    6.3  100  66.75  0.99
IR     GOES12  20080827  2255   14.01    34.08   212    7.8   60  51.76  0.86
IR     GOES12  20080827  2255   14.14    32.02   262    7.2  168  57.56  0.55
IR     GOES12  20080827  2255   14.20    31.52   212    9.2  159  68.68  0.98
IR     GOES12  20080827  2255   14.34    30.84   212   11.8  174  55.23  0.76
IR     GOES12  20080827  2255   14.22    30.66   262   10.0  180  54.45  0.94
IR     GOES12  20080827  2255   13.19    57.66   162   12.0   41  65.60  0.94
IR     GOES12  20080827  2255   13.04    57.28   162   11.4   44  60.65  0.99
IR     GOES12  20080827  2255   13.24    56.46   200    9.0   33  66.78  0.72
IR     GOES12  20080827  2255   13.36    55.91   137   14.5   34  62.89  0.99
IR     GOES12  20080827  2255   13.40    55.86   137   14.2   35  63.88  0.97
IR     GOES12  20080827  2255   13.30    55.36   175   14.6   32  62.28  0.94
IR     GOES12  20080827  2255   13.43    49.06   337    5.4   50  61.09  0.74
IR     GOES12  20080827  2255   13.29    48.68   868    5.6   48  82.71  0.75
IR     GOES12  20080827  2255   13.57    47.93   362    6.5   44  66.63  0.98
IR     GOES12  20080827  2255   13.54    47.37   850    6.1   44  83.78  1.00
IR     GOES12  20080827  2255   13.47    47.02   850    6.5   45  79.86  0.63
IR     GOES12  20080827  2255   13.40    46.75   850    6.0   33  75.57  0.92
IR     GOES12  20080827  2255   13.38    45.76   850    6.2   38  79.82  0.84
IR     GOES12  20080827  2255   13.34    45.74   850    6.2   37  79.25  0.88
IR     GOES12  20080827  2255   13.64    44.20   793    6.5   42  72.11  0.82
IR     GOES12  20080827  2255   13.56    42.46   775    8.0   70  59.19  0.92
IR     GOES12  20080827  2255   13.69    37.01   812    3.6    6  69.65  0.94
IR     GOES12  20080827  2255   13.63    36.35   831    3.7  353  65.11  0.82
IR     GOES12  20080827  2255   13.75    34.89   237    6.3   89  76.14  0.97
IR     GOES12  20080827  2255   13.56    34.46   225    7.4   64  56.19  0.66
IR     GOES12  20080827  2255   13.77    34.24   225    7.3   67  56.58  0.94
IR     GOES12  20080827  2255   13.58    33.90   225    8.2   76  55.61  0.93
IR     GOES12  20080827  2255   13.50    32.34   225   11.3  159  52.86  0.97
IR     GOES12  20080827  2255   13.88    31.37   200   11.1  155  64.83  0.79
IR     GOES12  20080827  2255   13.58    30.86   250    8.0  164  71.13  0.94
IR     GOES12  20080827  2255   13.63    30.38   262    8.9  179  56.77  0.95
IR     GOES12  20080827  2255   12.81    57.23   187   12.0   42  78.25  0.95
IR     GOES12  20080827  2255   12.87    56.19   175   16.5   31  57.05  0.83
IR     GOES12  20080827  2255   12.89    47.06   850    6.1   42  81.67  0.97
IR     GOES12  20080827  2255   12.67    46.91   850    6.4   39  77.29  1.00
IR     GOES12  20080827  2255   12.96    45.67   350    5.9   38  78.84  0.81
IR     GOES12  20080827  2255   13.10    44.10   793    4.7   49  79.40  0.65
IR     GOES12  20080827  2255   12.82    43.04   812    6.8   47  67.43  0.86
IR     GOES12  20080827  2255   13.26    35.34   275    6.2   84  76.89  0.98
IR     GOES12  20080827  2255   12.98    32.72   200    8.2  149  62.17  0.97
IR     GOES12  20080827  2255   13.00    31.97   187    8.7  150  69.61  0.95
IR     GOES12  20080827  2255   12.89    31.69   187    8.3  149  71.29  0.99
IR     GOES12  20080827  2255   13.26    27.98   200   12.3   97  55.66  0.93
IR     GOES12  20080827  2255   12.16    57.93   175   14.8   47  64.80  0.60
IR     GOES12  20080827  2255   12.04    47.72   850    5.8   35  75.53  0.95
IR     GOES12  20080827  2255   12.47    47.22   850    6.0   38  79.86  1.00
IR     GOES12  20080827  2255   12.44    46.84   275    6.1   34  66.89  0.60
IR     GOES12  20080827  2255   12.41    46.20   850    4.7   38  78.09  0.90
IR     GOES12  20080827  2255   12.14    46.19   850    5.2   38  81.38  0.92
IR     GOES12  20080827  2255   12.12    43.05   812    6.2   45  67.30  0.91
IR     GOES12  20080827  2255   12.35    34.53   337    5.9  174  55.28  0.99
IR     GOES12  20080827  2255   12.35    34.50   337    6.0  175  54.93  0.96
IR     GOES12  20080827  2255   12.37    33.58   250    6.5  128  66.36  0.78
IR     GOES12  20080827  2255   12.70    33.03   187    9.7  109  60.53  0.79
IR     GOES12  20080827  2255   12.78    32.84   187    8.2  123  74.17  0.72
IR     GOES12  20080827  2255   12.77    31.72   187    8.1  148  70.35  0.99
IR     GOES12  20080827  2255   12.46    31.56   200    5.6  150  59.79  0.73
IR     GOES12  20080827  2255   12.35    31.03   237   11.9  110  49.24  0.79
IR     GOES12  20080827  2255   12.54    29.91   237    8.5  182  47.05  0.67
IR     GOES12  20080827  2255   12.33    28.83   212   11.3  105  65.89  0.84
IR     GOES12  20080827  2255   12.82    28.16   187    8.8  136  54.48  0.50
IR     GOES12  20080827  2255   11.53    48.61   906    4.6   50  81.07  0.90
IR     GOES12  20080827  2255   11.85    47.36   362    5.3   39  70.46  0.93
IR     GOES12  20080827  2255   11.59    47.29   362    5.1   26  63.08  0.91
IR     GOES12  20080827  2255   11.38    46.11   868    5.7   33  69.20  0.96
IR     GOES12  20080827  2255   11.88    43.49   793    5.0   64  66.15  0.80
IR     GOES12  20080827  2255   11.56    42.18   831    3.8   17  79.01  0.98
IR     GOES12  20080827  2255   11.80    41.67   812    4.6   39  66.12  0.65
IR     GOES12  20080827  2255   11.67    33.28   237    6.4  155  53.31  0.62
IR     GOES12  20080827  2255   11.75    33.17   225    5.6  142  57.89  0.90
IR     GOES12  20080827  2255   11.73    30.99   262   11.8   97  48.93  0.88
IR     GOES12  20080827  2255   11.75    28.56   237    9.4   85  67.25  0.69
IR     GOES12  20080827  2255   10.89    53.46   737    8.0   62  55.48  0.73
IR     GOES12  20080827  2255   10.86    53.16   350    5.4   14  52.19  0.94
IR     GOES12  20080827  2255   11.11    51.07   887    4.3   75  77.29  0.94
IR     GOES12  20080827  2255   11.24    47.62   887    5.3   38  74.13  0.99
IR     GOES12  20080827  2255   11.32    42.90   812    3.6   29  79.59  0.73
IR     GOES12  20080827  2255   11.36    42.68   812    3.5   20  81.46  0.77
IR     GOES12  20080827  2255   11.37    42.29   831    3.8    1  75.13  0.65
IR     GOES12  20080827  2255   11.46    34.12   250    9.3  111  62.00  0.68
IR     GOES12  20080827  2255   11.32    33.10   225    4.6  159  50.63  0.82
IR     GOES12  20080827  2255   10.24    54.73   337    5.2   76  57.65  0.95
IR     GOES12  20080827  2255   10.59    53.82   700    5.0   67  76.80  0.70
IR     GOES12  20080827  2255   10.29    53.33   537    7.0   47  74.43  0.62
IR     GOES12  20080827  2255   10.29    53.30   537    7.0   47  74.51  0.60
IR     GOES12  20080827  2255   10.59    50.67   868    4.1   84  79.47  0.97
IR     GOES12  20080827  2255   10.50    41.71   793    3.1  317  79.40  0.93
IR     GOES12  20080827  2255   10.89    35.11   200    6.5   97  69.90  0.69
IR     GOES12  20080827  2255   10.03    52.71   375    5.1   26  56.98  0.77
IR     GOES12  20080827  2255   10.08    49.38   887    4.2   80  78.17  0.93
IR     GOES12  20080827  2255   10.00    49.16   887    4.0   85  78.94  0.99
IR     GOES12  20080827  2255    9.78    46.13   868    3.2   55  66.65  0.80
IR     GOES12  20080827  2255   10.05    43.41   812    3.3  353  66.56  0.62
IR     GOES12  20080827  2255   10.00    31.22   250    5.5  104  57.69  0.59
IR     GOES12  20080827  2255    9.27    39.69   375    3.2  246  71.18  0.95
IR     GOES12  20080827  2255    9.59    36.41   262   11.2   75  56.38  0.80
IR     GOES12  20080827  2255    8.80    45.75   175   11.9  152  45.18  0.90
IR     GOES12  20080827  2255    8.83    34.02   250   13.0   95  52.47  0.68
IR     GOES12  20080827  2255    8.91    33.81   312    6.2  120  60.81  0.53
IR     GOES12  20080827  2255    8.16    52.74   887    5.1   88  73.82  0.63
IR     GOES12  20080827  2255    8.38    46.72   275   11.0  177  49.14  0.85
IR     GOES12  20080827  2255    8.30    46.55   287    9.5  179  52.97  0.94
IR     GOES12  20080827  2255    8.36    45.18   300    4.5  179  74.27  0.54
IR     GOES12  20080827  2255    8.29    41.65   212    6.2  128  61.37  0.68
IR     GOES12  20080827  2255    8.17    39.78   337    3.9  218  51.02  0.79
IR     GOES12  20080827  2255    8.64    34.12   200   12.9   95  55.76  0.60
IR     GOES12  20080827  2255    8.64    33.70   312    3.7  148  68.94  0.66
IR     GOES12  20080827  2255    8.35    32.76   375    7.1  129  73.53  0.74
IR     GOES12  20080827  2255    8.22    31.57   262    7.6   91  53.62  0.83
IR     GOES12  20080827  2255    7.99    38.74   225    8.2   63  69.48  0.98
IR     GOES12  20080827  2255    8.14    31.58   262    7.6   88  53.90  0.74
IR     GOES12  20080827  2255    7.19    53.16   887    5.0   98  79.54  0.82
IR     GOES12  20080827  2255    7.12    41.78   387    3.4   53  68.57  0.50
IR     GOES12  20080827  2255    7.05    32.30   262   11.9   70  61.49  0.94
IR     GOES12  20080827  2255    7.17    31.98   312    7.1   73  54.88  0.69
IR     GOES12  20080827  2255    7.38    31.13   237   16.3   55  56.49  0.63
IR     GOES12  20080827  2255    6.75    52.20   325    6.8   99  50.61  0.91
IR     GOES12  20080827  2255    6.64    40.80   425    4.8   42  69.99  0.64
IR     GOES12  20080827  2255    6.86    34.95   287    3.4   73  57.95  0.62
IR     GOES12  20080827  2255    6.87    34.45   287    4.9   60  62.89  0.92
IR     GOES12  20080827  2255    6.82    32.63   250    9.8   68  53.73  0.86
IR     GOES12  20080827  2255    6.86    32.53   237   11.2   67  57.26  0.75
IR     GOES12  20080827  2255    6.56    31.63   275   18.6   58  62.70  0.97
IR     GOES12  20080827  2255    6.80    31.32   262   19.0   59  57.06  0.96
IR     GOES12  20080827  2255    6.96    30.92   287   17.7   56  67.56  0.93
IR     GOES12  20080827  2255    6.17    50.62   337    5.0  103  56.32  0.81
IR     GOES12  20080827  2255    5.89    48.39   325    3.9   63  50.95  0.62
IR     GOES12  20080827  2255    5.93    40.14   462    4.0   55  71.39  0.90
IR     GOES12  20080827  2255    5.90    35.32   262    8.4   67  52.96  0.51
IR     GOES12  20080827  2255    6.30    34.42   287    5.5   64  56.27  0.81
IR     GOES12  20080827  2255    6.15    33.57   275   10.9   50  62.82  0.80
IR     GOES12  20080827  2255    6.32    32.73   250   13.7   65  60.27  0.93
IR     GOES12  20080827  2255    5.86    32.32   237   18.7   52  67.64  0.82
IR     GOES12  20080827  2255    6.10    31.96   287   17.5   56  75.82  0.97
IR     GOES12  20080827  2255    6.10    31.59   312   17.3   56  65.90  0.79
IR     GOES12  20080827  2255    5.44    36.01   437    6.5   71  66.69  0.98
IR     GOES12  20080827  2255    5.40    35.96   437    7.3   72  63.14  0.65
IR     GOES12  20080827  2255    5.37    35.22   287   13.8   60  58.02  0.62
IR     GOES12  20080827  2255    5.42    34.71   237   20.6   51  54.36  0.98
IR     GOES12  20080827  2255    5.73    34.17   250   16.3   48  71.54  0.97
IR     GOES12  20080827  2255    5.77    34.04   237   16.6   47  69.37  0.97
IR     GOES12  20080827  2255    5.44    32.51   262   19.9   52  66.86  0.90
IR     GOES12  20080827  2255    5.64    32.02   275   19.6   56  71.30  0.98
IR     GOES12  20080827  2255    5.38    31.51   287   21.2   50  63.24  0.93
IR     GOES12  20080827  2255    4.82    41.92   850    4.9  153  77.53  0.89
IR     GOES12  20080827  2255    5.23    34.70   237   19.7   50  59.56  0.99
IR     GOES12  20080827  2255    5.09    33.04   237   16.1   49  58.44  0.92
IR     GOES12  20080827  2255    5.09    33.01   237   16.3   50  59.48  0.94
IR     GOES12  20080827  2255    4.83    32.07   212   24.3   48  55.40  1.00
IR     GOES12  20080827  2255    4.80    31.97   225   24.2   48  54.85  1.00
IR     GOES12  20080827  2255    5.26    31.42   225   22.9   48  53.67  0.98
IR     GOES12  20080827  2255    4.31    40.38   850    6.9  142  64.02  0.87
IR     GOES12  20080827  2255    4.24    39.82   187   13.7   66  59.62  0.94
IR     GOES12  20080827  2255    4.20    39.79   187   13.7   66  60.08  0.94
IR     GOES12  20080827  2255    4.32    34.08   225   15.4   49  54.32  0.73
IR     GOES12  20080827  2255    4.32    33.63   225   19.0   47  66.68  0.95
IR     GOES12  20080827  2255    4.21    33.35   212   21.0   47  70.93  0.90
IR     GOES12  20080827  2255    4.14    32.93   200   27.6   47  49.22  0.70
IR     GOES12  20080827  2255    4.61    32.03   225   24.3   48  55.64  1.00
IR     GOES12  20080827  2255    4.00    41.61   868    5.7  140  78.83  0.96
IR     GOES12  20080827  2255    4.10    33.33   212   21.2   49  76.92  0.86
WV     GOES12  20080827  2255   33.85    56.84   187   14.4  235  65.95  0.86
WV     GOES12  20080827  2255   33.83    54.53   225    9.9  285  69.50  0.95
WV     GOES12  20080827  2255   33.12    58.78   325   17.8  249  56.92  0.95
WV     GOES12  20080827  2255   33.03    58.45   250   16.1  258  70.51  1.00
WV     GOES12  20080827  2255   33.10    57.92   200   14.0  252  71.46  0.97
WV     GOES12  20080827  2255   33.10    57.76   200   14.9  247  63.38  0.97
WV     GOES12  20080827  2255   33.46    56.94   187   12.5  249  74.29  0.88
WV     GOES12  20080827  2255   33.15    56.30   175   12.2  265  80.34  1.00
WV     GOES12  20080827  2255   33.15    56.22   175   11.7  265  77.42  0.92
WV     GOES12  20080827  2255   33.50    55.68   187    9.6  268  67.02  0.91
WV     GOES12  20080827  2255   33.32    55.32   237    8.6  266  71.16  0.82
WV     GOES12  20080827  2255   33.64    54.47   212   12.7  298  56.93  0.93
WV     GOES12  20080827  2255   33.55    54.25   212   12.0  308  60.19  0.80
WV     GOES12  20080827  2255   33.41    54.09   212   11.9  310  64.98  0.84
WV     GOES12  20080827  2255   33.43    53.66   212   13.0  313  63.35  1.00
WV     GOES12  20080827  2255   33.60    52.99   212   12.9  323  72.88  0.89
WV     GOES12  20080827  2255   33.42    52.70   200   12.0  322  59.68  0.88
WV     GOES12  20080827  2255   33.37    51.45   225   15.8  351  71.46  0.97
WV     GOES12  20080827  2255   33.38    51.04   237   17.8  354  57.97  0.92
WV     GOES12  20080827  2255   33.52    46.79   350    3.7   95  74.10  0.74
WV     GOES12  20080827  2255   32.79    58.53   237   16.2  261  62.75  1.00
WV     GOES12  20080827  2255   32.38    58.04   187   12.3  264  72.37  0.69
WV     GOES12  20080827  2255   32.65    56.95   200    9.8  283  60.14  0.93
WV     GOES12  20080827  2255   32.71    56.55   225    7.6  275  66.87  0.67
WV     GOES12  20080827  2255   32.49    55.95   250    7.6  293  67.16  0.96
WV     GOES12  20080827  2255   32.45    55.80   237    4.9  272  59.14  0.80
WV     GOES12  20080827  2255   32.90    55.13   250    9.1  277  63.04  0.82
WV     GOES12  20080827  2255   32.82    54.60   262   12.4  311  49.40  0.92
WV     GOES12  20080827  2255   33.03    54.06   200   13.0  312  67.22  0.97
WV     GOES12  20080827  2255   32.46    53.98   225   13.0  334  59.22  0.99
WV     GOES12  20080827  2255   33.06    53.27   275   13.7  331  49.58  0.98
WV     GOES12  20080827  2255   32.88    51.70   225   13.7  351  67.43  0.86
WV     GOES12  20080827  2255   32.69    51.53   212   17.4  355  69.87  0.98
WV     GOES12  20080827  2255   33.25    46.44   362    6.5   95  58.93  0.68
WV     GOES12  20080827  2255   33.33    45.73   362    4.8  144  62.20  0.63
WV     GOES12  20080827  2255   32.96    44.49   350    5.3  139  75.39  0.61
WV     GOES12  20080827  2255   33.02    43.32   250    6.0  121  67.80  0.99
WV     GOES12  20080827  2255   33.07    43.23   250    5.9  123  69.21  0.97
WV     GOES12  20080827  2255   33.26    42.39   250    5.5  149  75.00  0.58
WV     GOES12  20080827  2255   33.25    41.68   350    9.4  154  63.75  0.99
WV     GOES12  20080827  2255   33.58    35.85   262   14.2  214  68.03  0.94
WV     GOES12  20080827  2255   33.59    35.74   262   13.5  217  73.94  0.99
WV     GOES12  20080827  2255   33.96    34.47   287   14.7  227  57.15  0.99
WV     GOES12  20080827  2255   33.87    34.34   287   14.4  226  57.11  0.94
WV     GOES12  20080827  2255   31.99    58.60   275   12.4  271  71.05  0.93
WV     GOES12  20080827  2255   31.94    58.53   275   12.0  272  72.04  0.92
WV     GOES12  20080827  2255   32.10    57.86   175   13.2  282  63.51  0.90
WV     GOES12  20080827  2255   31.97    57.51   225    8.5  291  66.63  0.78
WV     GOES12  20080827  2255   31.93    57.25   237    9.3  300  61.33  0.93
WV     GOES12  20080827  2255   32.06    56.28   237   10.9  307  55.57  0.96
WV     GOES12  20080827  2255   32.16    55.87   225    6.5  293  70.33  0.96
WV     GOES12  20080827  2255   31.75    55.57   250    5.2  302  67.31  0.75
WV     GOES12  20080827  2255   32.16    54.39   325    9.9  321  51.95  0.63
WV     GOES12  20080827  2255   32.10    53.61   300    7.4  357  70.11  0.63
WV     GOES12  20080827  2255   31.89    52.89   275   15.3    6  48.62  0.99
WV     GOES12  20080827  2255   31.89    52.86   287   15.5    6  47.88  0.96
WV     GOES12  20080827  2255   32.20    51.98   212   18.9  358  61.22  1.00
WV     GOES12  20080827  2255   32.06    51.91   225   18.6  358  58.21  0.99
WV     GOES12  20080827  2255   32.42    51.31   200   20.0    3  56.19  0.98
WV     GOES12  20080827  2255   32.54    47.34   362    3.3  108  65.69  0.63
WV     GOES12  20080827  2255   32.58    46.42   362    3.8   86  67.56  0.76
WV     GOES12  20080827  2255   32.60    44.93   350    4.5  151  71.63  0.85
WV     GOES12  20080827  2255   32.63    44.42   350    6.4  129  64.45  0.67
WV     GOES12  20080827  2255   32.42    43.82   337    5.7  155  75.21  0.96
WV     GOES12  20080827  2255   32.57    43.59   250    5.6  130  64.50  0.81
WV     GOES12  20080827  2255   32.50    43.05   300    7.1  171  68.87  0.73
WV     GOES12  20080827  2255   32.53    41.52   350    8.8  158  66.25  0.96
WV     GOES12  20080827  2255   32.35    41.41   350    8.6  167  73.89  1.00
WV     GOES12  20080827  2255   32.65    36.87   250   15.7  202  77.10  0.94
WV     GOES12  20080827  2255   32.89    36.04   250   15.2  210  77.27  0.94
WV     GOES12  20080827  2255   32.60    36.08   262   14.0  209  75.62  0.96
WV     GOES12  20080827  2255   32.96    31.07   337    6.2  207  52.08  0.66
WV     GOES12  20080827  2255   33.21    28.08   337    7.1  282  71.58  0.63
WV     GOES12  20080827  2255   33.67    26.45   325   11.6  283  62.11  0.80
WV     GOES12  20080827  2255   31.14    58.91   300    7.8  295  64.21  0.96
WV     GOES12  20080827  2255   31.43    58.32   175    9.4  302  60.69  0.99
WV     GOES12  20080827  2255   31.20    58.27   175    8.8  304  64.26  0.99
WV     GOES12  20080827  2255   31.23    57.25   175    9.2  308  69.84  0.99
WV     GOES12  20080827  2255   30.86    57.15   175    9.6  317  69.56  0.88
WV     GOES12  20080827  2255   31.26    56.45   275   11.0  316  55.95  1.00
WV     GOES12  20080827  2255   31.08    56.06   225    7.6  320  74.04  0.97
WV     GOES12  20080827  2255   31.00    55.81   262    5.3  324  67.68  0.91
WV     GOES12  20080827  2255   31.52    55.41   325    5.2  308  75.25  0.82
WV     GOES12  20080827  2255   31.56    52.73   225   18.6    1  51.63  0.99
WV     GOES12  20080827  2255   31.53    52.49   212   18.9    4  54.91  1.00
WV     GOES12  20080827  2255   31.82    46.36   362    4.3  171  58.13  0.80
WV     GOES12  20080827  2255   31.85    45.81   462    4.9  174  66.63  0.52
WV     GOES12  20080827  2255   31.35    45.43   362    4.9  182  62.59  0.81
WV     GOES12  20080827  2255   31.94    44.75   350    7.0  164  60.36  0.93
WV     GOES12  20080827  2255   31.75    43.97   300    7.3  166  58.26  0.68
WV     GOES12  20080827  2255   31.75    42.93   300    6.3  199  60.80  0.59
WV     GOES12  20080827  2255   32.16    41.41   337    9.0  166  68.78  1.00
WV     GOES12  20080827  2255   31.63    38.92   262   16.7  195  69.51  0.82
WV     GOES12  20080827  2255   31.80    38.38   250   19.7  192  66.58  0.99
WV     GOES12  20080827  2255   31.87    38.03   250   19.6  192  68.50  1.00
WV     GOES12  20080827  2255   32.17    36.95   225   16.4  199  59.66  1.00
WV     GOES12  20080827  2255   32.07    36.94   250   16.4  197  75.93  1.00
WV     GOES12  20080827  2255   32.01    35.50   250   16.3  225  52.59  0.83
WV     GOES12  20080827  2255   32.56    33.65   325    8.7  206  57.36  0.60
WV     GOES12  20080827  2255   30.68    58.72   250    6.9  298  69.57  0.93
WV     GOES12  20080827  2255   30.28    58.38   175    6.9  316  67.70  0.98
WV     GOES12  20080827  2255   30.56    58.03   175    7.4  316  67.10  0.97
WV     GOES12  20080827  2255   30.62    57.71   175    7.5  303  69.37  0.66
WV     GOES12  20080827  2255   30.49    57.37   287    8.9  326  60.06  0.84
WV     GOES12  20080827  2255   30.75    56.33   200    9.5  333  70.50  0.81
WV     GOES12  20080827  2255   30.71    56.02   237    6.6  316  67.01  0.95
WV     GOES12  20080827  2255   30.53    55.87   325    4.9  318  67.61  0.76
WV     GOES12  20080827  2255   30.66    52.06   350    5.6   24  72.79  0.90
WV     GOES12  20080827  2255   30.83    43.56   300    5.8  159  64.98  0.51
WV     GOES12  20080827  2255   31.33    42.90   300    8.8  181  68.06  0.80
WV     GOES12  20080827  2255   31.59    38.67   262   16.5  192  76.35  1.00
WV     GOES12  20080827  2255   31.43    38.21   250   19.9  192  67.57  1.00
WV     GOES12  20080827  2255   31.49    38.04   250   20.2  192  65.99  0.99
WV     GOES12  20080827  2255   31.33    37.58   237   18.1  196  69.25  0.98
WV     GOES12  20080827  2255   31.86    34.00   337    7.8  206  63.91  0.61
WV     GOES12  20080827  2255   31.80    33.56   325    8.3  217  65.42  0.76
WV     GOES12  20080827  2255   29.99    58.98   287    7.6  317  64.30  0.98
WV     GOES12  20080827  2255   30.04    58.72   212    7.2  315  71.92  0.99
WV     GOES12  20080827  2255   30.10    58.24   250    7.8  327  65.24  0.97
WV     GOES12  20080827  2255   29.97    56.53   237    9.2  344  63.32  0.69
WV     GOES12  20080827  2255   29.61    56.46   300    6.0  337  69.91  0.97
WV     GOES12  20080827  2255   29.62    55.95   237    8.2  349  74.33  0.92
WV     GOES12  20080827  2255   29.73    55.32   300   11.0    5  61.10  1.00
WV     GOES12  20080827  2255   29.73    55.27   300   11.1    5  61.28  1.00
WV     GOES12  20080827  2255   29.82    54.01   300   16.8   11  47.00  1.00
WV     GOES12  20080827  2255   29.82    51.22   350    7.2   24  62.30  0.80
WV     GOES12  20080827  2255   30.54    45.88   362    6.6  157  50.85  0.96
WV     GOES12  20080827  2255   30.22    43.67   300    7.8  159  53.68  0.81
WV     GOES12  20080827  2255   30.68    39.19   237   13.6  197  52.50  0.68
WV     GOES12  20080827  2255   30.86    34.93   337    5.5  204  73.57  0.71
WV     GOES12  20080827  2255   30.95    33.55   325   10.3  183  50.96  0.72
WV     GOES12  20080827  2255   31.07    32.25   325    9.2  247  53.17  0.84
WV     GOES12  20080827  2255   29.04    57.42   312    6.1  344  69.97  1.00
WV     GOES12  20080827  2255   29.04    57.39   312    6.1  344  70.31  1.00
WV     GOES12  20080827  2255   29.05    56.81   312    5.7  337  69.65  0.95
WV     GOES12  20080827  2255   28.98    56.13   200    9.7  356  69.10  0.80
WV     GOES12  20080827  2255   29.50    55.45   312   10.8    4  59.89  1.00
WV     GOES12  20080827  2255   29.41    55.34   300   10.6    4  65.33  1.00
WV     GOES12  20080827  2255   29.19    52.23   312    8.3  343  54.36  0.88
WV     GOES12  20080827  2255   29.34    51.86   325    8.1    3  60.95  0.79
WV     GOES12  20080827  2255   29.36    51.47   337    7.0   30  63.16  0.90
WV     GOES12  20080827  2255   29.37    51.16   337    6.9   28  63.16  0.98
WV     GOES12  20080827  2255   29.15    50.95   262    6.6   31  65.11  0.91
WV     GOES12  20080827  2255   29.50    50.06   262    5.7   12  75.75  0.99
WV     GOES12  20080827  2255   29.50    50.01   275    5.8   18  70.52  0.99
WV     GOES12  20080827  2255   29.20    49.68   300    3.4  322  61.85  0.86
WV     GOES12  20080827  2255   29.23    48.68   337    6.7  327  61.57  0.83
WV     GOES12  20080827  2255   30.03    41.97   350    5.8  200  69.98  0.99
WV     GOES12  20080827  2255   30.04    41.71   350    6.1  197  69.91  1.00
WV     GOES12  20080827  2255   29.76    40.95   350    7.2  213  63.27  0.74
WV     GOES12  20080827  2255   30.11    38.47   400    8.1  221  55.16  0.74
WV     GOES12  20080827  2255   30.15    35.97   325    8.5  211  66.26  0.83
WV     GOES12  20080827  2255   30.32    35.55   312    9.3  216  63.32  0.86
WV     GOES12  20080827  2255   30.38    30.44   325    6.7  238  69.36  0.63
WV     GOES12  20080827  2255   30.53    29.56   325    7.0  241  69.27  1.00
WV     GOES12  20080827  2255   30.56    29.08   325    6.7  241  68.71  0.67
WV     GOES12  20080827  2255   30.46    27.76   325    7.0  252  70.09  0.92
WV     GOES12  20080827  2255   30.65    26.95   312   11.9  259  57.16  0.67
WV     GOES12  20080827  2255   30.79    20.65   325   11.3  281  71.78  0.99
WV     GOES12  20080827  2255   30.81    20.35   337   10.9  283  71.25  0.99
WV     GOES12  20080827  2255   28.87    52.40   312    7.9  332  51.38  0.60
WV     GOES12  20080827  2255   28.85    51.78   325    5.7   29  69.18  0.84
WV     GOES12  20080827  2255   28.91    51.32   325    6.0   30  66.37  0.97
WV     GOES12  20080827  2255   28.92    51.13   312    6.0   28  67.75  0.99
WV     GOES12  20080827  2255   28.89    50.75   275    6.0   37  61.45  0.81
WV     GOES12  20080827  2255   28.86    50.09   300    4.0   20  70.43  0.86
WV     GOES12  20080827  2255   28.74    49.80   287    3.6  355  76.08  0.69
WV     GOES12  20080827  2255   28.62    49.38   325    4.5  337  73.66  0.94
WV     GOES12  20080827  2255   28.72    49.21   350    4.7  336  70.50  0.92
WV     GOES12  20080827  2255   28.51    48.77   275    6.1  325  69.03  0.92
WV     GOES12  20080827  2255   28.67    48.21   237    8.8  308  64.25  0.67
WV     GOES12  20080827  2255   29.41    37.86   325   10.5  207  60.01  0.72
WV     GOES12  20080827  2255   29.48    37.38   337    7.6  208  64.47  0.60
WV     GOES12  20080827  2255   29.81    31.43   300   11.4  212  57.63  0.85
WV     GOES12  20080827  2255   30.09    28.35   312    6.6  251  74.08  0.98
WV     GOES12  20080827  2255   30.50    20.80   325   10.6  283  70.35  0.94
WV     GOES12  20080827  2255   27.77    52.26   300    3.8   21  65.37  0.80
WV     GOES12  20080827  2255   28.25    49.67   275    3.2  357  64.70  0.80
WV     GOES12  20080827  2255   28.32    49.17   312    4.8  327  71.94  0.71
WV     GOES12  20080827  2255   28.33    48.80   275    6.0  320  70.28  0.89
WV     GOES12  20080827  2255   28.25    48.46   325    8.2  312  57.89  0.76
WV     GOES12  20080827  2255   28.15    46.61   300   14.3  284  49.51  0.90
WV     GOES12  20080827  2255   28.71    38.18   337    7.8  204  63.82  0.78
WV     GOES12  20080827  2255   28.83    37.48   275   13.7  196  65.52  0.78
WV     GOES12  20080827  2255   28.80    37.22   237   13.0  188  56.91  0.60
WV     GOES12  20080827  2255   28.36    35.20   325   10.9  188  68.70  0.97
WV     GOES12  20080827  2255   28.92    31.79   312    9.3  197  63.66  0.76
WV     GOES12  20080827  2255   29.03    31.32   300    7.9  210  73.64  0.99
WV     GOES12  20080827  2255   27.41    53.81   325   11.2    7  53.48  0.77
WV     GOES12  20080827  2255   27.53    52.88   337    6.5  328  56.02  0.71
WV     GOES12  20080827  2255   27.41    52.30   325    3.2   24  67.45  0.65
WV     GOES12  20080827  2255   27.28    52.23   325    3.2   11  72.18  0.77
WV     GOES12  20080827  2255   27.66    48.98   225    5.6  292  71.48  0.67
WV     GOES12  20080827  2255   27.62    48.69   225    6.2  298  76.53  0.71
WV     GOES12  20080827  2255   27.61    47.76   262    8.6  285  79.13  0.83
WV     GOES12  20080827  2255   27.67    47.43   262   11.1  284  65.91  0.87
WV     GOES12  20080827  2255   27.32    47.23   262   12.0  276  62.84  0.94
WV     GOES12  20080827  2255   27.70    46.76   250   13.2  280  59.34  0.98
WV     GOES12  20080827  2255   27.72    46.24   300   14.9  278  50.63  0.97
WV     GOES12  20080827  2255   28.18    35.34   325   10.8  188  70.16  0.97
WV     GOES12  20080827  2255   28.05    35.16   325   10.4  183  73.90  0.99
WV     GOES12  20080827  2255   28.35    32.22   337    7.4  205  66.18  0.68
WV     GOES12  20080827  2255   28.47    31.69   262    9.9  225  74.55  0.69
WV     GOES12  20080827  2255   28.58    29.78   275    8.8  223  64.94  0.60
WV     GOES12  20080827  2255   26.83    54.26   350    5.8   30  65.23  0.96
WV     GOES12  20080827  2255   26.79    54.19   350    5.9   32  63.36  0.88
WV     GOES12  20080827  2255   26.91    51.46   362    3.2  253  67.25  0.90
WV     GOES12  20080827  2255   26.96    51.29   362    3.8  245  63.62  0.74
WV     GOES12  20080827  2255   27.02    49.56   325    6.6  245  55.82  0.59
WV     GOES12  20080827  2255   26.90    48.13   262    8.5  283  75.02  0.90
WV     GOES12  20080827  2255   27.00    47.76   262    9.6  279  76.63  0.99
WV     GOES12  20080827  2255   26.96    47.66   262    9.3  279  79.70  1.00
WV     GOES12  20080827  2255   27.07    46.97   262   12.8  277  63.12  0.82
WV     GOES12  20080827  2255   27.46    38.03   312   13.6  172  54.13  0.67
WV     GOES12  20080827  2255   27.41    37.18   312   11.5  181  68.05  0.74
WV     GOES12  20080827  2255   27.58    34.71   300   12.6  182  65.22  0.88
WV     GOES12  20080827  2255   27.63    33.83   350   10.4  192  55.51  0.53
WV     GOES12  20080827  2255   27.69    32.66   337    6.2  181  75.37  0.66
WV     GOES12  20080827  2255   27.67    31.35   287    7.7  200  63.15  0.68
WV     GOES12  20080827  2255   25.87    51.55   337    7.0  285  57.86  0.98
WV     GOES12  20080827  2255   26.24    50.70   325    6.6  288  60.10  0.67
WV     GOES12  20080827  2255   26.32    48.27   362    8.4  288  56.45  0.89
WV     GOES12  20080827  2255   26.37    44.64   200   11.4  250  65.02  0.82
WV     GOES12  20080827  2255   26.34    44.42   200   13.5  250  59.71  0.94
WV     GOES12  20080827  2255   26.42    39.51   337    9.3  182  65.79  0.71
WV     GOES12  20080827  2255   26.74    38.20   312   12.4  170  57.33  0.74
WV     GOES12  20080827  2255   26.68    37.60   175   14.4  197  48.30  0.67
WV     GOES12  20080827  2255   26.82    33.92   375    6.8  157  76.52  0.65
WV     GOES12  20080827  2255   26.98    33.40   337    6.4  168  70.37  0.82
WV     GOES12  20080827  2255   27.60    22.53   300    8.4  235  52.70  0.64
WV     GOES12  20080827  2255   27.61    22.38   300    8.0  235  54.49  0.83
WV     GOES12  20080827  2255   25.33    50.94   325    5.1  262  70.74  0.92
WV     GOES12  20080827  2255   25.69    49.01   337    5.4  278  71.80  0.72
WV     GOES12  20080827  2255   25.65    48.88   337    5.2  274  72.34  0.72
WV     GOES12  20080827  2255   25.23    47.49   250    6.6  245  61.62  0.78
WV     GOES12  20080827  2255   25.41    47.29   250    6.5  247  61.29  0.76
WV     GOES12  20080827  2255   25.35    46.50   325    7.8  252  65.82  0.76
WV     GOES12  20080827  2255   25.49    46.26   312    9.8  255  64.39  0.70
WV     GOES12  20080827  2255   25.74    41.07   300    8.0  166  54.72  0.89
WV     GOES12  20080827  2255   25.74    41.04   300    7.9  165  54.84  0.91
WV     GOES12  20080827  2255   26.06    34.84   412    7.5  140  75.63  0.51
WV     GOES12  20080827  2255   26.34    33.67   312    5.2  169  58.80  0.69
WV     GOES12  20080827  2255   26.16    32.90   312    4.8  216  57.77  0.64
WV     GOES12  20080827  2255   24.74    58.73   325    3.6   46  67.91  0.66
WV     GOES12  20080827  2255   25.00    50.41   312    6.0  279  72.99  0.87
WV     GOES12  20080827  2255   24.74    49.38   225    7.6  267  53.60  0.96
WV     GOES12  20080827  2255   24.70    49.31   237    7.5  267  65.21  0.95
WV     GOES12  20080827  2255   24.80    48.74   212    9.3  278  54.54  0.92
WV     GOES12  20080827  2255   24.51    48.52   225    8.8  278  61.08  0.61
WV     GOES12  20080827  2255   24.79    47.86   325   11.3  281  53.54  0.98
WV     GOES12  20080827  2255   24.68    47.23   300   11.6  281  55.88  0.88
WV     GOES12  20080827  2255   25.09    46.64   312    8.6  263  75.42  0.91
WV     GOES12  20080827  2255   25.10    46.32   300    9.6  263  72.46  0.87
WV     GOES12  20080827  2255   25.38    38.28   337   11.2  155  55.32  0.94
WV     GOES12  20080827  2255   24.99    38.19   337    8.2  136  60.07  0.92
WV     GOES12  20080827  2255   25.60    35.46   312    7.5  141  53.32  0.75
WV     GOES12  20080827  2255   23.83    54.49   162   16.4  258  56.05  0.98
WV     GOES12  20080827  2255   23.83    54.44   187   16.5  258  76.44  0.99
WV     GOES12  20080827  2255   23.84    54.05   200   19.7  264  61.62  0.97
WV     GOES12  20080827  2255   23.94    50.57   200   27.7  265  50.25  1.00
WV     GOES12  20080827  2255   24.01    48.24   212   14.5  291  58.54  0.84
WV     GOES12  20080827  2255   23.93    48.10   225   12.9  288  62.99  0.95
WV     GOES12  20080827  2255   24.64    38.28   337    8.3  142  63.23  0.62
WV     GOES12  20080827  2255   24.95    35.39   325    7.5  163  75.61  0.66
WV     GOES12  20080827  2255   25.06    33.88   287    7.1  190  74.08  0.51
WV     GOES12  20080827  2255   25.41    23.95   300    5.2  151  59.84  0.69
WV     GOES12  20080827  2255   25.70    22.00   300   11.8  126  47.55  0.63
WV     GOES12  20080827  2255   23.14    55.34   212   12.7  254  70.74  0.99
WV     GOES12  20080827  2255   23.44    54.81   200   18.2  251  58.33  0.96
WV     GOES12  20080827  2255   23.53    54.67   200   18.0  253  61.06  0.97
WV     GOES12  20080827  2255   23.59    54.08   187   19.4  265  60.68  0.97
WV     GOES12  20080827  2255   23.39    53.59   175   16.4  267  67.18  1.00
WV     GOES12  20080827  2255   23.43    53.55   175   16.7  267  68.78  1.00
WV     GOES12  20080827  2255   23.40    53.10   175   20.3  267  68.27  1.00
WV     GOES12  20080827  2255   23.41    52.71   175   19.1  269  72.18  0.99
WV     GOES12  20080827  2255   23.42    52.40   175   20.2  266  70.74  1.00
WV     GOES12  20080827  2255   23.52    51.71   200   23.1  268  71.16  1.00
WV     GOES12  20080827  2255   23.66    51.47   200   23.5  268  69.55  0.99
WV     GOES12  20080827  2255   23.67    50.86   175   25.7  266  53.94  1.00
WV     GOES12  20080827  2255   23.68    50.55   200   27.0  267  53.34  0.99
WV     GOES12  20080827  2255   23.53    50.06   175   28.0  271  49.24  0.97
WV     GOES12  20080827  2255   23.58    49.86   187   24.1  277  67.93  0.66
WV     GOES12  20080827  2255   24.17    37.21   362    7.0  149  75.68  0.54
WV     GOES12  20080827  2255   24.18    37.11   375    8.9  131  60.29  0.53
WV     GOES12  20080827  2255   22.53    56.39   175    8.4  218  68.46  0.99
WV     GOES12  20080827  2255   22.58    56.26   212    8.2  218  61.60  0.97
WV     GOES12  20080827  2255   22.67    55.70   200   11.1  241  70.92  0.97
WV     GOES12  20080827  2255   22.72    55.57   212   11.0  243  78.44  0.98
WV     GOES12  20080827  2255   22.94    55.03   225   11.8  254  68.63  0.98
WV     GOES12  20080827  2255   22.96    54.18   200   15.9  250  67.54  0.86
WV     GOES12  20080827  2255   22.97    53.69   187   16.9  263  66.31  1.00
WV     GOES12  20080827  2255   22.97    53.64   175   16.3  263  69.11  1.00
WV     GOES12  20080827  2255   22.90    53.28   162   17.5  267  67.30  0.95
WV     GOES12  20080827  2255   22.91    52.64   175   17.6  267  63.62  1.00
WV     GOES12  20080827  2255   22.97    52.19   187   20.1  263  63.89  0.94
WV     GOES12  20080827  2255   22.98    51.78   187   21.7  268  71.07  0.96
WV     GOES12  20080827  2255   23.12    51.38   187   21.4  268  64.60  1.00
WV     GOES12  20080827  2255   23.08    51.13   200   25.5  265  60.06  0.79
WV     GOES12  20080827  2255   23.05    50.83   200   23.9  268  70.98  1.00
WV     GOES12  20080827  2255   23.15    50.25   187   27.8  268  53.13  1.00
WV     GOES12  20080827  2255   23.30    44.24   375    6.8  135  55.35  0.81
WV     GOES12  20080827  2255   23.62    29.78   325    6.9  112  60.45  0.61
WV     GOES12  20080827  2255   23.53    28.98   437    6.6  105  61.83  0.75
WV     GOES12  20080827  2255   21.88    58.12   175   16.5  192  47.32  0.86
WV     GOES12  20080827  2255   21.93    57.75   175   15.5  205  48.30  0.84
WV     GOES12  20080827  2255   21.94    57.41   175   12.0  204  59.92  0.96
WV     GOES12  20080827  2255   22.02    57.35   175   12.0  206  60.07  0.98
WV     GOES12  20080827  2255   22.28    56.85   175   15.9  223  47.02  0.92
WV     GOES12  20080827  2255   22.30    55.91   212    9.9  236  75.42  0.97
WV     GOES12  20080827  2255   22.25    50.98   212   20.1  262  55.94  0.96
WV     GOES12  20080827  2255   22.26    50.93   212   19.2  262  56.35  0.96
WV     GOES12  20080827  2255   22.27    50.53   187   20.7  264  52.81  0.91
WV     GOES12  20080827  2255   22.20    49.95   200   25.6  275  56.39  0.78
WV     GOES12  20080827  2255   22.17    49.40   200   24.4  282  60.51  1.00
WV     GOES12  20080827  2255   22.22    49.29   200   24.7  282  58.65  1.00
WV     GOES12  20080827  2255   22.27    48.85   200   24.7  285  56.88  0.95
WV     GOES12  20080827  2255   22.56    47.79   200   23.3  301  50.54  0.89
WV     GOES12  20080827  2255   23.47    26.70   325    8.1   37  53.43  0.82
WV     GOES12  20080827  2255   23.43    23.23   312    6.7  100  66.18  0.61
WV     GOES12  20080827  2255   21.15    58.20   187    6.6  195  59.97  0.63
WV     GOES12  20080827  2255   21.19    57.95   187    6.6  195  61.20  0.65
WV     GOES12  20080827  2255   21.37    53.20   262    8.1  241  52.13  0.64
WV     GOES12  20080827  2255   21.37    51.58   275    6.9  284  68.17  0.75
WV     GOES12  20080827  2255   21.55    50.95   212   15.0  270  60.16  0.96
WV     GOES12  20080827  2255   21.60    50.86   212   14.3  271  57.75  0.98
WV     GOES12  20080827  2255   21.45    50.14   212   16.2  286  68.14  0.91
WV     GOES12  20080827  2255   21.67    49.83   225   13.2  285  70.47  0.64
WV     GOES12  20080827  2255   21.85    49.27   175   13.0  301  45.22  0.90
WV     GOES12  20080827  2255   21.53    47.56   200   22.1  300  56.01  0.81
WV     GOES12  20080827  2255   21.99    44.83   350    8.2  152  50.36  0.63
WV     GOES12  20080827  2255   22.24    36.90   262   18.1  192  47.46  0.83
WV     GOES12  20080827  2255   22.02    35.91   250   15.2  192  50.40  0.85
WV     GOES12  20080827  2255   22.50    27.97   400    7.9   96  77.20  0.72
WV     GOES12  20080827  2255   20.73    58.80   175   13.3  175  53.88  0.96
WV     GOES12  20080827  2255   20.97    58.70   187   13.9  178  53.30  0.93
WV     GOES12  20080827  2255   21.03    58.12   175    7.2  194  60.25  0.85
WV     GOES12  20080827  2255   21.11    57.97   187    7.0  192  63.16  0.62
WV     GOES12  20080827  2255   21.07    55.75   187    9.3  180  52.90  0.88
WV     GOES12  20080827  2255   20.92    55.41   175    6.2  221  63.14  0.75
WV     GOES12  20080827  2255   20.74    54.03   212    8.5  213  50.77  0.88
WV     GOES12  20080827  2255   21.17    53.28   275    6.7  221  51.84  0.99
WV     GOES12  20080827  2255   21.13    53.19   275    8.2  240  52.35  0.67
WV     GOES12  20080827  2255   21.26    49.85   237    9.9  279  63.62  0.66
WV     GOES12  20080827  2255   20.98    49.54   225   12.2  286  66.17  0.91
WV     GOES12  20080827  2255   21.07    49.08   250    6.3  303  74.62  0.68
WV     GOES12  20080827  2255   21.08    47.32   200   20.6  311  56.27  0.96
WV     GOES12  20080827  2255   21.10    46.56   200   24.6  311  42.30  0.84
WV     GOES12  20080827  2255   21.47    38.18   225   20.9  190  47.22  0.98
WV     GOES12  20080827  2255   21.33    35.53   325    8.9  165  55.90  0.63
WV     GOES12  20080827  2255   21.56    34.93   350    8.4  149  68.27  0.88
WV     GOES12  20080827  2255   21.80    34.12   312    9.8  166  50.32  0.95
WV     GOES12  20080827  2255   21.58    33.35   300   12.9  115  50.53  0.79
WV     GOES12  20080827  2255   22.08    27.88   437    9.5   99  77.40  0.93
WV     GOES12  20080827  2255   20.48    58.91   162   12.6  172  53.09  0.99
WV     GOES12  20080827  2255   20.41    58.30   175   11.4  161  57.83  0.91
WV     GOES12  20080827  2255   20.43    55.61   175    6.1  203  71.77  0.92
WV     GOES12  20080827  2255   20.47    55.36   175    8.2  211  72.09  0.94
WV     GOES12  20080827  2255   20.48    55.21   175    8.8  216  68.21  0.90
WV     GOES12  20080827  2255   20.51    53.83   162    6.2  202  50.80  0.74
WV     GOES12  20080827  2255   20.51    53.50   175   11.7  247  62.59  0.71
WV     GOES12  20080827  2255   20.19    53.34   162   13.1  243  51.67  0.96
WV     GOES12  20080827  2255   20.42    50.77   287    5.6  280  62.77  0.79
WV     GOES12  20080827  2255   20.54    50.62   287    5.4  276  62.30  0.63
WV     GOES12  20080827  2255   20.47    48.61   200   15.3  299  63.79  0.67
WV     GOES12  20080827  2255   20.65    47.98   200   18.8  312  62.68  1.00
WV     GOES12  20080827  2255   20.66    47.93   200   18.7  312  63.12  1.00
WV     GOES12  20080827  2255   20.59    47.30   200   20.5  313  54.80  0.89
WV     GOES12  20080827  2255   20.47    47.12   200   22.7  313  47.84  0.97
WV     GOES12  20080827  2255   20.49    46.68   200   23.5  315  43.59  0.98
WV     GOES12  20080827  2255   20.76    40.75   375   11.8   89  50.08  0.71
WV     GOES12  20080827  2255   20.65    37.97   237   17.3  174  62.32  0.99
WV     GOES12  20080827  2255   20.67    37.56   237   14.6  171  72.10  0.82
WV     GOES12  20080827  2255   21.13    36.36   262   16.2  171  50.51  0.60
WV     GOES12  20080827  2255   19.44    58.85   162    6.4  144  70.54  0.99
WV     GOES12  20080827  2255   19.69    58.56   175    9.0  143  60.97  0.94
WV     GOES12  20080827  2255   19.57    58.20   175    7.5  146  69.62  0.95
WV     GOES12  20080827  2255   19.66    57.83   175    8.5  159  64.73  0.79
WV     GOES12  20080827  2255   19.75    57.08   150    8.2  181  55.41  0.82
WV     GOES12  20080827  2255   19.52    56.90   150    5.6  154  68.23  0.62
WV     GOES12  20080827  2255   19.58    55.78   162    6.2  190  67.42  0.71
WV     GOES12  20080827  2255   19.71    55.35   200    4.3  207  77.87  0.65
WV     GOES12  20080827  2255   19.51    54.95   175    4.0  217  73.77  0.99
WV     GOES12  20080827  2255   19.68    54.80   175    4.5  226  73.49  0.96
WV     GOES12  20080827  2255   19.82    53.72   162    4.1  226  58.28  0.66
WV     GOES12  20080827  2255   19.78    53.65   162    4.5  224  57.86  0.67
WV     GOES12  20080827  2255   19.52    52.76   150    8.0  242  56.04  0.67
WV     GOES12  20080827  2255   19.56    52.60   175    8.0  246  53.06  0.76
WV     GOES12  20080827  2255   20.02    48.78   200   14.8  293  56.72  0.60
WV     GOES12  20080827  2255   19.87    48.50   212   11.8  304  63.51  0.98
WV     GOES12  20080827  2255   19.79    48.34   212   11.4  309  64.27  0.97
WV     GOES12  20080827  2255   19.81    47.80   200   15.0  309  67.80  0.97
WV     GOES12  20080827  2255   20.03    46.98   200   20.8  318  50.12  0.97
WV     GOES12  20080827  2255   19.72    46.46   187   21.3  314  44.50  0.85
WV     GOES12  20080827  2255   20.31    39.45   400   11.3   83  54.44  0.93
WV     GOES12  20080827  2255   20.11    39.24   437   11.9   87  62.97  0.93
WV     GOES12  20080827  2255   20.18    38.57   237   17.6  177  59.73  0.93
WV     GOES12  20080827  2255   19.93    38.47   237   16.6  174  63.45  1.00
WV     GOES12  20080827  2255   20.17    37.67   237   15.5  171  64.63  0.85
WV     GOES12  20080827  2255   20.35    37.23   237   12.5  164  71.42  0.93
WV     GOES12  20080827  2255   20.00    36.55   312    9.5  133  67.14  0.97
WV     GOES12  20080827  2255   20.35    35.02   312   10.3  112  61.36  0.84
WV     GOES12  20080827  2255   20.16    34.49   262   11.2  173  46.90  0.62
WV     GOES12  20080827  2255   20.35    33.87   262    7.5  133  80.32  0.92
WV     GOES12  20080827  2255   20.55    32.08   312    6.6  133  67.83  0.98
WV     GOES12  20080827  2255   20.52    31.70   312    6.5  140  65.37  0.97
WV     GOES12  20080827  2255   20.85    27.06   337    9.3  141  52.67  0.63
WV     GOES12  20080827  2255   19.20    58.83   200    8.4  153  59.71  0.60
WV     GOES12  20080827  2255   18.93    58.42   175    5.9  143  72.13  0.76
WV     GOES12  20080827  2255   18.91    57.19   150    6.4  101  54.71  0.85
WV     GOES12  20080827  2255   19.30    55.46   200    4.9  216  64.42  0.72
WV     GOES12  20080827  2255   19.21    53.99   175    7.0  272  63.55  0.61
WV     GOES12  20080827  2255   18.95    53.27   162    8.9  292  58.37  0.61
WV     GOES12  20080827  2255   19.21    52.44   187    6.1  280  62.29  0.73
WV     GOES12  20080827  2255   19.10    52.03   225    8.6  304  64.87  0.78
WV     GOES12  20080827  2255   19.34    48.43   200   13.8  315  75.28  0.86
WV     GOES12  20080827  2255   19.40    47.97   200   14.5  315  72.85  0.97
WV     GOES12  20080827  2255   19.08    47.57   212   11.7  329  73.75  0.93
WV     GOES12  20080827  2255   19.42    47.20   200   13.0  329  64.07  0.83
WV     GOES12  20080827  2255   19.73    38.57   237   16.5  173  62.35  1.00
WV     GOES12  20080827  2255   19.50    38.15   225   14.2  167  71.05  1.00
WV     GOES12  20080827  2255   19.51    37.86   212   13.8  167  64.06  1.00
WV     GOES12  20080827  2255   19.50    35.76   237    8.3  108  53.29  0.61
WV     GOES12  20080827  2255   19.41    34.71   287    8.1  126  69.21  0.99
WV     GOES12  20080827  2255   19.75    34.45   225    8.8  134  73.06  0.98
WV     GOES12  20080827  2255   19.65    33.88   237    8.4  128  74.47  0.79
WV     GOES12  20080827  2255   19.55    33.41   212    9.8  131  66.84  0.95
WV     GOES12  20080827  2255   19.78    32.55   225    6.0  144  67.59  0.69
WV     GOES12  20080827  2255   19.75    32.42   225    6.0  140  70.00  0.75
WV     GOES12  20080827  2255   19.73    31.79   200    5.2  159  64.14  0.89
WV     GOES12  20080827  2255   19.67    31.20   287    8.8  168  54.70  0.72
WV     GOES12  20080827  2255   18.54    58.11   200    5.0  104  71.35  0.66
WV     GOES12  20080827  2255   18.60    54.82   162    3.8  220  62.34  0.63
WV     GOES12  20080827  2255   18.65    53.98   162    6.9  267  60.68  0.63
WV     GOES12  20080827  2255   18.31    53.30   187    9.1  322  57.46  0.96
WV     GOES12  20080827  2255   18.70    51.80   262    3.9  353  66.84  0.81
WV     GOES12  20080827  2255   18.84    47.83   200   12.9  326  74.05  0.77
WV     GOES12  20080827  2255   18.54    46.73   200   18.9  330  49.06  0.92
WV     GOES12  20080827  2255   18.70    38.80   312   12.1  158  55.20  0.97
WV     GOES12  20080827  2255   19.13    38.24   262   12.9  169  67.86  0.98
WV     GOES12  20080827  2255   18.99    37.50   200   12.7  142  68.60  0.94
WV     GOES12  20080827  2255   19.21    35.74   300    7.4  109  72.52  0.60
WV     GOES12  20080827  2255   19.13    35.63   300    7.1  104  68.64  0.63
WV     GOES12  20080827  2255   19.33    34.77   300    7.8  118  71.80  0.97
WV     GOES12  20080827  2255   19.25    34.67   287    8.2  120  73.59  0.96
WV     GOES12  20080827  2255   19.16    33.80   212   11.7  117  60.37  0.78
WV     GOES12  20080827  2255   19.13    33.53   187   11.2  110  60.91  0.95
WV     GOES12  20080827  2255   19.32    32.81   212    8.4  149  59.86  0.97
WV     GOES12  20080827  2255   19.12    32.68   225    9.2  148  60.06  0.96
WV     GOES12  20080827  2255   19.21    27.18   325    3.6  165  65.34  0.99
WV     GOES12  20080827  2255   19.18    27.04   325    4.1  167  69.40  0.98
WV     GOES12  20080827  2255   17.66    58.66   187    5.1   55  62.30  0.90
WV     GOES12  20080827  2255   17.87    58.19   175    5.0   79  73.03  0.79
WV     GOES12  20080827  2255   17.96    57.34   175    5.9   46  55.70  0.54
WV     GOES12  20080827  2255   18.19    53.27   187    9.2  320  58.42  0.97
WV     GOES12  20080827  2255   17.98    52.03   250    4.7  343  77.10  0.93
WV     GOES12  20080827  2255   18.14    51.87   275    5.5  353  59.86  0.96
WV     GOES12  20080827  2255   18.04    51.27   237    3.5  359  59.44  0.93
WV     GOES12  20080827  2255   18.17    50.64   275    3.1  318  63.41  0.92
WV     GOES12  20080827  2255   18.30    46.84   200   16.7  324  52.50  0.78
WV     GOES12  20080827  2255   18.29    45.66   362   13.5   68  51.07  0.68
WV     GOES12  20080827  2255   18.19    43.76   350    9.4   88  59.23  0.82
WV     GOES12  20080827  2255   18.50    38.80   300   11.2  158  63.06  0.99
WV     GOES12  20080827  2255   18.50    38.74   312   11.1  158  58.36  0.98
WV     GOES12  20080827  2255   18.57    37.86   212   12.7  150  64.51  0.96
WV     GOES12  20080827  2255   18.45    37.77   225    9.5  143  68.68  0.89
WV     GOES12  20080827  2255   18.22    37.41   287    8.9  122  58.89  0.91
WV     GOES12  20080827  2255   18.63    36.03   287    7.0   89  56.98  0.83
WV     GOES12  20080827  2255   18.32    35.75   300    7.6  109  78.27  0.74
WV     GOES12  20080827  2255   18.31    34.88   287    8.0  123  64.73  0.79
WV     GOES12  20080827  2255   18.62    34.13   362   11.2  115  52.03  0.76
WV     GOES12  20080827  2255   18.17    33.99   200   11.8  115  65.54  0.98
WV     GOES12  20080827  2255   18.71    32.77   212    6.2  118  63.18  0.73
WV     GOES12  20080827  2255   18.66    31.84   187    6.0  137  68.33  0.97
WV     GOES12  20080827  2255   18.55    31.46   200    4.1  146  59.57  0.74
WV     GOES12  20080827  2255   18.47    31.31   200    4.0  146  59.51  0.64
WV     GOES12  20080827  2255   18.50    29.46   287   11.7  156  63.61  0.75
WV     GOES12  20080827  2255   18.69    27.96   300    8.1  162  73.43  0.89
WV     GOES12  20080827  2255   18.74    27.65   287    8.2  159  69.77  0.96
WV     GOES12  20080827  2255   18.72    27.10   287    6.2  154  70.99  0.85
WV     GOES12  20080827  2255   17.23    58.85   200    6.7   66  69.78  0.95
WV     GOES12  20080827  2255   17.43    58.45   187    5.6   85  72.05  0.96
WV     GOES12  20080827  2255   17.37    57.22   212    4.7  121  56.52  0.99
WV     GOES12  20080827  2255   17.10    57.00   200    4.3  118  55.60  0.99
WV     GOES12  20080827  2255   17.08    55.46   225    6.0   65  62.79  0.78
WV     GOES12  20080827  2255   17.17    55.14   225    3.8   56  73.15  0.90
WV     GOES12  20080827  2255   17.17    53.16   162    9.7  328  63.80  0.87
WV     GOES12  20080827  2255   17.18    52.55   200    8.8  344  68.29  0.73
WV     GOES12  20080827  2255   17.26    52.24   237    7.5  343  63.82  0.96
WV     GOES12  20080827  2255   17.43    51.99   237    7.3  348  66.52  0.99
WV     GOES12  20080827  2255   17.28    51.49   225    8.4  352  65.94  0.89
WV     GOES12  20080827  2255   17.44    51.24   237    6.0  344  78.25  0.93
WV     GOES12  20080827  2255   17.22    50.73   237    6.9  342  70.74  0.86
WV     GOES12  20080827  2255   17.22    50.55   237    6.8  343  71.42  0.97
WV     GOES12  20080827  2255   17.73    45.76   375   14.5   60  51.01  0.61
WV     GOES12  20080827  2255   17.57    38.86   312    8.2  167  64.54  0.50
WV     GOES12  20080827  2255   17.49    36.38   287    6.2   90  61.00  0.90
WV     GOES12  20080827  2255   17.75    35.81   287    8.0  105  69.04  0.99
WV     GOES12  20080827  2255   17.92    35.53   287    8.2  124  63.17  0.86
WV     GOES12  20080827  2255   17.57    34.90   200    7.9   85  58.07  0.98
WV     GOES12  20080827  2255   17.67    34.47   325    9.7   94  57.48  0.65
WV     GOES12  20080827  2255   18.01    33.88   200   12.2  116  63.10  0.94
WV     GOES12  20080827  2255   17.70    33.45   200   13.3  114  58.33  0.98
WV     GOES12  20080827  2255   18.17    32.87   175    8.9  118  76.24  0.77
WV     GOES12  20080827  2255   17.97    31.72   175    5.8  133  64.73  0.87
WV     GOES12  20080827  2255   17.82    31.28   212    5.8  139  64.36  0.76
WV     GOES12  20080827  2255   17.93    29.48   287   11.2  143  70.84  0.92
WV     GOES12  20080827  2255   18.06    28.28   212    8.3  144  69.97  0.95
WV     GOES12  20080827  2255   17.91    27.76   162   11.5  140  58.94  0.92
WV     GOES12  20080827  2255   17.92    27.64   162    9.8  153  67.98  0.66
WV     GOES12  20080827  2255   18.04    26.66   212    4.8  153  73.45  0.67
WV     GOES12  20080827  2255   18.34    26.23   212    4.6  138  72.10  0.70
WV     GOES12  20080827  2255   16.76    58.60   200    9.1   33  52.74  0.97
WV     GOES12  20080827  2255   16.47    57.51   187    7.6   70  62.86  0.83
WV     GOES12  20080827  2255   16.91    56.36   250    4.2   76  73.09  0.78
WV     GOES12  20080827  2255   16.89    55.61   212    8.2   74  53.33  0.70
WV     GOES12  20080827  2255   16.89    55.56   212    8.2   73  53.24  0.67
WV     GOES12  20080827  2255   16.89    55.20   212    4.9   69  61.62  0.94
WV     GOES12  20080827  2255   16.73    53.30   162    7.9  335  69.40  0.81
WV     GOES12  20080827  2255   16.62    53.02   175   11.7  328  55.10  0.98
WV     GOES12  20080827  2255   16.79    52.56   225    7.7  344  64.92  0.95
WV     GOES12  20080827  2255   16.67    52.23   225    8.4  352  65.06  1.00
WV     GOES12  20080827  2255   16.72    51.78   250    9.0  352  55.91  0.88
WV     GOES12  20080827  2255   16.61    51.40   212    6.1  344  63.56  0.92
WV     GOES12  20080827  2255   16.81    51.15   212    6.9  357  71.13  0.99
WV     GOES12  20080827  2255   16.90    50.61   237    5.7  346  67.96  0.81
WV     GOES12  20080827  2255   16.56    50.37   187    9.7   13  60.48  0.83
WV     GOES12  20080827  2255   16.65    49.69   312    7.4    2  56.03  0.63
WV     GOES12  20080827  2255   17.15    43.73   362   11.1   63  57.42  0.79
WV     GOES12  20080827  2255   17.41    36.24   262    6.6  104  65.26  0.96
WV     GOES12  20080827  2255   17.46    35.81   287    8.5  106  65.40  1.00
WV     GOES12  20080827  2255   17.03    35.46   200   12.2   82  60.43  0.76
WV     GOES12  20080827  2255   17.49    34.89   200    7.9   84  57.91  0.98
WV     GOES12  20080827  2255   17.45    33.67   200   13.8  108  58.19  0.98
WV     GOES12  20080827  2255   17.38    33.57   200   13.3  110  59.46  0.98
WV     GOES12  20080827  2255   17.37    32.72   175   13.9  112  53.56  1.00
WV     GOES12  20080827  2255   17.29    32.57   187   12.5  107  58.30  0.94
WV     GOES12  20080827  2255   17.41    31.51   237    8.0  116  60.58  0.86
WV     GOES12  20080827  2255   17.56    29.52   287   12.3  143  63.39  0.99
WV     GOES12  20080827  2255   17.50    28.91   287   11.1  153  68.97  0.98
WV     GOES12  20080827  2255   17.61    28.29   212   10.0  148  64.71  0.76
WV     GOES12  20080827  2255   15.95    58.36   237    3.1   32  58.92  0.74
WV     GOES12  20080827  2255   16.11    58.06   237    7.1   48  67.44  0.95
WV     GOES12  20080827  2255   16.11    57.76   275    6.2   53  68.48  0.86
WV     GOES12  20080827  2255   16.19    57.52   187    7.6   55  71.86  0.83
WV     GOES12  20080827  2255   16.18    53.40   175   11.1  336  58.51  0.77
WV     GOES12  20080827  2255   16.03    53.28   162   11.3  338  60.36  0.96
WV     GOES12  20080827  2255   16.04    52.84   175   11.3    5  61.59  1.00
WV     GOES12  20080827  2255   16.32    52.46   200    9.6  357  68.55  0.97
WV     GOES12  20080827  2255   16.13    51.90   187   11.9  358  61.50  0.96
WV     GOES12  20080827  2255   16.41    51.51   212    9.1  359  69.48  0.99
WV     GOES12  20080827  2255   16.19    51.02   137    6.8    2  68.91  0.99
WV     GOES12  20080827  2255   16.12    50.44   187    9.4  359  75.49  0.98
WV     GOES12  20080827  2255   16.20    50.32   187    9.7    1  78.44  0.99
WV     GOES12  20080827  2255   16.62    41.23   362    4.2  159  60.30  0.60
WV     GOES12  20080827  2255   16.75    39.36   325    7.0  141  66.60  0.88
WV     GOES12  20080827  2255   16.76    37.84   287    7.6  118  59.06  0.88
WV     GOES12  20080827  2255   16.51    36.61   287    4.0  131  63.27  0.84
WV     GOES12  20080827  2255   16.65    36.13   250    5.5  149  55.35  0.75
WV     GOES12  20080827  2255   16.55    35.61   212    9.4   91  76.36  0.87
WV     GOES12  20080827  2255   16.55    35.45   200   11.4   94  67.07  0.94
WV     GOES12  20080827  2255   16.64    35.07   237    7.6  105  71.39  0.97
WV     GOES12  20080827  2255   16.93    33.62   200   12.2   97  65.25  0.99
WV     GOES12  20080827  2255   16.94    33.31   212   12.0   87  54.42  0.98
WV     GOES12  20080827  2255   16.87    32.89   225   12.8   97  52.63  1.00
WV     GOES12  20080827  2255   16.98    32.16   262    9.3  113  63.64  0.81
WV     GOES12  20080827  2255   16.62    32.01   300    8.0   91  63.26  0.74
WV     GOES12  20080827  2255   16.50    30.81   300   11.1   87  47.57  0.70
WV     GOES12  20080827  2255   17.05    30.06   200    8.6  141  75.04  1.00
WV     GOES12  20080827  2255   16.71    29.42   212   11.2  154  65.93  1.00
WV     GOES12  20080827  2255   17.09    28.89   250   12.3  159  64.09  0.97
WV     GOES12  20080827  2255   16.92    28.19   275    8.9  109  50.06  0.50
WV     GOES12  20080827  2255   15.59    58.97   250    6.8   68  60.47  0.71
WV     GOES12  20080827  2255   15.60    58.23   225    4.8   38  61.23  0.66
WV     GOES12  20080827  2255   15.38    57.75   237   11.5   50  50.72  0.67
WV     GOES12  20080827  2255   15.47    54.26   150   15.4  349  50.10  0.94
WV     GOES12  20080827  2255   15.39    54.11   162   13.1  357  60.91  0.98
WV     GOES12  20080827  2255   15.83    53.47   162   12.0  350  64.29  0.91
WV     GOES12  20080827  2255   15.44    53.31   162   12.9  358  62.81  0.89
WV     GOES12  20080827  2255   15.73    52.74   175    9.4    6  65.76  0.99
WV     GOES12  20080827  2255   15.62    52.44   175    9.6   11  62.81  0.89
WV     GOES12  20080827  2255   15.78    52.00   175   11.2    3  67.44  0.98
WV     GOES12  20080827  2255   15.78    51.70   175   11.4    3  66.71  0.97
WV     GOES12  20080827  2255   15.75    51.54   175   11.5   22  54.20  0.74
WV     GOES12  20080827  2255   15.84    50.93   137    4.6   30  55.87  0.75
WV     GOES12  20080827  2255   15.76    50.79   137    5.1   19  60.32  0.78
WV     GOES12  20080827  2255   15.67    49.68   337    6.3   54  75.37  0.57
WV     GOES12  20080827  2255   15.85    46.80   337   10.4   19  57.77  0.63
WV     GOES12  20080827  2255   15.89    46.55   350   10.6   23  58.99  0.98
WV     GOES12  20080827  2255   15.57    40.36   362    3.6  127  76.41  0.93
WV     GOES12  20080827  2255   15.90    39.84   337    6.0  141  66.77  0.73
WV     GOES12  20080827  2255   16.13    38.83   312    6.7  134  63.52  0.97
WV     GOES12  20080827  2255   15.80    36.53   237    5.5   62  60.02  0.65
WV     GOES12  20080827  2255   15.82    35.93   237    9.6   81  60.59  0.99
WV     GOES12  20080827  2255   16.28    33.80   212   11.2   87  60.92  0.97
WV     GOES12  20080827  2255   16.10    33.32   200   11.2   95  64.94  1.00
WV     GOES12  20080827  2255   16.14    33.17   212    9.7   96  66.02  0.88
WV     GOES12  20080827  2255   15.83    32.80   175    9.1   92  59.53  0.99
WV     GOES12  20080827  2255   16.33    31.09   312    6.4   84  55.94  0.60
WV     GOES12  20080827  2255   16.43    30.41   162    9.7  120  58.63  0.83
WV     GOES12  20080827  2255   16.22    29.57   237    9.6  160  67.35  0.97
WV     GOES12  20080827  2255   16.07    29.06   237   12.6  155  66.82  0.97
WV     GOES12  20080827  2255   16.37    28.84   262   12.3  149  65.16  0.98
WV     GOES12  20080827  2255   14.72    57.51   187    7.7   50  63.18  0.89
WV     GOES12  20080827  2255   14.80    54.84   162    9.5    2  63.72  0.97
WV     GOES12  20080827  2255   15.15    54.49   162    8.9  358  64.40  0.82
WV     GOES12  20080827  2255   14.97    53.73   162    7.5    4  57.67  0.99
WV     GOES12  20080827  2255   15.25    53.33   162   11.3  355  71.81  0.98
WV     GOES12  20080827  2255   15.22    53.02   162   11.7  358  71.92  0.98
WV     GOES12  20080827  2255   15.19    52.59   225    7.4   20  68.85  0.58
WV     GOES12  20080827  2255   15.00    52.33   175    8.6    2  65.93  0.82
WV     GOES12  20080827  2255   15.39    46.46   362   11.3   38  62.91  0.74
WV     GOES12  20080827  2255   15.02    42.06   387    5.8   78  75.07  0.87
WV     GOES12  20080827  2255   14.99    41.70   375    3.2  100  73.41  0.85
WV     GOES12  20080827  2255   15.49    40.41   362    3.5  136  80.70  0.96
WV     GOES12  20080827  2255   15.27    39.73   337    3.5  141  67.16  0.93
WV     GOES12  20080827  2255   15.11    38.37   325    6.3   97  53.26  0.64
WV     GOES12  20080827  2255   15.05    37.63   175    4.9   60  63.93  0.98
WV     GOES12  20080827  2255   15.35    37.03   212    7.7   74  79.07  0.96
WV     GOES12  20080827  2255   15.56    36.72   225    6.4   78  72.98  0.96
WV     GOES12  20080827  2255   15.58    35.96   237    9.9   79  59.16  0.93
WV     GOES12  20080827  2255   15.54    35.88   262    9.8   82  55.16  0.84
WV     GOES12  20080827  2255   15.41    33.50   187    9.0   88  62.33  1.00
WV     GOES12  20080827  2255   15.38    33.11   212   10.9   86  53.37  1.00
WV     GOES12  20080827  2255   15.45    32.13   275    8.7   80  51.62  0.88
WV     GOES12  20080827  2255   15.82    30.55   162   10.5  112  51.68  0.76
WV     GOES12  20080827  2255   15.69    29.88   225   11.5  166  62.87  0.74
WV     GOES12  20080827  2255   15.50    29.28   225   12.9  163  59.51  0.97
WV     GOES12  20080827  2255   15.83    27.90   262    9.4  136  70.08  0.75
WV     GOES12  20080827  2255   14.48    58.18   212    9.5   44  68.26  0.72
WV     GOES12  20080827  2255   14.26    57.51   162   12.6   43  61.70  0.79
WV     GOES12  20080827  2255   14.07    57.30   175    8.1   32  58.03  0.60
WV     GOES12  20080827  2255   14.27    54.31   137   11.4   18  73.80  0.92
WV     GOES12  20080827  2255   14.31    54.14   137   11.2   18  75.29  0.98
WV     GOES12  20080827  2255   14.59    53.35   200    7.9    2  69.90  0.89
WV     GOES12  20080827  2255   14.48    53.14   137    8.6    1  60.26  0.77
WV     GOES12  20080827  2255   14.69    52.00   337    8.7   43  55.89  0.72
WV     GOES12  20080827  2255   14.66    51.54   337    9.3   51  59.81  0.70
WV     GOES12  20080827  2255   14.78    43.74   375    7.6   83  56.11  0.67
WV     GOES12  20080827  2255   14.89    42.39   387    6.6   70  72.52  0.65
WV     GOES12  20080827  2255   14.86    42.12   387    5.2   73  79.95  0.88
WV     GOES12  20080827  2255   14.87    41.84   375    3.9   89  81.20  0.96
WV     GOES12  20080827  2255   15.02    37.58   187    5.6   63  67.35  0.92
WV     GOES12  20080827  2255   15.03    37.14   200    7.7   69  78.93  0.93
WV     GOES12  20080827  2255   15.00    36.75   212    7.0   70  73.09  0.94
WV     GOES12  20080827  2255   14.83    35.57   262    6.3   84  77.77  0.91
WV     GOES12  20080827  2255   15.01    34.97   275    7.2  133  51.18  0.68
WV     GOES12  20080827  2255   15.06    33.24   212   11.0   81  50.96  0.99
WV     GOES12  20080827  2255   15.16    29.95   262   11.7  192  47.60  0.80
WV     GOES12  20080827  2255   15.01    29.56   262    9.2  166  67.44  0.63
WV     GOES12  20080827  2255   13.60    58.69   187    9.4   21  52.50  0.96
WV     GOES12  20080827  2255   13.60    58.26   175   14.9   35  63.32  0.86
WV     GOES12  20080827  2255   13.60    58.03   175   15.4   34  60.14  0.90
WV     GOES12  20080827  2255   13.95    57.70   175    8.7   29  57.73  0.86
WV     GOES12  20080827  2255   13.92    57.34   175    8.5   31  58.29  0.84
WV     GOES12  20080827  2255   13.96    56.80   150   13.5   25  71.34  0.99
WV     GOES12  20080827  2255   13.97    56.76   150   13.3   21  66.51  0.98
WV     GOES12  20080827  2255   13.74    56.34   150   14.1   27  69.80  0.89
WV     GOES12  20080827  2255   13.82    56.08   150   11.6   22  67.04  0.90
WV     GOES12  20080827  2255   13.87    55.11   175   12.5   28  68.61  1.00
WV     GOES12  20080827  2255   13.88    54.81   175   14.8   27  57.63  0.98
WV     GOES12  20080827  2255   13.96    54.37   137   12.6   26  66.60  0.99
WV     GOES12  20080827  2255   14.00    54.13   137    9.8   24  66.36  0.97
WV     GOES12  20080827  2255   13.90    53.55   137   16.3   12  49.07  0.83
WV     GOES12  20080827  2255   14.04    51.68   350    7.4   64  74.28  0.81
WV     GOES12  20080827  2255   14.09    51.18   350    8.6   69  75.36  0.84
WV     GOES12  20080827  2255   13.90    42.92   400    9.8   39  60.49  0.73
WV     GOES12  20080827  2255   14.27    42.35   400    7.4   58  72.91  0.75
WV     GOES12  20080827  2255   14.13    41.71   400    7.6   63  62.72  0.60
WV     GOES12  20080827  2255   14.30    41.19   375    3.9   97  69.49  0.95
WV     GOES12  20080827  2255   13.97    38.68   325    3.2  168  74.44  0.64
WV     GOES12  20080827  2255   14.36    36.97   175    9.9   81  60.90  0.69
WV     GOES12  20080827  2255   14.21    36.64   187    8.6   73  71.71  0.86
WV     GOES12  20080827  2255   14.19    36.18   187    7.3   80  72.81  0.82
WV     GOES12  20080827  2255   14.45    35.32   325    5.6  122  59.49  0.73
WV     GOES12  20080827  2255   14.09    35.25   300    5.9   71  70.79  0.94
WV     GOES12  20080827  2255   14.15    34.76   225    6.2   98  68.15  0.90
WV     GOES12  20080827  2255   14.05    34.03   212    7.4   75  58.59  0.97
WV     GOES12  20080827  2255   14.40    31.24   200   12.6  161  56.62  0.95
WV     GOES12  20080827  2255   14.22    30.73   225    9.4  184  53.57  0.90
WV     GOES12  20080827  2255   13.37    58.62   187   13.3   40  69.38  0.99
WV     GOES12  20080827  2255   13.26    58.52   225   14.8   42  47.68  0.92
WV     GOES12  20080827  2255   13.45    58.05   187   15.8   32  53.59  0.93
WV     GOES12  20080827  2255   13.23    57.63   162   12.6   42  66.69  1.00
WV     GOES12  20080827  2255   13.04    57.28   162   12.6   41  67.50  0.98
WV     GOES12  20080827  2255   13.16    57.13   162   12.8   42  66.53  0.98
WV     GOES12  20080827  2255   13.13    56.72   175   12.9   39  73.47  1.00
WV     GOES12  20080827  2255   13.36    55.91   137   14.4   36  63.01  0.99
WV     GOES12  20080827  2255   13.06    55.80   137   14.2   38  64.46  0.99
WV     GOES12  20080827  2255   13.30    55.36   175   15.2   32  59.80  0.97
WV     GOES12  20080827  2255   13.41    55.04   175   14.2   38  57.21  0.84
WV     GOES12  20080827  2255   13.11    54.65   175   12.5   28  71.57  0.73
WV     GOES12  20080827  2255   13.16    53.87   137    8.8   38  58.65  0.90
WV     GOES12  20080827  2255   13.14    52.66   137   10.1   32  65.92  0.89
WV     GOES12  20080827  2255   13.47    51.48   350   12.7   58  54.80  0.60
WV     GOES12  20080827  2255   13.48    51.02   375    7.2   62  68.72  0.86
WV     GOES12  20080827  2255   13.49    50.30   362   10.1   55  65.51  0.77
WV     GOES12  20080827  2255   13.38    45.97   375    8.3   66  60.16  0.82
WV     GOES12  20080827  2255   13.55    44.94   375    4.7   39  64.83  0.65
WV     GOES12  20080827  2255   13.67    42.86   400   11.0   48  54.95  0.68
WV     GOES12  20080827  2255   13.51    41.41   312    5.7  163  73.50  0.92
WV     GOES12  20080827  2255   13.51    41.30   325    5.7  164  71.04  0.92
WV     GOES12  20080827  2255   13.53    35.59   212    6.9   75  74.38  0.89
WV     GOES12  20080827  2255   13.82    35.33   187    7.2   71  65.19  0.96
WV     GOES12  20080827  2255   13.75    34.93   250    6.3   83  78.04  0.97
WV     GOES12  20080827  2255   13.77    34.24   225    7.5   67  56.30  0.92
WV     GOES12  20080827  2255   13.65    33.94   225    8.2   76  56.29  0.95
WV     GOES12  20080827  2255   13.87    33.29   287   11.5   99  49.25  0.65
WV     GOES12  20080827  2255   13.81    32.49   175   11.2  152  53.91  0.74
WV     GOES12  20080827  2255   13.42    32.43   225   11.4  155  53.02  0.87
WV     GOES12  20080827  2255   13.88    31.40   200   11.4  157  62.15  0.77
WV     GOES12  20080827  2255   13.97    31.27   200   11.1  157  65.32  0.82
WV     GOES12  20080827  2255   13.67    30.33   262    8.8  192  51.37  0.93
WV     GOES12  20080827  2255   13.91    28.90   237    5.8  167  55.98  0.68
WV     GOES12  20080827  2255   12.81    57.23   137   13.2   39  74.21  0.97
WV     GOES12  20080827  2255   12.81    57.21   137   13.2   39  74.17  0.97
WV     GOES12  20080827  2255   12.87    56.22   175   15.9   33  59.74  1.00
WV     GOES12  20080827  2255   12.53    55.95   175   14.7   35  66.21  0.98
WV     GOES12  20080827  2255   12.84    55.50   175   16.0   32  58.81  0.98
WV     GOES12  20080827  2255   12.84    55.48   175   17.4   32  53.77  0.99
WV     GOES12  20080827  2255   12.74    54.50   175   11.5   47  53.35  0.96
WV     GOES12  20080827  2255   12.86    54.12   287    7.0   39  58.71  0.98
WV     GOES12  20080827  2255   12.89    54.04   287    8.0   41  57.25  0.90
WV     GOES12  20080827  2255   12.78    51.27   375    8.2   58  76.73  0.85
WV     GOES12  20080827  2255   12.98    51.13   375    8.5   59  76.98  0.92
WV     GOES12  20080827  2255   12.61    49.99   375    8.9   65  76.61  0.87
WV     GOES12  20080827  2255   12.88    45.44   362    5.0   39  75.79  0.79
WV     GOES12  20080827  2255   12.74    44.78   387    7.4   52  64.46  0.83
WV     GOES12  20080827  2255   13.11    43.67   400   11.0   47  54.83  0.65
WV     GOES12  20080827  2255   13.00    43.42   400   10.1   35  56.15  0.84
WV     GOES12  20080827  2255   13.26    35.59   300    6.6   75  70.42  0.90
WV     GOES12  20080827  2255   13.26    35.34   275    7.1   81  74.75  0.89
WV     GOES12  20080827  2255   13.28    34.76   300    5.4   72  68.95  0.60
WV     GOES12  20080827  2255   12.90    34.33   250    8.7   89  62.22  0.86
WV     GOES12  20080827  2255   13.00    32.00   187    8.8  146  72.33  0.95
WV     GOES12  20080827  2255   13.22    31.11   237    8.2  173  59.55  0.72
WV     GOES12  20080827  2255   13.22    31.04   237    8.3  179  55.74  0.71
WV     GOES12  20080827  2255   12.88    30.35   237    8.2  146  76.99  0.63
WV     GOES12  20080827  2255   13.17    28.46   187    9.4  138  59.62  0.67
WV     GOES12  20080827  2255   13.10    28.18   187   10.9  109  63.20  0.73
WV     GOES12  20080827  2255   12.12    57.91   175   14.4   41  71.64  0.90
WV     GOES12  20080827  2255   12.24    57.37   137   16.6   32  52.97  0.64
WV     GOES12  20080827  2255   12.02    56.98   187   11.9   54  60.85  0.69
WV     GOES12  20080827  2255   12.27    55.48   337    6.7   42  60.87  0.92
WV     GOES12  20080827  2255   12.23    52.35   350    7.7   70  67.04  0.88
WV     GOES12  20080827  2255   12.43    45.09   375    8.7   74  50.82  0.72
WV     GOES12  20080827  2255   12.67    35.79   362    6.1   90  50.89  0.60
WV     GOES12  20080827  2255   12.52    35.42   275   10.9   84  55.49  0.90
WV     GOES12  20080827  2255   12.41    33.44   212    9.6   98  57.48  0.85
WV     GOES12  20080827  2255   12.78    32.91   187    8.7  105  59.76  0.83
WV     GOES12  20080827  2255   12.72    31.87   175    8.3  145  69.45  0.91
WV     GOES12  20080827  2255   12.73    31.70   175    7.6  150  68.39  0.94
WV     GOES12  20080827  2255   12.58    31.22   237    3.9  135  56.49  0.65
WV     GOES12  20080827  2255   12.76    30.46   237    8.6  148  70.28  0.67
WV     GOES12  20080827  2255   12.32    29.36   200   13.2   99  53.19  0.96
WV     GOES12  20080827  2255   12.81    28.65   200   11.8  104  60.10  0.98
WV     GOES12  20080827  2255   12.90    28.29   200   11.7   99  60.13  0.99
WV     GOES12  20080827  2255   11.72    56.94   325    5.8   76  71.53  0.80
WV     GOES12  20080827  2255   11.79    54.39   350    9.9   27  52.40  0.89
WV     GOES12  20080827  2255   11.56    51.85   362    8.8   59  73.85  1.00
WV     GOES12  20080827  2255   11.43    47.41   325    5.3   91  55.46  0.76
WV     GOES12  20080827  2255   11.90    40.84   350    5.2  196  68.20  0.67
WV     GOES12  20080827  2255   11.94    35.14   275   11.9   87  52.55  0.99
WV     GOES12  20080827  2255   11.71    34.93   312   10.2   91  51.17  0.75
WV     GOES12  20080827  2255   11.94    33.52   212    7.2  117  74.13  0.76
WV     GOES12  20080827  2255   11.94    33.29   212    7.5  121  72.72  0.93
WV     GOES12  20080827  2255   11.88    32.77   175   11.3  101  54.46  0.88
WV     GOES12  20080827  2255   11.90    31.98   187    7.8   94  56.53  0.96
WV     GOES12  20080827  2255   11.82    31.76   200    8.4   91  54.59  0.99
WV     GOES12  20080827  2255   11.95    29.82   200   14.0   93  49.54  0.97
WV     GOES12  20080827  2255   12.20    29.32   212   11.7  100  59.45  0.97
WV     GOES12  20080827  2255   11.74    28.59   237   11.0   90  66.05  0.74
WV     GOES12  20080827  2255   11.10    58.84   325    8.9   61  60.30  0.63
WV     GOES12  20080827  2255   11.11    57.96   325   10.4   63  54.97  0.96
WV     GOES12  20080827  2255   11.15    57.62   312   10.1   69  56.25  0.90
WV     GOES12  20080827  2255   11.19    56.89   325    7.0   85  62.12  0.77
WV     GOES12  20080827  2255   11.22    51.81   350    9.2   59  74.09  1.00
WV     GOES12  20080827  2255   11.11    51.41   375    7.8   51  76.56  0.64
WV     GOES12  20080827  2255   11.11    51.39   375    7.7   51  76.81  0.64
WV     GOES12  20080827  2255   11.10    46.84   412    4.4  153  63.13  0.73
WV     GOES12  20080827  2255   11.43    39.34   300    5.7   82  55.46  0.60
WV     GOES12  20080827  2255   11.18    32.80   200    9.5   89  60.06  0.84
WV     GOES12  20080827  2255   11.60    31.16   250   11.5   92  49.14  0.96
WV     GOES12  20080827  2255   11.66    28.69   225    9.1   93  71.61  0.61
WV     GOES12  20080827  2255   10.58    58.29   350    9.8   17  52.70  0.63
WV     GOES12  20080827  2255   10.53    55.80   350    5.3   55  71.57  0.96
WV     GOES12  20080827  2255   10.64    55.28   325    5.8   87  60.12  0.64
WV     GOES12  20080827  2255   10.52    53.14   337   10.1   55  69.85  0.81
WV     GOES12  20080827  2255   10.60    52.99   362   11.0   53  59.97  0.95
WV     GOES12  20080827  2255   10.30    52.57   262    9.1   49  70.55  0.64
WV     GOES12  20080827  2255   10.69    51.55   362    7.7   48  74.18  0.66
WV     GOES12  20080827  2255   10.66    50.59   375    4.2   53  61.73  0.99
WV     GOES12  20080827  2255   10.67    50.47   375    3.8   51  60.17  0.99
WV     GOES12  20080827  2255   10.37    49.91   387    5.6   80  69.74  0.79
WV     GOES12  20080827  2255   10.71    47.53   400    3.6  131  70.62  0.65
WV     GOES12  20080827  2255   10.35    45.83   375    6.4  231  52.93  0.88
WV     GOES12  20080827  2255   10.36    45.60   362    5.7  208  55.13  0.89
WV     GOES12  20080827  2255   10.56    44.73   375    3.2  219  71.54  0.72
WV     GOES12  20080827  2255   10.72    42.09   325    7.0  163  63.56  0.61
WV     GOES12  20080827  2255   10.77    41.61   325    5.5  152  66.56  0.98
WV     GOES12  20080827  2255   10.77    41.58   325    5.3  152  67.23  0.99
WV     GOES12  20080827  2255   10.85    35.24   187   14.5   84  47.33  0.68
WV     GOES12  20080827  2255   10.51    34.93   200    9.2   77  62.90  0.88
WV     GOES12  20080827  2255   10.77    33.49   212    5.9  118  58.98  0.84
WV     GOES12  20080827  2255    9.77    56.10   350    8.5   22  58.45  0.79
WV     GOES12  20080827  2255   10.00    52.81   350   13.1   29  51.28  0.70
WV     GOES12  20080827  2255   10.07    52.52   350    8.8   51  77.15  0.80
WV     GOES12  20080827  2255   10.10    50.38   375    4.1   65  64.46  0.95
WV     GOES12  20080827  2255   10.14    49.98   375    4.7   62  72.79  0.91
WV     GOES12  20080827  2255   10.10    47.58   400    5.3  206  55.85  0.71
WV     GOES12  20080827  2255   10.13    45.68   212    6.8  195  61.96  0.60
WV     GOES12  20080827  2255    9.84    44.67   337    4.6  192  71.87  0.86
WV     GOES12  20080827  2255   10.18    40.24   325    3.8  151  78.48  0.77
WV     GOES12  20080827  2255    9.93    37.23   187    6.2   72  70.21  0.67
WV     GOES12  20080827  2255   10.06    36.39   187    6.5   76  70.23  0.61
WV     GOES12  20080827  2255   10.37    35.96   212    8.0   90  73.24  0.86
WV     GOES12  20080827  2255    9.89    35.11   187    7.9   90  73.91  0.91
WV     GOES12  20080827  2255   10.05    30.97   225   11.2   90  68.95  0.76
WV     GOES12  20080827  2255    9.97    30.74   262   11.1   93  64.03  0.64
WV     GOES12  20080827  2255    9.46    53.79   350    8.5   52  69.45  0.69
WV     GOES12  20080827  2255    9.35    53.69   362    8.5   51  68.52  0.68
WV     GOES12  20080827  2255    9.40    52.53   350    9.7   47  77.65  0.71
WV     GOES12  20080827  2255    9.50    50.26   375    6.5   34  62.57  0.63
WV     GOES12  20080827  2255    9.18    45.76   150   14.5  151  43.04  0.97
WV     GOES12  20080827  2255    9.23    44.77   350    3.1  197  72.93  0.81
WV     GOES12  20080827  2255    9.69    37.24   212    6.8   72  71.08  0.75
WV     GOES12  20080827  2255    9.71    36.14   250   12.8   74  53.63  0.57
WV     GOES12  20080827  2255    9.47    34.90   250   11.5   81  58.60  0.67
WV     GOES12  20080827  2255    9.81    31.02   237   10.9   90  70.27  0.77
WV     GOES12  20080827  2255    8.89    55.23   337   10.7   31  58.95  0.94
WV     GOES12  20080827  2255    8.59    55.09   325    9.3   65  63.05  0.74
WV     GOES12  20080827  2255    8.93    54.49   325   12.2   34  54.54  0.94
WV     GOES12  20080827  2255    8.97    54.27   337   12.6   34  55.74  0.84
WV     GOES12  20080827  2255    9.00    51.11   362    5.8   36  63.65  0.98
WV     GOES12  20080827  2255    8.64    46.62   262   11.6  170  48.33  0.75
WV     GOES12  20080827  2255    8.66    45.27   250    8.2  158  66.66  0.62
WV     GOES12  20080827  2255    9.15    37.45   212    8.1   75  76.35  0.62
WV     GOES12  20080827  2255    8.83    34.09   237   16.1   88  47.73  0.67
WV     GOES12  20080827  2255    8.84    33.57   312    4.1  147  70.59  0.64
WV     GOES12  20080827  2255    8.27    53.28   350    9.0   38  73.70  0.69
WV     GOES12  20080827  2255    8.34    53.18   350    8.9   36  71.05  0.86
WV     GOES12  20080827  2255    7.95    51.93   375   11.4   47  57.12  0.99
WV     GOES12  20080827  2255    8.22    50.74   262    7.5   72  68.83  0.90
WV     GOES12  20080827  2255    8.45    49.92   375    5.1   72  67.30  0.65
WV     GOES12  20080827  2255    8.36    48.40   362    4.4  103  61.00  0.67
WV     GOES12  20080827  2255    8.38    46.72   262    9.3  176  54.99  0.86
WV     GOES12  20080827  2255    8.45    46.58   262    9.3  177  55.40  0.84
WV     GOES12  20080827  2255    8.43    45.45   237    6.7  178  74.53  0.80
WV     GOES12  20080827  2255    8.47    45.09   312    4.9  179  77.90  0.89
WV     GOES12  20080827  2255    8.29    42.09   300    5.6  125  73.82  0.67
WV     GOES12  20080827  2255    8.15    41.11   212    6.5  106  61.25  0.76
WV     GOES12  20080827  2255    8.44    39.40   300    5.0   82  67.33  0.79
WV     GOES12  20080827  2255    8.33    38.60   225    6.9   67  70.73  0.73
WV     GOES12  20080827  2255    8.11    38.52   237    6.6   64  67.31  0.78
WV     GOES12  20080827  2255    8.67    34.18   187   17.1   88  47.38  0.63
WV     GOES12  20080827  2255    8.68    33.59   312    4.2  146  68.32  0.64
WV     GOES12  20080827  2255    8.22    31.61   262   13.5   78  59.24  0.91
WV     GOES12  20080827  2255    7.56    53.84   350    8.7   35  72.96  0.97
WV     GOES12  20080827  2255    7.67    53.67   350    9.3   38  79.13  0.99
WV     GOES12  20080827  2255    7.45    53.38   350   11.0   31  64.73  0.62
WV     GOES12  20080827  2255    7.79    53.10   350    8.5   31  67.52  0.84
WV     GOES12  20080827  2255    7.50    52.15   350   12.5   36  55.33  0.88
WV     GOES12  20080827  2255    7.39    52.04   350   12.3   43  55.30  0.93
WV     GOES12  20080827  2255    7.65    51.36   350   10.9   44  57.63  0.94
WV     GOES12  20080827  2255    7.73    51.30   350   10.0   42  61.82  0.99
WV     GOES12  20080827  2255    7.81    50.89   275    9.0   62  65.86  0.86
WV     GOES12  20080827  2255    7.88    50.55   225    8.9   64  56.92  0.75
WV     GOES12  20080827  2255    7.94    45.17   350    4.3  179  66.19  0.70
WV     GOES12  20080827  2255    7.91    42.21   312    6.1  128  67.31  0.74
WV     GOES12  20080827  2255    7.68    42.10   337    5.4  117  60.76  0.75
WV     GOES12  20080827  2255    8.02    39.31   337    3.8   20  57.97  0.65
WV     GOES12  20080827  2255    7.95    38.80   225    8.0   63  70.02  0.82
WV     GOES12  20080827  2255    8.10    31.32   212   15.0   82  57.85  0.97
WV     GOES12  20080827  2255    7.97    30.33   275   13.4   60  66.49  0.97
WV     GOES12  20080827  2255    7.86    30.00   262   13.6   57  61.48  0.95
WV     GOES12  20080827  2255    7.26    53.81   362    7.2   31  64.63  0.81
WV     GOES12  20080827  2255    7.08    52.86   362    8.5   42  70.45  0.99
WV     GOES12  20080827  2255    7.08    52.72   362    9.2   41  69.23  0.99
WV     GOES12  20080827  2255    6.98    51.81   362    9.1   38  63.81  0.89
WV     GOES12  20080827  2255    7.24    51.41   350   10.2   48  57.56  0.92
WV     GOES12  20080827  2255    7.25    51.08   375    5.6   31  73.89  0.80
WV     GOES12  20080827  2255    7.28    50.98   362    5.4   34  74.68  0.81
WV     GOES12  20080827  2255    7.17    50.65   362    4.0   48  74.31  0.86
WV     GOES12  20080827  2255    7.30    49.72   362    3.4   48  72.81  0.87
WV     GOES12  20080827  2255    7.23    41.96   362    3.6   57  68.26  0.56
WV     GOES12  20080827  2255    7.44    40.49   337    4.4   51  64.61  0.71
WV     GOES12  20080827  2255    7.33    36.99   287   12.6   81  51.58  0.72
WV     GOES12  20080827  2255    7.39    32.85   275    7.4   70  59.44  0.65
WV     GOES12  20080827  2255    7.32    32.49   237   11.1   67  63.69  0.70
WV     GOES12  20080827  2255    7.36    31.92   312    7.0   77  55.94  0.63
WV     GOES12  20080827  2255    7.38    31.06   225   17.6   57  55.46  0.66
WV     GOES12  20080827  2255    7.11    30.79   287   16.2   56  70.41  0.92
WV     GOES12  20080827  2255    7.43    29.93   275   13.7   62  69.57  0.71
WV     GOES12  20080827  2255    6.69    55.90   350   10.7   34  67.91  0.62
WV     GOES12  20080827  2255    6.58    54.81   350    9.6   21  65.15  0.78
WV     GOES12  20080827  2255    6.31    52.39   375    5.7   18  71.68  0.72
WV     GOES12  20080827  2255    6.31    51.97   375    6.1   20  71.57  0.99
WV     GOES12  20080827  2255    6.78    41.54   450    4.9   66  58.13  0.60
WV     GOES12  20080827  2255    6.72    40.68   425    7.1   37  56.70  0.62
WV     GOES12  20080827  2255    6.72    40.51   375    6.6   33  59.85  0.64
WV     GOES12  20080827  2255    6.56    34.87   212   11.1   57  65.29  0.72
WV     GOES12  20080827  2255    6.88    33.87   275    7.5   69  60.73  0.60
WV     GOES12  20080827  2255    6.77    33.07   262    8.6   74  51.30  0.63
WV     GOES12  20080827  2255    6.85    32.69   237   13.2   64  68.19  0.73
WV     GOES12  20080827  2255    6.68    31.51   275   19.0   59  59.43  0.95
WV     GOES12  20080827  2255    6.80    31.35   275   19.0   59  58.82  0.95
WV     GOES12  20080827  2255    7.00    30.77   300   16.4   56  69.91  0.90
WV     GOES12  20080827  2255    6.46    30.33   300   19.9   59  66.92  0.97
WV     GOES12  20080827  2255    5.75    52.94   375    4.7   35  67.25  0.94
WV     GOES12  20080827  2255    6.19    52.61   375    6.0   14  69.39  0.70
WV     GOES12  20080827  2255    5.97    52.29   362    5.7   28  79.96  0.97
WV     GOES12  20080827  2255    6.12    52.09   362    6.0   16  69.34  0.88
WV     GOES12  20080827  2255    5.79    51.52   350    6.0   17  61.89  0.70
WV     GOES12  20080827  2255    6.27    39.71   337    5.5   32  61.56  0.72
WV     GOES12  20080827  2255    6.31    36.11   275   10.3   62  72.53  0.80
WV     GOES12  20080827  2255    6.18    34.97   187    7.5   61  53.24  0.89
WV     GOES12  20080827  2255    6.18    34.91   187    7.6   60  53.18  0.86
WV     GOES12  20080827  2255    6.33    34.39   287    6.3   57  60.52  0.63
WV     GOES12  20080827  2255    6.08    33.65   262   13.3   50  68.98  0.57
WV     GOES12  20080827  2255    6.27    33.43   250   18.8   46  54.19  0.96
WV     GOES12  20080827  2255    6.32    32.73   237   17.5   55  67.43  0.88
WV     GOES12  20080827  2255    5.98    32.38   225   19.6   57  62.89  0.97
WV     GOES12  20080827  2255    6.10    31.96   300   17.7   57  70.87  0.97
WV     GOES12  20080827  2255    6.37    31.38   300   17.0   57  79.14  0.92
WV     GOES12  20080827  2255    6.19    30.71   300   18.9   60  78.86  0.99
WV     GOES12  20080827  2255    6.42    30.33   300   19.7   60  70.01  0.97
WV     GOES12  20080827  2255    5.35    46.12   337    4.7   91  57.44  0.83
WV     GOES12  20080827  2255    5.75    38.93   312    8.0   73  70.29  0.65
WV     GOES12  20080827  2255    5.46    38.43   337    7.6   53  60.77  0.93
WV     GOES12  20080827  2255    5.31    37.83   287   11.4   50  57.69  0.86
WV     GOES12  20080827  2255    5.46    37.58   300    9.0   51  62.83  0.89
WV     GOES12  20080827  2255    5.66    37.23   262    7.9   51  61.85  0.66
WV     GOES12  20080827  2255    5.38    34.59   237   18.3   52  65.53  0.81
WV     GOES12  20080827  2255    5.73    34.14   237   18.1   49  65.56  0.97
WV     GOES12  20080827  2255    5.73    33.88   250   18.4   48  62.39  0.99
WV     GOES12  20080827  2255    5.62    33.37   275   16.9   66  54.64  0.89
WV     GOES12  20080827  2255    5.67    32.81   250   19.2   51  65.15  0.66
WV     GOES12  20080827  2255    5.60    32.19   275   19.9   56  67.57  0.98
WV     GOES12  20080827  2255    5.45    31.94   275   20.1   54  74.17  0.95
WV     GOES12  20080827  2255    5.45    31.53   300   20.8   52  64.93  0.97
WV     GOES12  20080827  2255    5.01    51.92   350    3.1  355  70.11  0.61
WV     GOES12  20080827  2255    5.13    46.11   350    4.2   89  63.82  0.97
WV     GOES12  20080827  2255    4.79    41.76   325    5.8   45  62.32  0.88
WV     GOES12  20080827  2255    5.14    39.84   337    6.1   38  64.82  0.99
WV     GOES12  20080827  2255    4.97    37.89   250   13.4   44  59.30  0.88
WV     GOES12  20080827  2255    5.13    37.22   337    4.2   73  73.83  0.73
WV     GOES12  20080827  2255    5.17    37.07   300    6.8   61  70.69  0.74
WV     GOES12  20080827  2255    5.23    34.70   237   16.6   51  77.00  0.98
WV     GOES12  20080827  2255    5.08    33.92   262   17.4   48  73.25  0.62
WV     GOES12  20080827  2255    4.97    33.57   262   19.0   58  61.39  0.96
WV     GOES12  20080827  2255    5.09    33.04   237   17.6   46  62.27  0.94
WV     GOES12  20080827  2255    4.91    32.53   237   27.0   57  46.49  0.74
WV     GOES12  20080827  2255    4.84    31.97   275   23.9   47  55.10  0.99
WV     GOES12  20080827  2255    4.72    31.85   225   24.5   48  53.84  1.00
WV     GOES12  20080827  2255    4.44    48.23   362    4.4  124  59.33  0.76
WV     GOES12  20080827  2255    4.57    46.32   350    3.4   61  63.97  0.75
WV     GOES12  20080827  2255    4.24    39.82   187   13.6   67  59.51  0.86
WV     GOES12  20080827  2255    4.17    38.62   262   13.7   45  52.24  0.98
WV     GOES12  20080827  2255    4.57    35.85   287   13.3   46  61.59  0.62
WV     GOES12  20080827  2255    4.61    35.50   287   13.1   46  65.28  0.74
WV     GOES12  20080827  2255    4.32    34.75   200   19.4   41  57.96  0.78
WV     GOES12  20080827  2255    4.24    34.50   212   16.1   42  55.60  0.75
WV     GOES12  20080827  2255    4.33    33.28   212   20.9   48  73.71  0.97
WV     GOES12  20080827  2255    4.67    32.95   225   22.0   52  66.76  0.92
WV     GOES12  20080827  2255    4.22    32.26   237   23.9   50  59.45  1.00
WV     GOES12  20080827  2255    4.64    31.99   262   24.0   47  54.12  1.00
WV     GOES12  20080827  2255    4.69    31.51   287   20.7   55  72.68  0.75
WV     GOES12  20080827  2255    4.02    33.56   212   21.2   52  72.15  0.99
WV     GOES12  20080827  2255    4.11    32.64   212   25.5   50  56.46  0.78
WV10   GOES12  20080827  2255   27.99    95.66   200    8.9  315  64.17  0.84
WV10   GOES12  20080827  2255   27.29    90.27   337    9.4  257  66.08  0.71
WV10   GOES12  20080827  2255   27.17    89.60   225    9.0  246  49.14  0.92
WV10   GOES12  20080827  2255   26.37    96.21   312    5.3  274  53.01  0.68
WV10   GOES12  20080827  2255   26.49    92.76   337    7.9  240  66.77  0.90
WV10   GOES12  20080827  2255   26.24    91.62   312    7.9  250  74.30  0.76
WV10   GOES12  20080827  2255   26.34    90.99   312    8.3  245  77.45  0.82
WV10   GOES12  20080827  2255   26.41    89.59   275   11.4  236  78.09  0.89
WV10   GOES12  20080827  2255   25.96    93.22   325    7.5  238  65.71  0.86
WV10   GOES12  20080827  2255   25.83    92.32   312    7.7  244  72.88  0.79
WV10   GOES12  20080827  2255   25.80    91.23   312    8.3  244  74.81  0.75
WV10   GOES12  20080827  2255   25.89    90.16   275   11.2  231  71.77  0.89
WV10   GOES12  20080827  2255   25.94    92.46   312    7.5  247  73.10  0.76
WV10   GOES12  20080827  2255   25.68    90.46   275    9.9  229  69.33  0.83
WV10   GOES12  20080827  2255   25.78    90.37   275   10.2  230  70.69  0.83
WV10   GOES12  20080827  2255   25.44    89.36   250   14.8  219  58.25  0.61
WV10   GOES12  20080827  2255   25.33    93.78   262    6.9  247  63.41  0.73
WV10   GOES12  20080827  2255   25.10    92.86   262    8.2  247  72.75  0.71
WV10   GOES12  20080827  2255   24.98    92.40   225    8.1  248  72.00  0.72
WV10   GOES12  20080827  2255   24.95    91.43   225    8.4  242  66.40  0.74
WV10   GOES12  20080827  2255   25.26    90.83   275    9.1  237  77.52  0.70
WV10   GOES12  20080827  2255   24.25    93.04   350   10.1  250  63.79  0.71
WV10   GOES12  20080827  2255   24.35    92.51   262    9.3  248  67.24  0.68
WV10   GOES12  20080827  2255   24.43    91.78   225   10.3  239  70.96  0.97
WV10   GOES12  20080827  2255   23.73    97.01   287    5.2  327  73.02  0.51
WV10   GOES12  20080827  2255   23.75    93.71   387    8.9  253  56.47  0.95
WV10   GOES12  20080827  2255   23.84    93.08   375    9.9  251  58.78  0.74
WV10   GOES12  20080827  2255   22.01    94.71   275    8.0  258  66.42  0.85
WV10   GOES12  20080827  2255   22.16    92.18   212   13.5  251  59.88  0.99
WV10   GOES12  20080827  2255   22.04    91.74   200   13.2  254  64.48  1.00
WV10   GOES12  20080827  2255   21.72    95.42   287    6.5  256  67.28  0.76
WV10   GOES12  20080827  2255   21.55    92.40   212   11.9  247  63.90  0.95
WV10   GOES12  20080827  2255   20.71    96.00   300    4.1  247  67.87  0.61
WV10   GOES12  20080827  2255   20.65    93.33   187    8.6  237  68.05  0.51
WV10   GOES12  20080827  2255   20.62    91.75   175    6.8  237  62.35  0.51
WV10   GOES12  20080827  2255   20.02    92.20   187    6.5  246  71.53  0.98
IR     GOES12  20080827  2255   21.37   111.22   175    9.7   90  72.96  0.87
IR     GOES12  20080827  2255   20.74   113.30   187   11.7   94  75.50  0.90
IR     GOES12  20080827  2255   20.69   112.89   225   12.6   93  66.89  0.92
IR     GOES12  20080827  2255   20.57   112.03   212   12.5   80  57.37  0.97
IR     GOES12  20080827  2255   20.65   112.00   212   12.6   79  56.16  1.00
IR     GOES12  20080827  2255   20.71   111.17   250    8.5  102  65.38  0.77
IR     GOES12  20080827  2255   20.20   113.23   162   12.3   91  68.46  0.99
IR     GOES12  20080827  2255   19.93   112.59   200   11.6   96  72.88  0.96
IR     GOES12  20080827  2255   19.87   112.10   162   11.0   95  61.54  0.95
IR     GOES12  20080827  2255   20.31   111.63   212   11.4   76  57.83  0.77
IR     GOES12  20080827  2255   19.92   111.16   237    7.1   96  60.10  0.97
IR     GOES12  20080827  2255   19.49   112.73   237   11.9   92  76.56  0.93
IR     GOES12  20080827  2255   19.84   112.41   212   11.0   94  75.05  0.96
IR     GOES12  20080827  2255   19.75   111.97   187    9.7   94  63.43  0.95
IR     GOES12  20080827  2255   19.73   111.53   225    6.9   93  55.99  0.95
IR     GOES12  20080827  2255   18.86   112.20   137   13.1  102  52.74  0.91
IR     GOES12  20080827  2255   19.12   111.45   162   15.8   82  63.26  0.97
IR     GOES12  20080827  2255   18.45   112.20   275    9.5   95  65.02  1.00
IR     GOES12  20080827  2255   18.41   112.12   275    9.1   95  63.04  1.00
IR     GOES12  20080827  2255   18.38   111.22   287    9.4   93  72.49  0.99
IR     GOES12  20080827  2255   18.17   111.13   275    9.6   93  68.48  0.99
IR     GOES12  20080827  2255   15.12   111.72   287    9.2   84  65.15  0.71
IR     GOES12  20080827  2255   15.43   111.68   287   12.5   89  69.40  0.85
IR     GOES12  20080827  2255   14.12   111.03   362    8.0   75  73.33  0.59
IR     GOES12  20080827  2255   13.85   108.26   262   13.8   81  67.75  0.76
IR     GOES12  20080827  2255   13.88   107.51   250   17.7   86  65.12  0.51
IR     GOES12  20080827  2255   13.86   100.82   212   19.3   90  58.66  0.95
IR     GOES12  20080827  2255   13.85   100.70   200   19.5   90  61.16  0.87
IR     GOES12  20080827  2255   13.92   100.08   175   11.4   85  49.95  0.69
IR     GOES12  20080827  2255   13.80    97.47   287    4.7  131  57.67  0.77
IR     GOES12  20080827  2255   13.79    97.04   300    5.0  166  51.64  0.69
IR     GOES12  20080827  2255   13.92    95.10   275    4.4   56  53.91  0.94
IR     GOES12  20080827  2255   13.78    93.52   225    7.0   83  48.49  0.99
IR     GOES12  20080827  2255   13.94    91.56   187   11.2   55  70.75  0.99
IR     GOES12  20080827  2255   13.63    90.92   187    9.3   34  51.01  0.98
IR     GOES12  20080827  2255   13.59    90.72   150    9.8   45  65.20  0.99
IR     GOES12  20080827  2255   13.55    90.17   150    9.3   57  67.31  0.99
IR     GOES12  20080827  2255   13.55    90.11   150    8.9   56  65.65  0.99
IR     GOES12  20080827  2255   13.38   107.86   325    8.9   90  73.03  0.99
IR     GOES12  20080827  2255   13.65   107.83   325    9.0   89  74.70  0.96
IR     GOES12  20080827  2255   13.43   106.41   225   12.4   88  53.01  0.61
IR     GOES12  20080827  2255   13.54   100.43   212   21.6   92  53.33  0.81
IR     GOES12  20080827  2255   13.45    99.89   225   15.5   98  65.76  0.93
IR     GOES12  20080827  2255   13.44    99.03   225   14.5   95  68.76  0.94
IR     GOES12  20080827  2255   13.42    97.76   250    7.3  102  53.16  0.86
IR     GOES12  20080827  2255   13.42    97.74   262    5.4  113  51.35  0.76
IR     GOES12  20080827  2255   13.36    96.41   300    6.5  135  56.46  0.64
IR     GOES12  20080827  2255   13.39    96.01   275    9.6   64  61.47  1.00
IR     GOES12  20080827  2255   13.43    95.95   275    9.7   61  59.46  0.99
IR     GOES12  20080827  2255   13.37    94.25   162   14.2   57  64.57  0.91
IR     GOES12  20080827  2255   13.37    94.09   162   12.4   61  64.20  0.91
IR     GOES12  20080827  2255   13.37    91.24   150   11.1   44  63.90  0.95
IR     GOES12  20080827  2255   13.36    90.90   150    9.5   40  58.10  0.97
IR     GOES12  20080827  2255   13.40    90.63   150    9.8   53  66.50  0.99
IR     GOES12  20080827  2255   13.28    90.26   150   10.9   58  74.43  0.99
IR     GOES12  20080827  2255   12.97    89.59   187   16.9   63  56.48  0.98
IR     GOES12  20080827  2255   13.03   106.05   200   13.0   85  57.37  0.98
IR     GOES12  20080827  2255   12.61    99.81   212   18.9   95  70.31  0.82
IR     GOES12  20080827  2255   12.57    99.56   225   18.0   95  72.36  0.92
IR     GOES12  20080827  2255   12.52    99.06   225   17.9   96  68.87  0.89
IR     GOES12  20080827  2255   12.60    98.92   237   15.8  101  62.00  0.99
IR     GOES12  20080827  2255   12.48    93.36   337    6.1  157  50.81  0.66
IR     GOES12  20080827  2255   12.46    91.30   137   15.4   56  63.74  0.86
IR     GOES12  20080827  2255   12.68    91.07   150   15.8   50  58.79  0.98
IR     GOES12  20080827  2255   12.83    90.82   150   13.3   53  69.70  0.95
IR     GOES12  20080827  2255   12.11   108.27   262   18.0   93  69.68  0.66
IR     GOES12  20080827  2255   12.03   101.65   200   27.5  100  50.11  0.64
IR     GOES12  20080827  2255   12.33    99.26   225   17.9   99  64.23  1.00
IR     GOES12  20080827  2255   12.32    98.07   287    8.8  135  51.31  0.72
IR     GOES12  20080827  2255   11.86    91.80   137   15.4   58  69.34  0.60
IR     GOES12  20080827  2255   12.23    91.36   150   20.2   52  49.20  0.65
IR     GOES12  20080827  2255   11.99    90.44   212   15.1   76  75.86  0.94
IR     GOES12  20080827  2255   11.95    90.08   150   13.2   82  56.46  0.94
IR     GOES12  20080827  2255   11.95    90.06   150   10.9   84  53.69  0.58
IR     GOES12  20080827  2255   11.56   109.88   212   19.4   91  68.95  0.96
IR     GOES12  20080827  2255   11.52   109.67   237   21.4   85  62.74  1.00
IR     GOES12  20080827  2255   11.98   109.29   312   17.6   98  50.69  0.79
IR     GOES12  20080827  2255   11.88   108.37   262   16.8   98  60.74  0.97
IR     GOES12  20080827  2255   11.83   103.41   175   21.2   87  73.41  0.95
IR     GOES12  20080827  2255   11.63   100.87   200   23.7   88  69.67  0.96
IR     GOES12  20080827  2255   11.57    99.02   312    7.6  108  70.20  0.77
IR     GOES12  20080827  2255   11.60    95.83   237    8.6   95  45.60  0.77
IR     GOES12  20080827  2255   11.32    94.82   162   15.3   60  56.99  0.63
IR     GOES12  20080827  2255   11.55    91.62   150   16.4   64  72.22  0.81
IR     GOES12  20080827  2255   11.40    91.43   137   17.1   73  55.87  0.60
IR     GOES12  20080827  2255   11.58    90.43   175   16.6   80  59.80  0.83
IR     GOES12  20080827  2255   11.07   110.22   237   21.3   86  66.86  0.98
IR     GOES12  20080827  2255   11.22   109.90   175   21.7   83  62.26  1.00
IR     GOES12  20080827  2255   11.37   109.70   200   21.6   82  65.79  1.00
IR     GOES12  20080827  2255   11.10   105.40   262   14.4   91  50.88  0.90
IR     GOES12  20080827  2255   10.92   103.57   175   21.3   90  58.03  0.66
IR     GOES12  20080827  2255   10.91   103.44   175   19.4   91  51.06  0.90
IR     GOES12  20080827  2255   11.08   101.93   187   25.7   96  60.86  0.68
IR     GOES12  20080827  2255   10.88   101.18   237   15.7  104  58.02  0.80
IR     GOES12  20080827  2255   11.10   100.49   200   25.2   88  70.16  0.95
IR     GOES12  20080827  2255   11.17   100.40   200   25.0   87  67.62  0.96
IR     GOES12  20080827  2255   11.19    99.08   175   16.7   95  45.39  0.78
IR     GOES12  20080827  2255   11.18    98.52   162   20.3   90  59.29  0.78
IR     GOES12  20080827  2255   11.06    98.17   175   25.5   85  61.74  0.98
IR     GOES12  20080827  2255   10.85    95.76   200   22.0   94  47.83  0.74
IR     GOES12  20080827  2255   10.85    95.74   200   21.0   94  48.60  0.76
IR     GOES12  20080827  2255   10.82    93.13   175   17.1   54  56.42  0.94
IR     GOES12  20080827  2255   10.37   107.20   250   16.4   92  52.24  0.68
IR     GOES12  20080827  2255   10.55   106.79   237   19.0   83  55.53  0.97
IR     GOES12  20080827  2255   10.54   106.52   250   22.0   86  73.29  0.96
IR     GOES12  20080827  2255   10.45   105.39   225   23.5   86  71.02  0.73
IR     GOES12  20080827  2255   10.69   103.80   187   18.6   85  48.42  0.70
IR     GOES12  20080827  2255   10.69   103.51   262   20.5   90  60.46  0.68
IR     GOES12  20080827  2255   10.68   103.39   275   17.6   91  66.36  0.97
IR     GOES12  20080827  2255   10.44   101.93   175   29.3   91  64.56  0.98
IR     GOES12  20080827  2255   10.21    99.37   187   31.4   90  47.79  0.93
IR     GOES12  20080827  2255   10.62    98.92   162   27.7   82  54.30  1.00
IR     GOES12  20080827  2255   10.66    98.71   175   27.2   81  56.65  1.00
IR     GOES12  20080827  2255   10.44    96.47   200   22.7   73  59.03  0.97
IR     GOES12  20080827  2255   10.32    96.14   187   25.0   73  54.49  0.72
IR     GOES12  20080827  2255   10.19    94.27   187   19.3   62  64.52  0.99
IR     GOES12  20080827  2255   10.40    92.53   162   19.3   66  68.04  0.99
IR     GOES12  20080827  2255   10.39    91.81   262   13.2   80  70.14  1.00
IR     GOES12  20080827  2255   10.39    91.79   262   13.7   81  67.14  1.00
IR     GOES12  20080827  2255   10.52    89.72   300    9.2  101  62.55  0.51
IR     GOES12  20080827  2255   10.14    89.19   175   14.1  101  45.60  0.79
IR     GOES12  20080827  2255   10.07   107.76   250   24.8   82  53.08  0.83
IR     GOES12  20080827  2255    9.98   107.25   237   21.3   89  69.91  0.98
IR     GOES12  20080827  2255   10.06   107.13   237   24.6   91  63.62  0.94
IR     GOES12  20080827  2255    9.95   102.53   187   30.6   93  59.26  0.95
IR     GOES12  20080827  2255   10.02   102.26   187   31.5   89  56.97  0.99
IR     GOES12  20080827  2255   10.17   101.93   162   29.2   91  60.53  0.99
IR     GOES12  20080827  2255   10.09   101.34   162   29.2   86  61.47  1.00
IR     GOES12  20080827  2255   10.12   101.25   162   29.5   86  59.50  1.00
IR     GOES12  20080827  2255   10.10    99.38   200   31.0   89  46.52  0.97
IR     GOES12  20080827  2255    9.78    97.72   162   22.1   85  61.25  0.87
IR     GOES12  20080827  2255   10.00    94.39   200   20.4   62  62.79  1.00
IR     GOES12  20080827  2255   10.00    94.21   200   21.2   62  61.96  0.98
IR     GOES12  20080827  2255    9.89    94.00   200   22.4   64  60.99  0.96
IR     GOES12  20080827  2255    9.88    93.22   175   19.6   67  73.70  0.81
IR     GOES12  20080827  2255    9.70    90.25   187   15.9   66  66.50  0.73
IR     GOES12  20080827  2255    9.81    89.59   200   13.8  101  44.40  0.65
IR     GOES12  20080827  2255    9.53   107.68   212   26.9   84  50.42  0.98
IR     GOES12  20080827  2255    9.53   107.66   212   27.0   84  50.22  0.99
IR     GOES12  20080827  2255    9.56   106.90   175   20.7   84  67.46  0.83
IR     GOES12  20080827  2255    9.63   106.37   250   19.4   86  67.43  0.69
IR     GOES12  20080827  2255    9.32   103.64   175   25.9   83  63.36  0.71
IR     GOES12  20080827  2255    9.17   103.16   175   28.3   92  64.28  0.99
IR     GOES12  20080827  2255    9.16   102.98   175   28.9   92  63.00  0.99
IR     GOES12  20080827  2255    9.19   102.33   200   24.7   88  63.92  0.68
IR     GOES12  20080827  2255    9.26   101.91   200   26.8   88  64.66  0.89
IR     GOES12  20080827  2255    9.10    97.26   237   12.6  113  46.07  0.94
IR     GOES12  20080827  2255    9.36    93.39   187   20.3   69  68.97  0.83
IR     GOES12  20080827  2255    9.41    90.19   162   21.4   72  57.72  0.56
IR     GOES12  20080827  2255    8.85   104.75   200   28.4   93  55.31  0.99
IR     GOES12  20080827  2255    8.88   104.23   200   28.3   92  57.14  0.99
IR     GOES12  20080827  2255    8.74   102.31   200   25.9   91  69.02  0.89
IR     GOES12  20080827  2255    8.85   102.09   187   22.2   93  55.65  0.63
IR     GOES12  20080827  2255    8.94   100.15   175   21.8   86  63.50  0.96
IR     GOES12  20080827  2255    8.58    93.38   175   18.6   73  56.41  0.63
IR     GOES12  20080827  2255    8.53    92.14   162   20.2   57  67.64  0.60
IR     GOES12  20080827  2255    8.56    92.08   162   19.9   58  70.42  0.65
IR     GOES12  20080827  2255    8.59    89.95   225   19.9   63  59.18  0.61
IR     GOES12  20080827  2255    8.10   107.94   187   23.5   99  59.43  1.00
IR     GOES12  20080827  2255    8.51   107.64   175   25.5   96  52.11  0.96
IR     GOES12  20080827  2255    8.47   107.20   162   25.4   91  51.00  0.97
IR     GOES12  20080827  2255    8.12   106.97   250   21.9   97  49.71  0.75
IR     GOES12  20080827  2255    8.20   104.37   200   23.4   97  69.37  1.00
IR     GOES12  20080827  2255    8.20   104.24   200   24.3   98  63.97  0.84
IR     GOES12  20080827  2255    8.27   100.55   187   19.9   86  57.98  0.96
IR     GOES12  20080827  2255    8.16    92.93   175   18.9   73  55.02  0.83
IR     GOES12  20080827  2255    7.89    91.33   237   18.6   56  66.56  0.99
IR     GOES12  20080827  2255    8.26    90.59   187   20.5   61  73.85  0.98
IR     GOES12  20080827  2255    8.33    90.38   187   25.2   60  50.72  0.84
IR     GOES12  20080827  2255    8.29    89.67   225   19.2   56  59.29  0.93
IR     GOES12  20080827  2255    7.73   108.67   287    8.0  107  65.81  0.98
IR     GOES12  20080827  2255    7.73   108.54   287    7.4  108  64.01  0.97
IR     GOES12  20080827  2255    7.91   107.90   187   22.9  100  59.02  1.00
IR     GOES12  20080827  2255    7.87   107.73   187   23.2  101  56.55  0.97
IR     GOES12  20080827  2255    7.86   107.08   200   20.1  100  73.50  0.97
IR     GOES12  20080827  2255    7.86   107.00   200   20.3   99  74.79  0.98
IR     GOES12  20080827  2255    7.78   106.50   237   17.8   92  65.87  0.54
IR     GOES12  20080827  2255    7.84   105.40   187   27.1   96  49.95  0.86
IR     GOES12  20080827  2255    7.83   104.30   225   16.7  108  55.44  0.86
IR     GOES12  20080827  2255    7.73   102.34   237   14.3  104  59.56  0.80
IR     GOES12  20080827  2255    7.73   102.31   237   14.3  104  59.49  0.84
IR     GOES12  20080827  2255    7.53    97.57   162   23.0   62  76.68  0.93
IR     GOES12  20080827  2255    7.57    97.43   162   24.6   63  67.43  0.98
IR     GOES12  20080827  2255    7.68    96.99   162   26.1   66  56.17  0.83
IR     GOES12  20080827  2255    7.41    96.13   212   14.2   63  48.13  0.82
IR     GOES12  20080827  2255    7.44    96.02   212   14.3   65  48.55  0.85
IR     GOES12  20080827  2255    7.43    94.02   175   14.8   55  46.80  0.81
IR     GOES12  20080827  2255    7.43    93.68   162   16.9   49  52.24  0.96
IR     GOES12  20080827  2255    7.54    93.57   175   15.2   50  47.47  0.73
IR     GOES12  20080827  2255    7.45    92.11   237   11.3   58  47.50  0.75
IR     GOES12  20080827  2255    7.75    91.70   225   17.8   55  65.89  0.92
IR     GOES12  20080827  2255    7.38   108.25   237   17.3  102  56.02  0.65
IR     GOES12  20080827  2255    7.03   107.45   250   11.3   98  70.45  0.83
IR     GOES12  20080827  2255    7.33   106.97   225    9.9  104  50.86  0.95
IR     GOES12  20080827  2255    7.33   106.94   225    9.8  104  50.56  0.90
IR     GOES12  20080827  2255    7.08   104.99   225   11.3   78  51.62  0.76
IR     GOES12  20080827  2255    7.03   100.29   175   18.9   76  55.52  0.76
IR     GOES12  20080827  2255    6.92    99.89   187   22.7   72  67.30  0.84
IR     GOES12  20080827  2255    7.06    99.46   200   21.7   67  70.76  0.95
IR     GOES12  20080827  2255    6.87    98.92   200   27.1   60  56.92  0.90
IR     GOES12  20080827  2255    7.26    96.59   212   24.8   58  55.91  0.53
IR     GOES12  20080827  2255    7.06    94.48   187   24.7   57  69.10  0.75
IR     GOES12  20080827  2255    7.06    94.46   200   25.0   58  65.07  0.74
IR     GOES12  20080827  2255    7.20    93.83   187   15.6   50  46.07  0.98
IR     GOES12  20080827  2255    6.83    93.70   225   23.2   53  59.80  0.94
IR     GOES12  20080827  2255    6.92    89.90   237   16.8   62  74.91  0.98
IR     GOES12  20080827  2255    6.85    89.52   237   16.5   66  74.53  0.99
IR     GOES12  20080827  2255    6.96    89.42   237   16.9   65  75.09  0.99
IR     GOES12  20080827  2255    6.99    89.07   262   12.9   76  61.58  0.94
IR     GOES12  20080827  2255    6.77   107.24   300    7.2   95  71.95  0.61
IR     GOES12  20080827  2255    6.42   106.30   275    5.0   91  59.53  0.64
IR     GOES12  20080827  2255    6.49   106.09   275    5.6   94  60.88  0.68
IR     GOES12  20080827  2255    6.45   105.88   287    6.6   89  75.00  0.75
IR     GOES12  20080827  2255    6.51   103.58   187   26.6   92  45.27  0.91
IR     GOES12  20080827  2255    6.54   103.55   187   26.9   92  44.89  0.96
IR     GOES12  20080827  2255    6.66   100.31   200   28.3   67  49.26  0.74
IR     GOES12  20080827  2255    6.70   100.21   187   28.1   67  52.06  0.68
IR     GOES12  20080827  2255    6.40    99.61   200   29.2   59  50.03  1.00
IR     GOES12  20080827  2255    6.58    99.17   175   28.1   59  58.31  1.00
IR     GOES12  20080827  2255    6.69    99.03   187   28.8   60  55.38  1.00
IR     GOES12  20080827  2255    6.69    98.77   200   29.6   60  51.05  1.00
IR     GOES12  20080827  2255    6.30    96.51   137   27.7   60  59.67  1.00
IR     GOES12  20080827  2255    6.33    96.37   137   25.2   59  70.95  0.99
IR     GOES12  20080827  2255    6.40    95.31   187   24.1   56  69.04  0.80
IR     GOES12  20080827  2255    6.62    94.78   200   26.8   54  58.94  0.95
IR     GOES12  20080827  2255    6.61    94.09   212   24.4   54  63.71  0.99
IR     GOES12  20080827  2255    6.61    94.05   212   24.0   53  63.39  0.99
IR     GOES12  20080827  2255    6.37    90.16   250   14.4   57  57.52  0.77
IR     GOES12  20080827  2255    6.33    89.87   237   15.5   61  62.66  0.99
IR     GOES12  20080827  2255    6.29    89.81   237   15.6   63  64.96  0.99
IR     GOES12  20080827  2255    6.62    89.23   262   14.2   71  72.51  0.93
IR     GOES12  20080827  2255    6.17   107.32   275    7.9   94  64.41  0.94
IR     GOES12  20080827  2255    6.19   106.20   262    4.8   88  55.59  0.89
IR     GOES12  20080827  2255    6.18   104.99   237    9.1   80  62.10  0.88
IR     GOES12  20080827  2255    6.17   104.06   200   15.1   82  66.07  0.53
IR     GOES12  20080827  2255    5.90   102.25   187   17.9   67  60.58  0.78
IR     GOES12  20080827  2255    5.79    98.05   250   25.3   64  64.22  1.00
IR     GOES12  20080827  2255    5.83    97.91   250   26.0   64  60.49  1.00
IR     GOES12  20080827  2255    6.08    97.13   137   29.3   61  58.11  1.00
IR     GOES12  20080827  2255    5.97    96.63   137   29.8   60  56.38  1.00
IR     GOES12  20080827  2255    5.78    96.30   137   28.6   58  59.07  0.98
IR     GOES12  20080827  2255    5.74    95.81   187   30.6   62  54.84  0.97
IR     GOES12  20080827  2255    6.17    94.32   162   25.1   59  73.75  0.83
IR     GOES12  20080827  2255    5.96    89.77   225   21.7   65  58.94  0.92
IR     GOES12  20080827  2255    6.07    89.36   237   18.7   63  63.45  0.85
IR     GOES12  20080827  2255    5.50   108.43   287    6.0   43  66.43  0.86
IR     GOES12  20080827  2255    5.46   108.05   262    5.5   59  64.66  0.98
IR     GOES12  20080827  2255    5.34   107.36   225    7.0   80  60.61  0.67
IR     GOES12  20080827  2255    5.29   105.63   175   22.7   74  57.16  0.98
IR     GOES12  20080827  2255    5.36   105.53   175   23.5   75  54.15  0.86
IR     GOES12  20080827  2255    5.62   105.18   225   13.7   85  65.59  0.54
IR     GOES12  20080827  2255    5.27   103.37   150   27.9   67  48.68  0.82
IR     GOES12  20080827  2255    5.60    98.02   237   28.0   65  59.17  1.00
IR     GOES12  20080827  2255    5.56    96.45   137   26.8   60  71.75  1.00
IR     GOES12  20080827  2255    5.36    94.13   175   24.8   62  68.77  0.99
IR     GOES12  20080827  2255    5.43    94.04   162   25.0   61  75.46  0.99
IR     GOES12  20080827  2255    5.24    92.11   225   22.7   77  55.36  0.98
IR     GOES12  20080827  2255    5.28    92.06   237   22.2   78  55.73  0.99
IR     GOES12  20080827  2255    5.38    90.48   262   18.2   82  59.22  0.96
IR     GOES12  20080827  2255    5.41    90.44   262   18.2   82  58.93  0.96
IR     GOES12  20080827  2255    5.52    89.63   275   13.0   80  63.25  0.59
IR     GOES12  20080827  2255    5.34    89.45   225   16.9   75  63.19  0.92
IR     GOES12  20080827  2255    5.02   108.92   300    7.2   38  71.51  0.67
IR     GOES12  20080827  2255    5.05   108.43   312    5.5   57  78.36  0.99
IR     GOES12  20080827  2255    5.01   108.23   312    6.0   56  77.47  0.96
IR     GOES12  20080827  2255    4.86   107.49   275    8.5   49  68.02  0.80
IR     GOES12  20080827  2255    5.00   106.59   325    8.3   75  68.20  0.59
IR     GOES12  20080827  2255    4.98    92.23   212   21.5   78  52.36  0.95
IR     GOES12  20080827  2255    4.19   109.23   275   12.2   55  58.72  0.71
IR     GOES12  20080827  2255    4.42   109.07   275   11.7   49  60.41  0.91
IR     GOES12  20080827  2255    4.52   108.20   275   11.1   70  56.76  0.55
IR     GOES12  20080827  2255    4.52   107.57   275    6.2   64  59.78  0.88
IR     GOES12  20080827  2255    4.44   106.45   262   11.9   78  57.54  0.58
IR     GOES12  20080827  2255    4.37    94.46   831    4.6  230  74.94  0.97
IR     GOES12  20080827  2255    4.18    94.36   850    5.1  221  79.25  0.88
IR     GOES12  20080827  2255    4.09    90.27   287   15.8   82  75.17  0.85
IR     GOES12  20080827  2255    4.04   108.91   300   11.3   47  61.95  0.86
IR     GOES12  20080827  2255   29.90    92.71   300    9.7  328  53.90  0.71
IR     GOES12  20080827  2255   29.96    91.47   337    7.0  254  70.59  0.85
IR     GOES12  20080827  2255   29.76    90.94   212    7.0  260  74.74  0.74
IR     GOES12  20080827  2255   29.98    90.57   200    8.0  260  75.46  0.84
IR     GOES12  20080827  2255   29.67    89.06   187    8.0  247  57.67  0.92
IR     GOES12  20080827  2255   29.31    90.94   250    4.5  251  61.93  0.65
IR     GOES12  20080827  2255   29.07    90.38   175    6.2  267  62.21  0.79
IR     GOES12  20080827  2255   29.24    89.93   175    8.2  273  62.85  0.98
IR     GOES12  20080827  2255   29.28    89.73   175    7.2  272  58.54  0.88
IR     GOES12  20080827  2255   28.59    95.79   250   10.9  342  69.38  0.96
IR     GOES12  20080827  2255   28.59    95.76   250   11.3  341  68.54  0.96
IR     GOES12  20080827  2255   28.44    93.55   337    5.4  242  60.48  1.00
IR     GOES12  20080827  2255   28.44    93.47   337    5.2  240  60.61  0.97
IR     GOES12  20080827  2255   28.14    95.65   187    9.1  309  63.92  0.52
IR     GOES12  20080827  2255   27.62    94.28   350    7.4  226  52.17  0.71
IR     GOES12  20080827  2255   27.66    94.00   312    6.4  255  56.56  0.92
IR     GOES12  20080827  2255   28.04    93.64   337    5.9  237  59.49  0.98
IR     GOES12  20080827  2255   27.63    93.12   287    5.9  252  59.48  0.86
IR     GOES12  20080827  2255   27.46    89.40   225   14.5  233  76.82  0.86
IR     GOES12  20080827  2255   27.90    89.37   250   16.3  225  62.24  0.94
IR     GOES12  20080827  2255   27.13    93.86   325    6.7  225  54.35  0.79
IR     GOES12  20080827  2255   27.15    93.20   312    5.6  273  70.52  0.81
IR     GOES12  20080827  2255   27.32    92.90   350    5.9  266  69.41  0.84
IR     GOES12  20080827  2255   27.09    92.53   262    7.1  260  73.72  0.95
IR     GOES12  20080827  2255   26.90    91.96   300    5.2  253  68.72  0.92
IR     GOES12  20080827  2255   26.95    91.92   300    6.0  255  73.88  0.88
IR     GOES12  20080827  2255   27.32    91.28   312    7.5  261  69.07  0.97
IR     GOES12  20080827  2255   27.27    90.92   325    7.5  253  73.77  0.96
IR     GOES12  20080827  2255   27.31    90.55   312    9.8  268  57.57  0.76
IR     GOES12  20080827  2255   26.87    90.33   312    6.2  265  58.29  0.94
IR     GOES12  20080827  2255   27.16    89.83   225   14.0  225  65.76  0.83
IR     GOES12  20080827  2255   26.56    96.82   187   14.5  317  54.21  0.81
IR     GOES12  20080827  2255   26.36    93.00   250    5.7  258  70.60  0.73
IR     GOES12  20080827  2255   26.44    92.71   287    5.8  255  79.10  0.90
IR     GOES12  20080827  2255   26.26    92.22   337    6.1  265  62.56  0.97
IR     GOES12  20080827  2255   26.73    91.91   287    6.1  251  70.91  0.80
IR     GOES12  20080827  2255   26.54    91.50   300    7.0  261  66.29  0.73
IR     GOES12  20080827  2255   26.54    91.45   300    7.5  265  63.10  0.83
IR     GOES12  20080827  2255   26.59    89.81   350    8.6  237  69.15  0.60
IR     GOES12  20080827  2255   26.62    89.00   237    9.5  251  46.59  0.53
IR     GOES12  20080827  2255   26.00    97.01   187    8.6  349  56.12  0.91
IR     GOES12  20080827  2255   25.86    96.82   200   11.1  335  67.13  0.76
IR     GOES12  20080827  2255   25.98    96.51   200   16.5  318  47.11  0.75
IR     GOES12  20080827  2255   25.89    93.11   287    4.4  244  68.23  0.92
IR     GOES12  20080827  2255   26.01    92.60   312    4.6  250  65.64  0.78
IR     GOES12  20080827  2255   25.70    92.40   300    4.7  253  64.50  0.78
IR     GOES12  20080827  2255   25.90    91.79   312    4.6  233  59.70  0.74
IR     GOES12  20080827  2255   25.98    91.40   300    5.6  253  63.24  0.92
IR     GOES12  20080827  2255   25.68    91.15   312    5.2  244  62.39  0.71
IR     GOES12  20080827  2255   25.58    90.62   337    8.1  241  74.86  0.76
IR     GOES12  20080827  2255   25.74    90.30   337    5.7  252  64.69  0.83
IR     GOES12  20080827  2255   25.91    89.93   275   11.1  238  75.65  0.94
IR     GOES12  20080827  2255   25.73    89.83   275   11.5  242  67.75  0.89
IR     GOES12  20080827  2255   25.80    89.01   225   15.7  231  66.78  0.94
IR     GOES12  20080827  2255   25.43    96.64   175   12.8  330  58.48  0.55
IR     GOES12  20080827  2255   25.20    92.96   262    5.4  257  65.29  0.78
IR     GOES12  20080827  2255   25.16    92.75   262    4.8  250  61.11  0.72
IR     GOES12  20080827  2255   25.06    92.31   225    5.8  252  59.45  0.60
IR     GOES12  20080827  2255   25.34    91.47   225    6.3  249  56.07  0.67
IR     GOES12  20080827  2255   25.37    90.76   225    7.1  252  52.43  0.67
IR     GOES12  20080827  2255   25.36    90.53   300    8.1  244  76.68  0.70
IR     GOES12  20080827  2255   25.21    89.34   250   14.4  233  63.05  0.95
IR     GOES12  20080827  2255   24.61    97.86   212    6.9  354  63.68  0.67
IR     GOES12  20080827  2255   24.86    97.50   212    7.1  338  68.08  0.59
IR     GOES12  20080827  2255   24.79    93.33   250    6.2  264  68.97  0.69
IR     GOES12  20080827  2255   24.35    92.56   225    8.6  257  71.88  0.87
IR     GOES12  20080827  2255   24.76    92.23   225    6.6  252  61.80  0.78
IR     GOES12  20080827  2255   24.78    91.10   275    5.3  237  57.98  0.63
IR     GOES12  20080827  2255   24.23    98.01   262    4.6  338  61.06  0.50
IR     GOES12  20080827  2255   24.23    97.93   250    6.3    0  69.02  0.69
IR     GOES12  20080827  2255   23.94    96.55   150    5.6  301  65.58  0.55
IR     GOES12  20080827  2255   23.86    93.32   250    8.4  257  69.88  0.95
IR     GOES12  20080827  2255   23.85    93.02   262    6.7  264  62.80  0.62
IR     GOES12  20080827  2255   23.91   107.18   212   12.3   36  48.06  0.99
IR     GOES12  20080827  2255   23.90   107.15   212   12.3   37  48.16  0.99
IR     GOES12  20080827  2255   23.64    98.01   262    7.7   11  62.55  0.92
IR     GOES12  20080827  2255   23.22    96.07   150    7.4  287  62.02  0.74
IR     GOES12  20080827  2255   23.46    96.00   225   10.9  282  47.72  0.79
IR     GOES12  20080827  2255   23.24    95.50   175    3.7  268  55.93  0.52
IR     GOES12  20080827  2255   23.14    94.65   300    7.5  276  65.29  0.91
IR     GOES12  20080827  2255   23.30    94.33   287    7.0  262  74.29  0.95
IR     GOES12  20080827  2255   23.49    93.48   312    8.1  263  65.74  0.98
IR     GOES12  20080827  2255   22.91   106.53   162   13.8   50  56.38  0.92
IR     GOES12  20080827  2255   22.67    97.54   237    5.6    2  68.37  0.83
IR     GOES12  20080827  2255   22.58    97.14   287    4.1  318  76.84  0.82
IR     GOES12  20080827  2255   22.67    95.79   237    3.4  271  65.62  0.72
IR     GOES12  20080827  2255   22.58    95.45   262    6.3  285  65.92  0.83
IR     GOES12  20080827  2255   22.52    94.89   287    7.2  271  69.89  0.92
IR     GOES12  20080827  2255   22.52    94.74   237   10.9  275  53.07  0.72
IR     GOES12  20080827  2255   22.96    94.28   287    5.3  253  68.00  0.74
IR     GOES12  20080827  2255   22.58   112.20   175    8.3   95  71.03  0.80
IR     GOES12  20080827  2255   22.50   109.05   187    6.8   88  70.06  0.78
IR     GOES12  20080827  2255   22.49   108.83   187    6.5   84  68.64  0.86
IR     GOES12  20080827  2255   22.52   108.55   187    7.5   75  74.60  0.94
IR     GOES12  20080827  2255   22.42   107.98   225    6.5   68  70.03  0.93
IR     GOES12  20080827  2255   22.52   107.28   212    3.3   72  61.16  0.68
IR     GOES12  20080827  2255   22.63   106.85   237    3.4   57  65.67  0.62
IR     GOES12  20080827  2255   21.93    95.93   312    6.0  292  63.95  0.77
IR     GOES12  20080827  2255   21.93    95.88   300    6.3  292  64.88  0.77
IR     GOES12  20080827  2255   22.16    95.20   225    5.0  278  67.65  1.00
IR     GOES12  20080827  2255   22.12    95.14   212    4.9  279  63.27  1.00
IR     GOES12  20080827  2255   21.94    94.57   212    8.2  266  72.97  0.96
IR     GOES12  20080827  2255   22.21    93.83   287    6.6  248  74.12  0.83
IR     GOES12  20080827  2255   22.21    93.70   287    7.0  249  75.13  0.94
IR     GOES12  20080827  2255   22.23    93.05   187   12.0  245  66.98  0.94
IR     GOES12  20080827  2255   22.19    92.97   200   12.2  245  66.91  0.93
IR     GOES12  20080827  2255   22.05    91.98   200   13.1  261  60.88  0.96
IR     GOES12  20080827  2255   21.92    91.50   200   14.5  259  55.71  0.99
IR     GOES12  20080827  2255   21.92    91.48   200   14.6  259  55.29  0.99
IR     GOES12  20080827  2255   21.77   109.55   200   11.8   96  54.89  0.80
IR     GOES12  20080827  2255   21.89   109.41   200   11.3   96  55.95  0.90
IR     GOES12  20080827  2255   21.74   108.73   262    6.0   92  64.77  0.99
IR     GOES12  20080827  2255   22.01   108.38   212    5.9   80  76.96  0.97
IR     GOES12  20080827  2255   21.67   107.94   275    6.3   72  72.93  0.90
IR     GOES12  20080827  2255   22.07   107.60   262    3.9   62  66.56  0.82
IR     GOES12  20080827  2255   21.76   107.04   287    3.6   55  64.57  0.99
IR     GOES12  20080827  2255   21.72   105.74   162   18.9   67  44.68  0.99
IR     GOES12  20080827  2255   21.62   105.32   150   18.0   69  47.04  0.93
IR     GOES12  20080827  2255   21.73    97.96   162    4.3  249  48.44  0.85
IR     GOES12  20080827  2255   21.48    97.50   212    3.5  296  62.83  0.80
IR     GOES12  20080827  2255   21.49    96.25   262    3.4  269  73.31  0.77
IR     GOES12  20080827  2255   21.30    95.42   237    5.8  267  71.15  0.96
IR     GOES12  20080827  2255   21.67    95.36   225    4.7  250  66.06  0.95
IR     GOES12  20080827  2255   21.50    94.96   225    4.5  259  63.79  0.83
IR     GOES12  20080827  2255   21.57    94.43   200    8.3  266  68.68  0.99
IR     GOES12  20080827  2255   21.39    93.99   187    8.4  261  66.78  0.93
IR     GOES12  20080827  2255   21.43    93.89   187    8.0  262  64.21  0.98
IR     GOES12  20080827  2255   21.71    93.52   225    4.7  253  55.24  0.75
IR     GOES12  20080827  2255   21.53    92.45   137   11.5  247  51.85  0.92
IR     GOES12  20080827  2255   21.28    92.22   200    8.2  236  59.85  0.65
IR     GOES12  20080827  2255   21.68    91.83   162   11.3  256  67.80  0.97
IR     GOES12  20080827  2255   21.38    91.28   162    9.8  259  69.48  0.99
IR     GOES12  20080827  2255   21.34    91.18   162    9.9  259  69.56  0.89
IR     GOES12  20080827  2255   21.51    89.47   187    9.5  251  64.55  0.71
IR     GOES12  20080827  2255   21.55    89.10   187    7.1  257  74.20  0.85
IR     GOES12  20080827  2255   21.37   111.28   187    9.0   96  73.82  0.99
IR     GOES12  20080827  2255   21.08   110.08   212    8.0   86  72.55  0.86
IR     GOES12  20080827  2255   21.36   109.69   200    9.3   91  71.20  0.93
IR     GOES12  20080827  2255   21.60   109.65   200   11.2   94  58.56  0.84
IR     GOES12  20080827  2255   21.58   109.01   237    6.4   96  68.74  0.97
IR     GOES12  20080827  2255   21.43   108.37   262    6.1   87  68.93  0.95
IR     GOES12  20080827  2255   21.13   107.89   250    8.8   83  62.23  0.95
IR     GOES12  20080827  2255   21.19   107.42   237    9.1   51  55.83  0.69
IR     GOES12  20080827  2255   21.27   107.21   237    3.1   48  57.94  0.75
IR     GOES12  20080827  2255   21.19   106.10   137    8.2   81  46.16  0.61
IR     GOES12  20080827  2255   21.12    96.18   175    8.3  211  49.00  0.82
IR     GOES12  20080827  2255   21.18    95.32   212    6.3  264  73.77  0.96
IR     GOES12  20080827  2255   21.09    95.04   137    5.8  252  54.86  0.75
IR     GOES12  20080827  2255   21.00    94.53   162    3.4  238  61.20  0.79
IR     GOES12  20080827  2255   21.07    94.30   175    4.7  222  56.61  0.84
IR     GOES12  20080827  2255   21.07    94.13   187    8.6  247  77.57  0.84
IR     GOES12  20080827  2255   20.69    93.44   187   14.2  238  50.81  0.73
IR     GOES12  20080827  2255   21.14    93.36   175   15.8  249  48.65  0.84
IR     GOES12  20080827  2255   20.92    92.82   137   11.3  257  46.66  0.98
IR     GOES12  20080827  2255   20.87    92.34   200    6.4  237  57.97  0.98
IR     GOES12  20080827  2255   20.83    92.07   187    5.4  221  51.82  0.82
IR     GOES12  20080827  2255   20.62    91.63   200    3.8  237  53.57  0.79
IR     GOES12  20080827  2255   20.61    91.44   200    4.5  239  56.30  0.82
IR     GOES12  20080827  2255   21.01    91.21   162    6.9  251  66.29  0.83
IR     GOES12  20080827  2255   21.03    90.03   137   11.3  222  45.57  0.70
IR     GOES12  20080827  2255   20.66   112.06   225   12.5   91  62.26  0.79
IR     GOES12  20080827  2255   20.50   111.29   225   11.0   98  66.27  0.86
IR     GOES12  20080827  2255   20.84   110.33   187    8.3   90  66.67  0.92
IR     GOES12  20080827  2255   20.84   110.30   187    8.6   98  65.65  0.91
IR     GOES12  20080827  2255   20.52   109.45   187   11.3   91  71.49  0.93
IR     GOES12  20080827  2255   20.63   108.94   200    8.5   88  72.75  0.95
IR     GOES12  20080827  2255   20.62   108.88   212    8.2   87  76.98  0.94
IR     GOES12  20080827  2255   20.80   108.09   212    8.2   77  73.46  0.98
IR     GOES12  20080827  2255   20.80   108.03   212    8.1   75  71.95  1.00
IR     GOES12  20080827  2255   20.39   106.70   237    4.9   71  60.81  0.91
IR     GOES12  20080827  2255   20.43   106.65   225    6.1   79  65.73  0.77
IR     GOES12  20080827  2255   20.87   106.27   137   15.5   62  65.68  0.90
IR     GOES12  20080827  2255   20.15    96.71   187    3.2  163  59.30  0.72
IR     GOES12  20080827  2255   20.18    96.24   187    9.0  212  50.12  0.76
IR     GOES12  20080827  2255   20.39    94.39   187    6.0  253  67.77  0.66
IR     GOES12  20080827  2255   20.30    93.86   262    9.9  229  52.56  0.78
IR     GOES12  20080827  2255   20.28    93.16   262    5.6  238  73.05  0.80
IR     GOES12  20080827  2255   20.24    93.06   237    6.4  244  77.16  0.94
IR     GOES12  20080827  2255   19.99    92.62   187   11.5  253  55.23  0.96
IR     GOES12  20080827  2255   20.18    92.17   175    6.9  253  76.24  0.99
IR     GOES12  20080827  2255   20.41    91.60   200    3.2  247  54.23  0.74
IR     GOES12  20080827  2255   19.93   111.22   237    8.2   89  64.87  0.76
IR     GOES12  20080827  2255   19.95   110.74   175   11.4   97  65.68  0.89
IR     GOES12  20080827  2255   20.06   110.41   237    9.2   96  75.62  0.84
IR     GOES12  20080827  2255   20.26   110.23   262    8.2   89  74.65  0.85
IR     GOES12  20080827  2255   20.32   109.53   175   11.7   91  71.18  0.93
IR     GOES12  20080827  2255   19.89   108.90   200   11.2   74  62.95  0.82
IR     GOES12  20080827  2255   20.20   108.52   212    9.9   94  67.20  0.92
IR     GOES12  20080827  2255   20.20   108.43   212    9.9   94  66.79  0.88
IR     GOES12  20080827  2255   20.18   107.99   212    7.0   91  62.33  0.88
IR     GOES12  20080827  2255   20.13   107.60   262    5.2   83  62.37  0.59
IR     GOES12  20080827  2255   20.18   106.73   262    3.9   53  55.60  0.82
IR     GOES12  20080827  2255   19.76    95.31   225    4.0  244  71.60  0.75
IR     GOES12  20080827  2255   19.80    95.24   225    3.9  243  70.27  0.74
IR     GOES12  20080827  2255   19.59    94.68   275    7.5  204  52.53  0.61
IR     GOES12  20080827  2255   19.54    94.11   137    5.4  175  63.37  0.51
IR     GOES12  20080827  2255   19.53    93.73   137    6.1  127  54.22  0.69
IR     GOES12  20080827  2255   19.64    93.05   187    7.6  256  65.84  0.74
IR     GOES12  20080827  2255   19.83    92.76   187   11.8  256  52.41  0.93
IR     GOES12  20080827  2255   19.86    92.36   187    8.4  251  67.44  0.91
IR     GOES12  20080827  2255   19.41    91.71   162    7.6  302  52.31  0.90
IR     GOES12  20080827  2255   19.61    91.62   212    7.5  302  52.53  0.91
IR     GOES12  20080827  2255   19.73   111.56   225    8.4   89  61.94  0.88
IR     GOES12  20080827  2255   19.51   111.06   162   12.6   97  63.26  0.77
IR     GOES12  20080827  2255   19.59   110.99   175   11.6   96  65.83  0.77
IR     GOES12  20080827  2255   19.27   110.05   200    8.2   91  55.87  0.60
IR     GOES12  20080827  2255   19.27   109.84   250    7.5   89  60.32  0.69
IR     GOES12  20080827  2255   19.21   109.31   137   13.9   95  53.32  0.80
IR     GOES12  20080827  2255   19.27   108.80   312    5.7   94  64.25  0.62
IR     GOES12  20080827  2255   19.42   108.35   312    7.1   90  77.28  0.66
IR     GOES12  20080827  2255   19.61   108.03   300    6.2   86  71.66  0.72
IR     GOES12  20080827  2255   19.58   107.07   137   16.4   53  48.32  0.99
IR     GOES12  20080827  2255   19.22   105.91   137   19.7   73  55.50  0.94
IR     GOES12  20080827  2255   19.22   105.88   137   19.7   72  55.86  0.93
IR     GOES12  20080827  2255   19.16   105.09   137   17.5   64  62.36  1.00
IR     GOES12  20080827  2255   19.16   105.04   137   16.7   65  66.20  1.00
IR     GOES12  20080827  2255   19.31    94.83   137    4.5  126  69.20  0.74
IR     GOES12  20080827  2255   19.02    94.30   137    9.4  152  52.43  0.76
IR     GOES12  20080827  2255   18.94    94.07   137    8.2  181  49.27  0.61
IR     GOES12  20080827  2255   19.01    93.58   137    8.8  128  50.96  0.67
IR     GOES12  20080827  2255   19.01    93.56   137    8.9  128  50.53  0.63
IR     GOES12  20080827  2255   19.25    91.60   200    7.9  303  51.82  0.97
IR     GOES12  20080827  2255   19.12   111.55   162   14.4   96  64.48  0.81
IR     GOES12  20080827  2255   19.03   110.00   137   16.2   84  72.22  0.98
IR     GOES12  20080827  2255   18.77   109.69   137   16.1   86  72.55  0.92
IR     GOES12  20080827  2255   18.71   109.06   137   14.3   95  53.98  0.78
IR     GOES12  20080827  2255   18.75   109.01   137   14.6   96  53.57  0.77
IR     GOES12  20080827  2255   18.93   105.67   137   20.5   67  53.77  0.83
IR     GOES12  20080827  2255   18.93   105.50   137   19.5   62  55.30  0.98
IR     GOES12  20080827  2255   18.79   104.97   150   14.9   61  69.05  0.91
IR     GOES12  20080827  2255   18.66   104.34   150   16.9   62  57.13  0.92
IR     GOES12  20080827  2255   18.61   104.03   150   18.2   64  51.45  0.97
IR     GOES12  20080827  2255   18.54    94.23   137    9.2  155  50.81  0.50
IR     GOES12  20080827  2255   18.54    94.19   137    8.1  128  59.79  0.65
IR     GOES12  20080827  2255   18.60    93.19   137    5.6  137  61.86  0.90
IR     GOES12  20080827  2255   18.18   111.23   287    9.4   93  71.37  0.81
IR     GOES12  20080827  2255   18.04   110.64   237   11.9   92  67.13  0.74
IR     GOES12  20080827  2255   18.26   110.20   137   17.5   86  65.82  0.97
IR     GOES12  20080827  2255   18.09   109.76   137   14.6   89  63.94  0.95
IR     GOES12  20080827  2255   18.20   109.41   137   16.6   88  70.40  0.94
IR     GOES12  20080827  2255   18.19   109.23   212   12.0   83  59.68  0.94
IR     GOES12  20080827  2255   17.92   108.00   150   19.7   82  58.68  0.87
IR     GOES12  20080827  2255   18.02   107.37   150   15.2   85  63.08  0.91
IR     GOES12  20080827  2255   18.07   106.32   262   13.3   73  66.04  0.74
IR     GOES12  20080827  2255   18.26   105.98   275    9.3   80  66.76  0.81
IR     GOES12  20080827  2255   18.31   104.92   150   15.5   72  67.05  0.78
IR     GOES12  20080827  2255   18.13   104.25   225    9.3   61  58.77  0.63
IR     GOES12  20080827  2255   17.80   103.61   162   15.5   51  48.60  0.92
IR     GOES12  20080827  2255   17.92   102.27   175    7.1   84  65.42  0.82
IR     GOES12  20080827  2255   17.84   109.46   175   20.4   85  55.50  0.77
IR     GOES12  20080827  2255   17.84   109.31   200   19.7   83  56.52  0.95
IR     GOES12  20080827  2255   17.82   108.96   237   12.0   81  61.35  0.92
IR     GOES12  20080827  2255   17.76   108.28   162   16.2   78  68.12  0.96
IR     GOES12  20080827  2255   17.67   107.68   175   13.0   78  58.55  0.84
IR     GOES12  20080827  2255   17.70   107.46   187   13.7   85  64.81  0.75
IR     GOES12  20080827  2255   17.77   107.09   187   15.3   78  64.74  0.95
IR     GOES12  20080827  2255   17.60   106.65   275   12.9   80  69.69  0.94
IR     GOES12  20080827  2255   17.63   106.24   275   12.0   78  73.33  0.76
IR     GOES12  20080827  2255   17.52   105.36   275    9.8   87  62.76  0.56
IR     GOES12  20080827  2255   17.53   104.01   225    9.2   88  58.90  0.82
IR     GOES12  20080827  2255   17.63   103.45   162   15.2   49  47.51  0.87
IR     GOES12  20080827  2255   17.67   103.35   162   12.5   41  47.92  0.76
IR     GOES12  20080827  2255   17.53   102.34   150   11.4   86  64.07  0.67
IR     GOES12  20080827  2255   16.08   110.56   200   18.3   92  72.12  0.73
IR     GOES12  20080827  2255   16.07   110.44   212   18.7   91  69.63  0.71
IR     GOES12  20080827  2255   15.70   109.76   287   11.4   87  78.49  0.72
IR     GOES12  20080827  2255   15.72   109.24   262   10.9   84  61.45  0.81
IR     GOES12  20080827  2255   15.79   108.77   212    9.5   85  46.12  0.62
IR     GOES12  20080827  2255   15.78   108.28   175   15.7   91  72.31  0.71
IR     GOES12  20080827  2255   15.92   107.86   212   13.9   95  60.85  0.70
IR     GOES12  20080827  2255   15.88   107.79   212   14.1   96  61.44  0.71
IR     GOES12  20080827  2255   15.95   107.36   175   17.6   89  63.04  0.67
IR     GOES12  20080827  2255   15.96   106.12   162    9.4   96  52.46  0.69
IR     GOES12  20080827  2255   15.95   105.73   162    9.7   82  56.45  0.80
IR     GOES12  20080827  2255   15.77   105.02   162   12.3   86  70.30  0.67
IR     GOES12  20080827  2255   15.85   104.76   162   11.8   86  68.61  0.86
IR     GOES12  20080827  2255   15.92   104.51   175   13.0   88  76.46  0.93
IR     GOES12  20080827  2255   15.71   103.81   187    8.0   89  55.28  0.67
IR     GOES12  20080827  2255   15.53   102.88   187    9.9   89  64.09  0.77
IR     GOES12  20080827  2255   15.53   102.80   187    9.9   88  63.98  0.75
IR     GOES12  20080827  2255   15.49   101.20   187   11.9   98  70.79  0.83
IR     GOES12  20080827  2255   15.57   100.93   212   11.6   98  64.45  0.83
IR     GOES12  20080827  2255   15.68   100.72   200    9.6   99  64.20  0.72
IR     GOES12  20080827  2255   15.79   100.41   212    9.4   94  68.45  0.68
IR     GOES12  20080827  2255   15.81    99.74   237    8.9   90  64.46  0.72
IR     GOES12  20080827  2255   15.61    99.33   237    5.0   75  61.65  0.84
IR     GOES12  20080827  2255   15.77    99.23   237    5.3   82  66.08  0.68
IR     GOES12  20080827  2255   15.79    98.64   212    7.5   83  72.75  0.73
IR     GOES12  20080827  2255   15.83    98.40   237    5.8   77  78.90  0.60
IR     GOES12  20080827  2255   15.78    97.81   187    7.1   84  59.92  0.63
IR     GOES12  20080827  2255   15.72    94.51   187   13.6  123  44.57  0.78
IR     GOES12  20080827  2255   15.71    94.11   212    5.8  103  61.40  0.63
IR     GOES12  20080827  2255   15.45   109.41   237   13.8   90  68.55  0.78
IR     GOES12  20080827  2255   15.32   107.33   225   11.0   91  52.88  0.64
IR     GOES12  20080827  2255   15.35   106.81   212    9.6   93  49.45  0.71
IR     GOES12  20080827  2255   15.26   101.16   187   12.9   98  70.60  0.75
IR     GOES12  20080827  2255   15.30    99.56   225    8.6   75  65.62  0.59
IR     GOES12  20080827  2255   15.22    99.28   237    4.2   49  51.21  0.62
IR     GOES12  20080827  2255   15.21    98.80   237    5.4   79  62.50  0.62
IR     GOES12  20080827  2255   15.20    98.36   250    7.2   77  72.63  0.61
WV     GOES12  20080827  2255   33.95   119.84   362    4.7   92  70.02  0.76
WV     GOES12  20080827  2255   32.56   119.48   400    9.8   96  52.48  0.92
WV     GOES12  20080827  2255   30.00    92.89   262    8.2  315  66.01  0.91
WV     GOES12  20080827  2255   29.98    90.42   187   11.6  250  56.39  0.81
WV     GOES12  20080827  2255   30.00   115.30   312    7.0  299  53.23  0.92
WV     GOES12  20080827  2255   29.39    93.97   225    8.3  313  64.44  0.86
WV     GOES12  20080827  2255   29.39    93.81   262    8.0  313  64.26  0.90
WV     GOES12  20080827  2255   29.45    92.77   325    4.4  294  72.66  0.91
WV     GOES12  20080827  2255   29.35    92.49   275    5.5  304  79.85  0.90
WV     GOES12  20080827  2255   29.29    89.96   175   11.0  256  66.93  0.80
WV     GOES12  20080827  2255   29.29    89.93   175   11.2  256  66.07  0.76
WV     GOES12  20080827  2255   28.60    95.87   200    7.5  317  60.64  0.97
WV     GOES12  20080827  2255   28.64    95.82   200    8.3  319  65.05  0.97
WV     GOES12  20080827  2255   28.85    95.45   250   10.9  338  72.92  0.83
WV     GOES12  20080827  2255   28.36    94.05   325    8.0  279  55.39  0.79
WV     GOES12  20080827  2255   28.63    93.82   325    8.2  284  55.93  0.77
WV     GOES12  20080827  2255   28.32    92.41   325    8.0  280  59.66  0.68
WV     GOES12  20080827  2255   28.66    91.94   325    6.9  258  71.07  0.75
WV     GOES12  20080827  2255   28.51    91.17   325    6.2  234  62.41  0.67
WV     GOES12  20080827  2255   28.69    90.97   312    5.1  248  64.79  0.90
WV     GOES12  20080827  2255   28.44    89.99   325    5.5  235  58.75  0.93
WV     GOES12  20080827  2255   28.73   112.23   362    8.6  276  67.66  0.82
WV     GOES12  20080827  2255   28.10    95.75   250   10.9  330  68.62  0.99
WV     GOES12  20080827  2255   28.10    95.72   250   10.9  330  68.59  0.98
WV     GOES12  20080827  2255   27.73    94.98   250    9.4  333  76.17  0.99
WV     GOES12  20080827  2255   27.94    94.87   250   11.7  339  60.65  0.70
WV     GOES12  20080827  2255   27.98    91.10   312    8.8  245  66.07  0.89
WV     GOES12  20080827  2255   27.98    91.05   325    8.5  245  69.46  0.93
WV     GOES12  20080827  2255   27.87    90.09   325    7.0  238  65.02  0.61
WV     GOES12  20080827  2255   27.77    89.55   250   16.5  226  60.72  1.00
WV     GOES12  20080827  2255   27.85    89.44   250   16.7  225  60.01  1.00
WV     GOES12  20080827  2255   27.17    96.87   200   16.2  297  44.12  0.90
WV     GOES12  20080827  2255   26.95    92.05   300    6.6  251  78.63  0.64
WV     GOES12  20080827  2255   27.32    91.28   312    8.4  251  72.07  0.95
WV     GOES12  20080827  2255   27.03    89.96   262   13.0  222  61.91  0.92
WV     GOES12  20080827  2255   27.16    89.85   262   14.6  222  58.93  0.99
WV     GOES12  20080827  2255   27.33    89.58   225   14.4  230  75.48  0.94
WV     GOES12  20080827  2255   26.46    96.62   187   13.5  304  52.38  0.68
WV     GOES12  20080827  2255   26.44    92.76   312    8.7  249  60.73  0.71
WV     GOES12  20080827  2255   26.39    92.32   362    7.4  254  73.23  0.92
WV     GOES12  20080827  2255   26.48    92.29   362    7.5  252  75.02  0.89
WV     GOES12  20080827  2255   26.55    91.65   275    8.0  251  70.62  0.88
WV     GOES12  20080827  2255   26.59    91.53   300    9.2  255  64.44  0.98
WV     GOES12  20080827  2255   26.67    91.12   275    8.7  260  58.87  0.79
WV     GOES12  20080827  2255   26.35    90.69   275   11.9  224  59.19  0.94
WV     GOES12  20080827  2255   26.65    90.14   262   12.8  234  76.94  0.96
WV     GOES12  20080827  2255   26.60    90.01   262   13.1  231  74.52  0.97
WV     GOES12  20080827  2255   26.59    89.64   225    8.9  234  51.14  0.89
WV     GOES12  20080827  2255   26.68   110.38   350   13.0  278  59.57  0.60
WV     GOES12  20080827  2255   26.67   109.28   350    8.8  284  72.67  0.78
WV     GOES12  20080827  2255   25.95    96.95   187    7.5  350  54.50  0.94
WV     GOES12  20080827  2255   25.91    96.78   175    8.1  337  59.07  0.64
WV     GOES12  20080827  2255   26.14    95.79   187    9.6  346  55.79  0.85
WV     GOES12  20080827  2255   25.88    94.22   325    4.6  241  70.20  0.60
WV     GOES12  20080827  2255   25.89    93.16   275    5.8  243  70.08  0.99
WV     GOES12  20080827  2255   26.01    92.63   300    6.3  242  74.94  0.97
WV     GOES12  20080827  2255   26.05    92.59   300    6.4  241  73.63  0.97
WV     GOES12  20080827  2255   25.61    92.01   325    6.7  258  66.36  0.79
WV     GOES12  20080827  2255   25.91    91.81   312    8.0  236  68.71  1.00
WV     GOES12  20080827  2255   25.98    91.43   287    7.2  237  69.57  0.91
WV     GOES12  20080827  2255   25.67    90.78   275    9.4  241  73.33  0.98
WV     GOES12  20080827  2255   25.74    90.35   337    8.0  239  73.28  0.88
WV     GOES12  20080827  2255   25.87    90.00   275   11.4  235  76.40  0.92
WV     GOES12  20080827  2255   25.78    89.91   262   12.3  236  73.77  0.92
WV     GOES12  20080827  2255   25.64    89.20   250   16.8  230  56.86  0.99
WV     GOES12  20080827  2255   25.55    89.14   250   16.5  229  57.41  0.98
WV     GOES12  20080827  2255   25.91   109.90   337   11.0  306  64.17  0.75
WV     GOES12  20080827  2255   25.09    96.80   200   13.2  323  54.42  0.96
WV     GOES12  20080827  2255   25.47    96.60   175   14.3  326  54.08  0.98
WV     GOES12  20080827  2255   25.16    93.05   262    6.6  247  75.76  0.78
WV     GOES12  20080827  2255   25.07    92.76   262    6.7  238  69.47  0.69
WV     GOES12  20080827  2255   25.10    92.32   237    9.2  238  67.72  0.98
WV     GOES12  20080827  2255   24.93    91.97   225    8.9  246  75.81  0.86
WV     GOES12  20080827  2255   25.00    91.34   225    8.5  236  65.60  0.99
WV     GOES12  20080827  2255   25.04    91.27   225    8.8  236  66.86  1.00
WV     GOES12  20080827  2255   25.37    90.78   275    9.4  242  72.78  0.98
WV     GOES12  20080827  2255   25.41    90.54   275    9.3  239  74.43  0.95
WV     GOES12  20080827  2255   25.01    90.06   250   15.3  230  58.18  0.99
WV     GOES12  20080827  2255   25.17    89.43   250   15.7  234  56.82  0.96
WV     GOES12  20080827  2255   25.29    89.06   250   15.7  227  58.00  0.99
WV     GOES12  20080827  2255   24.61    97.89   187    6.1  340  62.34  0.80
WV     GOES12  20080827  2255   24.86    97.53   225    6.6  332  64.34  0.99
WV     GOES12  20080827  2255   24.90    97.51   225    6.1  330  61.69  0.99
WV     GOES12  20080827  2255   24.93    97.00   200    9.6  325  68.38  0.78
WV     GOES12  20080827  2255   24.96    96.69   175   13.6  327  54.61  0.99
WV     GOES12  20080827  2255   24.68    94.09   250    7.2  268  71.35  0.83
WV     GOES12  20080827  2255   24.31    92.65   262    9.7  248  64.54  0.93
WV     GOES12  20080827  2255   24.76    92.19   225    8.8  248  76.68  0.98
WV     GOES12  20080827  2255   24.76    92.16   225    8.9  248  77.43  0.98
WV     GOES12  20080827  2255   24.58    91.74   225    7.4  240  62.60  0.82
WV     GOES12  20080827  2255   24.76    90.20   275   15.0  229  49.12  0.98
WV     GOES12  20080827  2255   24.37    89.66   225   13.5  223  58.63  0.96
WV     GOES12  20080827  2255   24.41    89.54   225   13.5  222  58.55  0.90
WV     GOES12  20080827  2255   24.26   108.55   325   10.7   15  61.38  0.80
WV     GOES12  20080827  2255   24.23    97.93   250    5.8  337  63.46  0.96
WV     GOES12  20080827  2255   23.94    96.60   150    6.1  305  68.98  0.79
WV     GOES12  20080827  2255   23.80    96.09   300   11.1  286  48.45  0.98
WV     GOES12  20080827  2255   23.85    94.84   237    5.1  271  68.90  0.58
WV     GOES12  20080827  2255   23.90    93.40   250    8.9  251  68.60  0.90
WV     GOES12  20080827  2255   24.02    93.12   250    8.9  255  68.68  0.99
WV     GOES12  20080827  2255   24.10    92.84   312    7.7  259  66.99  0.79
WV     GOES12  20080827  2255   24.22    92.56   262    9.7  248  64.75  0.93
WV     GOES12  20080827  2255   24.17    92.11   262    8.0  244  75.97  0.76
WV     GOES12  20080827  2255   24.21    91.85   262    7.6  231  68.72  0.93
WV     GOES12  20080827  2255   24.10    90.63   287   13.6  239  47.53  0.74
WV     GOES12  20080827  2255   24.28   115.11   312    7.9   56  51.22  0.92
WV     GOES12  20080827  2255   24.31   114.71   300    7.2   65  59.11  0.87
WV     GOES12  20080827  2255   24.25   114.35   300    8.6   81  55.02  0.71
WV     GOES12  20080827  2255   24.05   110.91   325    8.6   56  55.79  0.84
WV     GOES12  20080827  2255   24.09   110.77   325    8.5   55  55.50  0.91
WV     GOES12  20080827  2255   23.90   108.25   337    9.2   25  65.80  0.59
WV     GOES12  20080827  2255   23.95   107.19   262   11.1   27  54.08  0.74
WV     GOES12  20080827  2255   23.64    98.01   262    6.7  344  70.48  0.86
WV     GOES12  20080827  2255   23.49    97.07   275    3.7  326  71.76  0.59
WV     GOES12  20080827  2255   23.61    93.40   350    9.1  254  64.87  0.95
WV     GOES12  20080827  2255   23.60    93.03   337    9.0  256  66.85  0.98
WV     GOES12  20080827  2255   23.63   114.84   300    7.8   73  69.09  0.60
WV     GOES12  20080827  2255   23.69   114.47   312    6.8   67  71.19  0.99
WV     GOES12  20080827  2255   23.13   112.29   175    9.7   75  62.22  0.98
WV     GOES12  20080827  2255   23.35   109.25   337    7.5   50  64.51  0.76
WV     GOES12  20080827  2255   23.34   109.10   325    8.1   49  64.48  0.96
WV     GOES12  20080827  2255   23.27   107.05   137   13.8   38  47.73  0.93
WV     GOES12  20080827  2255   22.99   106.50   175   12.4   38  52.73  0.70
WV     GOES12  20080827  2255   22.84    97.65   187    4.2  320  60.66  0.84
WV     GOES12  20080827  2255   22.52    94.92   287    9.5  271  58.37  0.89
WV     GOES12  20080827  2255   23.01    94.66   312    8.2  270  64.06  0.96
WV     GOES12  20080827  2255   22.93    94.39   300    6.8  251  71.98  0.96
WV     GOES12  20080827  2255   22.44    93.13   162   13.5  248  57.91  0.99
WV     GOES12  20080827  2255   22.49    91.44   200   15.8  259  52.20  0.83
WV     GOES12  20080827  2255   22.55   113.41   250   10.4   77  69.57  0.73
WV     GOES12  20080827  2255   22.50   112.43   175   10.7   76  61.48  0.92
WV     GOES12  20080827  2255   22.79   112.22   175    8.7   87  78.34  0.93
WV     GOES12  20080827  2255   22.70   111.96   175    9.6   87  71.90  0.75
WV     GOES12  20080827  2255   22.44   109.63   325    6.5   70  59.54  0.83
WV     GOES12  20080827  2255   22.46   109.15   200    5.2   90  67.37  0.96
WV     GOES12  20080827  2255   22.49   108.80   175    5.7   82  56.48  0.69
WV     GOES12  20080827  2255   22.52   108.52   200    5.9   70  71.66  0.97
WV     GOES12  20080827  2255   22.54   107.96   212    5.7   58  71.41  0.91
WV     GOES12  20080827  2255   22.44   107.55   237    4.2   49  69.60  0.99
WV     GOES12  20080827  2255   22.60   107.19   212    4.4   60  68.35  0.77
WV     GOES12  20080827  2255   22.43    97.90   175    3.6  346  65.96  0.97
WV     GOES12  20080827  2255   22.12    95.42   187    6.8  273  78.74  0.91
WV     GOES12  20080827  2255   22.08    95.18   287    7.6  267  67.19  0.92
WV     GOES12  20080827  2255   21.94    94.62   200   12.2  278  53.69  0.95
WV     GOES12  20080827  2255   22.01    94.26   212    8.4  265  70.50  0.81
WV     GOES12  20080827  2255   22.21    93.83   287    6.2  242  68.35  0.76
WV     GOES12  20080827  2255   22.21    93.75   287    5.8  238  65.21  0.82
WV     GOES12  20080827  2255   22.19    93.07   187   13.0  249  66.65  1.00
WV     GOES12  20080827  2255   22.19    93.04   200   13.0  248  65.34  1.00
WV     GOES12  20080827  2255   22.14    92.40   212   14.9  252  54.47  0.85
WV     GOES12  20080827  2255   22.09    92.01   212   16.4  255  49.51  1.00
WV     GOES12  20080827  2255   22.09    91.93   212   16.3  255  49.67  1.00
WV     GOES12  20080827  2255   22.00    91.42   200   16.3  260  50.56  0.99
WV     GOES12  20080827  2255   21.76    89.46   150   13.9  255  52.77  0.82
WV     GOES12  20080827  2255   22.21   112.44   250   10.8   78  69.61  0.91
WV     GOES12  20080827  2255   22.31   111.78   175    9.6   86  73.68  0.84
WV     GOES12  20080827  2255   21.81   110.63   275    7.0   80  66.52  0.97
WV     GOES12  20080827  2255   21.80   110.35   275    8.5   79  74.41  0.99
WV     GOES12  20080827  2255   21.77   109.58   200    9.4   91  66.73  0.99
WV     GOES12  20080827  2255   21.88   109.38   212    9.1   93  62.43  0.97
WV     GOES12  20080827  2255   22.08   109.00   225    5.9   93  70.79  0.96
WV     GOES12  20080827  2255   22.10   108.38   212    5.0   71  69.26  0.91
WV     GOES12  20080827  2255   22.17   108.19   225    5.0   61  69.99  0.95
WV     GOES12  20080827  2255   22.11   107.56   262    4.4   48  69.07  0.98
WV     GOES12  20080827  2255   22.10   107.32   237    4.1   51  68.78  0.96
WV     GOES12  20080827  2255   21.76   105.70   175   13.3   61  54.86  0.94
WV     GOES12  20080827  2255   21.48    97.58   212    4.5  290  58.27  0.97
WV     GOES12  20080827  2255   21.48    97.53   212    4.0  294  61.16  0.79
WV     GOES12  20080827  2255   21.30    95.42   250    7.3  262  61.74  0.87
WV     GOES12  20080827  2255   21.50    95.01   225   11.1  266  53.33  0.61
WV     GOES12  20080827  2255   21.50    94.93   212    6.1  261  70.40  0.68
WV     GOES12  20080827  2255   21.57    94.48   212   11.1  272  55.83  0.97
WV     GOES12  20080827  2255   21.40    94.08   175    9.6  259  65.76  1.00
WV     GOES12  20080827  2255   21.26    93.50   162   16.7  252  44.28  0.99
WV     GOES12  20080827  2255   21.71    93.33   200   16.7  257  49.09  0.73
WV     GOES12  20080827  2255   21.28    92.30   225    9.9  234  60.58  0.93
WV     GOES12  20080827  2255   21.43    91.84   212   13.5  250  55.24  0.98
WV     GOES12  20080827  2255   21.46    91.37   162   12.3  259  60.13  0.95
WV     GOES12  20080827  2255   21.34    91.06   162   11.9  253  62.04  0.78
WV     GOES12  20080827  2255   21.49    90.27   162   15.6  251  49.07  0.75
WV     GOES12  20080827  2255   21.52    89.90   137    8.5  235  59.15  0.55
WV     GOES12  20080827  2255   21.56    89.62   175   12.6  249  55.35  0.93
WV     GOES12  20080827  2255   21.55    89.53   175   13.1  253  53.89  0.95
WV     GOES12  20080827  2255   21.55    89.15   187   11.8  264  54.64  0.88
WV     GOES12  20080827  2255   21.64   113.87   337    4.9   65  60.95  0.90
WV     GOES12  20080827  2255   21.63   113.57   325    6.2   69  60.65  0.78
WV     GOES12  20080827  2255   21.31   111.76   237    9.6   93  76.15  0.90
WV     GOES12  20080827  2255   21.26   111.68   237   10.9   92  67.59  0.93
WV     GOES12  20080827  2255   21.41   111.23   175    9.5   87  70.32  0.90
WV     GOES12  20080827  2255   21.64   110.60   287    6.6   73  63.79  0.98
WV     GOES12  20080827  2255   21.20   110.00   237    8.5   84  69.85  0.82
WV     GOES12  20080827  2255   21.60   109.62   200    9.3   93  68.27  1.00
WV     GOES12  20080827  2255   21.51   109.47   212    9.3   95  63.75  1.00
WV     GOES12  20080827  2255   21.58   108.98   237    5.5   99  65.37  0.98
WV     GOES12  20080827  2255   21.30   108.12   250    7.8   74  68.54  0.91
WV     GOES12  20080827  2255   21.13   107.86   275    8.2   73  65.07  0.91
WV     GOES12  20080827  2255   21.23   105.91   137   15.0   67  70.80  0.91
WV     GOES12  20080827  2255   21.30   105.82   150   15.7   66  59.14  0.98
WV     GOES12  20080827  2255   20.74    95.74   175    7.5  219  56.00  0.97
WV     GOES12  20080827  2255   21.18    95.35   237    7.3  261  64.36  0.86
WV     GOES12  20080827  2255   21.09    95.06   162    7.1  244  65.14  0.95
WV     GOES12  20080827  2255   21.00    94.56   162    6.6  252  67.70  0.84
WV     GOES12  20080827  2255   21.07    94.23   175    9.4  246  67.98  1.00
WV     GOES12  20080827  2255   21.15    93.90   175    9.4  257  65.88  1.00
WV     GOES12  20080827  2255   21.06    93.76   175   11.7  254  58.28  0.92
WV     GOES12  20080827  2255   20.81    93.31   187   15.4  239  48.70  0.80
WV     GOES12  20080827  2255   20.99    92.33   212    7.5  244  66.75  0.75
WV     GOES12  20080827  2255   21.07    92.29   225    8.6  242  70.34  0.93
WV     GOES12  20080827  2255   20.62    91.66   175    7.0  251  69.66  0.95
WV     GOES12  20080827  2255   20.61    91.46   175    6.9  252  69.65  0.94
WV     GOES12  20080827  2255   20.78   113.28   187   12.3   96  70.24  0.95
WV     GOES12  20080827  2255   20.49   112.10   200   12.4   80  59.20  0.99
WV     GOES12  20080827  2255   20.55   111.52   212   12.5   77  54.91  0.66
WV     GOES12  20080827  2255   20.96   111.36   237    7.9   96  68.68  0.92
WV     GOES12  20080827  2255   20.48   110.70   225    9.9   94  72.20  0.96
WV     GOES12  20080827  2255   20.84   110.33   200    8.2   94  71.66  0.97
WV     GOES12  20080827  2255   20.75   110.09   212    7.0   93  66.83  0.95
WV     GOES12  20080827  2255   20.51   109.27   200    8.7   90  72.15  0.97
WV     GOES12  20080827  2255   20.63   108.91   200    7.9   84  68.53  0.95
WV     GOES12  20080827  2255   20.58   108.66   212    7.3   82  68.82  0.92
WV     GOES12  20080827  2255   20.80   108.03   212    7.3   70  67.03  0.95
WV     GOES12  20080827  2255   20.76   107.90   212    6.4   62  60.54  0.84
WV     GOES12  20080827  2255   20.84   106.68   200   12.9   48  48.15  0.63
WV     GOES12  20080827  2255   20.37   106.13   137   17.0   67  68.19  0.88
WV     GOES12  20080827  2255   20.08    96.82   175    5.5  220  55.44  0.89
WV     GOES12  20080827  2255   20.15    96.53   175    6.5  206  54.25  0.68
WV     GOES12  20080827  2255   20.53    95.19   250    4.4  231  70.07  0.88
WV     GOES12  20080827  2255   20.52    94.85   237    7.5  253  64.81  0.97
WV     GOES12  20080827  2255   20.35    94.43   200   11.4  243  55.18  0.93
WV     GOES12  20080827  2255   20.47    94.40   200    9.8  247  63.04  0.80
WV     GOES12  20080827  2255   20.29    93.84   275   12.0  234  46.69  0.70
WV     GOES12  20080827  2255   20.05    93.54   262    8.3  221  55.27  0.74
WV     GOES12  20080827  2255   20.16    92.93   187    9.1  256  66.01  1.00
WV     GOES12  20080827  2255   20.07    92.82   187    9.6  255  63.53  1.00
WV     GOES12  20080827  2255   20.39    92.24   175    7.3  253  73.95  0.99
WV     GOES12  20080827  2255   20.30    92.21   175    7.3  253  75.60  0.99
WV     GOES12  20080827  2255   20.45    91.59   175    6.6  252  70.28  0.90
WV     GOES12  20080827  2255   20.49    91.38   175    6.6  252  69.82  0.89
WV     GOES12  20080827  2255   19.98   112.64   200   11.3   94  75.70  0.98
WV     GOES12  20080827  2255   20.33   112.20   175   11.2   88  73.38  0.99
WV     GOES12  20080827  2255   20.35   111.64   212   11.8   75  56.14  0.78
WV     GOES12  20080827  2255   20.05   111.26   237    6.7   93  58.78  0.95
WV     GOES12  20080827  2255   20.16   110.90   225    8.1  106  62.31  0.85
WV     GOES12  20080827  2255   20.06   110.38   237    7.6  101  64.42  0.81
WV     GOES12  20080827  2255   20.26   110.20   275    7.7   95  70.62  0.98
WV     GOES12  20080827  2255   20.36   109.48   187   11.7   79  66.15  0.92
WV     GOES12  20080827  2255   19.89   108.87   187   12.4   69  58.36  0.93
WV     GOES12  20080827  2255   20.24   108.44   212    7.9   93  66.38  1.00
WV     GOES12  20080827  2255   20.24   108.41   212    7.8   93  65.90  1.00
WV     GOES12  20080827  2255   20.22   107.94   212    5.7   90  57.54  0.88
WV     GOES12  20080827  2255   19.83   107.17   237   12.0   50  49.63  0.94
WV     GOES12  20080827  2255   20.11   106.91   225    9.6   51  54.54  0.82
WV     GOES12  20080827  2255   20.21   106.37   137   19.1   68  59.51  1.00
WV     GOES12  20080827  2255   19.88    95.18   250    5.0  245  71.70  0.74
WV     GOES12  20080827  2255   19.59    94.70   275    7.0  225  57.38  0.64
WV     GOES12  20080827  2255   19.64    93.09   187    9.5  253  58.38  0.99
WV     GOES12  20080827  2255   19.83    92.81   187   11.3  252  54.45  0.99
WV     GOES12  20080827  2255   19.79    92.69   187    9.6  250  60.43  0.85
WV     GOES12  20080827  2255   19.37    91.45   200    8.1  303  51.84  0.97
WV     GOES12  20080827  2255   19.65   112.78   250   11.9   94  78.07  0.97
WV     GOES12  20080827  2255   19.84   112.41   237   11.0   95  75.23  0.98
WV     GOES12  20080827  2255   19.32   111.55   137   16.2   83  68.64  0.96
WV     GOES12  20080827  2255   19.48   111.32   175   11.5   90  68.98  1.00
WV     GOES12  20080827  2255   19.55   111.01   200    9.2   98  61.60  0.78
WV     GOES12  20080827  2255   19.78   110.60   237   10.9   94  71.84  0.99
WV     GOES12  20080827  2255   19.77   110.20   212    8.9  101  62.86  0.67
WV     GOES12  20080827  2255   19.33   109.41   137   14.8   80  61.90  0.90
WV     GOES12  20080827  2255   19.65   107.98   300    6.1   92  71.58  0.83
WV     GOES12  20080827  2255   19.47   107.44   187   12.4   59  53.04  0.68
WV     GOES12  20080827  2255   19.26   105.84   137   18.7   71  61.19  0.96
WV     GOES12  20080827  2255   19.30   105.76   137   19.2   67  59.39  0.94
WV     GOES12  20080827  2255   19.16   105.12   137   17.5   60  61.75  0.97
WV     GOES12  20080827  2255   19.05    95.88   212    4.1  207  73.82  0.93
WV     GOES12  20080827  2255   18.86    94.21   137    5.8  140  72.49  0.63
WV     GOES12  20080827  2255   18.85    93.94   137    5.6  155  65.79  0.73
WV     GOES12  20080827  2255   18.97    93.67   137    6.0  153  64.79  0.99
WV     GOES12  20080827  2255   18.92    93.45   137    5.7  172  59.15  0.87
WV     GOES12  20080827  2255   18.88    93.04   200    3.6  209  62.97  0.93
WV     GOES12  20080827  2255   18.75   112.76   262   13.8   96  67.17  0.84
WV     GOES12  20080827  2255   18.79   112.71   250   13.8   96  70.26  0.93
WV     GOES12  20080827  2255   19.05   112.02   137   15.9   84  70.85  0.99
WV     GOES12  20080827  2255   19.20   111.60   137   16.2   83  68.62  0.98
WV     GOES12  20080827  2255   19.12   111.42   162   15.6   81  63.27  0.98
WV     GOES12  20080827  2255   19.14   110.94   175   11.1   90  63.16  1.00
WV     GOES12  20080827  2255   19.16   110.37   137   17.3   74  55.94  0.91
WV     GOES12  20080827  2255   18.81   109.58   137   17.6   84  70.08  0.91
WV     GOES12  20080827  2255   18.68   109.31   137   17.1   84  74.52  0.63
WV     GOES12  20080827  2255   18.92   106.56   137   21.3   63  52.20  0.95
WV     GOES12  20080827  2255   18.98   105.96   137   15.1   69  64.33  0.80
WV     GOES12  20080827  2255   18.79   104.86   150   14.4   59  67.15  0.99
WV     GOES12  20080827  2255   18.58   104.43   150   14.8   60  65.84  0.95
WV     GOES12  20080827  2255   18.65   104.29   150   14.9   61  66.00  0.98
WV     GOES12  20080827  2255   18.31    94.85   137    7.5  120  70.72  0.75
WV     GOES12  20080827  2255   18.64    93.03   200    3.6  203  63.96  0.95
WV     GOES12  20080827  2255   18.62   112.28   175   11.1   98  55.61  1.00
WV     GOES12  20080827  2255   18.48   111.71   300   11.0   97  68.59  1.00
WV     GOES12  20080827  2255   18.55   111.55   300    9.6  100  67.43  0.96
WV     GOES12  20080827  2255   18.38   111.19   162   11.1   96  54.80  0.97
WV     GOES12  20080827  2255   18.20   110.66   287    9.5   90  71.58  0.99
WV     GOES12  20080827  2255   18.46   109.99   137   18.7   79  57.35  0.92
WV     GOES12  20080827  2255   18.20   109.38   137   20.0   85  56.50  0.99
WV     GOES12  20080827  2255   18.20   109.35   137   20.1   84  56.05  0.99
WV     GOES12  20080827  2255   18.04   108.06   162   18.6   86  62.57  0.99
WV     GOES12  20080827  2255   18.04   108.00   175   18.2   86  64.13  1.00
WV     GOES12  20080827  2255   18.02   107.32   175   15.5   88  68.91  0.97
WV     GOES12  20080827  2255   18.01   107.15   200   16.1   88  69.92  1.00
WV     GOES12  20080827  2255   18.11   106.36   137   14.5   75  63.20  1.00
WV     GOES12  20080827  2255   18.07   106.26   262   14.2   74  63.01  1.00
WV     GOES12  20080827  2255   18.32   105.22   137   17.4   64  62.00  0.98
WV     GOES12  20080827  2255   18.35   104.87   150   13.2   60  64.16  0.92
WV     GOES12  20080827  2255   18.18   104.37   150   13.1   65  73.45  0.94
WV     GOES12  20080827  2255   18.21   104.13   150   12.7   65  74.69  0.93
WV     GOES12  20080827  2255   17.90   101.43   175    5.6   81  64.77  0.79
WV     GOES12  20080827  2255   17.93   111.03   275   11.8   99  70.93  0.98
WV     GOES12  20080827  2255   17.95   110.44   300    9.7   90  76.39  0.99
WV     GOES12  20080827  2255   17.84   109.31   187   20.8   82  53.43  0.99
WV     GOES12  20080827  2255   17.87   109.23   187   20.4   82  54.72  0.98
WV     GOES12  20080827  2255   17.53   108.42   212   19.4   88  57.47  1.00
WV     GOES12  20080827  2255   17.76   108.19   162   19.1   84  60.69  0.99
WV     GOES12  20080827  2255   17.59   107.78   187   18.2   85  63.81  0.99
WV     GOES12  20080827  2255   17.70   107.38   187   15.8   86  78.62  0.96
WV     GOES12  20080827  2255   17.77   107.03   187   14.9   85  75.87  0.99
WV     GOES12  20080827  2255   17.67   106.25   262   13.8   79  70.46  1.00
WV     GOES12  20080827  2255   17.70   106.18   262   13.8   78  69.92  1.00
WV     GOES12  20080827  2255   17.40   105.36   150   13.2   78  67.77  1.00
WV     GOES12  20080827  2255   17.56   105.29   137   13.7   79  62.90  1.00
WV     GOES12  20080827  2255   17.47   104.89   150   13.3   83  62.59  0.99
WV     GOES12  20080827  2255   17.61   104.19   262    9.6  100  51.34  0.89
WV     GOES12  20080827  2255   17.53   104.04   212    9.9   96  58.79  0.93
WV     GOES12  20080827  2255   17.56   102.30   162    9.3   89  66.24  0.98
WV     GOES12  20080827  2255   17.40   102.14   175    9.0   78  75.37  0.67
WV     GOES12  20080827  2255   17.55   101.72   175   11.0  109  51.70  0.90
WV     GOES12  20080827  2255   17.38   111.54   187   24.0   81  46.30  0.60
WV     GOES12  20080827  2255   16.94   110.19   200   20.0   81  59.05  0.79
WV     GOES12  20080827  2255   17.07   109.31   200   20.0   90  61.31  0.99
WV     GOES12  20080827  2255   17.07   109.17   187   20.4   91  58.22  0.98
WV     GOES12  20080827  2255   17.23   107.69   200   17.0   87  72.03  0.97
WV     GOES12  20080827  2255   16.94   107.42   200   16.2   88  77.27  1.00
WV     GOES12  20080827  2255   17.17   106.88   200   16.1   83  66.76  0.99
WV     GOES12  20080827  2255   16.80   106.58   250   13.5   77  68.20  0.98
WV     GOES12  20080827  2255   17.18   105.97   212   13.9   84  71.97  0.86
WV     GOES12  20080827  2255   17.18   105.89   175   11.7   88  61.89  0.75
WV     GOES12  20080827  2255   16.76   105.17   187   10.9   90  63.37  0.92
WV     GOES12  20080827  2255   16.84   104.91   187   13.5   87  73.55  0.94
WV     GOES12  20080827  2255   17.19   104.64   200   11.6   90  72.48  0.98
WV     GOES12  20080827  2255   16.82   104.16   175   14.0   88  63.38  0.95
WV     GOES12  20080827  2255   16.69   103.68   175   12.6   79  68.17  0.92
WV     GOES12  20080827  2255   17.00   103.40   187   14.4   77  55.82  0.76
WV     GOES12  20080827  2255   16.71   102.84   187   10.9   94  67.04  0.97
WV     GOES12  20080827  2255   17.10   102.65   162    9.4   93  64.03  0.98
WV     GOES12  20080827  2255   16.88   101.93   187    9.2   87  76.83  0.76
WV     GOES12  20080827  2255   16.76   101.60   187   10.9   97  63.98  0.99
WV     GOES12  20080827  2255   17.03   101.47   162    9.3   93  73.06  0.95
WV     GOES12  20080827  2255   16.86   100.82   137    7.6   78  58.89  0.82
WV     GOES12  20080827  2255   16.93   100.46   187    8.2   76  67.09  0.99
WV     GOES12  20080827  2255   17.00   100.09   175    7.7   82  70.08  0.68
WV     GOES12  20080827  2255   16.87    99.81   175   11.0   79  56.96  0.90
WV     GOES12  20080827  2255   16.95    99.55   200    5.2   75  65.18  0.76
WV     GOES12  20080827  2255   16.32   110.89   200   21.6   90  57.34  0.95
WV     GOES12  20080827  2255   16.43   110.38   225   21.6   92  51.74  1.00
WV     GOES12  20080827  2255   16.60   109.40   212   16.5   90  74.00  0.99
WV     GOES12  20080827  2255   16.64   109.32   212   18.0   90  71.65  0.98
WV     GOES12  20080827  2255   16.66   108.86   200   17.1   81  62.48  0.71
WV     GOES12  20080827  2255   16.24   107.93   212   16.5   91  78.76  1.00
WV     GOES12  20080827  2255   16.31   107.38   175   19.1   86  57.32  1.00
WV     GOES12  20080827  2255   16.37   106.95   200   13.0   93  60.89  0.92
WV     GOES12  20080827  2255   16.60   106.61   237   14.0   80  68.20  0.99
WV     GOES12  20080827  2255   16.28   106.24   262   13.5   87  71.42  0.91
WV     GOES12  20080827  2255   16.34   105.54   262   13.2   80  76.14  0.97
WV     GOES12  20080827  2255   16.34   105.43   250   13.7   80  76.16  0.97
WV     GOES12  20080827  2255   16.52   104.79   200   12.4   88  76.60  1.00
WV     GOES12  20080827  2255   16.24   104.60   175   12.7   85  79.07  0.98
WV     GOES12  20080827  2255   16.14   104.05   200   11.6   95  68.72  0.89
WV     GOES12  20080827  2255   16.45   103.84   162   13.1   93  62.00  0.97
WV     GOES12  20080827  2255   16.05   103.32   162    7.4   79  52.83  0.88
WV     GOES12  20080827  2255   16.08   102.93   187    9.6   89  67.36  0.99
WV     GOES12  20080827  2255   16.33   101.96   187   12.4   95  63.72  1.00
WV     GOES12  20080827  2255   16.33   101.94   187   12.5   96  62.64  1.00
WV     GOES12  20080827  2255   16.40   101.56   175   11.1  105  61.26  0.97
WV     GOES12  20080827  2255   16.35   100.81   187   12.6   87  60.20  0.95
WV     GOES12  20080827  2255   16.35   100.79   175   12.6   87  60.17  0.94
WV     GOES12  20080827  2255   16.06   100.16   237    9.1   95  60.36  0.93
WV     GOES12  20080827  2255   16.16    99.27   225    6.8   87  71.68  0.70
WV     GOES12  20080827  2255   15.89    97.65   187    8.6   88  68.24  0.98
WV     GOES12  20080827  2255   15.91    94.30   175   11.5  102  53.47  0.85
WV     GOES12  20080827  2255   15.69   111.02   162   24.3   89  44.94  0.99
WV     GOES12  20080827  2255   16.09   111.01   187   23.5   89  50.86  0.99
WV     GOES12  20080827  2255   16.11   110.45   212   22.2   92  52.79  1.00
WV     GOES12  20080827  2255   15.59   108.78   212   18.2  100  59.25  1.00
WV     GOES12  20080827  2255   15.70   108.43   200   18.8  102  56.06  1.00
WV     GOES12  20080827  2255   15.89   108.16   187   18.3   95  62.14  0.84
WV     GOES12  20080827  2255   15.92   107.80   200   17.6   93  69.44  1.00
WV     GOES12  20080827  2255   15.95   107.36   175   18.8   87  57.58  0.99
WV     GOES12  20080827  2255   15.67   105.48   150   12.2   80  67.78  0.99
WV     GOES12  20080827  2255   15.77   105.02   175   13.0   83  73.12  1.00
WV     GOES12  20080827  2255   15.84   104.68   162   13.3   84  77.75  0.78
WV     GOES12  20080827  2255   15.92   104.48   175   14.1   86  68.60  0.66
WV     GOES12  20080827  2255   15.87   103.97   187    9.2   93  59.67  0.89
WV     GOES12  20080827  2255   15.71   103.78   187    9.9   89  63.29  1.00
WV     GOES12  20080827  2255   15.61   103.00   187    9.0   88  60.11  0.94
WV     GOES12  20080827  2255   15.53   102.88   187   10.9   86  68.63  0.95
WV     GOES12  20080827  2255   15.84   102.57   225    7.8   86  55.14  0.66
WV     GOES12  20080827  2255   15.94   102.13   187   11.7   98  67.52  0.93
WV     GOES12  20080827  2255   15.53   101.21   187   11.8   95  75.53  0.99
WV     GOES12  20080827  2255   15.56   100.86   225   12.2   99  59.13  0.92
WV     GOES12  20080827  2255   15.68   100.65   200   11.8   97  67.83  1.00
WV     GOES12  20080827  2255   15.47   100.01   212   11.7   87  69.29  0.99
WV     GOES12  20080827  2255   15.46    99.71   225    8.7   78  70.12  0.96
WV     GOES12  20080827  2255   15.77    99.33   237    6.4   95  63.70  0.92
WV     GOES12  20080827  2255   15.79    98.52   212    6.7   73  63.38  1.00
WV     GOES12  20080827  2255   15.87    98.41   225    6.4   70  69.04  0.99
WV     GOES12  20080827  2255   15.55    97.92   212    6.0   97  61.16  0.90
WV     GOES12  20080827  2255   15.85    97.62   162    7.9   83  57.42  0.88
WV     GOES12  20080827  2255   15.76    94.51   175   14.5  115  44.58  0.91
WV     GOES12  20080827  2255   15.76    94.44   187   15.0  122  42.45  0.67
WV     GOES12  20080827  2255   15.16   111.73   275   12.3   85  73.05  0.70
WV     GOES12  20080827  2255   15.15   111.64   275   12.0   86  75.86  0.77
WV     GOES12  20080827  2255   15.30   111.25   350   10.9   85  66.42  0.96
WV     GOES12  20080827  2255   15.28   110.27   337   10.5   87  69.15  0.67
WV     GOES12  20080827  2255   15.18   109.75   275   14.0   90  65.91  0.98
WV     GOES12  20080827  2255   15.45   109.35   250   21.4   94  46.33  0.99
WV     GOES12  20080827  2255   15.40   108.88   212   18.1   99  60.79  1.00
WV     GOES12  20080827  2255   15.19   108.55   200   16.6   98  65.53  0.98
WV     GOES12  20080827  2255   15.33   107.87   187   16.8   93  68.53  0.93
WV     GOES12  20080827  2255   15.13   107.63   237   17.5   81  59.62  0.92
WV     GOES12  20080827  2255   15.27   105.49   150   13.5   82  75.17  1.00
WV     GOES12  20080827  2255   15.27   105.30   162   17.3   84  56.66  0.91
WV     GOES12  20080827  2255   15.22   104.62   137   14.6   81  74.15  0.99
WV     GOES12  20080827  2255   15.21   104.48   137   16.3   79  63.02  0.98
WV     GOES12  20080827  2255   14.93   103.95   137   15.0   81  74.11  1.00
WV     GOES12  20080827  2255   14.92   103.40   137   16.5   79  62.18  0.93
WV     GOES12  20080827  2255   14.91   103.24   137   17.8   80  57.43  0.77
WV     GOES12  20080827  2255   15.29   102.87   187   11.6   83  67.02  0.95
WV     GOES12  20080827  2255   15.01   102.30   187   15.5   96  61.79  0.98
WV     GOES12  20080827  2255   14.92   101.85   262   13.6  101  57.03  0.84
WV     GOES12  20080827  2255   15.26   101.14   187   12.4   97  71.90  0.99
WV     GOES12  20080827  2255   15.09   100.61   212   12.8   92  71.74  0.99
WV     GOES12  20080827  2255   15.09   100.55   212   12.8   88  72.58  0.95
WV     GOES12  20080827  2255   15.00   100.09   225    9.3   88  66.37  0.99
WV     GOES12  20080827  2255   15.26    99.06   225   12.6   59  49.79  0.74
WV     GOES12  20080827  2255   15.12    98.01   250    4.5   62  64.73  0.99
WV     GOES12  20080827  2255   14.96    97.67   237    4.6   53  55.45  0.89
WV     GOES12  20080827  2255   14.65    92.85   212   11.6   40  50.26  0.69
WV     GOES12  20080827  2255   14.65   110.30   237   11.0   92  56.10  0.79
WV     GOES12  20080827  2255   14.59   109.76   275   13.5   85  70.31  0.90
WV     GOES12  20080827  2255   14.50   109.19   275   11.5   88  70.83  0.95
WV     GOES12  20080827  2255   14.80   108.54   250   14.3   93  69.55  1.00
WV     GOES12  20080827  2255   14.80   108.52   250   14.1   92  71.11  1.00
WV     GOES12  20080827  2255   14.82   107.96   212   13.9   97  61.51  0.93
WV     GOES12  20080827  2255   14.49   107.22   187   14.0   79  62.57  0.77
WV     GOES12  20080827  2255   14.57   106.98   212   15.3   82  64.56  0.95
WV     GOES12  20080827  2255   14.83   106.68   250   15.1   79  68.02  0.99
WV     GOES12  20080827  2255   14.52   104.73   137   15.8   86  63.90  0.79
WV     GOES12  20080827  2255   14.70   104.04   137   14.2   81  72.52  0.94
WV     GOES12  20080827  2255   14.73   103.81   137   16.4   83  66.39  0.77
WV     GOES12  20080827  2255   14.53   103.46   137   14.2   89  65.86  0.71
WV     GOES12  20080827  2255   14.73   102.12   300   13.9   97  57.46  0.92
WV     GOES12  20080827  2255   14.69   101.84   262   12.8  100  60.15  0.77
WV     GOES12  20080827  2255   14.48   101.24   275    9.0   83  63.23  0.62
WV     GOES12  20080827  2255   14.67   100.67   250   10.9   84  76.17  0.96
WV     GOES12  20080827  2255   14.47   100.46   262    9.6   82  69.30  1.00
WV     GOES12  20080827  2255   14.66   100.14   262    9.5   84  77.53  0.96
WV     GOES12  20080827  2255   14.65    97.80   250    4.5   62  58.31  0.95
WV     GOES12  20080827  2255   14.34    92.70   212   11.3   65  72.59  0.94
WV     GOES12  20080827  2255   14.42    92.55   212   12.7   64  61.93  0.92
WV     GOES12  20080827  2255   14.60    92.04   212   11.5   59  62.47  0.77
WV     GOES12  20080827  2255   13.97   108.40   300   11.7   81  71.65  0.99
WV     GOES12  20080827  2255   14.04   107.96   262   11.7   84  61.24  0.67
WV     GOES12  20080827  2255   13.92   107.58   237   20.9   85  52.49  1.00
WV     GOES12  20080827  2255   14.22   107.22   225   15.6   81  64.43  0.88
WV     GOES12  20080827  2255   14.06   107.02   250   18.0   91  60.86  0.83
WV     GOES12  20080827  2255   14.22   105.34   300   17.6   81  49.61  0.96
WV     GOES12  20080827  2255   14.21   105.07   275   17.2   78  57.78  0.99
WV     GOES12  20080827  2255   13.98   103.16   137   17.4  100  52.67  0.68
WV     GOES12  20080827  2255   14.17   102.88   137   19.3   95  53.39  0.81
WV     GOES12  20080827  2255   14.08   102.35   262   16.3   96  58.00  0.68
WV     GOES12  20080827  2255   14.08   102.33   262   16.3   95  58.65  0.74
WV     GOES12  20080827  2255   13.86   100.85   225   21.0   91  49.86  0.99
WV     GOES12  20080827  2255   13.82   100.74   225   19.2   91  55.65  0.88
WV     GOES12  20080827  2255   13.92   100.13   175   16.1   87  67.09  0.89
WV     GOES12  20080827  2255   13.92   100.03   200   14.8   85  62.62  0.83
WV     GOES12  20080827  2255   13.90    99.09   237   12.8   85  72.72  0.73
WV     GOES12  20080827  2255   13.66    98.52   237   18.3   74  47.71  0.89
WV     GOES12  20080827  2255   13.69    97.87   225   12.7   76  62.63  0.91
WV     GOES12  20080827  2255   13.69    97.79   237   12.5   76  66.90  1.00
WV     GOES12  20080827  2255   13.68    94.51   162   15.0   42  48.77  0.95
WV     GOES12  20080827  2255   13.71    94.17   162   13.8   50  57.96  0.75
WV     GOES12  20080827  2255   13.63    93.58   212    8.1   60  50.53  0.79
WV     GOES12  20080827  2255   13.57    91.92   150   12.4   43  65.39  0.79
WV     GOES12  20080827  2255   13.67    91.18   150   11.3   41  65.21  0.96
WV     GOES12  20080827  2255   13.63    90.92   187    9.1   34  50.93  0.99
WV     GOES12  20080827  2255   13.59    90.72   150    9.7   48  66.52  0.98
WV     GOES12  20080827  2255   13.55    90.15   150    9.1   55  66.69  1.00
WV     GOES12  20080827  2255   13.58    90.11   150    9.0   55  66.68  1.00
WV     GOES12  20080827  2255   13.38   107.98   312   10.3   85  77.50  0.91
WV     GOES12  20080827  2255   13.29   107.46   287   20.8   90  46.40  1.00
WV     GOES12  20080827  2255   13.64   107.14   250   22.1   86  50.46  0.98
WV     GOES12  20080827  2255   13.28   106.77   200   20.9   93  52.42  0.88
WV     GOES12  20080827  2255   13.34   106.18   200   17.5   87  68.88  0.79
WV     GOES12  20080827  2255   13.39   100.63   250   21.2   95  46.05  0.88
WV     GOES12  20080827  2255   13.48    99.01   225   16.7   86  64.24  0.88
WV     GOES12  20080827  2255   13.38    97.83   225   12.6   79  61.33  0.99
WV     GOES12  20080827  2255   13.42    97.76   237   12.8   79  70.30  1.00
WV     GOES12  20080827  2255   13.53    97.32   250   11.6   67  61.33  0.61
WV     GOES12  20080827  2255   13.25    96.69   287    7.0  114  62.25  0.62
WV     GOES12  20080827  2255   13.40    96.56   300    6.2  127  61.37  0.62
WV     GOES12  20080827  2255   13.39    96.04   275    9.2   60  59.46  1.00
WV     GOES12  20080827  2255   13.39    95.97   275    9.2   61  60.49  1.00
WV     GOES12  20080827  2255   13.34    95.28   225   19.7   64  50.06  0.89
WV     GOES12  20080827  2255   13.38    95.23   225   20.4   64  48.37  0.82
WV     GOES12  20080827  2255   13.14    94.55   162   17.0   58  59.09  0.88
WV     GOES12  20080827  2255   13.37    94.25   162   13.7   56  62.73  0.98
WV     GOES12  20080827  2255   13.37    94.20   162   13.3   57  63.75  0.97
WV     GOES12  20080827  2255   13.02    93.64   225   18.3   57  54.01  0.99
WV     GOES12  20080827  2255   13.13    93.28   237   18.1   53  51.25  0.94
WV     GOES12  20080827  2255   13.43    93.08   275   13.3   48  50.25  0.89
WV     GOES12  20080827  2255   13.11    92.27   137   14.2   47  63.14  0.89
WV     GOES12  20080827  2255   13.10    91.24   150   11.3   47  63.61  0.80
WV     GOES12  20080827  2255   13.36    90.93   150    9.3   38  56.58  0.99
WV     GOES12  20080827  2255   13.02    90.74   150   11.2   60  68.87  0.91
WV     GOES12  20080827  2255   13.36    90.23   150    9.5   57  66.68  0.99
WV     GOES12  20080827  2255   12.74   108.70   287   12.6   92  69.53  0.68
WV     GOES12  20080827  2255   13.00   108.18   287   12.4   86  70.90  0.67
WV     GOES12  20080827  2255   13.07   108.08   287   13.1   84  73.11  0.91
WV     GOES12  20080827  2255   12.71   107.44   300   13.9   90  70.45  0.80
WV     GOES12  20080827  2255   13.07   106.19   212   12.4   75  50.42  0.83
WV     GOES12  20080827  2255   12.78   104.88   262   14.6   83  61.96  0.64
WV     GOES12  20080827  2255   12.78   104.83   262   14.3   82  60.26  0.61
WV     GOES12  20080827  2255   12.61    99.51   225   18.3   96  68.56  0.94
WV     GOES12  20080827  2255   12.72    99.23   212   18.1   95  68.74  0.90
WV     GOES12  20080827  2255   12.63    98.95   237   18.7   95  57.63  0.80
WV     GOES12  20080827  2255   12.64    96.90   275   12.9   81  56.70  1.00
WV     GOES12  20080827  2255   12.77    94.84   175   11.9   51  47.58  0.95
WV     GOES12  20080827  2255   12.87    94.27   162   14.4   59  64.52  0.82
WV     GOES12  20080827  2255   12.87    93.92   237   16.6   62  63.69  0.96
WV     GOES12  20080827  2255   12.75    93.73   262   17.0   59  52.37  0.75
WV     GOES12  20080827  2255   12.51    92.95   250   12.7   58  62.53  0.60
WV     GOES12  20080827  2255   12.62    92.45   187   16.9   55  58.05  0.76
WV     GOES12  20080827  2255   12.62    92.41   187   16.7   55  58.52  0.78
WV     GOES12  20080827  2255   12.50    91.85   137   15.0   51  63.71  0.97
WV     GOES12  20080827  2255   12.61    91.11   150   16.1   52  59.60  0.99
WV     GOES12  20080827  2255   12.79    90.83   150   13.6   51  66.36  0.93
WV     GOES12  20080827  2255   12.87    90.55   150    9.6   64  59.92  0.98
WV     GOES12  20080827  2255   12.67    90.20   187   16.4   74  61.98  0.96
WV     GOES12  20080827  2255   12.32    89.43   187   16.6   78  63.80  0.96
WV     GOES12  20080827  2255   12.47    89.20   187   15.5   76  70.11  0.89
WV     GOES12  20080827  2255   12.19   108.23   262   19.7   88  63.02  0.94
WV     GOES12  20080827  2255   12.12   106.79   212   24.1   91  53.79  1.00
WV     GOES12  20080827  2255   12.12   106.76   212   24.4   92  52.34  1.00
WV     GOES12  20080827  2255   12.30   105.92   262   20.9   90  61.32  0.95
WV     GOES12  20080827  2255   12.40   105.41   287   17.1   87  66.23  0.84
WV     GOES12  20080827  2255   12.03   101.63   200   22.9   99  59.47  0.62
WV     GOES12  20080827  2255   12.38    99.98   200   21.4   92  76.83  1.00
WV     GOES12  20080827  2255   12.23    99.78   225   20.7   91  62.52  1.00
WV     GOES12  20080827  2255   12.37    99.29   212   18.1   99  60.09  1.00
WV     GOES12  20080827  2255   12.27    94.75   250   14.4   65  70.79  0.82
WV     GOES12  20080827  2255   12.06    92.73   225   11.3   45  47.43  0.65
WV     GOES12  20080827  2255   12.06    92.70   225   11.6   48  49.07  0.84
WV     GOES12  20080827  2255   11.93    91.69   150   18.1   58  60.20  0.99
WV     GOES12  20080827  2255   12.16    91.58   150   17.9   58  59.24  0.99
WV     GOES12  20080827  2255   12.27    91.34   137   17.0   53  55.75  1.00
WV     GOES12  20080827  2255   12.00    90.89   137   19.4   71  47.72  0.88
WV     GOES12  20080827  2255   11.88    90.36   212   14.2   78  71.18  0.97
WV     GOES12  20080827  2255   11.95    90.08   212   12.6   81  62.15  0.90
WV     GOES12  20080827  2255   12.29    89.41   187   16.7   77  64.54  0.96
WV     GOES12  20080827  2255   12.25    89.32   187   17.3   71  62.72  0.64
WV     GOES12  20080827  2255   11.65   110.50   262   20.2   86  57.91  0.99
WV     GOES12  20080827  2255   11.65   110.15   212   19.7   92  67.55  1.00
WV     GOES12  20080827  2255   11.57   109.90   212   19.6   89  74.27  0.99
WV     GOES12  20080827  2255   11.98   109.32   312   17.6   98  50.69  0.81
WV     GOES12  20080827  2255   11.77   108.69   262   19.2   95  63.94  0.99
WV     GOES12  20080827  2255   11.96   108.25   275   17.7   95  65.18  0.76
WV     GOES12  20080827  2255   11.87   107.87   250   15.5   88  56.01  0.73
WV     GOES12  20080827  2255   11.78   107.20   225   25.0   94  53.09  0.97
WV     GOES12  20080827  2255   11.89   106.78   212   22.9   91  60.04  0.99
WV     GOES12  20080827  2255   11.49   106.04   275   25.0   94  46.39  0.95
WV     GOES12  20080827  2255   11.60   105.57   275   24.2   90  48.34  0.71
WV     GOES12  20080827  2255   11.56   105.46   275   23.7   90  49.54  0.99
WV     GOES12  20080827  2255   11.80   104.21   325    9.7   89  75.64  0.74
WV     GOES12  20080827  2255   11.84   101.50   200   20.6   99  55.28  0.81
WV     GOES12  20080827  2255   11.79   100.92   200   25.2   85  59.56  1.00
WV     GOES12  20080827  2255   11.78   100.62   200   22.8   88  69.04  0.99
WV     GOES12  20080827  2255   11.44   100.31   200   22.5   90  68.79  0.72
WV     GOES12  20080827  2255   11.58    99.93   187   25.6   81  56.96  0.90
WV     GOES12  20080827  2255   11.81    99.71   225   22.0   87  56.33  0.96
WV     GOES12  20080827  2255   11.61    99.10   275   12.9  108  61.73  0.80
WV     GOES12  20080827  2255   11.61    99.00   312    9.6  108  67.86  0.88
WV     GOES12  20080827  2255   11.61    96.80   250   15.1   83  65.80  0.60
WV     GOES12  20080827  2255   11.60    95.83   225   12.0   79  51.93  0.58
WV     GOES12  20080827  2255   11.70    94.46   237   19.9   57  50.33  0.81
WV     GOES12  20080827  2255   11.35    93.70   187   11.6   61  47.31  0.66
WV     GOES12  20080827  2255   11.54    93.53   187   23.8   60  48.94  0.54
WV     GOES12  20080827  2255   11.52    92.34   200   14.9   62  61.67  0.99
WV     GOES12  20080827  2255   11.75    92.13   150   16.1   61  78.70  0.70
WV     GOES12  20080827  2255   11.67    91.97   150   17.9   58  63.75  0.79
WV     GOES12  20080827  2255   11.48    91.57   150   16.9   64  69.27  0.98
WV     GOES12  20080827  2255   11.66    91.16   137   17.6   75  51.60  0.98
WV     GOES12  20080827  2255   11.66    90.98   150   18.2   72  54.99  0.79
WV     GOES12  20080827  2255   11.61    89.37   212   13.0   81  63.36  0.99
WV     GOES12  20080827  2255   11.31   110.46   275   19.7   85  56.25  0.99
WV     GOES12  20080827  2255   11.18   109.98   175   21.7   84  61.21  1.00
WV     GOES12  20080827  2255   11.45   109.80   200   21.7   85  68.11  1.00
WV     GOES12  20080827  2255   11.33   107.73   300   12.5   91  70.61  0.93
WV     GOES12  20080827  2255   11.33   107.45   325   15.3   92  54.66  0.61
WV     GOES12  20080827  2255   11.18   105.86   250   25.0   98  50.35  1.00
WV     GOES12  20080827  2255   11.22   105.81   250   25.2   98  49.79  1.00
WV     GOES12  20080827  2255   11.06   105.39   237   19.4   90  59.49  0.77
WV     GOES12  20080827  2255   10.92   103.67   250   20.5   89  72.55  0.65
WV     GOES12  20080827  2255   10.91   103.41   175   19.7   91  52.12  0.97
WV     GOES12  20080827  2255   11.21   100.53   200   25.3   87  66.42  0.97
WV     GOES12  20080827  2255   11.21   100.38   200   23.0   90  69.40  0.67
WV     GOES12  20080827  2255   11.12    99.34   162   22.6   86  70.23  1.00
WV     GOES12  20080827  2255   11.19    99.05   175   22.9   86  70.57  1.00
WV     GOES12  20080827  2255   11.19    98.96   175   22.2   86  67.06  1.00
WV     GOES12  20080827  2255   11.18    98.55   162   24.6   85  64.90  0.98
WV     GOES12  20080827  2255   11.06    98.17   175   23.1   87  73.65  0.97
WV     GOES12  20080827  2255   11.17    97.87   187   21.5   86  72.28  0.99
WV     GOES12  20080827  2255   11.09    97.17   187   14.6  103  43.34  0.57
WV     GOES12  20080827  2255   10.97    96.69   212   16.6   77  60.03  0.97
WV     GOES12  20080827  2255   10.89    96.33   250   19.7   75  47.02  0.77
WV     GOES12  20080827  2255   10.81    95.85   187   19.0   80  65.52  0.96
WV     GOES12  20080827  2255   10.81    95.71   187   18.9   84  58.76  0.92
WV     GOES12  20080827  2255   11.14    95.16   200   21.0   72  67.32  0.99
WV     GOES12  20080827  2255   10.80    94.76   187   18.0   62  58.76  0.86
WV     GOES12  20080827  2255   10.87    94.42   162   19.3   69  68.34  0.92
WV     GOES12  20080827  2255   10.87    94.28   162   18.1   68  76.84  0.86
WV     GOES12  20080827  2255   10.94    93.98   162   19.1   66  69.28  0.85
WV     GOES12  20080827  2255   10.82    93.13   175   15.6   57  56.60  0.99
WV     GOES12  20080827  2255   11.06    91.65   200   17.5   63  64.46  1.00
WV     GOES12  20080827  2255   11.10    91.59   212   17.3   63  62.00  1.00
WV     GOES12  20080827  2255   10.87    91.06   262   18.6   76  49.23  0.89
WV     GOES12  20080827  2255   10.86    89.63   312   11.6   88  63.28  0.80
WV     GOES12  20080827  2255   10.40   107.23   250   19.9   94  62.61  0.67
WV     GOES12  20080827  2255   10.59   106.82   237   19.9   85  60.08  0.91
WV     GOES12  20080827  2255   10.55   106.55   237   22.9   86  72.10  1.00
WV     GOES12  20080827  2255   10.50   106.33   250   22.8   87  70.19  0.67
WV     GOES12  20080827  2255   10.38   105.61   250   23.9   87  62.55  0.97
WV     GOES12  20080827  2255   10.45   105.41   225   24.5   86  67.61  0.98
WV     GOES12  20080827  2255   10.71   104.76   337    6.9  106  65.68  0.72
WV     GOES12  20080827  2255   10.69   103.64   250   20.0   89  75.72  0.67
WV     GOES12  20080827  2255   10.69   103.59   250   20.7   90  68.66  0.68
WV     GOES12  20080827  2255   10.72   103.18   300   17.0   91  54.73  0.99
WV     GOES12  20080827  2255   10.44   101.93   175   29.0   90  67.42  1.00
WV     GOES12  20080827  2255   10.62   101.50   175   30.3   83  55.27  0.81
WV     GOES12  20080827  2255   10.69   101.24   237   16.3  109  53.99  0.78
WV     GOES12  20080827  2255   10.60   100.21   187   25.9   85  68.09  1.00
WV     GOES12  20080827  2255   10.64   100.17   200   26.1   85  61.81  1.00
WV     GOES12  20080827  2255   10.59    99.60   175   29.9   75  46.90  0.67
WV     GOES12  20080827  2255   10.21    99.37   200   31.9   90  44.68  0.92
WV     GOES12  20080827  2255   10.62    98.95   162   27.7   80  53.25  1.00
WV     GOES12  20080827  2255   10.69    98.69   175   26.4   79  57.11  1.00
WV     GOES12  20080827  2255   10.45    97.30   175   22.8   80  70.80  0.96
WV     GOES12  20080827  2255   10.41    96.99   162   25.9   79  51.00  0.95
WV     GOES12  20080827  2255   10.37    96.89   162   24.5   77  54.91  0.99
WV     GOES12  20080827  2255   10.48    96.48   200   21.9   74  62.69  0.98
WV     GOES12  20080827  2255   10.32    96.16   187   21.9   72  65.47  0.96
WV     GOES12  20080827  2255   10.28    95.41   187   19.9   67  66.02  0.99
WV     GOES12  20080827  2255   10.24    95.06   200   20.0   75  68.44  0.84
WV     GOES12  20080827  2255   10.61    94.76   187   18.7   63  61.54  0.92
WV     GOES12  20080827  2255   10.42    94.26   162   14.9   70  58.35  0.85
WV     GOES12  20080827  2255   10.56    93.98   162   21.9   74  52.74  0.99
WV     GOES12  20080827  2255   10.55    93.06   187   18.6   54  55.47  0.86
WV     GOES12  20080827  2255   10.44    92.53   162   19.4   63  68.32  0.97
WV     GOES12  20080827  2255   10.55    92.43   225   20.1   61  53.64  0.93
WV     GOES12  20080827  2255   10.32    91.89   250   14.8   76  69.05  0.89
WV     GOES12  20080827  2255   10.43    91.74   275   14.6   75  59.03  0.69
WV     GOES12  20080827  2255   10.46    90.83   200   17.1   70  77.49  0.90
WV     GOES12  20080827  2255   10.53    90.74   212   17.0   73  70.67  0.79
WV     GOES12  20080827  2255   10.53    90.10   212   15.2   91  52.10  0.82
WV     GOES12  20080827  2255   10.53    90.08   212   15.3   91  52.13  0.75
WV     GOES12  20080827  2255   10.52    89.74   262   16.4   89  51.85  0.75
WV     GOES12  20080827  2255   10.22    89.09   175   15.5   95  49.42  0.87
WV     GOES12  20080827  2255   10.26    89.07   175   15.4   97  48.23  0.81
WV     GOES12  20080827  2255   10.07   107.79   262   22.7   84  54.80  0.99
WV     GOES12  20080827  2255    9.95   107.39   237   21.7   87  69.55  1.00
WV     GOES12  20080827  2255   10.17   107.09   250   24.6   94  56.18  0.93
WV     GOES12  20080827  2255    9.97   106.09   262   22.5   88  59.89  0.88
WV     GOES12  20080827  2255   10.07   105.26   250   18.6   85  61.38  0.98
WV     GOES12  20080827  2255   10.05   104.08   300   12.6   92  77.09  0.77
WV     GOES12  20080827  2255    9.95   102.56   187   31.9   94  53.88  0.93
WV     GOES12  20080827  2255   10.02   102.29   187   31.9   90  55.52  0.99
WV     GOES12  20080827  2255   10.13   101.97   162   29.3   90  61.72  0.99
WV     GOES12  20080827  2255   10.13   101.40   137   29.8   86  44.69  0.99
WV     GOES12  20080827  2255    9.73   100.10   200   27.8   77  49.32  0.60
WV     GOES12  20080827  2255   10.14    99.36   200   31.5   90  45.47  0.90
WV     GOES12  20080827  2255   10.05    98.15   175   22.8   89  61.13  0.98
WV     GOES12  20080827  2255   10.05    98.12   175   24.7   88  59.63  0.86
WV     GOES12  20080827  2255    9.78    97.72   162   21.8   84  63.49  0.84
WV     GOES12  20080827  2255   10.05    95.55   200   20.8   65  60.19  0.91
WV     GOES12  20080827  2255    9.78    94.86   162   21.7   66  58.76  0.97
WV     GOES12  20080827  2255    9.97    94.30   200   21.0   62  62.12  1.00
WV     GOES12  20080827  2255   10.00    94.23   200   21.0   62  62.17  1.00
WV     GOES12  20080827  2255    9.89    93.90   200   23.7   62  54.70  0.94
WV     GOES12  20080827  2255    9.88    93.31   200   20.7   73  62.53  0.77
WV     GOES12  20080827  2255    9.65    92.89   200   19.2   75  60.35  0.99
WV     GOES12  20080827  2255    9.69    92.55   200   20.3   85  48.53  0.70
WV     GOES12  20080827  2255    9.63    89.89   137   14.1   83  55.37  0.81
WV     GOES12  20080827  2255    9.63    89.67   162   11.0   99  42.32  0.75
WV     GOES12  20080827  2255   10.03    89.32   175   16.1   94  49.11  0.83
WV     GOES12  20080827  2255    9.84    89.11   175   14.2   93  49.14  0.78
WV     GOES12  20080827  2255    9.57   107.69   250   26.0   85  49.15  0.99
WV     GOES12  20080827  2255    9.53   107.55   212   25.4   85  55.16  0.92
WV     GOES12  20080827  2255    9.56   106.93   187   20.3   85  61.14  1.00
WV     GOES12  20080827  2255    9.59   106.45   225   20.3   86  58.69  0.70
WV     GOES12  20080827  2255    9.59   106.39   212   23.4   84  59.80  0.99
WV     GOES12  20080827  2255    9.17   103.34   175   28.1   91  65.74  0.98
WV     GOES12  20080827  2255    9.16   103.01   175   29.7   91  60.18  1.00
WV     GOES12  20080827  2255    9.50   102.51   200   29.8   90  56.36  0.98
WV     GOES12  20080827  2255    9.19   102.10   200   27.3   89  63.96  0.78
WV     GOES12  20080827  2255    9.26   101.93   187   30.8   87  55.04  0.99
WV     GOES12  20080827  2255    9.22   101.18   162   27.8   93  55.29  0.99
WV     GOES12  20080827  2255    9.17   100.04   187   27.3   92  55.22  0.94
WV     GOES12  20080827  2255    9.35    99.48   200   27.3   87  54.24  0.92
WV     GOES12  20080827  2255    9.52    98.29   200   21.4   82  76.33  0.91
WV     GOES12  20080827  2255    9.36    97.37   162   13.6   86  45.53  0.50
WV     GOES12  20080827  2255    9.13    96.79   175   18.8   84  53.54  0.59
WV     GOES12  20080827  2255    9.46    96.44   200   20.4   84  58.57  0.68
WV     GOES12  20080827  2255    9.29    94.23   200   22.2   69  63.23  0.99
WV     GOES12  20080827  2255    9.18    94.06   200   21.8   70  63.60  0.99
WV     GOES12  20080827  2255    9.25    93.86   200   22.1   68  63.78  0.94
WV     GOES12  20080827  2255    9.36    93.39   200   21.7   70  62.58  0.99
WV     GOES12  20080827  2255    9.41    90.17   150   20.4   75  57.20  0.73
WV     GOES12  20080827  2255    8.75   105.57   212   23.8   94  69.51  0.63
WV     GOES12  20080827  2255    8.67   105.25   212   27.0   93  53.43  0.99
WV     GOES12  20080827  2255    8.89   104.88   200   28.6   93  54.67  0.96
WV     GOES12  20080827  2255    8.89   104.72   200   27.2   92  60.42  0.91
WV     GOES12  20080827  2255    8.87   103.69   187   24.8   94  67.80  0.98
WV     GOES12  20080827  2255    8.86   102.80   187   24.0   97  58.21  0.92
WV     GOES12  20080827  2255    8.74   102.33   200   26.7   90  63.65  0.90
WV     GOES12  20080827  2255    8.89   102.04   200   25.7   89  68.39  0.95
WV     GOES12  20080827  2255    9.03   101.11   200   28.1   93  56.07  1.00
WV     GOES12  20080827  2255    8.60   100.24   175   19.6   86  55.77  0.87
WV     GOES12  20080827  2255    8.94   100.10   175   24.4   89  63.83  0.85
WV     GOES12  20080827  2255    8.91    97.08   200   19.4   85  56.68  0.73
WV     GOES12  20080827  2255    8.83    96.65   175   20.6   82  53.73  1.00
WV     GOES12  20080827  2255    8.83    96.60   175   23.1   81  52.51  0.87
WV     GOES12  20080827  2255    8.88    94.06   200   21.9   72  59.46  0.94
WV     GOES12  20080827  2255    8.61    93.68   212   16.7   77  51.97  0.82
WV     GOES12  20080827  2255    8.57    93.36   162   18.3   63  73.14  0.72
WV     GOES12  20080827  2255    8.86    91.89   150   25.2   64  47.68  0.87
WV     GOES12  20080827  2255    8.48    90.91   225   15.6   57  62.91  0.97
WV     GOES12  20080827  2255    8.52    90.43   200   20.2   57  62.73  0.96
WV     GOES12  20080827  2255    8.66    89.58   237   16.1   58  68.22  0.79
WV     GOES12  20080827  2255    8.21   108.12   175   24.5   98  51.28  0.96
WV     GOES12  20080827  2255    8.14   108.00   175   23.8   98  52.80  0.99
WV     GOES12  20080827  2255    8.32   107.32   175   26.1   94  52.50  0.90
WV     GOES12  20080827  2255    8.16   107.00   250   22.6   97  48.44  0.88
WV     GOES12  20080827  2255    8.34   106.62   237   21.8   94  58.23  0.88
WV     GOES12  20080827  2255    8.26   106.24   262   16.2   90  68.51  0.59
WV     GOES12  20080827  2255    8.05   104.12   212   18.6  101  60.95  0.73
WV     GOES12  20080827  2255    8.08   103.48   225   18.3   98  72.69  0.63
WV     GOES12  20080827  2255    8.08   103.28   200   19.4   95  58.99  0.95
WV     GOES12  20080827  2255    8.31   100.73   187   20.7   85  61.34  0.87
WV     GOES12  20080827  2255    8.27   100.55   175   21.0   85  62.75  1.00
WV     GOES12  20080827  2255    8.38   100.12   175   20.7   88  57.44  0.99
WV     GOES12  20080827  2255    8.14    98.56   150   19.5   65  69.22  0.82
WV     GOES12  20080827  2255    8.15    96.04   162   21.0   59  72.69  0.67
WV     GOES12  20080827  2255    8.37    95.57   200   17.3   89  44.27  0.64
WV     GOES12  20080827  2255    8.16    92.98   162   17.7   68  60.23  0.68
WV     GOES12  20080827  2255    8.16    92.95   162   16.7   67  58.28  0.67
WV     GOES12  20080827  2255    8.12    91.83   225   15.7   54  59.10  0.94
WV     GOES12  20080827  2255    8.04    91.34   237   17.7   54  65.60  0.99
WV     GOES12  20080827  2255    8.11    91.25   262   15.5   61  69.87  0.94
WV     GOES12  20080827  2255    8.18    90.66   200   22.2   61  60.25  0.98
WV     GOES12  20080827  2255    8.29    90.57   200   21.8   60  60.94  0.99
WV     GOES12  20080827  2255    8.29    89.69   225   18.9   56  60.75  0.94
WV     GOES12  20080827  2255    8.29    89.63   225   18.9   55  59.42  0.94
WV     GOES12  20080827  2255    7.70   109.09   200   15.5   97  57.60  0.91
WV     GOES12  20080827  2255    7.91   107.87   187   21.9  100  61.01  0.99
WV     GOES12  20080827  2255    7.90   107.57   187   22.2  100  60.13  0.94
WV     GOES12  20080827  2255    7.86   107.10   200   19.6   99  76.49  1.00
WV     GOES12  20080827  2255    7.86   107.00   200   20.1   99  76.09  0.99
WV     GOES12  20080827  2255    7.81   106.11   237   22.2   94  50.13  0.85
WV     GOES12  20080827  2255    7.88   105.53   200   24.0  101  55.79  0.94
WV     GOES12  20080827  2255    7.83   105.08   200   20.2  105  57.39  0.90
WV     GOES12  20080827  2255    7.85   103.41   250   16.2   98  58.24  0.59
WV     GOES12  20080827  2255    7.73   102.67   212   19.1   99  63.39  0.74
WV     GOES12  20080827  2255    7.69   102.31   212   19.5   99  60.65  0.84
WV     GOES12  20080827  2255    7.83   101.80   200   14.8  106  43.33  0.51
WV     GOES12  20080827  2255    7.60   100.94   212   13.2   90  47.60  0.66
WV     GOES12  20080827  2255    7.57    97.95   175   23.0   64  75.84  0.96
WV     GOES12  20080827  2255    7.53    97.61   162   20.9   58  61.39  0.96
WV     GOES12  20080827  2255    7.57    97.38   162   19.6   60  57.40  0.94
WV     GOES12  20080827  2255    7.67    96.38   187   28.4   57  48.93  0.97
WV     GOES12  20080827  2255    7.41    96.13   212   14.5   65  48.79  0.74
WV     GOES12  20080827  2255    7.73    94.15   187   17.4   50  51.01  0.57
WV     GOES12  20080827  2255    7.61    93.94   175   17.3   60  54.92  0.79
WV     GOES12  20080827  2255    7.49    92.09   225   13.0   58  48.83  0.56
WV     GOES12  20080827  2255    7.60    92.00   212   16.8   55  57.04  0.97
WV     GOES12  20080827  2255    7.78    91.46   225   19.5   52  60.82  0.99
WV     GOES12  20080827  2255    7.82    91.37   237   19.2   53  60.52  0.99
WV     GOES12  20080827  2255    7.44    90.12   262   18.1   49  50.20  0.79
WV     GOES12  20080827  2255    7.40    89.78   237   18.0   64  69.35  0.99
WV     GOES12  20080827  2255    7.40    89.74   237   17.6   64  71.67  0.91
WV     GOES12  20080827  2255    7.80    89.21   237   18.2   56  59.32  0.92
WV     GOES12  20080827  2255    7.73    89.08   225   19.0   62  60.45  0.96
WV     GOES12  20080827  2255    7.37   109.89   250    7.2  103  54.39  0.90
WV     GOES12  20080827  2255    7.36   109.84   250    8.4  100  58.98  0.93
WV     GOES12  20080827  2255    7.38   108.25   237   18.6  102  51.88  0.88
WV     GOES12  20080827  2255    7.37   107.51   200   11.4  106  47.32  0.82
WV     GOES12  20080827  2255    7.33   106.97   237    9.9  104  54.43  0.73
WV     GOES12  20080827  2255    7.33   106.94   237    9.7  104  53.78  0.76
WV     GOES12  20080827  2255    7.31   105.40   200   17.5   95  71.05  0.77
WV     GOES12  20080827  2255    7.08   105.01   212   14.6   81  54.73  0.75
WV     GOES12  20080827  2255    7.12   104.81   212   12.9   80  51.05  0.96
WV     GOES12  20080827  2255    7.10   103.60   262   11.5  111  52.34  0.66
WV     GOES12  20080827  2255    7.27   101.85   225   11.3   89  51.59  0.98
WV     GOES12  20080827  2255    7.08   101.24   250    7.7   99  50.79  0.89
WV     GOES12  20080827  2255    6.85   100.47   175   25.1   74  59.98  0.74
WV     GOES12  20080827  2255    7.10    99.49   187   22.4   64  67.77  0.99
WV     GOES12  20080827  2255    7.10    99.32   200   23.1   62  64.83  0.98
WV     GOES12  20080827  2255    6.87    98.92   200   26.4   60  59.74  0.89
WV     GOES12  20080827  2255    7.24    98.49   200   24.0   61  66.00  0.99
WV     GOES12  20080827  2255    7.16    98.11   200   26.5   62  58.73  0.97
WV     GOES12  20080827  2255    7.24    97.90   162   27.3   63  57.90  0.88
WV     GOES12  20080827  2255    6.90    97.46   250   21.7   75  54.40  0.76
WV     GOES12  20080827  2255    7.30    96.92   200   30.7   61  44.81  0.97
WV     GOES12  20080827  2255    7.19    96.65   225   20.7   60  69.40  0.78
WV     GOES12  20080827  2255    6.80    94.81   200   25.3   55  64.94  1.00
WV     GOES12  20080827  2255    7.06    94.48   187   21.0   54  61.11  0.92
WV     GOES12  20080827  2255    7.17    94.30   187   23.2   54  67.25  0.97
WV     GOES12  20080827  2255    6.83    93.70   225   24.5   52  54.69  0.96
WV     GOES12  20080827  2255    6.83    93.16   250   21.1   52  53.96  0.99
WV     GOES12  20080827  2255    7.27    91.99   275   14.9   53  54.96  0.87
WV     GOES12  20080827  2255    7.18    90.79   187   18.6   50  53.69  0.99
WV     GOES12  20080827  2255    7.15    90.41   262   19.6   57  52.49  0.98
WV     GOES12  20080827  2255    7.11    90.34   262   20.0   58  52.07  0.98
WV     GOES12  20080827  2255    7.11    89.79   237   17.5   63  76.05  0.98
WV     GOES12  20080827  2255    6.96    89.44   237   18.2   66  65.81  0.97
WV     GOES12  20080827  2255    6.99    89.09   262   12.9   75  62.35  0.87
WV     GOES12  20080827  2255    6.81   107.40   300    9.4  100  58.50  0.87
WV     GOES12  20080827  2255    6.54   103.48   187   24.7   96  47.02  0.92
WV     GOES12  20080827  2255    6.70   100.70   187   25.1   72  60.83  0.85
WV     GOES12  20080827  2255    6.66   100.28   200   19.6   76  57.29  0.95
WV     GOES12  20080827  2255    6.40    99.66   200   29.3   59  49.49  1.00
WV     GOES12  20080827  2255    6.40    99.64   200   29.3   59  49.63  1.00
WV     GOES12  20080827  2255    6.69    99.06   187   28.3   59  56.09  1.00
WV     GOES12  20080827  2255    6.65    98.89   200   29.0   59  52.66  1.00
WV     GOES12  20080827  2255    6.34    97.33   137   24.4   56  64.66  0.99
WV     GOES12  20080827  2255    6.26    96.53   137   28.1   59  58.73  1.00
WV     GOES12  20080827  2255    6.33    96.37   137   25.7   59  68.69  0.99
WV     GOES12  20080827  2255    6.48    96.06   200   21.9   57  62.78  0.76
WV     GOES12  20080827  2255    6.36    95.43   187   24.5   57  72.18  0.90
WV     GOES12  20080827  2255    6.40    95.34   187   23.8   55  65.81  0.85
WV     GOES12  20080827  2255    6.66    94.76   200   26.6   54  59.46  0.98
WV     GOES12  20080827  2255    6.69    94.71   200   26.6   53  58.12  0.92
WV     GOES12  20080827  2255    6.61    94.09   212   24.4   53  62.07  0.99
WV     GOES12  20080827  2255    6.61    94.05   212   24.0   53  63.42  0.99
WV     GOES12  20080827  2255    6.72    93.67   225   25.5   51  51.58  0.93
WV     GOES12  20080827  2255    6.68    93.35   225   22.5   50  57.10  0.99
WV     GOES12  20080827  2255    6.68    93.01   237   24.8   54  50.26  1.00
WV     GOES12  20080827  2255    6.23    91.79   187   21.3   59  64.65  0.81
WV     GOES12  20080827  2255    6.45    91.62   187   21.8   60  71.61  0.81
WV     GOES12  20080827  2255    6.56    90.39   275   16.5   58  55.41  0.79
WV     GOES12  20080827  2255    6.37    90.16   237   15.7   59  60.64  0.58
WV     GOES12  20080827  2255    6.70    89.80   237   16.9   64  77.48  0.98
WV     GOES12  20080827  2255    6.63    89.71   237   17.3   65  78.62  0.99
WV     GOES12  20080827  2255    6.51    89.07   237   13.8   69  62.25  0.92
WV     GOES12  20080827  2255    6.20   110.06   275    5.4   67  68.85  0.92
WV     GOES12  20080827  2255    6.14   107.88   300    5.2   78  78.30  0.55
WV     GOES12  20080827  2255    6.24   107.43   312    7.2   88  65.01  0.74
WV     GOES12  20080827  2255    6.16   106.17   212   12.3   83  65.98  0.85
WV     GOES12  20080827  2255    6.19   105.85   225   11.4   81  66.29  0.60
WV     GOES12  20080827  2255    6.18   105.02   225   15.7   89  58.86  0.77
WV     GOES12  20080827  2255    6.17   104.04   200   17.9   99  55.91  1.00
WV     GOES12  20080827  2255    5.71   102.79   162   20.8   69  77.52  0.67
WV     GOES12  20080827  2255    6.08   101.84   225   11.2   71  49.37  0.85
WV     GOES12  20080827  2255    6.08   101.79   212   17.9   69  66.87  0.52
WV     GOES12  20080827  2255    6.21    99.58   200   30.4   59  48.63  0.99
WV     GOES12  20080827  2255    5.94    98.70   250   23.6   63  67.07  1.00
WV     GOES12  20080827  2255    5.83    98.24   250   24.0   64  70.15  0.99
WV     GOES12  20080827  2255    6.05    97.50   137   25.3   60  71.12  0.99
WV     GOES12  20080827  2255    6.08    97.20   137   26.6   58  70.95  1.00
WV     GOES12  20080827  2255    6.08    97.13   137   28.6   60  61.55  0.97
WV     GOES12  20080827  2255    5.93    96.65   137   30.2   61  55.44  0.90
WV     GOES12  20080827  2255    5.74    96.32   137   28.6   61  61.44  1.00
WV     GOES12  20080827  2255    5.78    95.79   187   27.6   62  63.79  1.00
WV     GOES12  20080827  2255    5.77    95.72   187   27.3   61  67.08  1.00
WV     GOES12  20080827  2255    5.92    95.34   187   26.9   60  70.05  1.00
WV     GOES12  20080827  2255    5.88    94.99   187   26.5   59  75.39  1.00
WV     GOES12  20080827  2255    6.14    94.41   162   24.3   60  76.98  0.97
WV     GOES12  20080827  2255    6.14    94.34   162   24.0   60  75.08  0.99
WV     GOES12  20080827  2255    6.08    90.11   250   16.4   68  74.41  0.95
WV     GOES12  20080827  2255    5.85    89.71   225   20.8   65  62.47  0.93
WV     GOES12  20080827  2255    6.07    89.39   237   17.7   66  72.19  1.00
WV     GOES12  20080827  2255    6.07    89.36   237   17.6   66  72.70  1.00
WV     GOES12  20080827  2255    6.07    89.02   300   14.2   67  57.69  0.82
WV     GOES12  20080827  2255    5.46   108.02   262    6.2   65  70.03  0.99
WV     GOES12  20080827  2255    5.53   107.70   250    8.0   72  78.59  0.74
WV     GOES12  20080827  2255    5.53   107.59   237    8.0   72  71.12  0.76
WV     GOES12  20080827  2255    5.32   105.29   200   16.7   78  61.71  0.92
WV     GOES12  20080827  2255    5.66   105.19   225   12.5   82  75.51  0.62
WV     GOES12  20080827  2255    5.54   104.82   200   15.4   75  64.61  0.65
WV     GOES12  20080827  2255    5.58   104.23   200   12.7   92  57.04  0.61
WV     GOES12  20080827  2255    5.27   103.29   175   16.3   68  58.65  0.66
WV     GOES12  20080827  2255    5.60   102.33   187   21.9   64  57.28  0.80
WV     GOES12  20080827  2255    5.60   102.16   225   21.9   63  50.96  0.75
WV     GOES12  20080827  2255    5.57    98.18   262   23.9   64  56.79  0.95
WV     GOES12  20080827  2255    5.61    98.04   250   26.3   65  60.67  0.98
WV     GOES12  20080827  2255    5.56    97.22   137   30.4   62  57.29  0.99
WV     GOES12  20080827  2255    5.30    97.00   137   28.0   64  66.14  0.98
WV     GOES12  20080827  2255    5.26    96.65   137   27.7   62  75.90  1.00
WV     GOES12  20080827  2255    5.41    96.21   187   29.4   64  57.73  0.99
WV     GOES12  20080827  2255    5.59    95.46   187   27.2   60  72.44  1.00
WV     GOES12  20080827  2255    5.59    95.35   187   27.0   60  72.91  1.00
WV     GOES12  20080827  2255    5.55    94.54   175   24.9   70  53.17  0.87
WV     GOES12  20080827  2255    5.18    94.12   175   24.5   64  64.00  0.99
WV     GOES12  20080827  2255    5.21    93.99   162   26.1   63  71.63  0.97
WV     GOES12  20080827  2255    5.24    92.33   212   23.0   74  57.13  0.98
WV     GOES12  20080827  2255    5.24    92.13   225   22.9   76  56.54  0.97
WV     GOES12  20080827  2255    5.35    91.58   250   22.4   71  58.98  0.99
WV     GOES12  20080827  2255    5.41    90.46   262   18.3   82  58.72  0.85
WV     GOES12  20080827  2255    5.38    90.28   237   20.7   80  54.42  0.85
WV     GOES12  20080827  2255    5.52    89.78   237   15.5   73  61.91  0.97
WV     GOES12  20080827  2255    5.34    89.45   237   16.7   75  67.05  0.92
WV     GOES12  20080827  2255    5.48    89.35   212   21.9   76  56.13  0.92
WV     GOES12  20080827  2255    4.87   109.55   262   10.9   43  61.63  0.94
WV     GOES12  20080827  2255    4.91   109.41   262   11.7   50  58.82  0.80
WV     GOES12  20080827  2255    4.98   108.95   287    9.0   46  66.92  0.78
WV     GOES12  20080827  2255    5.16   108.38   312    6.3   57  74.31  0.82
WV     GOES12  20080827  2255    4.80   105.39   162   29.3   81  42.76  0.50
WV     GOES12  20080827  2255    4.91   104.98   200   17.4   86  56.08  0.60
WV     GOES12  20080827  2255    5.05   103.58   212   11.9   64  55.57  0.60
WV     GOES12  20080827  2255    5.08    97.43   137   25.9   58  61.67  1.00
WV     GOES12  20080827  2255    5.05    97.24   137   29.1   60  68.62  1.00
WV     GOES12  20080827  2255    4.99    94.21   162   23.3   65  61.83  0.99
WV     GOES12  20080827  2255    4.99    94.16   162   23.5   65  63.40  1.00
WV     GOES12  20080827  2255    4.98    92.25   212   21.5   77  53.38  0.96
WV     GOES12  20080827  2255    4.83    92.00   162   22.7   82  51.73  0.96
WV     GOES12  20080827  2255    4.72    90.94   262   17.8   69  64.71  0.65
WV     GOES12  20080827  2255    4.87    90.75   262   19.8   74  63.05  0.98
WV     GOES12  20080827  2255    5.05    90.03   250   17.1   69  72.67  0.95
WV     GOES12  20080827  2255    4.97    89.59   237   16.8   71  73.47  0.92
WV     GOES12  20080827  2255    4.97    89.48   225   17.0   70  67.65  0.88
WV     GOES12  20080827  2255    4.82    89.07   225   17.7   61  58.78  0.84
WV     GOES12  20080827  2255    4.35   109.99   225   13.3   56  74.13  0.87
WV     GOES12  20080827  2255    4.20   109.56   237   13.5   51  63.94  0.90
WV     GOES12  20080827  2255    4.46   109.13   262   11.1   54  65.19  0.88
WV     GOES12  20080827  2255    4.56   108.15   275   15.1   67  47.05  0.82
WV     GOES12  20080827  2255    4.56   107.60   287    5.8   75  57.66  0.61
WV     GOES12  20080827  2255    4.48   107.17   225    6.4   68  54.52  0.99
WV     GOES12  20080827  2255    4.55   106.27   325   10.7   79  63.49  0.83
WV     GOES12  20080827  2255    4.06    90.33   287   15.5   81  71.74  0.97
WV     GOES12  20080827  2255    4.13    90.25   275   15.8   81  76.55  0.99
WV     GOES12  20080827  2255    4.38    89.34   250   14.1   80  63.76  0.94
WV     GOES12  20080827  2255    4.49    89.28   225   20.0   68  64.15  0.69
VIS    GOES12  20080827  2255   33.84   119.20   737    3.7  282  81.54  0.93
VIS    GOES12  20080827  2255   33.30   120.00   718    3.4  284  77.91  0.74
VIS    GOES12  20080827  2255   33.21   118.65   737    3.2  272  71.08  0.84
VIS    GOES12  20080827  2255   33.11   119.70   700    3.1  267  69.92  0.84
VIS    GOES12  20080827  2255   32.85   119.32   718    3.4  314  69.62  0.95
VIS    GOES12  20080827  2255   32.78   117.92   737    3.5  321  77.30  1.00
VIS    GOES12  20080827  2255   32.80   117.44   775    3.1  287  69.31  0.92
VIS    GOES12  20080827  2255   32.62   119.97   718    4.1  301  73.46  1.00
VIS    GOES12  20080827  2255   32.80   119.31   718    4.1  316  68.59  1.00
VIS    GOES12  20080827  2255   32.71   119.12   718    4.7  315  68.57  0.99
VIS    GOES12  20080827  2255   32.64   118.80   718    4.2  306  79.46  0.96
VIS    GOES12  20080827  2255   32.61   117.94   737    3.5  319  79.70  0.78
VIS    GOES12  20080827  2255   32.39   117.51   737    3.1  316  75.24  0.90
VIS    GOES12  20080827  2255   32.38   117.30   737    3.1  319  73.92  0.90
VIS    GOES12  20080827  2255   32.38   118.55   718    4.4  316  76.63  0.98
VIS    GOES12  20080827  2255   32.25   117.52   718    4.5  313  69.75  0.98
VIS    GOES12  20080827  2255   31.40   118.10   700    5.4  317  68.46  0.93
VIS    GOES12  20080827  2255   31.64   118.13   700    5.1  317  71.08  0.93
VIS    GOES12  20080827  2255   24.77   114.38   812    4.6  292  77.87  0.75
VIS    GOES12  20080827  2255   24.56   113.74   812    5.2  294  75.38  0.85
VIS    GOES12  20080827  2255   23.89   115.05   775    4.0  296  77.18  0.85
VIS    GOES12  20080827  2255   23.84   112.99   831    4.4  301  79.72  0.78
VIS    GOES12  20080827  2255   23.56   115.26   737    3.7  322  71.69  0.72
VIS    GOES12  20080827  2255   23.46   115.04   737    3.6  321  73.95  0.77
VIS    GOES12  20080827  2255   23.48   114.84   756    3.5  303  82.50  0.63
VIS    GOES12  20080827  2255   23.53   114.16   775    4.5  314  73.28  0.85
VIS    GOES12  20080827  2255   23.48   113.89   775    4.8  306  75.23  0.75
VIS    GOES12  20080827  2255   23.48   113.87   775    4.9  304  74.84  0.72
VIS    GOES12  20080827  2255   23.41   112.92   812    6.2  270  59.74  0.91
VIS    GOES12  20080827  2255   23.26   114.80   756    3.3  321  73.70  0.84
VIS    GOES12  20080827  2255   23.12   113.47   756    4.2  307  76.93  0.76
VIS    GOES12  20080827  2255   23.09   113.21   793    3.7  316  69.67  0.83
VIS    GOES12  20080827  2255   23.16   112.83   831    5.7  257  57.04  0.71
VIS    GOES12  20080827  2255   23.06   112.10   868    5.6  309  73.79  0.86
VIS    GOES12  20080827  2255   23.27   112.01   868    5.2  317  73.63  0.95
VIS    GOES12  20080827  2255   23.01   113.87   756    3.6  328  68.05  0.87
VIS    GOES12  20080827  2255   22.98   113.18   793    3.7  318  68.54  0.85
VIS    GOES12  20080827  2255   22.82   112.87   793    3.4  324  65.38  0.67
VIS    GOES12  20080827  2255   22.93   112.61   812    6.6  274  58.84  0.89
VIS    GOES12  20080827  2255   22.94   112.28   812    5.9  305  66.94  0.61
VIS    GOES12  20080827  2255   22.53   114.67   756    3.1  314  73.34  0.86
VIS    GOES12  20080827  2255   22.45   112.63   718    5.0  325  58.24  0.75
VIS    GOES12  20080827  2255   22.58   112.62   756    5.1  331  57.90  0.95
VIS    GOES12  20080827  2255   22.08   112.36   812    3.8  319  67.37  0.67
VIS    GOES12  20080827  2255   21.98   113.97   793    3.2  251  66.15  0.71
VIS    GOES12  20080827  2255   21.97   112.18   831    5.9  298  66.33  0.98
VIS    GOES12  20080827  2255   21.54   113.00   812    4.7  261  65.40  0.69
VIS    GOES12  20080827  2255   21.55   112.57   812    4.4  281  74.08  0.93
VIS    GOES12  20080827  2255   21.66   112.39   812    5.0  272  66.28  0.83
VIS    GOES12  20080827  2255   21.46   111.47   850    5.4  291  66.15  0.70
VIS    GOES12  20080827  2255   21.26   113.22   831    3.3  335  60.07  0.78
VIS    GOES12  20080827  2255   21.17   112.61   831    3.1  302  75.30  0.87
VIS    GOES12  20080827  2255   20.96   112.47   850    3.3  300  79.04  0.90
VIS    GOES12  20080827  2255   20.87   112.15   756    4.1  249  68.04  0.92
VIS    GOES12  20080827  2255   20.82   111.96   718    3.8  243  69.91  0.80
VIS    GOES12  20080827  2255   20.79   111.33   675    5.2  263  68.77  0.61
VIS    GOES12  20080827  2255   20.81   111.29   687    6.8  265  60.51  0.87
VIS    GOES12  20080827  2255   20.65   112.45   775    3.3  327  61.40  0.79
VIS    GOES12  20080827  2255   20.69   112.31   737    3.6  326  57.75  0.85
VIS    GOES12  20080827  2255   20.40   112.49   793    3.6  335  59.08  0.77
VIS    GOES12  20080827  2255   17.34   112.12   700    5.8  276  77.60  0.76
VIS    GOES12  20080827  2255   17.32   112.03   737    6.1  272  72.25  0.79
VIS    GOES12  20080827  2255   16.93   111.96   793    5.6  284  74.50  0.66
VIS    GOES12  20080827  2255   16.73   111.72   737    4.4  286  75.76  0.99
VIS    GOES12  20080827  2255    9.86    93.58   700    7.0  238  66.69  0.72
VIS    GOES12  20080827  2255    7.20   107.12   700    7.1  134  51.81  0.78
VIS    GOES12  20080827  2255    6.72    97.93   812    7.1  201  71.00  0.88
VIS    GOES12  20080827  2255    6.45    98.81   775    9.3  190  66.23  0.98
VIS    GOES12  20080827  2255    6.25    98.05   793    7.5  194  72.75  0.94
VIS    GOES12  20080827  2255    6.24    95.75   775   10.3  205  60.17  0.67
VIS    GOES12  20080827  2255    6.12    98.15   775    8.2  192  81.29  0.97
VIS    GOES12  20080827  2255    6.10    97.86   775    9.1  188  76.65  0.99
VIS    GOES12  20080827  2255    6.10    94.31   756    5.7  259  68.19  0.75
VIS    GOES12  20080827  2255    5.90    97.87   775    8.6  190  84.61  0.96
VIS    GOES12  20080827  2255    5.70    94.80   793    7.1  249  61.96  0.64
VIS    GOES12  20080827  2255    5.82    93.90   812    5.1  256  71.20  0.77
VIS    GOES12  20080827  2255    5.66   100.81   775   10.4  205  56.95  0.95
VIS    GOES12  20080827  2255    5.62    99.87   812    9.7  182  55.82  0.67
VIS    GOES12  20080827  2255    5.43    97.19   831   10.5  197  62.18  0.87
VIS    GOES12  20080827  2255    5.43    96.82   775    8.3  192  81.25  0.89
VIS    GOES12  20080827  2255    5.18   100.51   812    7.1  219  65.38  0.85
VIS    GOES12  20080827  2255    5.34    97.18   812    8.7  192  78.26  0.77
VIS    GOES12  20080827  2255    5.36    96.81   775    8.3  192  80.61  0.76
VIS    GOES12  20080827  2255    5.34    96.38   737    8.4  201  61.40  0.97
VIS    GOES12  20080827  2255    5.02   101.80   775    8.2  197  63.32  0.75
VIS    GOES12  20080827  2255    4.78    96.76   887    9.7  188  58.05  0.73
VIS    GOES12  20080827  2255    4.55    94.04   868    6.1  211  75.11  0.81
VIS    GOES12  20080827  2255    4.53    93.81   868    4.8  214  78.11  0.87
VIS    GOES12  20080827  2255    4.51   101.11   812    6.6  182  70.93  0.60
VIS    GOES12  20080827  2255    4.30    99.94   925   12.0  167  68.42  0.77
VIS    GOES12  20080827  2255    4.46    94.37   850    6.3  215  72.17  0.60
VIS    GOES12  20080827  2255    4.36    93.94   850    4.3  215  77.45  0.68
VIS    GOES12  20080827  2255    4.18   100.67   812    7.4  182  74.82  0.62
VIS    GOES12  20080827  2255    4.19    98.90   906   11.4  176  60.38  0.99
VIS    GOES12  20080827  2255   33.99   119.22   925    7.3  279  62.36  0.92
VIS    GOES12  20080827  2255   33.82   119.66   756    3.3  265  79.37  0.66
VIS    GOES12  20080827  2255   33.86   119.20   756    7.2  280  56.37  0.93
VIS    GOES12  20080827  2255   33.77   118.92   737    6.6  279  59.98  0.93
VIS    GOES12  20080827  2255   33.77   118.53   906    6.9  283  56.67  0.93
VIS    GOES12  20080827  2255   33.34   119.44   718    3.4  282  78.33  0.81
VIS    GOES12  20080827  2255   33.40   119.31   718    4.3  279  76.10  0.97
VIS    GOES12  20080827  2255   33.27   118.84   718    5.6  286  65.97  0.64
VIS    GOES12  20080827  2255   33.26   118.60   925    6.6  288  64.09  0.86
VIS    GOES12  20080827  2255   33.13   119.24   737    4.4  283  76.74  0.94
VIS    GOES12  20080827  2255   31.79   118.19   700    7.9  317  57.06  0.58
VIS    GOES12  20080827  2255   31.49   117.19   718    5.1  317  66.04  0.70
VIS    GOES12  20080827  2255   30.55   116.81   737    3.2  343  67.79  0.76
VIS    GOES12  20080827  2255   29.69    92.30   675    6.6  322  59.80  0.61
VIS    GOES12  20080827  2255   30.27   116.88   737    5.6  328  72.93  0.81
VIS    GOES12  20080827  2255   30.21   116.59   737    6.1  320  64.24  0.86
VIS    GOES12  20080827  2255   30.43   116.40   737    4.5  335  74.18  0.74
VIS    GOES12  20080827  2255   30.33   116.28   737    4.0  333  69.37  0.67
VIS    GOES12  20080827  2255   29.93   116.92   737    5.3  324  71.47  0.85
VIS    GOES12  20080827  2255   30.10   116.77   737    6.3  325  66.89  0.91
VIS    GOES12  20080827  2255   30.10   116.67   737    6.4  322  64.59  0.88
VIS    GOES12  20080827  2255   29.93   116.14   737    5.4  328  68.48  0.99
VIS    GOES12  20080827  2255   29.01    94.64   868    3.5  174  77.04  0.71
VIS    GOES12  20080827  2255   29.02    94.27   868    3.9  170  75.91  0.96
VIS    GOES12  20080827  2255   29.11    94.16   868    4.1  167  72.12  0.97
VIS    GOES12  20080827  2255   28.66    94.85   868    4.2  161  80.88  0.71
VIS    GOES12  20080827  2255   28.69    90.24   868    3.7  278  70.91  0.90
VIS    GOES12  20080827  2255   28.52    89.46   756    4.2  275  83.38  0.74
VIS    GOES12  20080827  2255   28.61    89.41   756    3.9  273  81.04  0.76
VIS    GOES12  20080827  2255   28.40    94.42   868    4.5  153  75.01  0.64
VIS    GOES12  20080827  2255   28.20    89.17   793    3.1  273  77.53  0.94
VIS    GOES12  20080827  2255   27.94    96.89   868    6.2  140  72.42  0.80
VIS    GOES12  20080827  2255   27.92    94.65   850    4.6  139  75.99  0.85
VIS    GOES12  20080827  2255   27.87    94.54   868    4.6  140  78.26  0.80
VIS    GOES12  20080827  2255   28.09    94.47   868    3.5  137  76.97  0.81
VIS    GOES12  20080827  2255   27.85    96.96   868    6.6  138  71.82  0.93
VIS    GOES12  20080827  2255   27.85    96.23   718    4.3  201  64.33  0.80
VIS    GOES12  20080827  2255   27.65    95.51   737    6.3  220  52.29  0.80
VIS    GOES12  20080827  2255   27.78    94.52   850    4.6  142  76.25  0.79
VIS    GOES12  20080827  2255   27.80    94.38   850    5.4  139  67.38  0.97
VIS    GOES12  20080827  2255   27.79    94.24   868    3.6  135  81.26  0.78
VIS    GOES12  20080827  2255   27.46    96.32   812    5.9  147  73.39  0.79
VIS    GOES12  20080827  2255   27.48    96.23   687    5.2  152  71.36  0.62
VIS    GOES12  20080827  2255   27.21    89.18   662    6.5  240  75.50  0.68
VIS    GOES12  20080827  2255   27.00    96.41   868    7.5  152  71.80  0.75
VIS    GOES12  20080827  2255   26.95    96.32   887    6.6  139  80.72  0.85
VIS    GOES12  20080827  2255   26.86    89.15   718   10.7  246  52.50  0.96
VIS    GOES12  20080827  2255   26.97    89.03   718   10.3  260  53.79  0.70
VIS    GOES12  20080827  2255   26.87    96.36   868    7.0  140  81.15  0.83
VIS    GOES12  20080827  2255   26.73    96.08   868    6.4  146  77.49  0.83
VIS    GOES12  20080827  2255   26.67    94.77   887    3.4  101  63.81  0.76
VIS    GOES12  20080827  2255   26.57    94.18   887    3.6   98  68.31  0.72
VIS    GOES12  20080827  2255   26.65    93.91   887    3.4  107  75.80  0.82
VIS    GOES12  20080827  2255   26.66    93.72   887    4.0   98  69.47  0.80
VIS    GOES12  20080827  2255   26.55    93.61   906    3.4  122  80.43  0.75
VIS    GOES12  20080827  2255   26.55    93.43   868    3.2  112  82.65  0.81
VIS    GOES12  20080827  2255   26.54    90.26   662    8.6  239  51.38  0.99
VIS    GOES12  20080827  2255   26.52    89.47   737    8.5  250  50.86  0.72
VIS    GOES12  20080827  2255   26.26    95.61   887    7.1  141  69.64  0.96
VIS    GOES12  20080827  2255   26.28    95.42   887    5.2  129  79.02  0.75
VIS    GOES12  20080827  2255   26.51    95.16   868    4.4  129  75.31  0.74
VIS    GOES12  20080827  2255   26.35    95.05   775    4.9  132  76.94  0.64
VIS    GOES12  20080827  2255   26.33    94.85   868    5.5  133  75.51  0.74
VIS    GOES12  20080827  2255   26.30    94.69   887    5.2  131  76.19  0.73
VIS    GOES12  20080827  2255   26.27    93.56   812    3.6  129  75.89  0.79
VIS    GOES12  20080827  2255   26.29    93.54   793    3.5  128  77.09  0.81
VIS    GOES12  20080827  2255   26.13    95.58   887    7.0  140  70.32  0.95
VIS    GOES12  20080827  2255   26.15    95.42   887    5.2  129  79.41  0.78
VIS    GOES12  20080827  2255   26.14    95.16   850    4.5  127  74.90  0.82
VIS    GOES12  20080827  2255   26.14    95.15   850    4.6  127  76.05  0.82
VIS    GOES12  20080827  2255   26.17    94.68   887    4.5  131  79.95  0.61
VIS    GOES12  20080827  2255   25.94    94.09   906    4.4  125  77.71  0.61
VIS    GOES12  20080827  2255   26.04    93.72   906    3.5  124  78.05  0.79
VIS    GOES12  20080827  2255   25.72    94.83   887    4.9  125  82.41  0.63
VIS    GOES12  20080827  2255   25.72    93.86   887    3.5   94  71.79  0.69
VIS    GOES12  20080827  2255   25.54    96.09   887    7.5  133  76.39  0.84
VIS    GOES12  20080827  2255   25.50    95.32   906    5.0  123  77.93  0.61
VIS    GOES12  20080827  2255   25.41    95.18   906    5.5  124  85.11  0.70
VIS    GOES12  20080827  2255   25.44    94.62   906    4.6  122  80.57  0.62
VIS    GOES12  20080827  2255   25.45    94.31   887    5.0  120  77.10  0.71
VIS    GOES12  20080827  2255   25.49    94.20   906    4.7  111  81.76  0.67
VIS    GOES12  20080827  2255   25.49    94.07   887    4.4   99  75.51  0.85
VIS    GOES12  20080827  2255   25.33    93.85   868    4.1  103  78.88  0.67
VIS    GOES12  20080827  2255   25.31    89.89   906    3.8   85  75.05  0.90
VIS    GOES12  20080827  2255   25.21    89.06   775    3.1   82  77.21  0.73
VIS    GOES12  20080827  2255   25.20    96.14   868    7.7  129  77.96  0.66
VIS    GOES12  20080827  2255   24.99    93.63   812    4.3   97  76.42  0.75
VIS    GOES12  20080827  2255   25.15    93.25   775    3.9   95  74.60  0.83
VIS    GOES12  20080827  2255   24.72    97.22   775    6.0  138  65.91  0.87
VIS    GOES12  20080827  2255   24.69    97.02   868    7.1  133  76.45  0.85
VIS    GOES12  20080827  2255   24.94    96.85   775    8.2  131  68.01  0.70
VIS    GOES12  20080827  2255   24.72    96.62   868    8.7  124  70.08  0.92
VIS    GOES12  20080827  2255   24.67    93.88   887    4.6   94  75.20  0.73
VIS    GOES12  20080827  2255   24.63    93.63   887    4.2   91  72.08  0.84
VIS    GOES12  20080827  2255   24.73    93.52   868    4.6   93  77.19  0.76
VIS    GOES12  20080827  2255   24.65    92.96   887    5.8   95  75.28  0.80
VIS    GOES12  20080827  2255   24.67    92.79   887    5.1   91  83.02  0.65
VIS    GOES12  20080827  2255   24.72    90.34   887    4.8   85  73.68  0.64
VIS    GOES12  20080827  2255   24.53    89.19   906    4.5   71  75.78  0.59
VIS    GOES12  20080827  2255   24.61    89.10   887    4.8   78  78.82  0.66
VIS    GOES12  20080827  2255   24.56    96.98   868    7.2  133  77.93  0.92
VIS    GOES12  20080827  2255   24.62    96.84   887    7.9  127  77.45  0.81
VIS    GOES12  20080827  2255   24.51    96.71   887    7.5  127  83.18  0.81
VIS    GOES12  20080827  2255   24.36    95.76   887    7.4  109  72.91  0.70
VIS    GOES12  20080827  2255   24.40    94.09   887    6.0   96  78.45  0.90
VIS    GOES12  20080827  2255   24.48    93.81   868    5.8   97  83.42  0.88
VIS    GOES12  20080827  2255   24.29    93.50   868    5.4   91  79.58  0.71
VIS    GOES12  20080827  2255   24.52    93.50   887    4.9   92  78.56  0.68
VIS    GOES12  20080827  2255   24.50    92.88   887    5.8   94  76.56  0.83
VIS    GOES12  20080827  2255   24.23    90.01   850    5.5   61  70.54  0.67
VIS    GOES12  20080827  2255   24.25    89.75   887    4.0   84  73.23  0.75
VIS    GOES12  20080827  2255   24.27    89.57   887    4.9   65  75.10  0.63
VIS    GOES12  20080827  2255   24.30    89.39   868    5.4   69  75.70  0.69
VIS    GOES12  20080827  2255   24.22    89.18   868    4.5   85  74.10  0.78
VIS    GOES12  20080827  2255   24.40    89.12   868    4.4   77  81.21  0.63
VIS    GOES12  20080827  2255   24.24    95.78   887    7.2  109  75.32  0.70
VIS    GOES12  20080827  2255   24.28    95.70   887    7.1  109  75.75  0.79
VIS    GOES12  20080827  2255   24.02    94.01   887    6.4   93  78.18  0.92
VIS    GOES12  20080827  2255   24.05    93.39   831    6.9   88  74.75  0.73
VIS    GOES12  20080827  2255   24.13    93.09   793    5.6   87  75.06  0.97
VIS    GOES12  20080827  2255   23.99    92.72   831    5.8   91  81.45  0.94
VIS    GOES12  20080827  2255   23.94    92.41   850    6.2   86  80.53  0.93
VIS    GOES12  20080827  2255   24.01    92.36   850    6.1   87  80.27  0.92
VIS    GOES12  20080827  2255   23.96    91.95   868    5.4   90  75.26  0.67
VIS    GOES12  20080827  2255   23.99    90.57   887    4.7   98  64.22  0.85
VIS    GOES12  20080827  2255   24.01    90.38   887    6.7   68  68.02  0.71
VIS    GOES12  20080827  2255   24.12    89.77   887    4.0   82  72.22  0.68
VIS    GOES12  20080827  2255   24.13    89.03   887    4.8   80  79.92  0.85
VIS    GOES12  20080827  2255   23.80    97.61   812    7.6  141  77.54  0.72
VIS    GOES12  20080827  2255   23.78    97.47   793    7.1  138  82.50  0.99
VIS    GOES12  20080827  2255   23.86    97.37   793    7.2  142  79.88  0.88
VIS    GOES12  20080827  2255   23.78    96.14   887    7.0  111  77.80  0.69
VIS    GOES12  20080827  2255   23.78    95.87   887    7.5  106  74.45  0.77
VIS    GOES12  20080827  2255   23.79    94.95   868    6.5   93  70.73  0.99
VIS    GOES12  20080827  2255   23.94    93.90   887    6.5   94  79.25  0.90
VIS    GOES12  20080827  2255   23.88    92.46   850    6.0   86  84.04  0.93
VIS    GOES12  20080827  2255   23.86    92.38   850    6.2   85  81.25  0.90
VIS    GOES12  20080827  2255   23.83    92.08   850    5.6   91  75.77  0.75
VIS    GOES12  20080827  2255   23.66    91.87   850    5.6   74  76.51  0.81
VIS    GOES12  20080827  2255   23.72    91.71   868    6.5   71  72.31  0.69
VIS    GOES12  20080827  2255   23.63    91.15   887    5.2   64  75.75  0.73
VIS    GOES12  20080827  2255   23.58    91.09   887    5.2   64  76.25  0.68
VIS    GOES12  20080827  2255   23.83    90.06   868    4.9   72  77.93  0.96
VIS    GOES12  20080827  2255   23.67    89.98   868    5.8   81  71.14  0.94
VIS    GOES12  20080827  2255   23.81    89.69   887    4.8   83  71.04  0.74
VIS    GOES12  20080827  2255   23.66    89.63   887    4.5   83  67.43  0.88
VIS    GOES12  20080827  2255   23.71    89.13   887    5.7   81  73.75  0.78
VIS    GOES12  20080827  2255   23.71    97.47   812    6.8  136  81.32  0.97
VIS    GOES12  20080827  2255   23.45    96.22   850    8.0  114  78.83  0.60
VIS    GOES12  20080827  2255   23.38    94.30   831    7.9   94  73.91  0.99
VIS    GOES12  20080827  2255   23.45    93.87   850    6.9   91  80.61  0.90
VIS    GOES12  20080827  2255   23.35    93.69   831    8.3   94  69.98  0.76
VIS    GOES12  20080827  2255   23.36    93.16   868    6.2   87  80.81  1.00
VIS    GOES12  20080827  2255   23.35    92.76   868    6.1   86  82.90  0.97
VIS    GOES12  20080827  2255   23.38    92.47   887    4.7   86  71.48  0.89
VIS    GOES12  20080827  2255   23.42    92.38   887    5.7   81  80.92  0.86
VIS    GOES12  20080827  2255   23.36    92.19   887    5.9   82  86.00  0.92
VIS    GOES12  20080827  2255   23.38    91.19   887    4.5   87  66.06  0.74
VIS    GOES12  20080827  2255   23.37    90.87   887    7.2   56  66.19  0.86
VIS    GOES12  20080827  2255   23.42    90.42   850    5.7   63  76.22  0.68
VIS    GOES12  20080827  2255   23.32    90.23   887    8.2   44  57.78  0.82
VIS    GOES12  20080827  2255   23.31    89.89   868    6.5   75  72.94  0.77
VIS    GOES12  20080827  2255   23.29    89.88   868    5.7   72  73.72  0.96
VIS    GOES12  20080827  2255   23.45    89.71   887    3.9   68  64.44  0.90
VIS    GOES12  20080827  2255   23.82   113.00   793    3.5  317  68.74  0.59
VIS    GOES12  20080827  2255   23.30    94.37   793    7.8   97  75.78  1.00
VIS    GOES12  20080827  2255   23.28    94.29   756    7.4   98  73.15  0.99
VIS    GOES12  20080827  2255   23.31    94.06   793    7.1   96  80.88  0.93
VIS    GOES12  20080827  2255   23.23    93.89   793    6.9   94  78.67  0.88
VIS    GOES12  20080827  2255   23.15    93.44   868    6.7   92  84.07  0.99
VIS    GOES12  20080827  2255   23.07    93.24   868    6.6   89  84.33  0.99
VIS    GOES12  20080827  2255   23.21    93.13   887    6.5   90  82.40  0.95
VIS    GOES12  20080827  2255   23.25    92.97   887    6.7   91  78.73  0.99
VIS    GOES12  20080827  2255   23.24    92.50   887    4.3   83  67.41  0.82
VIS    GOES12  20080827  2255   23.01    92.40   887    6.1   88  79.10  0.95
VIS    GOES12  20080827  2255   23.02    91.99   887    6.7   73  74.64  0.66
VIS    GOES12  20080827  2255   23.16    90.67   887    7.3   51  65.01  0.99
VIS    GOES12  20080827  2255   23.09    90.34   887    7.0   59  75.19  0.85
VIS    GOES12  20080827  2255   23.21    90.21   868    7.2   50  65.57  0.98
VIS    GOES12  20080827  2255   23.18    89.82   868    5.7   73  71.12  0.90
VIS    GOES12  20080827  2255   22.97    89.36   887    7.0   65  83.21  0.86
VIS    GOES12  20080827  2255   23.03    89.25   887    7.1   63  83.78  0.78
VIS    GOES12  20080827  2255   23.58   113.40   775    4.9  282  68.87  0.66
VIS    GOES12  20080827  2255   23.47   113.19   793    3.9  266  64.50  0.86
VIS    GOES12  20080827  2255   23.33   112.86   812    4.4  285  75.13  0.79
VIS    GOES12  20080827  2255   23.55   112.66   850    4.6  317  69.57  0.62
VIS    GOES12  20080827  2255   22.84    95.24   793    7.9   98  71.08  0.96
VIS    GOES12  20080827  2255   22.74    94.48   793    7.6   95  75.80  0.94
VIS    GOES12  20080827  2255   22.89    93.92   850    6.8   98  78.02  0.89
VIS    GOES12  20080827  2255   22.83    93.77   850    6.8   94  82.12  0.91
VIS    GOES12  20080827  2255   22.76    93.51   868    7.1   91  80.33  0.98
VIS    GOES12  20080827  2255   22.96    93.13   887    6.5   91  83.77  0.96
VIS    GOES12  20080827  2255   22.92    93.06   887    6.4   90  85.34  0.89
VIS    GOES12  20080827  2255   22.92    92.41   887    6.3   89  77.96  0.96
VIS    GOES12  20080827  2255   22.79    90.76   887    7.7   56  67.09  1.00
VIS    GOES12  20080827  2255   22.69    90.17   868    9.4   57  60.66  0.98
VIS    GOES12  20080827  2255   22.87    89.82   887    7.7   57  72.20  0.94
VIS    GOES12  20080827  2255   22.87    89.56   868    7.8   53  68.63  0.92
VIS    GOES12  20080827  2255   22.86    89.30   868    8.3   57  69.61  0.68
VIS    GOES12  20080827  2255   22.88    89.22   868    7.8   56  72.00  0.83
VIS    GOES12  20080827  2255   23.30   113.14   793    3.8  267  65.30  0.86
VIS    GOES12  20080827  2255   23.15   112.82   831    3.6  276  69.22  0.91
VIS    GOES12  20080827  2255   23.19   112.15   868    4.4  322  71.08  0.68
VIS    GOES12  20080827  2255   22.94   110.59   850    4.9  330  76.25  0.61
VIS    GOES12  20080827  2255   22.70    95.30   650    7.2   90  54.97  0.93
VIS    GOES12  20080827  2255   22.56    94.74   637    7.1   88  54.13  0.87
VIS    GOES12  20080827  2255   22.64    94.50   831    7.1   94  78.35  0.86
VIS    GOES12  20080827  2255   22.63    94.25   812    7.7   98  80.80  0.98
VIS    GOES12  20080827  2255   22.67    94.16   831    7.6  107  69.49  0.90
VIS    GOES12  20080827  2255   22.68    93.79   850    6.7   93  81.17  0.89
VIS    GOES12  20080827  2255   22.60    93.52   850    6.8   91  82.94  0.98
VIS    GOES12  20080827  2255   22.61    93.44   850    6.8   91  83.69  0.98
VIS    GOES12  20080827  2255   22.91   112.61   793    5.0  273  65.76  0.71
VIS    GOES12  20080827  2255   22.95   112.36   793    4.1  324  65.39  0.68
VIS    GOES12  20080827  2255   22.94   112.30   812    4.8  325  64.61  0.68
VIS    GOES12  20080827  2255   22.77   110.58   850    4.3  335  71.86  0.86
VIS    GOES12  20080827  2255   22.74   110.40   868    6.0  324  75.61  0.70
VIS    GOES12  20080827  2255   22.69   110.26   887    6.9  321  69.50  0.87
VIS    GOES12  20080827  2255   22.31    95.38   700    7.2   96  64.85  0.93
VIS    GOES12  20080827  2255   22.30    95.28   737    7.8   97  66.95  0.86
VIS    GOES12  20080827  2255   22.57   112.39   793    4.3  284  76.35  1.00
VIS    GOES12  20080827  2255   22.31   110.23   850    4.6  336  72.60  0.79
VIS    GOES12  20080827  2255   22.39   110.09   868    6.0  320  75.57  0.69
VIS    GOES12  20080827  2255   22.36   109.80   868    6.9  317  67.04  0.94
VIS    GOES12  20080827  2255   21.86    95.54   793    7.2   97  69.33  0.75
VIS    GOES12  20080827  2255   22.24   112.15   737    3.5  257  70.54  0.50
VIS    GOES12  20080827  2255   22.21   111.98   850    4.6  331  66.06  0.76
VIS    GOES12  20080827  2255   22.20   111.74   887    5.6  343  60.14  0.73
VIS    GOES12  20080827  2255   22.25   110.25   868    4.4  339  68.44  0.85
VIS    GOES12  20080827  2255   22.03   109.85   850    5.7  322  78.76  0.82
VIS    GOES12  20080827  2255   21.72    95.64   831    7.0   97  71.27  0.80
VIS    GOES12  20080827  2255   21.77   112.42   831    3.1  284  74.03  0.92
VIS    GOES12  20080827  2255   21.82   112.10   850    3.6  293  75.62  0.75
VIS    GOES12  20080827  2255   21.94   111.99   850    4.1  310  80.38  0.64
VIS    GOES12  20080827  2255   21.73   111.39   868    4.7  303  73.96  0.68
VIS    GOES12  20080827  2255   21.87   110.24   850    5.0  336  72.66  0.85
VIS    GOES12  20080827  2255   21.80   110.02   850    5.2  325  83.83  0.88
VIS    GOES12  20080827  2255   21.92   109.79   850    5.2  320  79.41  0.95
VIS    GOES12  20080827  2255   21.40    95.93   718    6.5  105  69.62  0.78
VIS    GOES12  20080827  2255   21.39    95.60   737    5.0   94  65.78  0.73
VIS    GOES12  20080827  2255   21.48   112.01   793    3.9  280  78.08  0.93
VIS    GOES12  20080827  2255   21.68   111.67   831    3.4  281  68.77  0.64
VIS    GOES12  20080827  2255   21.50   111.31   850    3.9  283  64.45  0.81
VIS    GOES12  20080827  2255   21.47   111.12   831    4.6  316  77.81  0.82
VIS    GOES12  20080827  2255   21.41   110.51   850    5.0  327  78.55  0.83
VIS    GOES12  20080827  2255   21.36   110.42   868    5.6  325  81.95  0.81
VIS    GOES12  20080827  2255   21.35   110.20   850    5.6  324  80.22  0.71
VIS    GOES12  20080827  2255   20.94    95.62   718    4.3   99  67.98  0.79
VIS    GOES12  20080827  2255   21.17   111.99   756    3.2  274  80.56  0.66
VIS    GOES12  20080827  2255   21.25   110.67   850    5.4  337  68.09  0.83
VIS    GOES12  20080827  2255   21.26   110.38   868    5.7  325  81.17  0.76
VIS    GOES12  20080827  2255   21.21   110.30   850    5.9  325  75.52  0.70
VIS    GOES12  20080827  2255   20.58    92.72   850    5.3   91  75.22  0.98
VIS    GOES12  20080827  2255   20.57    92.57   850    5.0   92  74.65  0.98
VIS    GOES12  20080827  2255   20.41    95.59   718    4.7   90  64.38  0.87
VIS    GOES12  20080827  2255   20.72   111.07   737    3.4  263  76.33  0.66
VIS    GOES12  20080827  2255   19.09    92.62   700   11.1  128  57.71  0.70
VIS    GOES12  20080827  2255   19.17    91.85   793   11.5  121  50.55  0.71
VIS    GOES12  20080827  2255   15.53   101.92   850    4.1  272  82.09  0.77
VIS    GOES12  20080827  2255   15.51   101.87   850    4.3  273  79.11  0.86
VIS    GOES12  20080827  2255   15.33   110.86   662    5.4  308  71.53  0.98
VIS    GOES12  20080827  2255   15.51   110.78   687    5.2  306  78.74  0.87
